"eBird.English.Name.2025","currentslopelci1","currentslopemean1","currentsloperci1","currentslopelci2","currentslopemean2","currentsloperci2","currentslopelci3","currentslopemean3","currentsloperci3","currentslopelci4","currentslopemean4","currentsloperci4","currentslopelci5","currentslopemean5","currentsloperci5","currentslopelci6","currentslopemean6","currentsloperci6","currentslopelci7","currentslopemean7","currentsloperci7","currentslopelci8","currentslopemean8","currentsloperci8","currentslopelci9","currentslopemean9","currentsloperci9","currentslopelci10","currentslopemean10","currentsloperci10","currentslopelci11","currentslopemean11","currentsloperci11"
"Fulvous Whistling-Duck",NA,NA,NA,NA,NA,NA,NA,NA,NA,NA,NA,NA,NA,NA,NA,NA,NA,NA,NA,NA,NA,NA,NA,NA,NA,NA,NA,NA,NA,NA,NA,NA,NA
"Lesser Whistling-Duck",-5.60625747413944,-3.37082746353572,-1.135397452932,-6.53045100701352,-4.14848971925785,-1.76652843150218,-6.68027960218713,-4.51964914668775,-2.35901869118837,-6.227537246535,-4.04863328335301,-1.86972932017103,-6.40996636510192,-4.24408626498787,-2.07820616487382,-6.02299079764354,-4.19793251680929,-2.37287423597505,-6.24012632044997,-4.10886082855425,-1.97759533665852,-6.42965013048626,-4.52997980142101,-2.63030947235576,-6.58712970885962,-4.29456643706445,-2.00200316526927,-6.53494434937577,-4.13432068953113,-1.73369702968649,-6.89399955333604,-4.36428190724319,-1.83456426115034
"Bar-headed Goose",-7.71850834698517,-4.38949322812395,-1.06047810926273,-8.59798364274435,-5.53911229138169,-2.48024094001902,-8.31644761036189,-5.5326479155828,-2.74884822080371,-6.97585965793881,-4.45272738442806,-1.9295951109173,-7.92151218382578,-5.03325702853378,-2.14500187324178,-7.71193652620282,-4.92330081419825,-2.13466510219369,-7.93861699330131,-5.00017248835979,-2.06172798341827,-7.52401023523624,-4.65086673206302,-1.77772322888981,-8.30915810545075,-5.34261549287035,-2.37607288028995,-8.08057764123931,-4.83591202191699,-1.59124640259467,-7.71371220403541,-4.36962378497881,-1.02553536592222
"Graylag Goose",NA,NA,NA,NA,NA,NA,NA,NA,NA,NA,NA,NA,NA,NA,NA,NA,NA,NA,NA,NA,NA,NA,NA,NA,NA,NA,NA,NA,NA,NA,NA,NA,NA
"Greater White-fronted Goose",NA,NA,NA,NA,NA,NA,NA,NA,NA,NA,NA,NA,NA,NA,NA,NA,NA,NA,NA,NA,NA,NA,NA,NA,NA,NA,NA,NA,NA,NA,NA,NA,NA
"Lesser White-fronted Goose",NA,NA,NA,NA,NA,NA,NA,NA,NA,NA,NA,NA,NA,NA,NA,NA,NA,NA,NA,NA,NA,NA,NA,NA,NA,NA,NA,NA,NA,NA,NA,NA,NA
"Taiga Bean-Goose",NA,NA,NA,NA,NA,NA,NA,NA,NA,NA,NA,NA,NA,NA,NA,NA,NA,NA,NA,NA,NA,NA,NA,NA,NA,NA,NA,NA,NA,NA,NA,NA,NA
"Tundra Bean-Goose",NA,NA,NA,NA,NA,NA,NA,NA,NA,NA,NA,NA,NA,NA,NA,NA,NA,NA,NA,NA,NA,NA,NA,NA,NA,NA,NA,NA,NA,NA,NA,NA,NA
"Barnacle Goose",NA,NA,NA,NA,NA,NA,NA,NA,NA,NA,NA,NA,NA,NA,NA,NA,NA,NA,NA,NA,NA,NA,NA,NA,NA,NA,NA,NA,NA,NA,NA,NA,NA
"Red-breasted Goose",NA,NA,NA,NA,NA,NA,NA,NA,NA,NA,NA,NA,NA,NA,NA,NA,NA,NA,NA,NA,NA,NA,NA,NA,NA,NA,NA,NA,NA,NA,NA,NA,NA
"Mute Swan",NA,NA,NA,NA,NA,NA,NA,NA,NA,NA,NA,NA,NA,NA,NA,NA,NA,NA,NA,NA,NA,NA,NA,NA,NA,NA,NA,NA,NA,NA,NA,NA,NA
"Tundra Swan",NA,NA,NA,NA,NA,NA,NA,NA,NA,NA,NA,NA,NA,NA,NA,NA,NA,NA,NA,NA,NA,NA,NA,NA,NA,NA,NA,NA,NA,NA,NA,NA,NA
"Whooper Swan",NA,NA,NA,NA,NA,NA,NA,NA,NA,NA,NA,NA,NA,NA,NA,NA,NA,NA,NA,NA,NA,NA,NA,NA,NA,NA,NA,NA,NA,NA,NA,NA,NA
"Knob-billed Duck",-14.4072884845917,-10.3265969605595,-6.24590543652742,-10.8588770583232,-7.10918530844497,-3.35949355856669,-11.1090851706336,-7.49551065428106,-3.88193613792857,-12.897405797355,-8.67987656208999,-4.46234732682495,-12.6944498329099,-8.74051234550671,-4.78657485810349,-12.4963638845407,-8.54146909847888,-4.58657431241711,-12.5634013668472,-8.44355526889626,-4.32370917094527,-12.8425639326498,-8.59849209500644,-4.3544202573631,-13.2589681279376,-9.05743291920321,-4.85589771046878,-12.915888362044,-8.38209494621584,-3.84830153038768,-13.6504078736657,-8.86277215399239,-4.07513643431909
"Ruddy Shelduck",-7.69611480801164,-5.78312935976119,-3.87014391151074,-10.5486007270829,-7.58594765812681,-4.62329458917073,-10.5566131980929,-7.78108349188651,-5.00555378568016,-10.2905505345439,-7.5111696075094,-4.73178868047491,-10.0667322870319,-7.7368410233266,-5.40694975962132,-10.231232925777,-7.52548297826164,-4.81973303074624,-10.0460920181568,-7.41450695049634,-4.78292188283592,-10.1643364601109,-7.41051736123251,-4.65669826235413,-10.5753376333983,-7.76565719046629,-4.95597674753427,-10.8689653929895,-8.01815881564047,-5.16735223829142,-11.1110058828897,-8.05328375258984,-4.99556162228995
"Common Shelduck",NA,NA,NA,NA,NA,NA,NA,NA,NA,NA,NA,NA,NA,NA,NA,NA,NA,NA,NA,NA,NA,NA,NA,NA,NA,NA,NA,NA,NA,NA,NA,NA,NA
"Cotton Pygmy-Goose",-4.78266694192769,-2.51282050740425,-0.242974072880803,-4.90529473305067,-2.74220642575506,-0.579118118459452,-3.77733888643275,-2.16521926939544,-0.553099652358126,-4.79011260153441,-3.00915733094674,-1.22820206035908,-4.73642784582144,-2.73760799049551,-0.738788135169579,-4.59107211624586,-2.71643491772133,-0.8417977191968,-4.5121835877689,-2.61976019279039,-0.727336797811886,-4.84942843172413,-2.92157371416238,-0.993718996600632,-4.92204252964737,-2.8415363181689,-0.761030106690433,-4.74119739026407,-2.57462049443194,-0.408043598599813,-5.35733693003419,-3.11121635987814,-0.865095789722083
"Mandarin Duck",NA,NA,NA,NA,NA,NA,NA,NA,NA,NA,NA,NA,NA,NA,NA,NA,NA,NA,NA,NA,NA,NA,NA,NA,NA,NA,NA,NA,NA,NA,NA,NA,NA
"Baikal Teal",NA,NA,NA,NA,NA,NA,NA,NA,NA,NA,NA,NA,NA,NA,NA,NA,NA,NA,NA,NA,NA,NA,NA,NA,NA,NA,NA,NA,NA,NA,NA,NA,NA
"Garganey",-14.0001401436375,-9.8923449755717,-5.78454980750588,-13.2087846812743,-9.15760307122226,-5.10642146117021,-12.8964889520617,-9.00321223525531,-5.10993551844893,-10.2769610189554,-8.21503189569191,-6.15310277242841,-12.7294785266478,-9.2401946914435,-5.75091085623922,-12.691557802386,-9.07512698264532,-5.45869616290462,-12.7951953889399,-9.0390624798026,-5.28292957066531,-12.882598905141,-9.0643708824091,-5.24614285967715,-13.2724033821116,-9.49131718822389,-5.71023099433619,-12.9105382202229,-8.84520728001109,-4.77987633979925,-13.2381925226977,-8.91873439722143,-4.59927627174511
"Northern Shoveler",-12.7703611516041,-9.09496678124248,-5.41957241088084,-12.5400510495386,-9.13705431927526,-5.73405758901186,-12.0487127515717,-8.64646338527862,-5.24421401898556,-9.55502350969939,-7.854219044218,-6.15341457873661,-11.8530711259775,-8.6039130530297,-5.35475498008186,-11.6049338304195,-8.63458857367501,-5.66424331693049,-11.8674477647107,-8.60107561298001,-5.33470346124929,-11.7627654263286,-8.4851581846821,-5.20755094303559,-12.238403105256,-8.87764558816007,-5.5168880710641,-12.0424837250714,-8.49424356829073,-4.94600341151011,-12.4417756423711,-8.67783784706703,-4.91390005176299
"Gadwall",-8.69148517773511,-6.05179528061651,-3.41210538349792,-8.76086003766146,-6.57530544345925,-4.38975084925703,-7.92919899025074,-5.57986077831862,-3.23052256638649,-7.68694317930987,-5.54746297551718,-3.40798277172448,-8.19063258716493,-5.90642157440827,-3.6222105616516,-7.82782980210811,-5.83714068567427,-3.84645156924042,-8.19702503138346,-5.89141471392321,-3.58580439646296,-7.77454191246613,-5.58106367267223,-3.38758543287833,-8.12464864261622,-5.70243511439118,-3.28022158616615,-8.02322314714158,-5.5368309326561,-3.05043871817062,-8.80914234663554,-6.15269472095091,-3.49624709526627
"Falcated Duck",NA,NA,NA,NA,NA,NA,NA,NA,NA,NA,NA,NA,NA,NA,NA,NA,NA,NA,NA,NA,NA,NA,NA,NA,NA,NA,NA,NA,NA,NA,NA,NA,NA
"Eurasian Wigeon",-6.59070630217926,-4.96272186315736,-3.33473742413546,-6.58227094958031,-5.03171486779894,-3.48115878601757,-6.63828448764061,-5.14096088437207,-3.64363728110354,-6.56625241193256,-5.09825157148357,-3.63025073103458,-6.51889267908911,-5.17878008964031,-3.8386675001915,-6.47078745954202,-5.09634069980948,-3.72189394007694,-6.56458074046267,-5.12466335321226,-3.68474596596184,-6.24528086765853,-4.9135103131232,-3.58173975858786,-6.74065434566385,-5.44204534277551,-4.14343633988718,-6.12694649988976,-4.69954096590749,-3.27213543192522,-6.98996581458527,-5.34921870563512,-3.70847159668497
"Indian Spot-billed Duck",-3.73310176613632,-2.55226181792361,-1.37142186971091,-4.7485463122812,-3.41982636666565,-2.0911064210501,-4.53554421926978,-3.18789829924468,-1.84025237921959,-4.4314113238081,-3.12384727057852,-1.81628321734894,-4.43878381139275,-3.14941249066985,-1.86004116994694,-4.21895182991758,-3.16365706395879,-2.10836229799999,-4.42870306075833,-3.1355145055307,-1.84232595030306,-4.29440760160936,-3.04243798937591,-1.79046837714246,-4.62162792379316,-3.29067477402395,-1.95972162425473,-4.75168658944064,-3.38987618882972,-2.02806578821879,-4.8179807939134,-3.34243331687373,-1.86688583983407
"Eastern Spot-billed Duck",NA,NA,NA,NA,NA,NA,NA,NA,NA,NA,NA,NA,NA,NA,NA,NA,NA,NA,NA,NA,NA,NA,NA,NA,NA,NA,NA,NA,NA,NA,NA,NA,NA
"Mallard",NA,NA,NA,NA,NA,NA,NA,NA,NA,NA,NA,NA,NA,NA,NA,NA,NA,NA,NA,NA,NA,NA,NA,NA,NA,NA,NA,NA,NA,NA,NA,NA,NA
"Northern Pintail",-4.43312831486339,-3.51588536577447,-2.59864241668554,-5.32139602018506,-4.17934426492156,-3.03729250965807,-5.24441082888618,-4.15540514949241,-3.06639947009864,-5.13366740724454,-4.05748295279644,-2.98129849834834,-5.15972376136233,-4.10070110277106,-3.04167844417979,-5.0541186542852,-4.08260514361468,-3.11109163294417,-5.12395271107247,-4.06554543371398,-3.00713815635548,-4.9127482531918,-3.94620447221796,-2.97966069124412,-5.29793657640951,-4.28102844638784,-3.26412031636617,-5.21524321968001,-4.05709689959981,-2.89895057951962,-5.55874670098898,-4.44837939244896,-3.33801208390893
"Green-winged Teal",-10.0227221543646,-6.65201812646678,-3.28131409856897,-9.45743157256924,-6.2173090372041,-2.97718650183897,-9.46395591012262,-6.36199582353019,-3.26003573693775,-7.20482897950182,-5.52175874678182,-3.83868851406182,-9.09882815371277,-6.42966881227703,-3.76050947084129,-9.14657555779336,-6.23533546825638,-3.3240953787194,-9.19864246649253,-6.2081483937235,-3.21765432095446,-9.22127465290948,-6.18383246880219,-3.1463902846949,-9.63396219539977,-6.6896074988335,-3.74525280226724,-9.35207699208915,-6.10644479467227,-2.8608125972554,-9.47509905221453,-6.04353368988712,-2.6119683275597
"Andaman Teal",NA,NA,NA,NA,NA,NA,NA,NA,NA,NA,NA,NA,NA,NA,NA,NA,NA,NA,NA,NA,NA,NA,NA,NA,NA,NA,NA,NA,NA,NA,NA,NA,NA
"Marbled Duck",NA,NA,NA,NA,NA,NA,NA,NA,NA,NA,NA,NA,NA,NA,NA,NA,NA,NA,NA,NA,NA,NA,NA,NA,NA,NA,NA,NA,NA,NA,NA,NA,NA
"Pink-headed Duck",NA,NA,NA,NA,NA,NA,NA,NA,NA,NA,NA,NA,NA,NA,NA,NA,NA,NA,NA,NA,NA,NA,NA,NA,NA,NA,NA,NA,NA,NA,NA,NA,NA
"White-winged Duck",NA,NA,NA,NA,NA,NA,NA,NA,NA,NA,NA,NA,NA,NA,NA,NA,NA,NA,NA,NA,NA,NA,NA,NA,NA,NA,NA,NA,NA,NA,NA,NA,NA
"Red-crested Pochard",-6.93732847223553,-2.05895668518057,2.81941510187439,-6.76599569544605,-2.18951408492805,2.38696752558995,-6.20303178535704,-1.73546770436173,2.73209637663359,-6.2292044256801,-2.02260570400516,2.18399301766978,-3.71793338114183,-1.20703700102004,1.30385937910174,-5.7474085024585,-1.70314221026282,2.34112408193287,-5.77984577546246,-1.57098720589796,2.63787136366654,-5.59376218832559,-1.36495051040279,2.86386116752002,-5.94320639229982,-1.47835784360079,2.98649070509825,-5.92015945267109,-1.29261631489859,3.33492682287391,-7.14137387759711,-2.24773114754088,2.64591158251535
"Common Pochard",-5.80815669516437,-4.58748380713187,-3.36681091909937,-7.91295437196743,-6.53273774154455,-5.15252111112168,-7.69898046807047,-5.88036638129842,-4.06175229452637,-7.58334283936936,-5.79534281656909,-4.00734279376882,-7.49718065919072,-5.7403667425623,-3.98355282593387,-7.49896978724095,-5.76414375171311,-4.02931771618527,-7.44932857310209,-5.71390476259685,-3.97848095209161,-7.46532391307418,-5.68769230937323,-3.91006070567229,-7.69846509950946,-5.8650619891064,-4.03165887870334,-7.60284077633539,-5.68362421543168,-3.76440765452797,-8.04702596636488,-6.05103648387681,-4.05504700138874
"Ferruginous Duck",NA,NA,NA,NA,NA,NA,NA,NA,NA,NA,NA,NA,NA,NA,NA,NA,NA,NA,NA,NA,NA,NA,NA,NA,NA,NA,NA,NA,NA,NA,NA,NA,NA
"Baer's Pochard",NA,NA,NA,NA,NA,NA,NA,NA,NA,NA,NA,NA,NA,NA,NA,NA,NA,NA,NA,NA,NA,NA,NA,NA,NA,NA,NA,NA,NA,NA,NA,NA,NA
"Tufted Duck",-5.4798408803517,-3.68739450743486,-1.89494813451802,-5.84249557025309,-4.09868984145561,-2.35488411265813,-5.64530374613341,-3.95614397539473,-2.26698420465604,-5.6367576366484,-4.21229405643179,-2.78783047621519,-5.41714146275793,-3.8660198808298,-2.31489829890168,-5.51538383655621,-3.96135153705654,-2.40731923755688,-5.57803384958112,-3.92168382632354,-2.26533380306595,-5.68556749140125,-3.97699861581166,-2.26842974022207,-5.77461217046746,-4.01929564491003,-2.2639791193526,-5.62582881315129,-3.81004014365674,-1.9942514741622,-5.89632466721988,-3.95943868779983,-2.02255270837977
"Greater Scaup",NA,NA,NA,NA,NA,NA,NA,NA,NA,NA,NA,NA,NA,NA,NA,NA,NA,NA,NA,NA,NA,NA,NA,NA,NA,NA,NA,NA,NA,NA,NA,NA,NA
"Long-tailed Duck",NA,NA,NA,NA,NA,NA,NA,NA,NA,NA,NA,NA,NA,NA,NA,NA,NA,NA,NA,NA,NA,NA,NA,NA,NA,NA,NA,NA,NA,NA,NA,NA,NA
"Common Goldeneye",NA,NA,NA,NA,NA,NA,NA,NA,NA,NA,NA,NA,NA,NA,NA,NA,NA,NA,NA,NA,NA,NA,NA,NA,NA,NA,NA,NA,NA,NA,NA,NA,NA
"Smew",NA,NA,NA,NA,NA,NA,NA,NA,NA,NA,NA,NA,NA,NA,NA,NA,NA,NA,NA,NA,NA,NA,NA,NA,NA,NA,NA,NA,NA,NA,NA,NA,NA
"Common Merganser",NA,NA,NA,NA,NA,NA,NA,NA,NA,NA,NA,NA,NA,NA,NA,NA,NA,NA,NA,NA,NA,NA,NA,NA,NA,NA,NA,NA,NA,NA,NA,NA,NA
"Red-breasted Merganser",NA,NA,NA,NA,NA,NA,NA,NA,NA,NA,NA,NA,NA,NA,NA,NA,NA,NA,NA,NA,NA,NA,NA,NA,NA,NA,NA,NA,NA,NA,NA,NA,NA
"White-headed Duck",NA,NA,NA,NA,NA,NA,NA,NA,NA,NA,NA,NA,NA,NA,NA,NA,NA,NA,NA,NA,NA,NA,NA,NA,NA,NA,NA,NA,NA,NA,NA,NA,NA
"Nicobar Megapode",NA,NA,NA,NA,NA,NA,NA,NA,NA,NA,NA,NA,NA,NA,NA,NA,NA,NA,NA,NA,NA,NA,NA,NA,NA,NA,NA,NA,NA,NA,NA,NA,NA
"Hill Partridge",NA,NA,NA,NA,NA,NA,NA,NA,NA,NA,NA,NA,NA,NA,NA,NA,NA,NA,NA,NA,NA,NA,NA,NA,NA,NA,NA,NA,NA,NA,NA,NA,NA
"Chestnut-breasted Partridge",NA,NA,NA,NA,NA,NA,NA,NA,NA,NA,NA,NA,NA,NA,NA,NA,NA,NA,NA,NA,NA,NA,NA,NA,NA,NA,NA,NA,NA,NA,NA,NA,NA
"Rufous-throated Partridge",NA,NA,NA,NA,NA,NA,NA,NA,NA,NA,NA,NA,NA,NA,NA,NA,NA,NA,NA,NA,NA,NA,NA,NA,NA,NA,NA,NA,NA,NA,NA,NA,NA
"White-cheeked Partridge",NA,NA,NA,NA,NA,NA,NA,NA,NA,NA,NA,NA,NA,NA,NA,NA,NA,NA,NA,NA,NA,NA,NA,NA,NA,NA,NA,NA,NA,NA,NA,NA,NA
"Snow Partridge",NA,NA,NA,NA,NA,NA,NA,NA,NA,NA,NA,NA,NA,NA,NA,NA,NA,NA,NA,NA,NA,NA,NA,NA,NA,NA,NA,NA,NA,NA,NA,NA,NA
"Blood Pheasant",NA,NA,NA,NA,NA,NA,NA,NA,NA,NA,NA,NA,NA,NA,NA,NA,NA,NA,NA,NA,NA,NA,NA,NA,NA,NA,NA,NA,NA,NA,NA,NA,NA
"Western Tragopan",NA,NA,NA,NA,NA,NA,NA,NA,NA,NA,NA,NA,NA,NA,NA,NA,NA,NA,NA,NA,NA,NA,NA,NA,NA,NA,NA,NA,NA,NA,NA,NA,NA
"Satyr Tragopan",NA,NA,NA,NA,NA,NA,NA,NA,NA,NA,NA,NA,NA,NA,NA,NA,NA,NA,NA,NA,NA,NA,NA,NA,NA,NA,NA,NA,NA,NA,NA,NA,NA
"Blyth's Tragopan",NA,NA,NA,NA,NA,NA,NA,NA,NA,NA,NA,NA,NA,NA,NA,NA,NA,NA,NA,NA,NA,NA,NA,NA,NA,NA,NA,NA,NA,NA,NA,NA,NA
"Temminck's Tragopan",NA,NA,NA,NA,NA,NA,NA,NA,NA,NA,NA,NA,NA,NA,NA,NA,NA,NA,NA,NA,NA,NA,NA,NA,NA,NA,NA,NA,NA,NA,NA,NA,NA
"Himalayan Monal",NA,NA,NA,NA,NA,NA,NA,NA,NA,NA,NA,NA,NA,NA,NA,NA,NA,NA,NA,NA,NA,NA,NA,NA,NA,NA,NA,NA,NA,NA,NA,NA,NA
"Sclater's Monal",NA,NA,NA,NA,NA,NA,NA,NA,NA,NA,NA,NA,NA,NA,NA,NA,NA,NA,NA,NA,NA,NA,NA,NA,NA,NA,NA,NA,NA,NA,NA,NA,NA
"Koklass Pheasant",NA,NA,NA,NA,NA,NA,NA,NA,NA,NA,NA,NA,NA,NA,NA,NA,NA,NA,NA,NA,NA,NA,NA,NA,NA,NA,NA,NA,NA,NA,NA,NA,NA
"Tibetan Partridge",NA,NA,NA,NA,NA,NA,NA,NA,NA,NA,NA,NA,NA,NA,NA,NA,NA,NA,NA,NA,NA,NA,NA,NA,NA,NA,NA,NA,NA,NA,NA,NA,NA
"Mrs. Hume's Pheasant",NA,NA,NA,NA,NA,NA,NA,NA,NA,NA,NA,NA,NA,NA,NA,NA,NA,NA,NA,NA,NA,NA,NA,NA,NA,NA,NA,NA,NA,NA,NA,NA,NA
"Cheer Pheasant",NA,NA,NA,NA,NA,NA,NA,NA,NA,NA,NA,NA,NA,NA,NA,NA,NA,NA,NA,NA,NA,NA,NA,NA,NA,NA,NA,NA,NA,NA,NA,NA,NA
"Kalij Pheasant",NA,NA,NA,NA,NA,NA,NA,NA,NA,NA,NA,NA,NA,NA,NA,NA,NA,NA,NA,NA,NA,NA,NA,NA,NA,NA,NA,NA,NA,NA,NA,NA,NA
"Indian Peafowl",3.26531781215326,4.85100714731854,6.43669648248382,2.65794303653031,4.16026102418247,5.66257901183464,3.01120741631255,4.53291624298552,6.05462506965849,2.95808274617781,4.45019922426362,5.94231570234943,2.97299847328669,4.41349806794466,5.85399766260263,3.11348732010944,4.45384651587984,5.79420571165024,2.9769100598336,4.40573655952984,5.83456305922608,3.04372081845024,4.16770908480884,5.29169735116745,3.17952876809696,4.65254531892879,6.12556186976061,2.71808928843707,4.29671236326819,5.87533543809932,3.1216643518199,4.7633920472956,6.40511974277129
"Green Peafowl",NA,NA,NA,NA,NA,NA,NA,NA,NA,NA,NA,NA,NA,NA,NA,NA,NA,NA,NA,NA,NA,NA,NA,NA,NA,NA,NA,NA,NA,NA,NA,NA,NA
"Red Spurfowl",-0.966975454232926,1.78400845947627,4.53499237318547,-1.91430616059682,0.720945167605202,3.35619649580723,-1.49987733127581,1.11806117835036,3.73599968797654,-0.993323093739033,1.39278495318552,3.77889300011008,-1.04325477726439,0.898200339874141,2.83965545701267,-1.10904889475361,1.13759575760877,3.38424040997115,-1.19541332781456,1.24367412854158,3.68276158489771,-1.47206420116389,1.10330310929078,3.67867041974546,-1.48007464145261,1.17028055927797,3.82063576000855,-1.61320440079622,1.14620216270009,3.9056087261964,-2.02157330426909,0.872866287589819,3.76730587944872
"Painted Spurfowl",NA,NA,NA,NA,NA,NA,NA,NA,NA,NA,NA,NA,NA,NA,NA,NA,NA,NA,NA,NA,NA,NA,NA,NA,NA,NA,NA,NA,NA,NA,NA,NA,NA
"Gray Peacock-Pheasant",NA,NA,NA,NA,NA,NA,NA,NA,NA,NA,NA,NA,NA,NA,NA,NA,NA,NA,NA,NA,NA,NA,NA,NA,NA,NA,NA,NA,NA,NA,NA,NA,NA
"Mountain Bamboo-Partridge",NA,NA,NA,NA,NA,NA,NA,NA,NA,NA,NA,NA,NA,NA,NA,NA,NA,NA,NA,NA,NA,NA,NA,NA,NA,NA,NA,NA,NA,NA,NA,NA,NA
"Red Junglefowl",NA,NA,NA,NA,NA,NA,NA,NA,NA,NA,NA,NA,NA,NA,NA,NA,NA,NA,NA,NA,NA,NA,NA,NA,NA,NA,NA,NA,NA,NA,NA,NA,NA
"Gray Junglefowl",-1.61035502260221,1.31530301817163,4.24096105894546,-1.35787317516631,1.40625011646446,4.17037340809523,-0.87231945149108,1.65967030710805,4.19166006570719,-1.30963539499454,1.28714611346345,3.88392762192145,-0.805970350280922,1.04194345555606,2.88985726139303,-1.19204381087961,1.30004762151397,3.79213905390754,-1.15230230175911,1.14138532170819,3.43507294517549,-1.41352855383971,1.07711273414595,3.5677540221316,-1.54949981119931,1.08385713772877,3.71721408665684,-0.9120434571157,1.75931718051162,4.43067781813894,-1.54461575914357,1.40474155811783,4.35409887537923
"Gray Francolin",0.0264699381399607,1.69147923952749,3.35648854091502,0.0842731373334314,1.45863133556127,2.8329895337891,0.42095473683262,1.96773796029274,3.51452118375287,0.651051049241209,2.07840142161784,3.50575179399447,0.922375074420464,2.07049160941291,3.21860814440535,0.504113331913688,1.93431549893213,3.36451766595057,0.452819543111806,1.94305506876483,3.43329059441785,0.674388314548815,2.08797467062348,3.50156102669814,0.599241380465686,2.10443799102191,3.60963460157813,0.292457067712154,1.9116545075081,3.53085194730405,0.232765964058153,1.94748406029459,3.66220215653102
"Swamp Francolin",NA,NA,NA,NA,NA,NA,NA,NA,NA,NA,NA,NA,NA,NA,NA,NA,NA,NA,NA,NA,NA,NA,NA,NA,NA,NA,NA,NA,NA,NA,NA,NA,NA
"Chinese Francolin",NA,NA,NA,NA,NA,NA,NA,NA,NA,NA,NA,NA,NA,NA,NA,NA,NA,NA,NA,NA,NA,NA,NA,NA,NA,NA,NA,NA,NA,NA,NA,NA,NA
"Black Francolin",NA,NA,NA,NA,NA,NA,NA,NA,NA,NA,NA,NA,NA,NA,NA,NA,NA,NA,NA,NA,NA,NA,NA,NA,NA,NA,NA,NA,NA,NA,NA,NA,NA
"Painted Francolin",-9.28905343971094,-3.74848454635563,1.79208434699967,-7.06096920848931,0.320362218069389,7.70169364462809,-1.66732747954787,2.57719379298295,6.82171506551377,-6.72537969560964,0.18969743637458,7.1047745683588,-6.52324743308895,0.248612632468234,7.02047269802542,-6.49389092661,0.15232153258613,6.79853399178226,-6.56054634583659,0.235432791837536,7.03141192951166,-6.93763940788586,-0.0497809109754736,6.83807758593491,-6.4995221315421,0.547384855020489,7.59429184158308,-7.78576456196289,-0.460093845198226,6.86557687156643,-6.63936699901118,1.08522986548864,8.80982672998846
"Tibetan Snowcock",NA,NA,NA,NA,NA,NA,NA,NA,NA,NA,NA,NA,NA,NA,NA,NA,NA,NA,NA,NA,NA,NA,NA,NA,NA,NA,NA,NA,NA,NA,NA,NA,NA
"Himalayan Snowcock",NA,NA,NA,NA,NA,NA,NA,NA,NA,NA,NA,NA,NA,NA,NA,NA,NA,NA,NA,NA,NA,NA,NA,NA,NA,NA,NA,NA,NA,NA,NA,NA,NA
"Blue-breasted Quail",NA,NA,NA,NA,NA,NA,NA,NA,NA,NA,NA,NA,NA,NA,NA,NA,NA,NA,NA,NA,NA,NA,NA,NA,NA,NA,NA,NA,NA,NA,NA,NA,NA
"Common Quail",NA,NA,NA,NA,NA,NA,NA,NA,NA,NA,NA,NA,NA,NA,NA,NA,NA,NA,NA,NA,NA,NA,NA,NA,NA,NA,NA,NA,NA,NA,NA,NA,NA
"Japanese Quail",NA,NA,NA,NA,NA,NA,NA,NA,NA,NA,NA,NA,NA,NA,NA,NA,NA,NA,NA,NA,NA,NA,NA,NA,NA,NA,NA,NA,NA,NA,NA,NA,NA
"Rain Quail",-16.1153142339645,-9.34547255094513,-2.57563086792578,-15.1352890789514,-8.25563277563618,-1.37597647232096,-12.1881393560138,-5.4889540544091,1.21023124719563,-11.0963145461794,-5.42242081241553,0.251472921348338,-12.7354823544043,-6.24254385866233,0.250394637079634,-13.4072443346686,-6.56882282328609,0.269598688096384,-13.0985485233555,-6.35645399391001,0.385640535535507,-13.3451571051563,-6.35981247990853,0.625532145339232,-12.5832707348161,-5.67695133438896,1.22936806603822,-14.6201906357313,-7.19811564572862,0.223959344274093,-13.885609287871,-5.98529522567729,1.91501883651644
"Chukar",NA,NA,NA,NA,NA,NA,NA,NA,NA,NA,NA,NA,NA,NA,NA,NA,NA,NA,NA,NA,NA,NA,NA,NA,NA,NA,NA,NA,NA,NA,NA,NA,NA
"Jungle Bush-Quail",-6.39536708701881,-3.69491044362541,-0.994453800232014,-6.23098208552944,-3.67056341469784,-1.11014474386624,-5.68105240418741,-3.1791631878959,-0.677273971604382,-5.85612288302096,-3.39821364124441,-0.940304399467853,-5.79277582923779,-3.38900000674781,-0.98522418425784,-4.50669842485135,-3.32696224721875,-2.14722606958614,-5.79498572036575,-3.35929519475272,-0.9236046691397,-5.76841536057458,-3.28518824392574,-0.801961127276898,-5.83062845971324,-3.27853637629121,-0.726444292869173,-5.62691686063749,-3.02077034437914,-0.414623828120786,-5.69406919115011,-2.93325239642295,-0.172435601695792
"Rock Bush-Quail",-5.87098751882442,-2.33182130191669,1.20734491499104,-5.8245727400309,-3.36453860264245,-0.904504465254009,-4.56908099798248,-1.5254444771445,1.51819204369348,-4.1957453853881,-1.52923898514048,1.13726741510713,-4.99711747505069,-1.92874598115197,1.13962551274675,-5.10120867581814,-2.02239006977196,1.05642853627422,-5.2186084684537,-2.10082757260388,1.01695332324594,-5.18546924168478,-1.98032427411532,1.22482069345414,-5.08610676252431,-1.82266121029024,1.44078434194383,-5.59811029794666,-2.17595981295143,1.2461906720438,-5.11971939395175,-1.55151028427863,2.01669882539449
"Painted Bush-Quail",NA,NA,NA,NA,NA,NA,NA,NA,NA,NA,NA,NA,NA,NA,NA,NA,NA,NA,NA,NA,NA,NA,NA,NA,NA,NA,NA,NA,NA,NA,NA,NA,NA
"Manipur Bush-Quail",NA,NA,NA,NA,NA,NA,NA,NA,NA,NA,NA,NA,NA,NA,NA,NA,NA,NA,NA,NA,NA,NA,NA,NA,NA,NA,NA,NA,NA,NA,NA,NA,NA
"Himalayan Quail",NA,NA,NA,NA,NA,NA,NA,NA,NA,NA,NA,NA,NA,NA,NA,NA,NA,NA,NA,NA,NA,NA,NA,NA,NA,NA,NA,NA,NA,NA,NA,NA,NA
"Rock Pigeon",NA,NA,NA,NA,NA,NA,NA,NA,NA,NA,NA,NA,NA,NA,NA,NA,NA,NA,NA,NA,NA,NA,NA,NA,NA,NA,NA,NA,NA,NA,NA,NA,NA
"Hill Pigeon",NA,NA,NA,NA,NA,NA,NA,NA,NA,NA,NA,NA,NA,NA,NA,NA,NA,NA,NA,NA,NA,NA,NA,NA,NA,NA,NA,NA,NA,NA,NA,NA,NA
"Snow Pigeon",NA,NA,NA,NA,NA,NA,NA,NA,NA,NA,NA,NA,NA,NA,NA,NA,NA,NA,NA,NA,NA,NA,NA,NA,NA,NA,NA,NA,NA,NA,NA,NA,NA
"Yellow-eyed Pigeon",NA,NA,NA,NA,NA,NA,NA,NA,NA,NA,NA,NA,NA,NA,NA,NA,NA,NA,NA,NA,NA,NA,NA,NA,NA,NA,NA,NA,NA,NA,NA,NA,NA
"Common Wood-Pigeon",NA,NA,NA,NA,NA,NA,NA,NA,NA,NA,NA,NA,NA,NA,NA,NA,NA,NA,NA,NA,NA,NA,NA,NA,NA,NA,NA,NA,NA,NA,NA,NA,NA
"Speckled Wood-Pigeon",NA,NA,NA,NA,NA,NA,NA,NA,NA,NA,NA,NA,NA,NA,NA,NA,NA,NA,NA,NA,NA,NA,NA,NA,NA,NA,NA,NA,NA,NA,NA,NA,NA
"Ashy Wood-Pigeon",NA,NA,NA,NA,NA,NA,NA,NA,NA,NA,NA,NA,NA,NA,NA,NA,NA,NA,NA,NA,NA,NA,NA,NA,NA,NA,NA,NA,NA,NA,NA,NA,NA
"Nilgiri Wood-Pigeon",NA,NA,NA,NA,NA,NA,NA,NA,NA,NA,NA,NA,NA,NA,NA,NA,NA,NA,NA,NA,NA,NA,NA,NA,NA,NA,NA,NA,NA,NA,NA,NA,NA
"Pale-capped Pigeon",NA,NA,NA,NA,NA,NA,NA,NA,NA,NA,NA,NA,NA,NA,NA,NA,NA,NA,NA,NA,NA,NA,NA,NA,NA,NA,NA,NA,NA,NA,NA,NA,NA
"Andaman Wood-Pigeon",NA,NA,NA,NA,NA,NA,NA,NA,NA,NA,NA,NA,NA,NA,NA,NA,NA,NA,NA,NA,NA,NA,NA,NA,NA,NA,NA,NA,NA,NA,NA,NA,NA
"European Turtle-Dove",NA,NA,NA,NA,NA,NA,NA,NA,NA,NA,NA,NA,NA,NA,NA,NA,NA,NA,NA,NA,NA,NA,NA,NA,NA,NA,NA,NA,NA,NA,NA,NA,NA
"Oriental Turtle-Dove",-11.247995329326,-7.7289157708708,-4.20983621241556,-7.23494243359224,-4.78700225532242,-2.3390620770526,-9.97293691019951,-6.33182391549884,-2.69071092079816,-9.94073393200337,-6.3872049903568,-2.83367604871023,-9.94900116554932,-6.54994179143007,-3.15088241731083,-9.64008988520444,-6.42403740272392,-3.2079849202434,-9.95442146966104,-6.54508865119418,-3.13575583272733,-9.6612915728454,-6.18820054640947,-2.71510951997354,-10.352150247621,-6.77748671559173,-3.20282318356244,-10.1746352775929,-6.35781246357392,-2.54098964955491,-10.699899624344,-6.67478738090566,-2.64967513746732
"Eurasian Collared-Dove",-3.77987309083224,-0.650488847646911,2.47889539553841,-3.76835488089857,-1.18960916479745,1.38913655130367,-0.948877620094312,0.686545362869577,2.32196834583347,-3.23071405703299,-0.50701390516348,2.21668624670603,-2.96531162962771,-0.245236640465724,2.47483834869626,-3.06087157684866,-0.311461011548886,2.43794955375089,-3.10516198719459,-0.396085676508076,2.31299063417844,-3.01347603201035,-0.224406077476227,2.5646638770579,-2.72836040696927,0.0352479770044105,2.79885636097809,-3.31053732799995,-0.308573929137654,2.69338946972465,-3.71291410910835,-0.552386484182413,2.60814114074352
"Red Collared-Dove",-8.54918935320244,-4.91795135486749,-1.28671335653253,-6.89623183490986,-3.09132047582428,0.713590883261294,-4.76918741495042,-2.33721629460726,0.0947548257359074,-7.31458263880944,-3.70180650567923,-0.0890303725490128,-7.18264017187882,-3.59016974254086,0.00230068679708748,-7.14012592918148,-3.55609797231781,0.0279299845458596,-6.70078375481583,-3.35682375591543,-0.0128637570150282,-6.71514141258043,-3.23187108961121,0.251399233358016,-7.5465079951341,-3.85243673411463,-0.158365473095155,-7.45267866420394,-3.53899367897079,0.374691306262362,-8.28776470792794,-4.26370872740483,-0.239652746881713
"Spotted Dove",0.385759929963027,1.64413240953679,2.90250488911056,0.399566404984247,1.5952007930768,2.79083518116935,0.67432932555783,1.71512637479807,2.75592342403831,0.325036333034962,1.36233129135151,2.39962624966805,0.363567415872041,1.47961457670726,2.59566173754248,0.50746417404826,1.4919622010261,2.47646022800394,0.364710248456205,1.48513402147622,2.60555779449624,0.406768257256632,1.53694424149096,2.66712022572528,0.605795177709456,1.68531865435488,2.7648421310003,0.0950746561699415,1.15146185606757,2.20784905596521,0.00467179944458676,1.24532580411769,2.4859798087908
"Laughing Dove",-1.78230335996514,-0.890578035977374,0.00114728801039396,-1.38029928476263,-0.133461834880343,1.11337561500195,-1.47400135492675,-0.290339040248741,0.893323274429268,-1.14351843273961,-0.0654066892532656,1.01270505423307,-1.1379652720571,-0.120925130906715,0.896115010243674,-1.31247421317052,-0.198002533594745,0.916469145981029,-1.37078195671097,-0.228292221317529,0.914197514075916,-1.39579028234554,-0.22171265896195,0.952364964421643,-1.23391187664167,-0.0653330134664224,1.10324584970882,-1.36491043053943,-0.115457875518185,1.13399467950306,-1.18746771754585,0.0847642943885762,1.356996306323
"Barred Cuckoo-Dove",NA,NA,NA,NA,NA,NA,NA,NA,NA,NA,NA,NA,NA,NA,NA,NA,NA,NA,NA,NA,NA,NA,NA,NA,NA,NA,NA,NA,NA,NA,NA,NA,NA
"Andaman Cuckoo-Dove",NA,NA,NA,NA,NA,NA,NA,NA,NA,NA,NA,NA,NA,NA,NA,NA,NA,NA,NA,NA,NA,NA,NA,NA,NA,NA,NA,NA,NA,NA,NA,NA,NA
"Namaqua Dove",NA,NA,NA,NA,NA,NA,NA,NA,NA,NA,NA,NA,NA,NA,NA,NA,NA,NA,NA,NA,NA,NA,NA,NA,NA,NA,NA,NA,NA,NA,NA,NA,NA
"Asian Emerald Dove",-8.75164581260677,-5.57739053572148,-2.4031352588362,-8.22700618275791,-5.15636298447545,-2.08571978619299,-8.42352403591562,-5.54991034467038,-2.67629665342514,-6.58588812895907,-4.63620007358229,-2.68651201820551,-8.07970047326786,-5.21273902845536,-2.34577758364286,-7.86104824439345,-5.22582190595132,-2.59059556750919,-8.08532457422328,-5.20618022196595,-2.32703586970863,-7.88261467071174,-5.0308972661247,-2.17917986153767,-8.48918482822662,-5.6440361224255,-2.79888741662437,-8.54699606167269,-5.43385567257165,-2.3207152834706,-8.11890965938689,-4.85317178964399,-1.58743391990109
"Nicobar Pigeon",NA,NA,NA,NA,NA,NA,NA,NA,NA,NA,NA,NA,NA,NA,NA,NA,NA,NA,NA,NA,NA,NA,NA,NA,NA,NA,NA,NA,NA,NA,NA,NA,NA
"Orange-breasted Green-Pigeon",NA,NA,NA,NA,NA,NA,NA,NA,NA,NA,NA,NA,NA,NA,NA,NA,NA,NA,NA,NA,NA,NA,NA,NA,NA,NA,NA,NA,NA,NA,NA,NA,NA
"Gray-fronted Green-Pigeon",NA,NA,NA,NA,NA,NA,NA,NA,NA,NA,NA,NA,NA,NA,NA,NA,NA,NA,NA,NA,NA,NA,NA,NA,NA,NA,NA,NA,NA,NA,NA,NA,NA
"Andaman Green-Pigeon",NA,NA,NA,NA,NA,NA,NA,NA,NA,NA,NA,NA,NA,NA,NA,NA,NA,NA,NA,NA,NA,NA,NA,NA,NA,NA,NA,NA,NA,NA,NA,NA,NA
"Ashy-headed Green-Pigeon",NA,NA,NA,NA,NA,NA,NA,NA,NA,NA,NA,NA,NA,NA,NA,NA,NA,NA,NA,NA,NA,NA,NA,NA,NA,NA,NA,NA,NA,NA,NA,NA,NA
"Thick-billed Green-Pigeon",NA,NA,NA,NA,NA,NA,NA,NA,NA,NA,NA,NA,NA,NA,NA,NA,NA,NA,NA,NA,NA,NA,NA,NA,NA,NA,NA,NA,NA,NA,NA,NA,NA
"Yellow-footed Green-Pigeon",-0.224711667770158,1.44746260372675,3.11963687522365,-0.296426638764268,1.29161603432248,2.87965870740922,0.336016901216372,1.66474538384062,2.99347386646486,-0.0133887450749937,1.05723477170318,2.12785828848136,-0.119281914046686,1.35585235738382,2.83098662881432,-0.106614634563522,1.3545884083294,2.81579145122231,-0.125532273382656,1.35533303103205,2.83619833544676,-0.179342112407531,1.15337725802116,2.48609662844984,-0.254015202147053,1.28650672407178,2.82702865029062,-0.20092933330198,1.40662535405246,3.01418004140691,-0.0910557740159423,1.58022716443654,3.25151010288903
"Pin-tailed Green-Pigeon",NA,NA,NA,NA,NA,NA,NA,NA,NA,NA,NA,NA,NA,NA,NA,NA,NA,NA,NA,NA,NA,NA,NA,NA,NA,NA,NA,NA,NA,NA,NA,NA,NA
"Wedge-tailed Green-Pigeon",NA,NA,NA,NA,NA,NA,NA,NA,NA,NA,NA,NA,NA,NA,NA,NA,NA,NA,NA,NA,NA,NA,NA,NA,NA,NA,NA,NA,NA,NA,NA,NA,NA
"Green Imperial-Pigeon",NA,NA,NA,NA,NA,NA,NA,NA,NA,NA,NA,NA,NA,NA,NA,NA,NA,NA,NA,NA,NA,NA,NA,NA,NA,NA,NA,NA,NA,NA,NA,NA,NA
"Nicobar Imperial-Pigeon",NA,NA,NA,NA,NA,NA,NA,NA,NA,NA,NA,NA,NA,NA,NA,NA,NA,NA,NA,NA,NA,NA,NA,NA,NA,NA,NA,NA,NA,NA,NA,NA,NA
"Malabar Imperial-Pigeon",-30515657.7954943,66.63717976215,30515791.0698538,-28748126.4152332,69.1010105109841,28748264.6172542,-26624409.5049035,73.9631631263448,26624557.4312298,-25176283.1484364,71.8934851171655,25176426.9354067,-25834296.1073191,67.5497352078702,25834431.2067895,-25422099.8095368,68.9000942600472,25422237.6097253,-26684848.6812725,67.9025004318645,26684984.4862734,-25522152.6217143,63.9423884181971,25522280.5064911,-28290481.9617061,70.4107194564936,28290622.783145,-28819489.3985383,63.6342399741265,28819616.6670183,-28922843.940503,81.4890612543552,28923006.9186256
"Mountain Imperial-Pigeon",NA,NA,NA,NA,NA,NA,NA,NA,NA,NA,NA,NA,NA,NA,NA,NA,NA,NA,NA,NA,NA,NA,NA,NA,NA,NA,NA,NA,NA,NA,NA,NA,NA
"Pied Imperial-Pigeon",NA,NA,NA,NA,NA,NA,NA,NA,NA,NA,NA,NA,NA,NA,NA,NA,NA,NA,NA,NA,NA,NA,NA,NA,NA,NA,NA,NA,NA,NA,NA,NA,NA
"Tibetan Sandgrouse",NA,NA,NA,NA,NA,NA,NA,NA,NA,NA,NA,NA,NA,NA,NA,NA,NA,NA,NA,NA,NA,NA,NA,NA,NA,NA,NA,NA,NA,NA,NA,NA,NA
"Pallas's Sandgrouse",NA,NA,NA,NA,NA,NA,NA,NA,NA,NA,NA,NA,NA,NA,NA,NA,NA,NA,NA,NA,NA,NA,NA,NA,NA,NA,NA,NA,NA,NA,NA,NA,NA
"Pin-tailed Sandgrouse",NA,NA,NA,NA,NA,NA,NA,NA,NA,NA,NA,NA,NA,NA,NA,NA,NA,NA,NA,NA,NA,NA,NA,NA,NA,NA,NA,NA,NA,NA,NA,NA,NA
"Chestnut-bellied Sandgrouse",-5.36946726516961,-3.17945189520481,-0.98943652524001,-6.19428214250352,-4.22664082746292,-2.25899951242233,-5.29402947093486,-3.3712766787773,-1.44852388661974,-5.69865244551101,-3.65302039986025,-1.6073883542095,-5.7479412015968,-3.70894328120849,-1.66994536082018,-5.73403225349995,-3.68125308078974,-1.62847390807953,-5.56307885834143,-3.58366355152925,-1.60424824471707,-5.5972806319117,-3.53733609995054,-1.47739156798937,-6.03542790524539,-3.97526682357059,-1.91510574189579,-5.79883163037381,-3.54750766188773,-1.29618369340164,-6.41214259424872,-4.07490078642991,-1.7376589786111
"Spotted Sandgrouse",NA,NA,NA,NA,NA,NA,NA,NA,NA,NA,NA,NA,NA,NA,NA,NA,NA,NA,NA,NA,NA,NA,NA,NA,NA,NA,NA,NA,NA,NA,NA,NA,NA
"Black-bellied Sandgrouse",NA,NA,NA,NA,NA,NA,NA,NA,NA,NA,NA,NA,NA,NA,NA,NA,NA,NA,NA,NA,NA,NA,NA,NA,NA,NA,NA,NA,NA,NA,NA,NA,NA
"Painted Sandgrouse",NA,NA,NA,NA,NA,NA,NA,NA,NA,NA,NA,NA,NA,NA,NA,NA,NA,NA,NA,NA,NA,NA,NA,NA,NA,NA,NA,NA,NA,NA,NA,NA,NA
"Great Indian Bustard",NA,NA,NA,NA,NA,NA,NA,NA,NA,NA,NA,NA,NA,NA,NA,NA,NA,NA,NA,NA,NA,NA,NA,NA,NA,NA,NA,NA,NA,NA,NA,NA,NA
"Asian Houbara",NA,NA,NA,NA,NA,NA,NA,NA,NA,NA,NA,NA,NA,NA,NA,NA,NA,NA,NA,NA,NA,NA,NA,NA,NA,NA,NA,NA,NA,NA,NA,NA,NA
"Bengal Florican",NA,NA,NA,NA,NA,NA,NA,NA,NA,NA,NA,NA,NA,NA,NA,NA,NA,NA,NA,NA,NA,NA,NA,NA,NA,NA,NA,NA,NA,NA,NA,NA,NA
"Lesser Florican",NA,NA,NA,NA,NA,NA,NA,NA,NA,NA,NA,NA,NA,NA,NA,NA,NA,NA,NA,NA,NA,NA,NA,NA,NA,NA,NA,NA,NA,NA,NA,NA,NA
"Little Bustard",NA,NA,NA,NA,NA,NA,NA,NA,NA,NA,NA,NA,NA,NA,NA,NA,NA,NA,NA,NA,NA,NA,NA,NA,NA,NA,NA,NA,NA,NA,NA,NA,NA
"Andaman Coucal",NA,NA,NA,NA,NA,NA,NA,NA,NA,NA,NA,NA,NA,NA,NA,NA,NA,NA,NA,NA,NA,NA,NA,NA,NA,NA,NA,NA,NA,NA,NA,NA,NA
"Greater Coucal",0.519302781492336,2.37046021385301,4.22161764621369,0.70955148017203,2.41903087589477,4.12851027161752,1.01234229606798,2.79419090506563,4.57603951406329,1.19288054693891,2.91143537465272,4.62999020236654,1.22075729086708,2.8878480929899,4.55493889511271,1.34169319822168,2.833868742933,4.32604428764432,1.28444904473592,2.69212565800469,4.09980227127346,1.07075010795401,2.80916796451753,4.54758582108105,1.31701930255605,3.04088534695564,4.76475139135524,1.15467877557455,2.99328873397575,4.83189869237696,1.65758519997611,3.43372517357123,5.20986514716635
"Lesser Coucal",NA,NA,NA,NA,NA,NA,NA,NA,NA,NA,NA,NA,NA,NA,NA,NA,NA,NA,NA,NA,NA,NA,NA,NA,NA,NA,NA,NA,NA,NA,NA,NA,NA
"Sirkeer Malkoha",-11.5076290067794,-6.52805008408104,-1.5484711613827,-10.7844686827953,-5.84466996896207,-0.90487125512887,-10.0093694352014,-5.25912663822853,-0.508883841255636,-8.40292659078316,-4.72180232055248,-1.0406780503218,-9.79759973595677,-5.83685330124481,-1.87610686653285,-10.0104590615879,-5.49673307019488,-0.983007078801812,-10.0294565173452,-5.74261791816494,-1.45577931898464,-10.0717104485513,-5.39328258255382,-0.714854716556382,-9.87266803783955,-5.13456019673025,-0.396452355620941,-9.59722391143719,-4.76045417380262,0.0763155638319413,-11.3219119553781,-6.06327988004214,-0.804647804706161
"Blue-faced Malkoha",NA,NA,NA,NA,NA,NA,NA,NA,NA,NA,NA,NA,NA,NA,NA,NA,NA,NA,NA,NA,NA,NA,NA,NA,NA,NA,NA,NA,NA,NA,NA,NA,NA
"Green-billed Malkoha",NA,NA,NA,NA,NA,NA,NA,NA,NA,NA,NA,NA,NA,NA,NA,NA,NA,NA,NA,NA,NA,NA,NA,NA,NA,NA,NA,NA,NA,NA,NA,NA,NA
"Chestnut-winged Cuckoo",NA,NA,NA,NA,NA,NA,NA,NA,NA,NA,NA,NA,NA,NA,NA,NA,NA,NA,NA,NA,NA,NA,NA,NA,NA,NA,NA,NA,NA,NA,NA,NA,NA
"Pied Cuckoo",-9.36378346363324,-4.62581121869316,0.112161026246916,-6.97046230385374,-0.404600193919176,6.16126191601539,-6.85502036960118,-0.534458486044164,5.78610339751285,-7.10287170209865,-0.885062399664223,5.3327469027702,-6.25980031997655,-0.621121697481938,5.01755692501267,-6.1719382177383,-0.967163963230696,4.2376102912769,-7.16111989695185,-1.0362376745387,5.08864454787445,-6.35815873298359,-0.421154726180064,5.51584928062347,-6.78031366813692,-0.477151534300077,5.82601059953677,-6.34354901510916,0.0775432120290823,6.49863543916733,-8.33830502543817,-1.29755121220943,5.74320260101931
"Asian Koel",-0.237378587623393,2.51502529788804,5.26742918339947,0.20050142429807,2.93420934714022,5.66791726998237,0.449490904851641,3.12401527411474,5.79853964337783,0.705843807363975,3.35189296032965,5.99794211329533,1.32722615569672,3.53833063672587,5.74943511775503,1.22150161740406,3.33790210480419,5.45430259220433,0.721912045918261,3.22929941668982,5.73668678746137,0.710816131287837,3.36086369461663,6.01091125794541,0.664909997676446,3.38450910892077,6.1041082201651,1.21215604161286,3.88285068786055,6.55354533410824,1.14994683236114,4.00369133823883,6.85743584411652
"Asian Emerald Cuckoo",NA,NA,NA,NA,NA,NA,NA,NA,NA,NA,NA,NA,NA,NA,NA,NA,NA,NA,NA,NA,NA,NA,NA,NA,NA,NA,NA,NA,NA,NA,NA,NA,NA
"Violet Cuckoo",NA,NA,NA,NA,NA,NA,NA,NA,NA,NA,NA,NA,NA,NA,NA,NA,NA,NA,NA,NA,NA,NA,NA,NA,NA,NA,NA,NA,NA,NA,NA,NA,NA
"Horsfield's Bronze-Cuckoo",NA,NA,NA,NA,NA,NA,NA,NA,NA,NA,NA,NA,NA,NA,NA,NA,NA,NA,NA,NA,NA,NA,NA,NA,NA,NA,NA,NA,NA,NA,NA,NA,NA
"Banded Bay Cuckoo",NA,NA,NA,NA,NA,NA,NA,NA,NA,NA,NA,NA,NA,NA,NA,NA,NA,NA,NA,NA,NA,NA,NA,NA,NA,NA,NA,NA,NA,NA,NA,NA,NA
"Plaintive Cuckoo",NA,NA,NA,NA,NA,NA,NA,NA,NA,NA,NA,NA,NA,NA,NA,NA,NA,NA,NA,NA,NA,NA,NA,NA,NA,NA,NA,NA,NA,NA,NA,NA,NA
"Gray-bellied Cuckoo",5.90188735308808,10.2558273872426,14.6097674213971,6.17304351571085,10.2963143635602,14.4195852114095,7.00471975660731,10.8613466155084,14.7179734744096,6.55021112654278,9.89552386008364,13.2408365936245,6.60286630009044,10.3355625426677,14.068258785245,7.5478819947043,10.4557293782541,13.3635767618039,6.69567089267288,10.2378328885323,13.7799948843916,6.87152226309975,10.679861080888,14.4881998986763,6.3322886488017,10.3059862508588,14.2796838529159,6.40341677675421,10.5560912406384,14.7087657045227,7.18390363528823,11.3914874058151,15.5990711763421
"Fork-tailed Drongo-Cuckoo",NA,NA,NA,NA,NA,NA,NA,NA,NA,NA,NA,NA,NA,NA,NA,NA,NA,NA,NA,NA,NA,NA,NA,NA,NA,NA,NA,NA,NA,NA,NA,NA,NA
"Square-tailed Drongo-Cuckoo",NA,NA,NA,NA,NA,NA,NA,NA,NA,NA,NA,NA,NA,NA,NA,NA,NA,NA,NA,NA,NA,NA,NA,NA,NA,NA,NA,NA,NA,NA,NA,NA,NA
"Large Hawk-Cuckoo",NA,NA,NA,NA,NA,NA,NA,NA,NA,NA,NA,NA,NA,NA,NA,NA,NA,NA,NA,NA,NA,NA,NA,NA,NA,NA,NA,NA,NA,NA,NA,NA,NA
"Common Hawk-Cuckoo",-0.090920848398442,1.28339581056665,2.65771246953173,-0.905830429799551,0.496718067834273,1.8992665654681,-0.467485132164647,0.910008195164686,2.28750152249402,-0.666808770918403,0.664708198673891,1.99622516826618,-0.610510129028525,0.750749157598779,2.11200844422608,-0.358739390003934,0.766332190454973,1.89140377091388,-0.512224977104571,0.668678853758985,1.84958268462254,-0.622543841555795,0.764679117016822,2.15190207558944,-0.638058844407916,0.786478902018172,2.21101664844426,-0.544629681601482,0.914009935216248,2.37264955203398,-1.07235541122786,0.428193059132169,1.9287415294922
"Hodgson's Hawk-Cuckoo",NA,NA,NA,NA,NA,NA,NA,NA,NA,NA,NA,NA,NA,NA,NA,NA,NA,NA,NA,NA,NA,NA,NA,NA,NA,NA,NA,NA,NA,NA,NA,NA,NA
"Lesser Cuckoo",NA,NA,NA,NA,NA,NA,NA,NA,NA,NA,NA,NA,NA,NA,NA,NA,NA,NA,NA,NA,NA,NA,NA,NA,NA,NA,NA,NA,NA,NA,NA,NA,NA
"Indian Cuckoo",NA,NA,NA,NA,NA,NA,NA,NA,NA,NA,NA,NA,NA,NA,NA,NA,NA,NA,NA,NA,NA,NA,NA,NA,NA,NA,NA,NA,NA,NA,NA,NA,NA
"Himalayan Cuckoo",NA,NA,NA,NA,NA,NA,NA,NA,NA,NA,NA,NA,NA,NA,NA,NA,NA,NA,NA,NA,NA,NA,NA,NA,NA,NA,NA,NA,NA,NA,NA,NA,NA
"Common Cuckoo",-1.9600285594587,2.72355149940899,7.40713155827668,-3.31283632225627,1.56728654580223,6.44740941386074,-4.51846053351489,0.0224310327405949,4.56332259899608,-4.05565704259646,0.164626164004996,4.38490937060645,-3.91476274757566,0.597187320284333,5.10913738814432,-3.89643921936023,0.771373819982129,5.43918685932449,-3.90428297167233,0.579734927075856,5.06375282582404,-4.16388863510904,0.435964074719953,5.03581678454894,-3.7636459726288,1.08522449319242,5.93409495901365,-2.92897026072247,1.83427483529561,6.59751993131369,-5.70038621937203,-0.765727749987502,4.16893071939703
"Great Eared-Nightjar",NA,NA,NA,NA,NA,NA,NA,NA,NA,NA,NA,NA,NA,NA,NA,NA,NA,NA,NA,NA,NA,NA,NA,NA,NA,NA,NA,NA,NA,NA,NA,NA,NA
"Jungle Nightjar",NA,NA,NA,NA,NA,NA,NA,NA,NA,NA,NA,NA,NA,NA,NA,NA,NA,NA,NA,NA,NA,NA,NA,NA,NA,NA,NA,NA,NA,NA,NA,NA,NA
"Gray Nightjar",NA,NA,NA,NA,NA,NA,NA,NA,NA,NA,NA,NA,NA,NA,NA,NA,NA,NA,NA,NA,NA,NA,NA,NA,NA,NA,NA,NA,NA,NA,NA,NA,NA
"Eurasian Nightjar",NA,NA,NA,NA,NA,NA,NA,NA,NA,NA,NA,NA,NA,NA,NA,NA,NA,NA,NA,NA,NA,NA,NA,NA,NA,NA,NA,NA,NA,NA,NA,NA,NA
"Sykes's Nightjar",NA,NA,NA,NA,NA,NA,NA,NA,NA,NA,NA,NA,NA,NA,NA,NA,NA,NA,NA,NA,NA,NA,NA,NA,NA,NA,NA,NA,NA,NA,NA,NA,NA
"Large-tailed Nightjar",NA,NA,NA,NA,NA,NA,NA,NA,NA,NA,NA,NA,NA,NA,NA,NA,NA,NA,NA,NA,NA,NA,NA,NA,NA,NA,NA,NA,NA,NA,NA,NA,NA
"Andaman Nightjar",NA,NA,NA,NA,NA,NA,NA,NA,NA,NA,NA,NA,NA,NA,NA,NA,NA,NA,NA,NA,NA,NA,NA,NA,NA,NA,NA,NA,NA,NA,NA,NA,NA
"Jerdon's Nightjar",NA,NA,NA,NA,NA,NA,NA,NA,NA,NA,NA,NA,NA,NA,NA,NA,NA,NA,NA,NA,NA,NA,NA,NA,NA,NA,NA,NA,NA,NA,NA,NA,NA
"Indian Nightjar",NA,NA,NA,NA,NA,NA,NA,NA,NA,NA,NA,NA,NA,NA,NA,NA,NA,NA,NA,NA,NA,NA,NA,NA,NA,NA,NA,NA,NA,NA,NA,NA,NA
"Savanna Nightjar",NA,NA,NA,NA,NA,NA,NA,NA,NA,NA,NA,NA,NA,NA,NA,NA,NA,NA,NA,NA,NA,NA,NA,NA,NA,NA,NA,NA,NA,NA,NA,NA,NA
"Sri Lanka Frogmouth",NA,NA,NA,NA,NA,NA,NA,NA,NA,NA,NA,NA,NA,NA,NA,NA,NA,NA,NA,NA,NA,NA,NA,NA,NA,NA,NA,NA,NA,NA,NA,NA,NA
"Hodgson's Frogmouth",NA,NA,NA,NA,NA,NA,NA,NA,NA,NA,NA,NA,NA,NA,NA,NA,NA,NA,NA,NA,NA,NA,NA,NA,NA,NA,NA,NA,NA,NA,NA,NA,NA
"White-rumped Spinetail",NA,NA,NA,NA,NA,NA,NA,NA,NA,NA,NA,NA,NA,NA,NA,NA,NA,NA,NA,NA,NA,NA,NA,NA,NA,NA,NA,NA,NA,NA,NA,NA,NA
"White-throated Needletail",NA,NA,NA,NA,NA,NA,NA,NA,NA,NA,NA,NA,NA,NA,NA,NA,NA,NA,NA,NA,NA,NA,NA,NA,NA,NA,NA,NA,NA,NA,NA,NA,NA
"Silver-backed Needletail",NA,NA,NA,NA,NA,NA,NA,NA,NA,NA,NA,NA,NA,NA,NA,NA,NA,NA,NA,NA,NA,NA,NA,NA,NA,NA,NA,NA,NA,NA,NA,NA,NA
"Brown-backed Needletail",NA,NA,NA,NA,NA,NA,NA,NA,NA,NA,NA,NA,NA,NA,NA,NA,NA,NA,NA,NA,NA,NA,NA,NA,NA,NA,NA,NA,NA,NA,NA,NA,NA
"Plume-toed Swiftlet",NA,NA,NA,NA,NA,NA,NA,NA,NA,NA,NA,NA,NA,NA,NA,NA,NA,NA,NA,NA,NA,NA,NA,NA,NA,NA,NA,NA,NA,NA,NA,NA,NA
"Indian Swiftlet",NA,NA,NA,NA,NA,NA,NA,NA,NA,NA,NA,NA,NA,NA,NA,NA,NA,NA,NA,NA,NA,NA,NA,NA,NA,NA,NA,NA,NA,NA,NA,NA,NA
"Himalayan Swiftlet",NA,NA,NA,NA,NA,NA,NA,NA,NA,NA,NA,NA,NA,NA,NA,NA,NA,NA,NA,NA,NA,NA,NA,NA,NA,NA,NA,NA,NA,NA,NA,NA,NA
"White-nest Swiftlet",NA,NA,NA,NA,NA,NA,NA,NA,NA,NA,NA,NA,NA,NA,NA,NA,NA,NA,NA,NA,NA,NA,NA,NA,NA,NA,NA,NA,NA,NA,NA,NA,NA
"Alpine Swift",-6.49524337245232,-2.00818411849547,2.47887513546139,-6.77214508938261,-2.80569378850591,1.16075751237079,-5.52605709067703,-1.52577950109705,2.47449808848293,-5.05481894306158,-1.41339583538583,2.22802727228991,-5.55052044250799,-2.19353580920912,1.16344882408975,-5.4480680763368,-1.89577463607127,1.65651880419425,-5.84017787552986,-2.06999608248596,1.70018571055794,-5.83791376048686,-1.82427308748726,2.18936758551235,-5.21953485676789,-1.30976869139404,2.59999747397982,-5.85195225414244,-1.58376708703361,2.68441808007522,-6.76961873674996,-2.24163480739161,2.28634912196674
"Common Swift",NA,NA,NA,NA,NA,NA,NA,NA,NA,NA,NA,NA,NA,NA,NA,NA,NA,NA,NA,NA,NA,NA,NA,NA,NA,NA,NA,NA,NA,NA,NA,NA,NA
"Pacific Swift",NA,NA,NA,NA,NA,NA,NA,NA,NA,NA,NA,NA,NA,NA,NA,NA,NA,NA,NA,NA,NA,NA,NA,NA,NA,NA,NA,NA,NA,NA,NA,NA,NA
"Blyth's Swift",NA,NA,NA,NA,NA,NA,NA,NA,NA,NA,NA,NA,NA,NA,NA,NA,NA,NA,NA,NA,NA,NA,NA,NA,NA,NA,NA,NA,NA,NA,NA,NA,NA
"Dark-rumped Swift",NA,NA,NA,NA,NA,NA,NA,NA,NA,NA,NA,NA,NA,NA,NA,NA,NA,NA,NA,NA,NA,NA,NA,NA,NA,NA,NA,NA,NA,NA,NA,NA,NA
"Little Swift",-1.09234731211052,0.752591846536002,2.59753100518252,-0.826363996366749,0.946403335379143,2.71917066712503,-0.291300746729229,1.5534681316952,3.39823701011963,-0.237268546480071,1.53460062726745,3.30646980101497,-0.252240506437149,1.47884167735373,3.20992386114461,-0.111100023307448,1.40862353379994,2.92834709090732,-0.354346643127382,1.31645453244199,2.98725570801137,-0.296503144945734,1.50128407678269,3.29907129851112,0.0147358832475228,1.73258713315234,3.45043838305716,-0.368711877995669,1.56475717269976,3.4982262233952,-0.464667276291034,1.586906455122,3.63848018653502
"House Swift",NA,NA,NA,NA,NA,NA,NA,NA,NA,NA,NA,NA,NA,NA,NA,NA,NA,NA,NA,NA,NA,NA,NA,NA,NA,NA,NA,NA,NA,NA,NA,NA,NA
"Asian Palm Swift",NA,NA,NA,NA,NA,NA,NA,NA,NA,NA,NA,NA,NA,NA,NA,NA,NA,NA,NA,NA,NA,NA,NA,NA,NA,NA,NA,NA,NA,NA,NA,NA,NA
"Crested Treeswift",-5.16610804536789,-2.6672289516679,-0.168349857967913,-5.01321302197456,-2.68785812050445,-0.362503219034341,-5.13775318107553,-2.85711664906664,-0.576480117057762,-5.10862771510757,-2.89895756856262,-0.689287422017672,-5.21252883637436,-3.14873090308713,-1.0849329697999,-4.65163548743316,-3.03079767797023,-1.4099598685073,-5.08795866527872,-2.93829314279955,-0.788627620320382,-5.2808978246786,-3.00856865037836,-0.736239476078118,-5.5523628625034,-3.3185125032537,-1.08466214400399,-5.63528592413274,-3.22955296383649,-0.823820003540228,-5.99939032702231,-3.52025567446799,-1.04112102191367
"Water Rail",NA,NA,NA,NA,NA,NA,NA,NA,NA,NA,NA,NA,NA,NA,NA,NA,NA,NA,NA,NA,NA,NA,NA,NA,NA,NA,NA,NA,NA,NA,NA,NA,NA
"Brown-cheeked Rail",NA,NA,NA,NA,NA,NA,NA,NA,NA,NA,NA,NA,NA,NA,NA,NA,NA,NA,NA,NA,NA,NA,NA,NA,NA,NA,NA,NA,NA,NA,NA,NA,NA
"Corn Crake",NA,NA,NA,NA,NA,NA,NA,NA,NA,NA,NA,NA,NA,NA,NA,NA,NA,NA,NA,NA,NA,NA,NA,NA,NA,NA,NA,NA,NA,NA,NA,NA,NA
"Slaty-breasted Rail",NA,NA,NA,NA,NA,NA,NA,NA,NA,NA,NA,NA,NA,NA,NA,NA,NA,NA,NA,NA,NA,NA,NA,NA,NA,NA,NA,NA,NA,NA,NA,NA,NA
"Spotted Crake",NA,NA,NA,NA,NA,NA,NA,NA,NA,NA,NA,NA,NA,NA,NA,NA,NA,NA,NA,NA,NA,NA,NA,NA,NA,NA,NA,NA,NA,NA,NA,NA,NA
"Eurasian Moorhen",2.76409433907066,5.42938072115881,8.09466710324696,2.63774910870415,5.13164306625876,7.62553702381337,3.06803311758393,5.48498643591721,7.90193975425049,3.82677619150994,5.76546230868474,7.70414842585954,3.01561053492143,5.33467588824863,7.65374124157583,3.5302033106234,5.38061919224809,7.23103507387277,3.10881979291327,5.42468938738258,7.74055898185189,3.02866060446261,5.40334466239487,7.77802872032712,2.72275576704169,4.86979732207354,7.0168388771054,2.77567788435356,5.31745087386151,7.85922386336947,2.91594339430044,5.59052475007788,8.26510610585531
"Eurasian Coot",-8.17085311532483,-5.97046916164691,-3.770085207969,-7.17083283923951,-4.77742836945472,-2.38402389966993,-6.55277979992374,-4.5365000743361,-2.52022034874846,-6.91209989224704,-4.78637628651389,-2.66065268078073,-7.21921312109419,-4.98347812028769,-2.74774311948119,-7.0618586894689,-5.01546821943498,-2.96907774940106,-7.18351736965227,-4.96641330315741,-2.74930923666256,-7.02213446533984,-4.83197023219595,-2.64180599905206,-7.10931419340273,-4.81465360444208,-2.51999301548143,-7.62791234915303,-5.19809458908008,-2.76827682900714,-8.09731254296019,-5.6899671227193,-3.28262170247841
"Gray-headed Swamphen",2.89633166634865,5.25316521963429,7.60999877291993,0.181355039489016,3.3238724223851,6.46638980528119,0.277052208828396,2.96643717551747,5.65582214220654,0.541493160623636,3.49588226923346,6.45027137784328,0.623013071855719,3.5122683507269,6.40152362959809,0.850624392787638,3.58599451258196,6.32136463237628,0.694444165921478,3.43579043185943,6.17713669779739,0.492435088777081,3.43910784992891,6.38578061108074,0.381511497888882,3.42763614822245,6.47376079855602,0.141503247851202,3.29658734733797,6.45167144682475,0.768444884134088,4.07910854715515,7.38977221017621
"White-browed Crake",NA,NA,NA,NA,NA,NA,NA,NA,NA,NA,NA,NA,NA,NA,NA,NA,NA,NA,NA,NA,NA,NA,NA,NA,NA,NA,NA,NA,NA,NA,NA,NA,NA
"Watercock",NA,NA,NA,NA,NA,NA,NA,NA,NA,NA,NA,NA,NA,NA,NA,NA,NA,NA,NA,NA,NA,NA,NA,NA,NA,NA,NA,NA,NA,NA,NA,NA,NA
"White-breasted Waterhen",2.29332493773024,4.28848931227612,6.28365368682201,2.65738193014051,4.55645352324108,6.45552511634165,2.50775317721082,4.29818094088265,6.08860870455447,2.65812142304581,4.28612729380339,5.91413316456097,2.83126077321275,4.53159461273307,6.23192845225339,2.70999640505485,4.46670839424631,6.22342038343778,2.89319025357109,4.33786834167917,5.78254642978725,2.60501047125748,4.36835312590481,6.13169578055215,2.59744199974007,4.44591884608584,6.29439569243161,2.58110697333369,4.50881276961949,6.43651856590529,3.62899683384544,5.30156937961311,6.97414192538078
"Andaman Crake",NA,NA,NA,NA,NA,NA,NA,NA,NA,NA,NA,NA,NA,NA,NA,NA,NA,NA,NA,NA,NA,NA,NA,NA,NA,NA,NA,NA,NA,NA,NA,NA,NA
"Red-legged Crake",NA,NA,NA,NA,NA,NA,NA,NA,NA,NA,NA,NA,NA,NA,NA,NA,NA,NA,NA,NA,NA,NA,NA,NA,NA,NA,NA,NA,NA,NA,NA,NA,NA
"Slaty-legged Crake",NA,NA,NA,NA,NA,NA,NA,NA,NA,NA,NA,NA,NA,NA,NA,NA,NA,NA,NA,NA,NA,NA,NA,NA,NA,NA,NA,NA,NA,NA,NA,NA,NA
"Ruddy-breasted Crake",NA,NA,NA,NA,NA,NA,NA,NA,NA,NA,NA,NA,NA,NA,NA,NA,NA,NA,NA,NA,NA,NA,NA,NA,NA,NA,NA,NA,NA,NA,NA,NA,NA
"Band-bellied Crake",NA,NA,NA,NA,NA,NA,NA,NA,NA,NA,NA,NA,NA,NA,NA,NA,NA,NA,NA,NA,NA,NA,NA,NA,NA,NA,NA,NA,NA,NA,NA,NA,NA
"Brown Crake",0.244019593510181,15.6039064499723,30.9637933064344,-1.73673718482839,12.9741962382712,27.6851296613708,-1.20908423073514,12.8761025654383,26.9612893616117,0.149513451123506,13.8775871920747,27.605660933026,-0.153346278729963,13.3356247309301,26.8245957405902,0.179375130685114,13.5597044319411,26.9400337331971,0.17573039264748,13.698953208852,27.2221760250565,1.38950116157697,14.6491359090771,27.9087706565772,2.84990348708,8.01757832873376,13.1852531703875,-1.34443860699928,13.4005715145135,28.1455816360264,3.97015843905462,18.1268110426186,32.2834636461826
"Little Crake",NA,NA,NA,NA,NA,NA,NA,NA,NA,NA,NA,NA,NA,NA,NA,NA,NA,NA,NA,NA,NA,NA,NA,NA,NA,NA,NA,NA,NA,NA,NA,NA,NA
"Baillon's Crake",NA,NA,NA,NA,NA,NA,NA,NA,NA,NA,NA,NA,NA,NA,NA,NA,NA,NA,NA,NA,NA,NA,NA,NA,NA,NA,NA,NA,NA,NA,NA,NA,NA
"Black-tailed Crake",NA,NA,NA,NA,NA,NA,NA,NA,NA,NA,NA,NA,NA,NA,NA,NA,NA,NA,NA,NA,NA,NA,NA,NA,NA,NA,NA,NA,NA,NA,NA,NA,NA
"Masked Finfoot",NA,NA,NA,NA,NA,NA,NA,NA,NA,NA,NA,NA,NA,NA,NA,NA,NA,NA,NA,NA,NA,NA,NA,NA,NA,NA,NA,NA,NA,NA,NA,NA,NA
"Siberian Crane",NA,NA,NA,NA,NA,NA,NA,NA,NA,NA,NA,NA,NA,NA,NA,NA,NA,NA,NA,NA,NA,NA,NA,NA,NA,NA,NA,NA,NA,NA,NA,NA,NA
"Sarus Crane",NA,NA,NA,NA,NA,NA,NA,NA,NA,NA,NA,NA,NA,NA,NA,NA,NA,NA,NA,NA,NA,NA,NA,NA,NA,NA,NA,NA,NA,NA,NA,NA,NA
"Demoiselle Crane",NA,NA,NA,NA,NA,NA,NA,NA,NA,NA,NA,NA,NA,NA,NA,NA,NA,NA,NA,NA,NA,NA,NA,NA,NA,NA,NA,NA,NA,NA,NA,NA,NA
"Common Crane",NA,NA,NA,NA,NA,NA,NA,NA,NA,NA,NA,NA,NA,NA,NA,NA,NA,NA,NA,NA,NA,NA,NA,NA,NA,NA,NA,NA,NA,NA,NA,NA,NA
"Black-necked Crane",NA,NA,NA,NA,NA,NA,NA,NA,NA,NA,NA,NA,NA,NA,NA,NA,NA,NA,NA,NA,NA,NA,NA,NA,NA,NA,NA,NA,NA,NA,NA,NA,NA
"Great Thick-knee",NA,NA,NA,NA,NA,NA,NA,NA,NA,NA,NA,NA,NA,NA,NA,NA,NA,NA,NA,NA,NA,NA,NA,NA,NA,NA,NA,NA,NA,NA,NA,NA,NA
"Beach Thick-knee",NA,NA,NA,NA,NA,NA,NA,NA,NA,NA,NA,NA,NA,NA,NA,NA,NA,NA,NA,NA,NA,NA,NA,NA,NA,NA,NA,NA,NA,NA,NA,NA,NA
"Indian Thick-knee",2.82713182760398,6.2648700794879,9.70260833137181,0.800496696035625,4.69767881999454,8.59486094395345,1.08366599607629,4.78938458961055,8.49510318314482,0.771902382826936,3.99767681855756,7.22345125428818,0.853710068981888,4.44801644423495,8.04232281948801,1.01830224136655,4.51452455071442,8.01074686006229,0.992792248955672,4.58975633418115,8.18672041940663,1.14969618307003,4.74538463017126,8.3410730772725,1.32354686291087,4.96263762517979,8.60172838744871,0.0948515205181563,3.89542687434904,7.69600222817993,-0.638467595803494,2.78352540684747,6.20551840949843
"Black-winged Stilt",-3.98347945232379,-0.818421752239697,2.3466359478444,-3.59375572885903,-0.610855781989828,2.37204416487937,-3.7237243513832,-0.857942799328527,2.00783875272615,-2.58406669143124,-0.294380197090996,1.99530629724925,-3.47228262242147,-0.721615994099938,2.0290506342216,-3.05172023400323,-0.752717800894197,1.54628463221483,-3.20530570732597,-0.615794724056567,1.97371625921284,-3.1645135225678,-0.501073052927611,2.16236741671258,-3.84065224545498,-1.04532117624573,1.75000989296352,-4.18343354014155,-1.49535101567871,1.19273150878413,-3.80195104128595,-0.632268837805188,2.53741336567557
"Pied Avocet",NA,NA,NA,NA,NA,NA,NA,NA,NA,NA,NA,NA,NA,NA,NA,NA,NA,NA,NA,NA,NA,NA,NA,NA,NA,NA,NA,NA,NA,NA,NA,NA,NA
"Ibisbill",NA,NA,NA,NA,NA,NA,NA,NA,NA,NA,NA,NA,NA,NA,NA,NA,NA,NA,NA,NA,NA,NA,NA,NA,NA,NA,NA,NA,NA,NA,NA,NA,NA
"Eurasian Oystercatcher",NA,NA,NA,NA,NA,NA,NA,NA,NA,NA,NA,NA,NA,NA,NA,NA,NA,NA,NA,NA,NA,NA,NA,NA,NA,NA,NA,NA,NA,NA,NA,NA,NA
"Black-bellied Plover",NA,NA,NA,NA,NA,NA,NA,NA,NA,NA,NA,NA,NA,NA,NA,NA,NA,NA,NA,NA,NA,NA,NA,NA,NA,NA,NA,NA,NA,NA,NA,NA,NA
"European Golden-Plover",NA,NA,NA,NA,NA,NA,NA,NA,NA,NA,NA,NA,NA,NA,NA,NA,NA,NA,NA,NA,NA,NA,NA,NA,NA,NA,NA,NA,NA,NA,NA,NA,NA
"American Golden-Plover",NA,NA,NA,NA,NA,NA,NA,NA,NA,NA,NA,NA,NA,NA,NA,NA,NA,NA,NA,NA,NA,NA,NA,NA,NA,NA,NA,NA,NA,NA,NA,NA,NA
"Pacific Golden-Plover",NA,NA,NA,NA,NA,NA,NA,NA,NA,NA,NA,NA,NA,NA,NA,NA,NA,NA,NA,NA,NA,NA,NA,NA,NA,NA,NA,NA,NA,NA,NA,NA,NA
"Common Ringed Plover",NA,NA,NA,NA,NA,NA,NA,NA,NA,NA,NA,NA,NA,NA,NA,NA,NA,NA,NA,NA,NA,NA,NA,NA,NA,NA,NA,NA,NA,NA,NA,NA,NA
"Little Ringed Plover",-6.06789165427748,-2.98009689800507,0.107697858267347,-6.69113152892611,-3.55232400217821,-0.413516475430297,-7.68981317049803,-4.78391707049233,-1.87802097048663,-7.24783455723701,-4.1213847506465,-0.994934944055983,-7.30426171100123,-4.2825357798405,-1.26080984867976,-7.07842802223568,-4.18655086615173,-1.29467371006778,-6.77988004057859,-3.99814171019583,-1.21640337981307,-7.10928411165839,-4.02327348525754,-0.937262858856687,-7.7028268680905,-4.72369684564037,-1.74456682319024,-7.872844414161,-4.5788189312659,-1.28479344837081,-8.23454006082741,-4.78988682389186,-1.34523358695631
"Long-billed Plover",NA,NA,NA,NA,NA,NA,NA,NA,NA,NA,NA,NA,NA,NA,NA,NA,NA,NA,NA,NA,NA,NA,NA,NA,NA,NA,NA,NA,NA,NA,NA,NA,NA
"Northern Lapwing",NA,NA,NA,NA,NA,NA,NA,NA,NA,NA,NA,NA,NA,NA,NA,NA,NA,NA,NA,NA,NA,NA,NA,NA,NA,NA,NA,NA,NA,NA,NA,NA,NA
"River Lapwing",NA,NA,NA,NA,NA,NA,NA,NA,NA,NA,NA,NA,NA,NA,NA,NA,NA,NA,NA,NA,NA,NA,NA,NA,NA,NA,NA,NA,NA,NA,NA,NA,NA
"Yellow-wattled Lapwing",-4.07742412242147,-1.6016472437486,0.874129634924273,-4.12084128796652,-2.24458525161982,-0.368329215273133,-2.1279444374041,-0.709683150524825,0.708578136354454,-3.34416910584278,-1.24954754916739,0.845074007507999,-3.63317412376596,-1.51899095945202,0.595192204861915,-3.60597465447904,-1.44411159218217,0.717751470114699,-3.5688267382282,-1.4094626726444,0.749901392939399,-3.62712364661943,-1.42164245347287,0.783838739673701,-3.49726907928876,-1.26772223401098,0.9618246112668,-3.8723404652948,-1.51554976154543,0.841240942203944,-4.12694075119088,-1.64635410075526,0.834232549680348
"Gray-headed Lapwing",NA,NA,NA,NA,NA,NA,NA,NA,NA,NA,NA,NA,NA,NA,NA,NA,NA,NA,NA,NA,NA,NA,NA,NA,NA,NA,NA,NA,NA,NA,NA,NA,NA
"Red-wattled Lapwing",0.463707779292036,1.01740284401483,1.57109790873762,0.368630913357339,0.872050730440553,1.37547054752377,0.557831885099999,1.0417647522381,1.52569761937621,0.488722453522114,0.984775211585009,1.4808279696479,0.469253968313138,0.962104113058625,1.45495425780411,0.482077597330682,0.968752685372776,1.45542777341487,0.527879856678577,0.994253773193258,1.46062768970794,0.445914954010055,0.94205522865185,1.43819550329365,0.454373526939716,0.974017708808349,1.49366189067698,0.354241936866187,0.776241368489506,1.19824080011282,0.622119952194972,1.14036194359811,1.65860393500125
"Sociable Lapwing",NA,NA,NA,NA,NA,NA,NA,NA,NA,NA,NA,NA,NA,NA,NA,NA,NA,NA,NA,NA,NA,NA,NA,NA,NA,NA,NA,NA,NA,NA,NA,NA,NA
"White-tailed Lapwing",NA,NA,NA,NA,NA,NA,NA,NA,NA,NA,NA,NA,NA,NA,NA,NA,NA,NA,NA,NA,NA,NA,NA,NA,NA,NA,NA,NA,NA,NA,NA,NA,NA
"Caspian Plover",NA,NA,NA,NA,NA,NA,NA,NA,NA,NA,NA,NA,NA,NA,NA,NA,NA,NA,NA,NA,NA,NA,NA,NA,NA,NA,NA,NA,NA,NA,NA,NA,NA
"Oriental Plover",NA,NA,NA,NA,NA,NA,NA,NA,NA,NA,NA,NA,NA,NA,NA,NA,NA,NA,NA,NA,NA,NA,NA,NA,NA,NA,NA,NA,NA,NA,NA,NA,NA
"Tibetan Sand-Plover",NA,NA,NA,NA,NA,NA,NA,NA,NA,NA,NA,NA,NA,NA,NA,NA,NA,NA,NA,NA,NA,NA,NA,NA,NA,NA,NA,NA,NA,NA,NA,NA,NA
"Greater Sand-Plover",NA,NA,NA,NA,NA,NA,NA,NA,NA,NA,NA,NA,NA,NA,NA,NA,NA,NA,NA,NA,NA,NA,NA,NA,NA,NA,NA,NA,NA,NA,NA,NA,NA
"Kentish Plover",-7.99412522078485,-4.25849285539768,-0.522860490010501,-7.76270049615707,-4.23908575795198,-0.715471019746902,-7.86452407701299,-4.45956740428203,-1.05461073155107,-7.01579550864932,-4.03041774257747,-1.04503997650562,-7.59604070112017,-4.36729066153058,-1.138540621941,-7.18154205610086,-4.43821203146092,-1.69488200682097,-7.25546123121554,-4.25350693847169,-1.25155264572784,-7.08693082355095,-4.04975584601062,-1.01258086847028,-8.04935909776075,-4.67915752150142,-1.30895594524209,-8.01048482143393,-4.45606341689993,-0.90164201236593,-9.06748853656263,-5.88467776830294,-2.70186700004325
"White-faced Plover",NA,NA,NA,NA,NA,NA,NA,NA,NA,NA,NA,NA,NA,NA,NA,NA,NA,NA,NA,NA,NA,NA,NA,NA,NA,NA,NA,NA,NA,NA,NA,NA,NA
"Greater Painted-Snipe",-3.69184223871865,0.738577563024242,5.16899736476713,-3.48882507517992,0.683515476352534,4.85585602788499,-3.51788223873489,0.51444556275195,4.54677336423879,-3.52086885409632,-0.206756462391464,3.10735592931339,-3.49959102084234,0.246033394168051,3.99165780917844,-3.46648229471384,0.410416077869464,4.28731445045277,-3.45030498965314,0.198865824127496,3.84803663790813,-3.67197652385125,-0.0455731747544615,3.58083017434233,-3.97710726572057,-0.0378178022031486,3.90147166131427,-4.09873600127831,0.111961464059651,4.32265892939761,-1.29297695200886,2.30904835067773,5.91107365336432
"Pheasant-tailed Jacana",-4.71117101080905,-1.90747376088149,0.896223489046072,-4.0325940795334,-1.55469631583714,0.92320144785913,-4.26633985375881,-1.80867959843903,0.648980656880752,-4.71417395765734,-2.30717622849414,0.099821500669062,-4.39337283304,-2.28246197266297,-0.171551112285947,-4.22138076083089,-2.1094801346335,0.00242049156389083,-4.58987726327935,-2.11657127526076,0.356734712757827,-4.71334225661549,-2.26293049046746,0.187481275680568,-4.89050427121579,-2.55187437106807,-0.213244470920358,-4.59531086507321,-1.92839086780678,0.738529129459647,-5.08517576519717,-2.25303290385182,0.579109957493527
"Bronze-winged Jacana",-3.2500332185841,-0.810395012184094,1.62924319421591,-2.289926732454,-0.232345796922143,1.82523513860971,-3.1866305518872,-1.3784657420102,0.429699067866802,-2.83739237361995,-0.704893066902525,1.4276062398149,-2.9647157788633,-0.87224979354155,1.2202161917802,-2.92945842443842,-0.803585539365777,1.32228734570687,-2.76998809974633,-0.710587847300699,1.34881240514493,-3.0883042229213,-0.981220582372219,1.12586305817687,-3.24467658257554,-1.09178702571405,1.06110253114745,-3.29261670233196,-0.958445254149581,1.3757261940328,-2.55729048399701,-0.219618221605114,2.11805404078678
"Eurasian Whimbrel",NA,NA,NA,NA,NA,NA,NA,NA,NA,NA,NA,NA,NA,NA,NA,NA,NA,NA,NA,NA,NA,NA,NA,NA,NA,NA,NA,NA,NA,NA,NA,NA,NA
"Eurasian Curlew",NA,NA,NA,NA,NA,NA,NA,NA,NA,NA,NA,NA,NA,NA,NA,NA,NA,NA,NA,NA,NA,NA,NA,NA,NA,NA,NA,NA,NA,NA,NA,NA,NA
"Bar-tailed Godwit",NA,NA,NA,NA,NA,NA,NA,NA,NA,NA,NA,NA,NA,NA,NA,NA,NA,NA,NA,NA,NA,NA,NA,NA,NA,NA,NA,NA,NA,NA,NA,NA,NA
"Black-tailed Godwit",-9.20006356930225,-5.84462965861067,-2.4891957479191,-6.25418202633198,-3.8311929595382,-1.40820389274442,-8.59084181921663,-5.45953447717165,-2.32822713512667,-7.91098613770668,-4.89100951943183,-1.87103290115698,-8.24376000729224,-5.16105318650788,-2.07834636572353,-7.87975180792748,-5.13057384481191,-2.38139588169634,-8.01235267086742,-5.01291584180208,-2.01347901273675,-8.21122091005074,-5.0688276984783,-1.92643448690586,-8.64735412479484,-5.64059690614504,-2.63383968749525,-8.73688853928968,-5.40192667973144,-2.0669648201732,-8.57120606386523,-5.01075699620159,-1.45030792853795
"Asian Dowitcher",NA,NA,NA,NA,NA,NA,NA,NA,NA,NA,NA,NA,NA,NA,NA,NA,NA,NA,NA,NA,NA,NA,NA,NA,NA,NA,NA,NA,NA,NA,NA,NA,NA
"Long-billed Dowitcher",NA,NA,NA,NA,NA,NA,NA,NA,NA,NA,NA,NA,NA,NA,NA,NA,NA,NA,NA,NA,NA,NA,NA,NA,NA,NA,NA,NA,NA,NA,NA,NA,NA
"Jack Snipe",NA,NA,NA,NA,NA,NA,NA,NA,NA,NA,NA,NA,NA,NA,NA,NA,NA,NA,NA,NA,NA,NA,NA,NA,NA,NA,NA,NA,NA,NA,NA,NA,NA
"Eurasian Woodcock",NA,NA,NA,NA,NA,NA,NA,NA,NA,NA,NA,NA,NA,NA,NA,NA,NA,NA,NA,NA,NA,NA,NA,NA,NA,NA,NA,NA,NA,NA,NA,NA,NA
"Solitary Snipe",NA,NA,NA,NA,NA,NA,NA,NA,NA,NA,NA,NA,NA,NA,NA,NA,NA,NA,NA,NA,NA,NA,NA,NA,NA,NA,NA,NA,NA,NA,NA,NA,NA
"Wood Snipe",NA,NA,NA,NA,NA,NA,NA,NA,NA,NA,NA,NA,NA,NA,NA,NA,NA,NA,NA,NA,NA,NA,NA,NA,NA,NA,NA,NA,NA,NA,NA,NA,NA
"Great Snipe",NA,NA,NA,NA,NA,NA,NA,NA,NA,NA,NA,NA,NA,NA,NA,NA,NA,NA,NA,NA,NA,NA,NA,NA,NA,NA,NA,NA,NA,NA,NA,NA,NA
"Swinhoe's Snipe",NA,NA,NA,NA,NA,NA,NA,NA,NA,NA,NA,NA,NA,NA,NA,NA,NA,NA,NA,NA,NA,NA,NA,NA,NA,NA,NA,NA,NA,NA,NA,NA,NA
"Pin-tailed Snipe",-7.22748762687085,-2.22666176139981,2.77416410407123,-9.16532773242023,-4.00221818313302,1.1608913661542,-9.64623064481796,-4.52204463573887,0.602141373340226,-9.48705761630771,-4.62932977097307,0.228398074361572,-9.19038824129973,-4.44730731577487,0.29577360974999,-8.70208661156316,-4.24297242639659,0.216141758769986,-8.76186917175786,-4.00794021259064,0.745988746576574,-8.69461418050655,-3.8344824387077,1.02564930309114,-9.36062733407641,-4.14990455906069,1.06081821595503,-10.1078141453631,-4.76483088188011,0.578152381602862,-10.9972929131699,-5.59260687189876,-0.18792083062761
"Common Snipe",-5.53862151198987,-2.48717344478712,0.56427462241563,-4.74664566225162,-2.12664821838343,0.493349225484752,-5.85511119636963,-3.09942284314509,-0.343734489920561,-5.34992964904194,-2.67337818906652,0.00317327090890787,-5.08080201402331,-3.11614491366631,-1.15148781330932,-5.54223226136511,-2.85065913601787,-0.159086010670621,-5.23943803285496,-2.71047448155991,-0.181510930264867,-5.57484022297786,-2.8259018579219,-0.0769634928659297,-5.92184989028803,-3.25782539269732,-0.59380089510662,-6.13562718255144,-3.30470617534813,-0.473785168144818,-5.87923870375412,-2.7682294938675,0.342779716019117
"Red Phalarope",NA,NA,NA,NA,NA,NA,NA,NA,NA,NA,NA,NA,NA,NA,NA,NA,NA,NA,NA,NA,NA,NA,NA,NA,NA,NA,NA,NA,NA,NA,NA,NA,NA
"Red-necked Phalarope",NA,NA,NA,NA,NA,NA,NA,NA,NA,NA,NA,NA,NA,NA,NA,NA,NA,NA,NA,NA,NA,NA,NA,NA,NA,NA,NA,NA,NA,NA,NA,NA,NA
"Terek Sandpiper",NA,NA,NA,NA,NA,NA,NA,NA,NA,NA,NA,NA,NA,NA,NA,NA,NA,NA,NA,NA,NA,NA,NA,NA,NA,NA,NA,NA,NA,NA,NA,NA,NA
"Common Sandpiper",-3.54043455370955,-2.12242073566109,-0.704406917612638,-4.12053123300191,-2.74268128251731,-1.36483133203271,-4.00059592513096,-2.69383234264521,-1.38706876015945,-3.45830227884745,-2.30482258400843,-1.1513428891694,-3.71436030855105,-2.44482335342681,-1.17528639830258,-3.64576966481187,-2.50320372343753,-1.36063778206318,-3.75024943587676,-2.46122767906096,-1.17220592224515,-3.76525987564401,-2.43401936000719,-1.10277884437037,-3.98978407803191,-2.63018589855512,-1.27058771907833,-4.06239689036234,-2.63762547027627,-1.21285405019021,-4.08512657435174,-2.55478979988902,-1.02445302542629
"Green Sandpiper",-1.33494203431601,1.94089815727487,5.21673834886575,-2.27508639540824,1.13665430021057,4.54839499582938,-2.44490686578745,0.0296399363521347,2.50418673849172,-2.3922961176273,0.832203288024158,4.05670269367562,-2.34091984797108,0.787997819628819,3.91691548722872,-2.28771000509575,0.886247582015421,4.06020516912659,-2.10607487305609,0.684114314248019,3.47430350155212,-2.10364322657606,1.06637696340085,4.23639715337777,-2.70645659968133,0.432050943261401,3.57055848620413,-2.46287491459014,1.0013632847845,4.46560148415914,-2.39600641379464,1.23574650504736,4.86749942388936
"Gray-tailed Tattler",NA,NA,NA,NA,NA,NA,NA,NA,NA,NA,NA,NA,NA,NA,NA,NA,NA,NA,NA,NA,NA,NA,NA,NA,NA,NA,NA,NA,NA,NA,NA,NA,NA
"Marsh Sandpiper",-9.61382818193255,-6.15738888410944,-2.70094958628633,-7.30259410264245,-3.72790655726364,-0.153219011884826,-8.39700534412371,-4.6536823092568,-0.910359274389883,-6.79424606609237,-3.94097116719882,-1.08769626830526,-8.09949575768321,-4.52249510385377,-0.945494450024331,-7.99806815091545,-4.58357265738512,-1.16907716385479,-7.84396672000259,-4.41536885360743,-0.986770987212269,-8.03480857629466,-4.40784656288011,-0.78088454946555,-8.40505540321741,-4.63222729146915,-0.859399179720892,-8.88241932563367,-5.02670370852459,-1.1709880914155,-8.84133107634831,-4.68312630370501,-0.524921531061707
"Wood Sandpiper",-0.917021625859966,2.92536214262311,6.76774591110619,-2.01098653974952,2.0392190218004,6.08942458335032,-3.1680961808305,0.628377097050799,4.4248503749321,-2.85259745569846,1.12616348453219,5.10492442476284,-2.59561385181953,1.06442788159821,4.72446961501595,-2.45951633937283,1.26978891630856,4.99909417198996,-2.5960089253415,1.33221001380643,5.26042895295436,-2.57192306907125,1.41461797331927,5.40115901570978,-3.11528447091611,0.362229553378569,3.83974357767325,-3.49787264541571,0.642497818077419,4.78286828157055,-2.95263520156546,1.57247158364358,6.09757836885263
"Common Redshank",-7.73940222156615,-5.29669757041844,-2.85399291927072,-7.59897551471048,-5.31441072742847,-3.02984594014646,-7.92636446427072,-5.68831073920221,-3.45025701413369,-7.3930080539315,-5.3446153111298,-3.29622256832811,-7.69658853113563,-5.53504101902522,-3.3734935069148,-7.32390734633626,-5.55861195462261,-3.79331656290896,-7.28048924604023,-5.40056968738686,-3.52065012873349,-7.74785500808586,-5.52914776075054,-3.31044051341521,-8.00389536466353,-5.76600669928061,-3.52811803389768,-8.14175781308009,-5.79410900933185,-3.44646020558361,-8.4696257159467,-6.0368841615199,-3.6041426070931
"Nordmann's Greenshank",NA,NA,NA,NA,NA,NA,NA,NA,NA,NA,NA,NA,NA,NA,NA,NA,NA,NA,NA,NA,NA,NA,NA,NA,NA,NA,NA,NA,NA,NA,NA,NA,NA
"Spotted Redshank",-9.02067250599036,-4.80297098180783,-0.585269457625292,-8.37380834584434,-4.61880176434772,-0.863795182851104,-9.4329283493082,-5.50975164102894,-1.58657493274968,-9.04564298074857,-5.28910051657015,-1.53255805239173,-9.15962956608206,-5.67934856376725,-2.19906756145244,-8.61376305855256,-5.46141153524283,-2.30906001193311,-8.87777319161551,-5.29396083594777,-1.71014848028003,-8.9236374528165,-5.20125970416173,-1.47888195550696,-9.75993494903914,-6.14320686051429,-2.52647877198943,-10.0803415767714,-6.14727160394728,-2.21420163112314,-10.3200280748889,-6.05268073518195,-1.78533339547497
"Common Greenshank",-4.91603081711332,-1.92826478932463,1.05950123846407,-4.22400504410978,-1.62408843349273,0.97582817712432,-5.19549440461568,-2.45269916819307,0.290096068229534,-4.86478925622774,-2.20038189141789,0.464025473391974,-4.94126232836036,-2.41971094421778,0.1018404399248,-4.61305653896292,-2.30071640646453,0.0116237260338593,-4.49910760719148,-2.12769643228615,0.24371474261917,-4.98702111581701,-2.28848607594137,0.41004896393428,-5.28851249331848,-2.92572233530828,-0.562932177298085,-5.48761791043273,-2.67012015437437,0.147377601683985,-5.40755447096853,-2.35328318946236,0.700988092043806
"Ruddy Turnstone",NA,NA,NA,NA,NA,NA,NA,NA,NA,NA,NA,NA,NA,NA,NA,NA,NA,NA,NA,NA,NA,NA,NA,NA,NA,NA,NA,NA,NA,NA,NA,NA,NA
"Great Knot",NA,NA,NA,NA,NA,NA,NA,NA,NA,NA,NA,NA,NA,NA,NA,NA,NA,NA,NA,NA,NA,NA,NA,NA,NA,NA,NA,NA,NA,NA,NA,NA,NA
"Red Knot",NA,NA,NA,NA,NA,NA,NA,NA,NA,NA,NA,NA,NA,NA,NA,NA,NA,NA,NA,NA,NA,NA,NA,NA,NA,NA,NA,NA,NA,NA,NA,NA,NA
"Ruff",-14.3017560144605,-8.12163092902939,-1.94150584359831,-7.43679389904475,-3.77540470559166,-0.114015512138565,-12.6607057794755,-6.64776688210023,-0.63482798472498,-12.1547212492858,-6.34533708039674,-0.535952911507699,-12.3331789414081,-6.80854936680582,-1.2839197922035,-11.6902005967849,-6.56262288607991,-1.43504517537489,-12.2686021972035,-6.48981505600266,-0.711027914801798,-12.2542591228392,-6.40235663627299,-0.550454149706826,-12.9340760957746,-6.95607258624509,-0.978069076715565,-13.1647041220359,-6.89416842390072,-0.623632725765561,-14.0392858101859,-7.50794855520236,-0.976611300218835
"Broad-billed Sandpiper",NA,NA,NA,NA,NA,NA,NA,NA,NA,NA,NA,NA,NA,NA,NA,NA,NA,NA,NA,NA,NA,NA,NA,NA,NA,NA,NA,NA,NA,NA,NA,NA,NA
"Sharp-tailed Sandpiper",NA,NA,NA,NA,NA,NA,NA,NA,NA,NA,NA,NA,NA,NA,NA,NA,NA,NA,NA,NA,NA,NA,NA,NA,NA,NA,NA,NA,NA,NA,NA,NA,NA
"Curlew Sandpiper",NA,NA,NA,NA,NA,NA,NA,NA,NA,NA,NA,NA,NA,NA,NA,NA,NA,NA,NA,NA,NA,NA,NA,NA,NA,NA,NA,NA,NA,NA,NA,NA,NA
"Temminck's Stint",-6.02671094937433,-0.942883110082118,4.14094472921009,-1.52069739411838,1.30039975523277,4.12149690458392,-5.82623332642113,-1.26699528737945,3.29224275166222,-5.5702841662159,-1.12019838480039,3.32988739661513,-5.20734892742471,-1.17443093238454,2.85848706265563,-5.11939066466839,-0.91990825776425,3.27957414913989,-5.24587111745765,-0.833753756762968,3.57836360393172,-5.26322041784859,-0.779138853113459,3.70494271162167,-5.87386563375881,-1.34640562272356,3.1810543883117,-6.42873173576225,-1.94197596981196,2.54477979613832,-6.08310519878806,-0.976427507927294,4.13025018293347
"Long-toed Stint",NA,NA,NA,NA,NA,NA,NA,NA,NA,NA,NA,NA,NA,NA,NA,NA,NA,NA,NA,NA,NA,NA,NA,NA,NA,NA,NA,NA,NA,NA,NA,NA,NA
"Red-necked Stint",NA,NA,NA,NA,NA,NA,NA,NA,NA,NA,NA,NA,NA,NA,NA,NA,NA,NA,NA,NA,NA,NA,NA,NA,NA,NA,NA,NA,NA,NA,NA,NA,NA
"Spoon-billed Sandpiper",NA,NA,NA,NA,NA,NA,NA,NA,NA,NA,NA,NA,NA,NA,NA,NA,NA,NA,NA,NA,NA,NA,NA,NA,NA,NA,NA,NA,NA,NA,NA,NA,NA
"Buff-breasted Sandpiper",NA,NA,NA,NA,NA,NA,NA,NA,NA,NA,NA,NA,NA,NA,NA,NA,NA,NA,NA,NA,NA,NA,NA,NA,NA,NA,NA,NA,NA,NA,NA,NA,NA
"Sanderling",NA,NA,NA,NA,NA,NA,NA,NA,NA,NA,NA,NA,NA,NA,NA,NA,NA,NA,NA,NA,NA,NA,NA,NA,NA,NA,NA,NA,NA,NA,NA,NA,NA
"Dunlin",NA,NA,NA,NA,NA,NA,NA,NA,NA,NA,NA,NA,NA,NA,NA,NA,NA,NA,NA,NA,NA,NA,NA,NA,NA,NA,NA,NA,NA,NA,NA,NA,NA
"Little Stint",-7.4948742086031,-4.37488835786863,-1.25490250713417,-5.69488130501216,-3.03470509865988,-0.374528892307587,-7.02699969453753,-4.22352165519385,-1.42004361585018,-5.65929668590606,-3.36820698253387,-1.07711727916167,-6.6691504605323,-3.95981607009843,-1.25048167966456,-6.36895887631046,-3.8517550697168,-1.33455126312314,-6.584173283837,-3.79599070783374,-1.00780813183049,-6.71275779209335,-3.85112028428767,-0.989482776481985,-7.0378764363921,-4.23081866312164,-1.42376088985119,-7.08535514336961,-4.04139075811257,-0.997426372855527,-6.93678655396826,-3.70523906960569,-0.473691585243106
"Pectoral Sandpiper",NA,NA,NA,NA,NA,NA,NA,NA,NA,NA,NA,NA,NA,NA,NA,NA,NA,NA,NA,NA,NA,NA,NA,NA,NA,NA,NA,NA,NA,NA,NA,NA,NA
"Yellow-legged Buttonquail",NA,NA,NA,NA,NA,NA,NA,NA,NA,NA,NA,NA,NA,NA,NA,NA,NA,NA,NA,NA,NA,NA,NA,NA,NA,NA,NA,NA,NA,NA,NA,NA,NA
"Barred Buttonquail",3.4481664096856,9.07082809583559,14.6934897819856,3.21505555660282,8.50583218794471,13.7966088192866,3.82512708457115,8.93831009115975,14.0514930977484,3.70494291473556,8.56358723449564,13.4222315542557,3.94868452109957,8.7457416932146,13.5427988653296,5.59188069817915,8.88205888690491,12.1722370756307,4.00770769104388,8.9139441228934,13.8201805547429,3.96164020980468,8.949791440753,13.9379426717013,4.42829012724337,9.4089757129188,14.3896612985942,2.72834670235479,7.39705223394247,12.0657577655301,5.43942092014365,10.5640172280164,15.6886135358892
"Small Buttonquail",NA,NA,NA,NA,NA,NA,NA,NA,NA,NA,NA,NA,NA,NA,NA,NA,NA,NA,NA,NA,NA,NA,NA,NA,NA,NA,NA,NA,NA,NA,NA,NA,NA
"Crab-Plover",NA,NA,NA,NA,NA,NA,NA,NA,NA,NA,NA,NA,NA,NA,NA,NA,NA,NA,NA,NA,NA,NA,NA,NA,NA,NA,NA,NA,NA,NA,NA,NA,NA
"Jerdon's Courser",NA,NA,NA,NA,NA,NA,NA,NA,NA,NA,NA,NA,NA,NA,NA,NA,NA,NA,NA,NA,NA,NA,NA,NA,NA,NA,NA,NA,NA,NA,NA,NA,NA
"Indian Courser",-7.87433785471184,-4.74918843563621,-1.62403901656058,-8.31199325262805,-5.43257226350992,-2.55315127439179,-6.24775412288889,-4.13907105685821,-2.03038799082753,-7.83887877126459,-5.05532170628728,-2.27176464130996,-7.75604262015994,-5.02438076911893,-2.29271891807793,-7.27183402236851,-4.96354777396496,-2.65526152556141,-7.72835598751196,-4.94898334959141,-2.16961071167085,-7.88446853174185,-5.23010962559548,-2.57575071944912,-8.01527744405045,-5.14606709012197,-2.27685673619348,-7.82004929752402,-4.80891340537641,-1.79777751322879,-8.20546521779063,-5.00736388698762,-1.80926255618462
"Cream-colored Courser",NA,NA,NA,NA,NA,NA,NA,NA,NA,NA,NA,NA,NA,NA,NA,NA,NA,NA,NA,NA,NA,NA,NA,NA,NA,NA,NA,NA,NA,NA,NA,NA,NA
"Small Pratincole",-3.24861403490873,0.283856300109515,3.81632663512776,-3.3884408190768,-0.00959704928922443,3.36924672049835,-3.53664587505062,-0.267661355257007,3.00132316453661,-2.53570723001813,0.234990488978559,3.00568820797524,-3.3608691570439,-0.339947563346913,2.68097403035008,-3.03671962781225,-0.213028400216213,2.61066282737983,-3.15475031748571,-0.106760574844167,2.94122916779738,-2.72070979445699,0.171078109905428,3.06286601426785,-3.76811547032399,-0.625141117023049,2.51783323627789,-3.55797501190242,-0.140429012888554,3.27711698612531,-4.64877058743576,-1.50593744023179,1.63689570697217
"Collared Pratincole",NA,NA,NA,NA,NA,NA,NA,NA,NA,NA,NA,NA,NA,NA,NA,NA,NA,NA,NA,NA,NA,NA,NA,NA,NA,NA,NA,NA,NA,NA,NA,NA,NA
"Oriental Pratincole",NA,NA,NA,NA,NA,NA,NA,NA,NA,NA,NA,NA,NA,NA,NA,NA,NA,NA,NA,NA,NA,NA,NA,NA,NA,NA,NA,NA,NA,NA,NA,NA,NA
"Long-tailed Jaeger",NA,NA,NA,NA,NA,NA,NA,NA,NA,NA,NA,NA,NA,NA,NA,NA,NA,NA,NA,NA,NA,NA,NA,NA,NA,NA,NA,NA,NA,NA,NA,NA,NA
"Parasitic Jaeger",NA,NA,NA,NA,NA,NA,NA,NA,NA,NA,NA,NA,NA,NA,NA,NA,NA,NA,NA,NA,NA,NA,NA,NA,NA,NA,NA,NA,NA,NA,NA,NA,NA
"Pomarine Jaeger",NA,NA,NA,NA,NA,NA,NA,NA,NA,NA,NA,NA,NA,NA,NA,NA,NA,NA,NA,NA,NA,NA,NA,NA,NA,NA,NA,NA,NA,NA,NA,NA,NA
"Brown Skua",NA,NA,NA,NA,NA,NA,NA,NA,NA,NA,NA,NA,NA,NA,NA,NA,NA,NA,NA,NA,NA,NA,NA,NA,NA,NA,NA,NA,NA,NA,NA,NA,NA
"South Polar Skua",NA,NA,NA,NA,NA,NA,NA,NA,NA,NA,NA,NA,NA,NA,NA,NA,NA,NA,NA,NA,NA,NA,NA,NA,NA,NA,NA,NA,NA,NA,NA,NA,NA
"Little Gull",NA,NA,NA,NA,NA,NA,NA,NA,NA,NA,NA,NA,NA,NA,NA,NA,NA,NA,NA,NA,NA,NA,NA,NA,NA,NA,NA,NA,NA,NA,NA,NA,NA
"Black-legged Kittiwake",NA,NA,NA,NA,NA,NA,NA,NA,NA,NA,NA,NA,NA,NA,NA,NA,NA,NA,NA,NA,NA,NA,NA,NA,NA,NA,NA,NA,NA,NA,NA,NA,NA
"Sabine's Gull",NA,NA,NA,NA,NA,NA,NA,NA,NA,NA,NA,NA,NA,NA,NA,NA,NA,NA,NA,NA,NA,NA,NA,NA,NA,NA,NA,NA,NA,NA,NA,NA,NA
"Slender-billed Gull",NA,NA,NA,NA,NA,NA,NA,NA,NA,NA,NA,NA,NA,NA,NA,NA,NA,NA,NA,NA,NA,NA,NA,NA,NA,NA,NA,NA,NA,NA,NA,NA,NA
"Black-headed Gull",-5.62132161482039,-2.67030383562986,0.280713943560671,-6.45190812312071,-3.60963314611803,-0.767358169115349,-5.99125514276394,-3.21731914428689,-0.443383145809839,-5.58807877164875,-3.04364786797069,-0.499216964292636,-5.93877357904477,-3.26617516154044,-0.593576744036112,-5.74573615814318,-3.31805011858801,-0.890364079032835,-5.6561165391209,-3.14961810123589,-0.643119663350877,-5.71713326869751,-3.06856058513945,-0.419987901581388,-6.28792696594458,-3.45021232526777,-0.612497684590954,-6.57761501576416,-3.6627697083288,-0.747924400893444,-7.01226180334061,-4.03091877333784,-1.04957574333507
"Brown-headed Gull",-5.17215786322794,-2.82200667470952,-0.471855486191106,-6.10981048504293,-3.62217178495344,-1.13453308486395,-6.20480158727505,-3.82381639253765,-1.44283119780024,-6.08033335208472,-3.74826947124375,-1.41620559040278,-5.73577314189734,-3.56885950993369,-1.40194587797004,-5.5210266008604,-3.68506283613347,-1.84909907140653,-5.75532968248438,-3.56638575196816,-1.37744182145193,-5.82500448250807,-3.5306045817718,-1.23620468103553,-6.14748188179344,-3.72805975652774,-1.30863763126203,-6.51732002367713,-4.11409421436617,-1.71086840505521,-6.84521384868827,-4.33044443277011,-1.81567501685195
"Laughing Gull",NA,NA,NA,NA,NA,NA,NA,NA,NA,NA,NA,NA,NA,NA,NA,NA,NA,NA,NA,NA,NA,NA,NA,NA,NA,NA,NA,NA,NA,NA,NA,NA,NA
"Franklin's Gull",NA,NA,NA,NA,NA,NA,NA,NA,NA,NA,NA,NA,NA,NA,NA,NA,NA,NA,NA,NA,NA,NA,NA,NA,NA,NA,NA,NA,NA,NA,NA,NA,NA
"Pallas's Gull",-6.99790074349582,-4.79646246137139,-2.59502417924696,-8.88896100735867,-6.59559191825654,-4.30222282915441,-8.61328027685423,-6.37423331712194,-4.13518635738965,-8.35214195168667,-5.95475310003665,-3.55736424838663,-7.78060298606308,-5.76005442285064,-3.73950585963821,-8.30084517055736,-5.93144008320271,-3.56203499584807,-8.25682958391351,-5.89150671086572,-3.52618383781793,-8.18498476691058,-5.80370358347251,-3.42242240003444,-8.59661014316459,-6.16830394593793,-3.73999774871127,-8.31463190779262,-5.743053164262,-3.17147442073138,-8.86463849176823,-6.13201123239701,-3.39938397302579
"Sooty Gull",NA,NA,NA,NA,NA,NA,NA,NA,NA,NA,NA,NA,NA,NA,NA,NA,NA,NA,NA,NA,NA,NA,NA,NA,NA,NA,NA,NA,NA,NA,NA,NA,NA
"White-eyed Gull",NA,NA,NA,NA,NA,NA,NA,NA,NA,NA,NA,NA,NA,NA,NA,NA,NA,NA,NA,NA,NA,NA,NA,NA,NA,NA,NA,NA,NA,NA,NA,NA,NA
"Common Gull",NA,NA,NA,NA,NA,NA,NA,NA,NA,NA,NA,NA,NA,NA,NA,NA,NA,NA,NA,NA,NA,NA,NA,NA,NA,NA,NA,NA,NA,NA,NA,NA,NA
"Caspian Gull",NA,NA,NA,NA,NA,NA,NA,NA,NA,NA,NA,NA,NA,NA,NA,NA,NA,NA,NA,NA,NA,NA,NA,NA,NA,NA,NA,NA,NA,NA,NA,NA,NA
"Mongolian Gull",NA,NA,NA,NA,NA,NA,NA,NA,NA,NA,NA,NA,NA,NA,NA,NA,NA,NA,NA,NA,NA,NA,NA,NA,NA,NA,NA,NA,NA,NA,NA,NA,NA
"Lesser Black-backed Gull",NA,NA,NA,NA,NA,NA,NA,NA,NA,NA,NA,NA,NA,NA,NA,NA,NA,NA,NA,NA,NA,NA,NA,NA,NA,NA,NA,NA,NA,NA,NA,NA,NA
"Indian Skimmer",NA,NA,NA,NA,NA,NA,NA,NA,NA,NA,NA,NA,NA,NA,NA,NA,NA,NA,NA,NA,NA,NA,NA,NA,NA,NA,NA,NA,NA,NA,NA,NA,NA
"Blue-billed White-Tern",NA,NA,NA,NA,NA,NA,NA,NA,NA,NA,NA,NA,NA,NA,NA,NA,NA,NA,NA,NA,NA,NA,NA,NA,NA,NA,NA,NA,NA,NA,NA,NA,NA
"Brown Noddy",NA,NA,NA,NA,NA,NA,NA,NA,NA,NA,NA,NA,NA,NA,NA,NA,NA,NA,NA,NA,NA,NA,NA,NA,NA,NA,NA,NA,NA,NA,NA,NA,NA
"Lesser Noddy",NA,NA,NA,NA,NA,NA,NA,NA,NA,NA,NA,NA,NA,NA,NA,NA,NA,NA,NA,NA,NA,NA,NA,NA,NA,NA,NA,NA,NA,NA,NA,NA,NA
"Black Noddy",NA,NA,NA,NA,NA,NA,NA,NA,NA,NA,NA,NA,NA,NA,NA,NA,NA,NA,NA,NA,NA,NA,NA,NA,NA,NA,NA,NA,NA,NA,NA,NA,NA
"Sooty Tern",NA,NA,NA,NA,NA,NA,NA,NA,NA,NA,NA,NA,NA,NA,NA,NA,NA,NA,NA,NA,NA,NA,NA,NA,NA,NA,NA,NA,NA,NA,NA,NA,NA
"Bridled Tern",NA,NA,NA,NA,NA,NA,NA,NA,NA,NA,NA,NA,NA,NA,NA,NA,NA,NA,NA,NA,NA,NA,NA,NA,NA,NA,NA,NA,NA,NA,NA,NA,NA
"Little Tern",-3.97159538115911,-1.55269585656094,0.866203668037225,-5.88085326623842,-3.10298223710791,-0.325111207977399,-5.4160509314545,-2.7298915813248,-0.0437322311951122,-5.51688095017589,-2.88168387676302,-0.246486803350146,-5.4424579947102,-2.8423473777895,-0.242236760868796,-4.93192922689594,-2.84437525571996,-0.756821284543972,-5.16725899056391,-2.71459500240717,-0.261931014250432,-5.23249832929703,-2.66040036348578,-0.0883023976745265,-5.74784184485059,-3.07547353672996,-0.40310522860933,-6.01897575642779,-3.28013392513971,-0.541292093851621,-6.41413216453677,-3.59939608846639,-0.784660012396015
"Saunders's Tern",NA,NA,NA,NA,NA,NA,NA,NA,NA,NA,NA,NA,NA,NA,NA,NA,NA,NA,NA,NA,NA,NA,NA,NA,NA,NA,NA,NA,NA,NA,NA,NA,NA
"Gull-billed Tern",NA,NA,NA,NA,NA,NA,NA,NA,NA,NA,NA,NA,NA,NA,NA,NA,NA,NA,NA,NA,NA,NA,NA,NA,NA,NA,NA,NA,NA,NA,NA,NA,NA
"Caspian Tern",NA,NA,NA,NA,NA,NA,NA,NA,NA,NA,NA,NA,NA,NA,NA,NA,NA,NA,NA,NA,NA,NA,NA,NA,NA,NA,NA,NA,NA,NA,NA,NA,NA
"Whiskered Tern",-4.16269803162838,-1.18099001251939,1.8007180065896,-4.02713482688931,-1.2964109550829,1.43431291672351,-5.1848682473003,-2.50661410394791,0.17164003940448,-4.62402286046091,-1.84804301309877,0.927936834263371,-4.80804043129952,-2.1245646172739,0.558911196751718,-4.3283421698085,-2.00873199832558,0.310878173157337,-4.8176443221909,-2.02669483105388,0.76425466008314,-4.5208250745656,-1.7906417875666,0.939541499432409,-4.95137618045922,-2.03823764482454,0.874900890810138,-5.25854033009708,-2.25447597578852,0.749588378520037,-5.92571162733777,-3.07414867116557,-0.222585714993371
"Black Tern",NA,NA,NA,NA,NA,NA,NA,NA,NA,NA,NA,NA,NA,NA,NA,NA,NA,NA,NA,NA,NA,NA,NA,NA,NA,NA,NA,NA,NA,NA,NA,NA,NA
"White-winged Tern",NA,NA,NA,NA,NA,NA,NA,NA,NA,NA,NA,NA,NA,NA,NA,NA,NA,NA,NA,NA,NA,NA,NA,NA,NA,NA,NA,NA,NA,NA,NA,NA,NA
"River Tern",-1.61426781740777,0.780567376457535,3.17540257032284,-2.90745440509335,-0.354523862099777,2.1984066808938,-2.82145598816277,-0.621823412769495,1.57780916262378,-1.85452966774275,0.21009178650269,2.27471324074813,-2.53380599156557,-0.225481105481908,2.08284378060176,-2.31688810968172,-0.145828124318609,2.0252318610445,-2.52704846996059,-0.236626757661884,2.05379495463682,-2.21823111509394,0.0728875057968758,2.3640061266877,-2.76133961472798,-0.309913150444849,2.14151331383829,-2.71852357232562,-0.13530667034982,2.44791023162598,-3.21877447744768,-0.549014711467253,2.12074505451317
"Arctic Tern",NA,NA,NA,NA,NA,NA,NA,NA,NA,NA,NA,NA,NA,NA,NA,NA,NA,NA,NA,NA,NA,NA,NA,NA,NA,NA,NA,NA,NA,NA,NA,NA,NA
"Common Tern",NA,NA,NA,NA,NA,NA,NA,NA,NA,NA,NA,NA,NA,NA,NA,NA,NA,NA,NA,NA,NA,NA,NA,NA,NA,NA,NA,NA,NA,NA,NA,NA,NA
"White-cheeked Tern",NA,NA,NA,NA,NA,NA,NA,NA,NA,NA,NA,NA,NA,NA,NA,NA,NA,NA,NA,NA,NA,NA,NA,NA,NA,NA,NA,NA,NA,NA,NA,NA,NA
"Black-naped Tern",NA,NA,NA,NA,NA,NA,NA,NA,NA,NA,NA,NA,NA,NA,NA,NA,NA,NA,NA,NA,NA,NA,NA,NA,NA,NA,NA,NA,NA,NA,NA,NA,NA
"Roseate Tern",NA,NA,NA,NA,NA,NA,NA,NA,NA,NA,NA,NA,NA,NA,NA,NA,NA,NA,NA,NA,NA,NA,NA,NA,NA,NA,NA,NA,NA,NA,NA,NA,NA
"Black-bellied Tern",NA,NA,NA,NA,NA,NA,NA,NA,NA,NA,NA,NA,NA,NA,NA,NA,NA,NA,NA,NA,NA,NA,NA,NA,NA,NA,NA,NA,NA,NA,NA,NA,NA
"Sandwich Tern",NA,NA,NA,NA,NA,NA,NA,NA,NA,NA,NA,NA,NA,NA,NA,NA,NA,NA,NA,NA,NA,NA,NA,NA,NA,NA,NA,NA,NA,NA,NA,NA,NA
"Lesser Crested Tern",NA,NA,NA,NA,NA,NA,NA,NA,NA,NA,NA,NA,NA,NA,NA,NA,NA,NA,NA,NA,NA,NA,NA,NA,NA,NA,NA,NA,NA,NA,NA,NA,NA
"Great Crested Tern",NA,NA,NA,NA,NA,NA,NA,NA,NA,NA,NA,NA,NA,NA,NA,NA,NA,NA,NA,NA,NA,NA,NA,NA,NA,NA,NA,NA,NA,NA,NA,NA,NA
"Greater Flamingo",NA,NA,NA,NA,NA,NA,NA,NA,NA,NA,NA,NA,NA,NA,NA,NA,NA,NA,NA,NA,NA,NA,NA,NA,NA,NA,NA,NA,NA,NA,NA,NA,NA
"Lesser Flamingo",NA,NA,NA,NA,NA,NA,NA,NA,NA,NA,NA,NA,NA,NA,NA,NA,NA,NA,NA,NA,NA,NA,NA,NA,NA,NA,NA,NA,NA,NA,NA,NA,NA
"Little Grebe",-1.59268942522257,-0.758333866854921,0.0760216915127317,-1.79256714658905,-1.03056529601754,-0.268563445446033,-1.39023562612906,-0.712817554390992,-0.0353994826529219,-1.64430820371667,-0.884681702955344,-0.125055202194014,-1.60129745088561,-0.925986063829566,-0.250674676773526,-1.62983997483675,-0.88145280983292,-0.133065644829092,-1.63850756890967,-0.900523929950879,-0.162540290992086,-1.53707913912998,-0.809136071218105,-0.0811930033062291,-1.72740122828658,-0.964240241725228,-0.201079255163871,-1.46217343983093,-0.703077919227274,0.0560176013763816,-1.91129487849077,-1.1111823627125,-0.311069846934223
"Horned Grebe",NA,NA,NA,NA,NA,NA,NA,NA,NA,NA,NA,NA,NA,NA,NA,NA,NA,NA,NA,NA,NA,NA,NA,NA,NA,NA,NA,NA,NA,NA,NA,NA,NA
"Red-necked Grebe",NA,NA,NA,NA,NA,NA,NA,NA,NA,NA,NA,NA,NA,NA,NA,NA,NA,NA,NA,NA,NA,NA,NA,NA,NA,NA,NA,NA,NA,NA,NA,NA,NA
"Great Crested Grebe",NA,NA,NA,NA,NA,NA,NA,NA,NA,NA,NA,NA,NA,NA,NA,NA,NA,NA,NA,NA,NA,NA,NA,NA,NA,NA,NA,NA,NA,NA,NA,NA,NA
"Eared Grebe",NA,NA,NA,NA,NA,NA,NA,NA,NA,NA,NA,NA,NA,NA,NA,NA,NA,NA,NA,NA,NA,NA,NA,NA,NA,NA,NA,NA,NA,NA,NA,NA,NA
"White-tailed Tropicbird",NA,NA,NA,NA,NA,NA,NA,NA,NA,NA,NA,NA,NA,NA,NA,NA,NA,NA,NA,NA,NA,NA,NA,NA,NA,NA,NA,NA,NA,NA,NA,NA,NA
"Red-billed Tropicbird",NA,NA,NA,NA,NA,NA,NA,NA,NA,NA,NA,NA,NA,NA,NA,NA,NA,NA,NA,NA,NA,NA,NA,NA,NA,NA,NA,NA,NA,NA,NA,NA,NA
"Red-tailed Tropicbird",NA,NA,NA,NA,NA,NA,NA,NA,NA,NA,NA,NA,NA,NA,NA,NA,NA,NA,NA,NA,NA,NA,NA,NA,NA,NA,NA,NA,NA,NA,NA,NA,NA
"Red-throated Loon",NA,NA,NA,NA,NA,NA,NA,NA,NA,NA,NA,NA,NA,NA,NA,NA,NA,NA,NA,NA,NA,NA,NA,NA,NA,NA,NA,NA,NA,NA,NA,NA,NA
"Arctic Loon",NA,NA,NA,NA,NA,NA,NA,NA,NA,NA,NA,NA,NA,NA,NA,NA,NA,NA,NA,NA,NA,NA,NA,NA,NA,NA,NA,NA,NA,NA,NA,NA,NA
"Light-mantled Albatross",NA,NA,NA,NA,NA,NA,NA,NA,NA,NA,NA,NA,NA,NA,NA,NA,NA,NA,NA,NA,NA,NA,NA,NA,NA,NA,NA,NA,NA,NA,NA,NA,NA
"Wilson's Storm-Petrel",NA,NA,NA,NA,NA,NA,NA,NA,NA,NA,NA,NA,NA,NA,NA,NA,NA,NA,NA,NA,NA,NA,NA,NA,NA,NA,NA,NA,NA,NA,NA,NA,NA
"White-faced Storm-Petrel",NA,NA,NA,NA,NA,NA,NA,NA,NA,NA,NA,NA,NA,NA,NA,NA,NA,NA,NA,NA,NA,NA,NA,NA,NA,NA,NA,NA,NA,NA,NA,NA,NA
"Black-bellied Storm-Petrel",NA,NA,NA,NA,NA,NA,NA,NA,NA,NA,NA,NA,NA,NA,NA,NA,NA,NA,NA,NA,NA,NA,NA,NA,NA,NA,NA,NA,NA,NA,NA,NA,NA
"Swinhoe's Storm-Petrel",NA,NA,NA,NA,NA,NA,NA,NA,NA,NA,NA,NA,NA,NA,NA,NA,NA,NA,NA,NA,NA,NA,NA,NA,NA,NA,NA,NA,NA,NA,NA,NA,NA
"Barau's Petrel",NA,NA,NA,NA,NA,NA,NA,NA,NA,NA,NA,NA,NA,NA,NA,NA,NA,NA,NA,NA,NA,NA,NA,NA,NA,NA,NA,NA,NA,NA,NA,NA,NA
"Jouanin's Petrel",NA,NA,NA,NA,NA,NA,NA,NA,NA,NA,NA,NA,NA,NA,NA,NA,NA,NA,NA,NA,NA,NA,NA,NA,NA,NA,NA,NA,NA,NA,NA,NA,NA
"Streaked Shearwater",NA,NA,NA,NA,NA,NA,NA,NA,NA,NA,NA,NA,NA,NA,NA,NA,NA,NA,NA,NA,NA,NA,NA,NA,NA,NA,NA,NA,NA,NA,NA,NA,NA
"Cory's Shearwater",NA,NA,NA,NA,NA,NA,NA,NA,NA,NA,NA,NA,NA,NA,NA,NA,NA,NA,NA,NA,NA,NA,NA,NA,NA,NA,NA,NA,NA,NA,NA,NA,NA
"Flesh-footed Shearwater",NA,NA,NA,NA,NA,NA,NA,NA,NA,NA,NA,NA,NA,NA,NA,NA,NA,NA,NA,NA,NA,NA,NA,NA,NA,NA,NA,NA,NA,NA,NA,NA,NA
"Wedge-tailed Shearwater",NA,NA,NA,NA,NA,NA,NA,NA,NA,NA,NA,NA,NA,NA,NA,NA,NA,NA,NA,NA,NA,NA,NA,NA,NA,NA,NA,NA,NA,NA,NA,NA,NA
"Sooty Shearwater",NA,NA,NA,NA,NA,NA,NA,NA,NA,NA,NA,NA,NA,NA,NA,NA,NA,NA,NA,NA,NA,NA,NA,NA,NA,NA,NA,NA,NA,NA,NA,NA,NA
"Short-tailed Shearwater",NA,NA,NA,NA,NA,NA,NA,NA,NA,NA,NA,NA,NA,NA,NA,NA,NA,NA,NA,NA,NA,NA,NA,NA,NA,NA,NA,NA,NA,NA,NA,NA,NA
"Tropical Shearwater",NA,NA,NA,NA,NA,NA,NA,NA,NA,NA,NA,NA,NA,NA,NA,NA,NA,NA,NA,NA,NA,NA,NA,NA,NA,NA,NA,NA,NA,NA,NA,NA,NA
"Persian Shearwater",NA,NA,NA,NA,NA,NA,NA,NA,NA,NA,NA,NA,NA,NA,NA,NA,NA,NA,NA,NA,NA,NA,NA,NA,NA,NA,NA,NA,NA,NA,NA,NA,NA
"Asian Openbill",-9.53397451815504,-5.36776837059444,-1.20156222303384,-7.70337492069409,-4.37548079564869,-1.04758667060329,-9.65994292795327,-6.02411771291608,-2.38829249787889,-9.42106449893854,-5.8919446631141,-2.36282482728966,-8.95464203470861,-5.43203218213421,-1.90942232955982,-8.3003563162296,-5.56038730151198,-2.82041828679436,-9.20496567396162,-5.5397167924767,-1.87446791099178,-9.44435027268953,-5.82426586738548,-2.20418146208144,-9.58816124986647,-5.81730306236736,-2.04644487486825,-9.78527454161459,-5.8301025729327,-1.87493060425081,-9.58678392518826,-5.37877081925501,-1.17075771332177
"African Openbill",NA,NA,NA,NA,NA,NA,NA,NA,NA,NA,NA,NA,NA,NA,NA,NA,NA,NA,NA,NA,NA,NA,NA,NA,NA,NA,NA,NA,NA,NA,NA,NA,NA
"Black Stork",-25.0404952333496,-16.0176892683433,-6.99488330333696,-22.4119091015271,-11.8603023569869,-1.30869561244664,-20.7487634317352,-10.7809955068499,-0.813227581964608,-14.7904698617641,-9.23960939390796,-3.68874892605183,-21.3143879698769,-11.8819510463273,-2.44951412277776,-21.1736304020874,-11.5250119991073,-1.87639359612713,-21.2365728023483,-11.4730681683033,-1.70956353425839,-21.3927370268132,-11.4669069101227,-1.54107679343216,-21.1069445272769,-10.9884097520475,-0.869874976818093,-21.4914844356027,-10.9315826841557,-0.371680932708655,-22.667552249757,-11.4343110493056,-0.201069848854182
"Asian Woolly-necked Stork",-3.63658370475991,-2.09250499390308,-0.548426283046258,-4.3882854937451,-3.57669950012235,-2.7651135064996,-4.37779111565611,-2.73923489905066,-1.10067868244522,-4.05394242702878,-2.568351978016,-1.08276152900322,-4.31534373974932,-2.74698111731651,-1.17861849488371,-4.26811551648344,-2.72527955613868,-1.18244359579392,-4.30515553488852,-2.72936639882337,-1.15357726275822,-4.2904848563958,-2.69382910705801,-1.09717335772022,-4.44180426196286,-2.80948479708734,-1.17716533221181,-4.26230819493203,-2.57321309737952,-0.884117999827009,-4.54525456173489,-2.73385673960909,-0.922458917483288
"White Stork",NA,NA,NA,NA,NA,NA,NA,NA,NA,NA,NA,NA,NA,NA,NA,NA,NA,NA,NA,NA,NA,NA,NA,NA,NA,NA,NA,NA,NA,NA,NA,NA,NA
"Black-necked Stork",NA,NA,NA,NA,NA,NA,NA,NA,NA,NA,NA,NA,NA,NA,NA,NA,NA,NA,NA,NA,NA,NA,NA,NA,NA,NA,NA,NA,NA,NA,NA,NA,NA
"Lesser Adjutant",NA,NA,NA,NA,NA,NA,NA,NA,NA,NA,NA,NA,NA,NA,NA,NA,NA,NA,NA,NA,NA,NA,NA,NA,NA,NA,NA,NA,NA,NA,NA,NA,NA
"Greater Adjutant",NA,NA,NA,NA,NA,NA,NA,NA,NA,NA,NA,NA,NA,NA,NA,NA,NA,NA,NA,NA,NA,NA,NA,NA,NA,NA,NA,NA,NA,NA,NA,NA,NA
"Painted Stork",-1.40129474673695,1.19573213607449,3.79275901888593,-1.95481148602012,0.434302423100961,2.82341633222204,-1.72785174391003,0.263630741514568,2.25511322693917,-0.855310673958879,1.17583459818606,3.206979870331,-1.16880762804581,0.971477408106999,3.11176244425981,-1.30434815916942,0.835738788417133,2.97582573600369,-1.49152823640824,0.787646691994465,3.06682162039717,-1.57347056548708,0.748371468388603,3.07021350226428,-1.74617672975044,0.57986470179079,2.90590613333202,-1.44904632839142,1.03500313207631,3.51905259254404,-1.15136005660339,1.38965945982399,3.93067897625137
"Lesser Frigatebird",NA,NA,NA,NA,NA,NA,NA,NA,NA,NA,NA,NA,NA,NA,NA,NA,NA,NA,NA,NA,NA,NA,NA,NA,NA,NA,NA,NA,NA,NA,NA,NA,NA
"Great Frigatebird",NA,NA,NA,NA,NA,NA,NA,NA,NA,NA,NA,NA,NA,NA,NA,NA,NA,NA,NA,NA,NA,NA,NA,NA,NA,NA,NA,NA,NA,NA,NA,NA,NA
"Christmas Island Frigatebird",NA,NA,NA,NA,NA,NA,NA,NA,NA,NA,NA,NA,NA,NA,NA,NA,NA,NA,NA,NA,NA,NA,NA,NA,NA,NA,NA,NA,NA,NA,NA,NA,NA
"Red-footed Booby",NA,NA,NA,NA,NA,NA,NA,NA,NA,NA,NA,NA,NA,NA,NA,NA,NA,NA,NA,NA,NA,NA,NA,NA,NA,NA,NA,NA,NA,NA,NA,NA,NA
"Brown Booby",NA,NA,NA,NA,NA,NA,NA,NA,NA,NA,NA,NA,NA,NA,NA,NA,NA,NA,NA,NA,NA,NA,NA,NA,NA,NA,NA,NA,NA,NA,NA,NA,NA
"Masked Booby",NA,NA,NA,NA,NA,NA,NA,NA,NA,NA,NA,NA,NA,NA,NA,NA,NA,NA,NA,NA,NA,NA,NA,NA,NA,NA,NA,NA,NA,NA,NA,NA,NA
"Oriental Darter",1.50317542979244,4.27192126685181,7.04066710391117,-0.76340978608329,2.73769727179242,6.23880432966814,-1.27071036218366,1.99772037029194,5.26615110276754,-1.02723072468315,2.19299365771263,5.41321804010842,-0.867026231883873,2.317587218153,5.50220066818988,-0.821830593581915,2.4317756253969,5.68538184437571,-0.255851669321088,2.64760443707725,5.55106054347559,-0.991174663810496,2.30938874375442,5.60995215131933,-0.955702859427315,2.4599994147682,5.87570168896371,-0.87764181545957,2.65567151743056,6.1889848503207,-2.2006714144237,0.780267295347074,3.76120600511785
"Little Cormorant",-1.69028391185682,-0.579644646778349,0.530994618300122,-2.25529074157252,-1.18556236810555,-0.115833994638572,-2.13042087072313,-1.16733606244843,-0.20425125417372,-2.04940961646506,-0.974642019236103,0.100125577992856,-1.84312266702756,-0.862909125692689,0.117304415642178,-1.98146753518792,-0.92641827398816,0.128630987211596,-1.98008586083454,-0.993582697369491,-0.00707953390443779,-1.9532716978727,-0.870933915350578,0.211403867171547,-2.04904971362145,-0.922015063337855,0.205019586945736,-2.1275686601608,-0.955200062543338,0.217168535074124,-1.8707899889412,-0.679603609830628,0.511582769279945
"Great Cormorant",2.55434894629936,4.43907904634636,6.32380914639335,1.61539544585981,3.74593253688722,5.87646962791462,1.3293330853922,3.43059187195718,5.53185065852215,1.34578957758495,3.34300234601241,5.34021511443987,1.44873097261085,3.37374696214091,5.29876295167097,1.51298707470816,3.46145477438992,5.40992247407169,1.72672045664269,3.58432449109918,5.44192852555565,1.69716090494124,3.65226945747967,5.60737801001811,1.29346254214816,3.39913018781605,5.50479783348394,0.956072571045772,3.01226874383501,5.06846491662425,0.635663846347386,2.70695646901133,4.77824909167528
"Indian Cormorant",-1.1098749492193,0.19620296375665,1.5022808767326,-2.98531097484925,-1.16225263381574,0.660805707217779,-2.8561397878858,-1.30736045327519,0.241418881335418,-2.63771963377685,-0.878146139694461,0.881427354387925,-2.56196745248648,-0.854332671182963,0.853302110120557,-2.60935193155206,-0.897187913621287,0.814976104309484,-2.62994749412829,-0.892436631796135,0.845074230536018,-2.30578786599418,-0.693041799940819,0.919704266112541,-2.75234843062423,-0.941233119530147,0.869882191563938,-2.80645514731063,-0.919248160903579,0.96795882550347,-3.30092157376279,-1.47142324833441,0.358075077093966
"Glossy Ibis",-2.29196232061992,0.818187010035427,3.92833634069077,-1.69801920447644,1.00009116857009,3.69820154161661,-2.91627972873027,-0.0372139313712616,2.84185186598774,-2.70201111045759,0.15082817088263,3.00366745222285,-2.65081156430752,0.121223937645986,2.89325943959949,-2.04799256207335,0.188199906479125,2.4243923750316,-2.33335066014434,0.324995233310016,2.98334112676437,-2.63433229548402,0.223493459895536,3.08131921527509,-3.00232649808525,-0.336512063218416,2.32930237164842,-3.30931235041682,-0.490009044002924,2.32929426241097,-2.95213367178824,0.281596444884359,3.51532656155696
"Black-headed Ibis",-1.84427220678873,0.512941306836282,2.87015482046129,-2.18776213871578,0.10450635794241,2.3967748546006,-2.31620324487117,-0.242299780585652,1.83160368369987,-1.74354368851944,0.284603981443584,2.3127516514066,-2.03844384719698,0.0778359587322693,2.19411576466152,-1.78874220194713,0.0808038856869584,1.95034997332104,-1.88148711722576,0.161120412519717,2.2037279422652,-2.10596531397154,0.0417129353859202,2.18939118474338,-2.13676090733484,-0.610392205489449,0.915976496355946,-2.07181235872375,0.217123304903471,2.50605896853069,-2.01163461632922,0.386158012945833,2.78395064222089
"Red-naped Ibis",-4.22413734149639,-0.677775182419388,2.86858697665761,-5.80264602081864,-2.33347990903693,1.13568620274478,-5.48582019020812,-2.39086122745975,0.704097735288634,-5.26292720573777,-1.97868057167843,1.30556606238092,-4.26541794270153,-1.44975375951567,1.36591042367019,-4.67430606937796,-1.71030299492533,1.2537000795273,-5.02657697533162,-1.6681618326193,1.69025331009301,-4.84835549932805,-1.50008933655148,1.84817682622509,-5.27158535361283,-1.75273656870213,1.76611221620857,-5.39632930591006,-1.73209289093501,1.93214352404005,-5.31546517787345,-1.45536781737766,2.40472954311812
"Eurasian Spoonbill",-10.959706590056,-3.78443237497467,3.39084184010663,-11.0328464593092,-4.28243406081775,2.46797833767375,-11.0155695241255,-5.03434225402935,0.946885016066756,-6.71935944316076,-2.60852949566735,1.50230045182606,-10.2594891869078,-4.02125477677042,2.21697963336693,-9.63722628953951,-3.94933301438129,1.73856026077694,-10.2676912708278,-4.0470449698913,2.17360133104524,-10.0981878143301,-3.77497035504743,2.54824710423518,-11.0041406842911,-5.05778052950554,0.888579625280074,-10.4365119952534,-3.66145305206841,3.11360589111656,-10.1156534491763,-3.0442474567334,4.02715853570947
"Eurasian Bittern",NA,NA,NA,NA,NA,NA,NA,NA,NA,NA,NA,NA,NA,NA,NA,NA,NA,NA,NA,NA,NA,NA,NA,NA,NA,NA,NA,NA,NA,NA,NA,NA,NA
"Black Bittern",-5.35313405649406,0.271900736380335,5.89693552925473,-5.21176218725668,0.0965000394271876,5.40476226611105,-5.52625947204302,-2.09714649020056,1.3319664916419,-4.9490105054683,-0.074829831881205,4.79935084170589,-4.45081443435682,-0.0879998891843072,4.27481465598821,-5.26370446264057,-0.420144018555665,4.42341642552924,-5.4544192135061,-0.458253156265489,4.53791290097512,-5.42775602625947,-0.356001237503916,4.71575355125164,-4.85489613749183,0.165877742973903,5.18665162343963,-6.3871879122109,-1.05883331341121,4.26952128538848,-6.38132435959685,-0.638325866570825,5.10467262645521
"Cinnamon Bittern",-7.01663102859657,-2.77154245835628,1.47354611188401,-4.05682457041543,-0.629026815267008,2.79877093988141,-6.44142464929583,-2.77475888151249,0.89190688627086,-6.046495182773,-2.09467569416352,1.85714379444597,-5.91242146768771,-1.99639528613602,1.91963089541567,-5.88763645706324,-1.9765151444671,1.93460616812904,-5.88408656079238,-2.17796661357186,1.52815333364866,-6.03901566258703,-2.49869792541868,1.04161981174967,-5.31107181714708,-1.41848557138466,2.47410067437775,-5.95364696600017,-1.70436218721602,2.54492259156813,-6.0637633510922,-1.57867828403722,2.90640678301777
"Little Bittern",NA,NA,NA,NA,NA,NA,NA,NA,NA,NA,NA,NA,NA,NA,NA,NA,NA,NA,NA,NA,NA,NA,NA,NA,NA,NA,NA,NA,NA,NA,NA,NA,NA
"Yellow Bittern",-9.27912026602799,-2.74421100100212,3.79069826402374,-7.39726859488317,-1.27346878662989,4.85033102162339,-8.12114226411057,-2.06482078599725,3.99150069211607,-4.97916220780971,-0.847505401071999,3.28415140566571,-7.54409171342142,-2.42621203730364,2.69166763881415,-7.21892610130479,-2.02396003502999,3.17100603124481,-7.88235171905937,-2.0522102285311,3.77793126199717,-7.82719303042095,-1.91120587030413,4.00478128981269,-8.10696063032027,-2.01783714402659,4.07128634226708,-8.42349024352456,-2.08547820779773,4.25253382792911,-9.64213417515152,-3.1061154662519,3.42990324264773
"Black-crowned Night Heron",-1.96702390237641,1.37645613457981,4.71993617153603,-2.11607862350617,1.02094961797646,4.15797785945909,-2.05803875102524,0.658986623671233,3.37601199836771,-1.78899887439536,1.13044525774678,4.04988938988892,-1.14584068898326,1.48306111865807,4.1119629262994,-0.956227836473589,1.30112052761385,3.55846889170129,-1.67050308006933,1.22760224485252,4.12570756977437,-1.67871876905699,1.30831334599238,4.29534546104175,-1.16483053839044,1.72492706601864,4.61468467042771,-1.87567711828501,1.31971966866597,4.51511645561694,-1.57435402581097,1.74879686710396,5.07194776001889
"Malayan Night Heron",NA,NA,NA,NA,NA,NA,NA,NA,NA,NA,NA,NA,NA,NA,NA,NA,NA,NA,NA,NA,NA,NA,NA,NA,NA,NA,NA,NA,NA,NA,NA,NA,NA
"Pacific Reef-Heron",NA,NA,NA,NA,NA,NA,NA,NA,NA,NA,NA,NA,NA,NA,NA,NA,NA,NA,NA,NA,NA,NA,NA,NA,NA,NA,NA,NA,NA,NA,NA,NA,NA
"Chinese Egret",NA,NA,NA,NA,NA,NA,NA,NA,NA,NA,NA,NA,NA,NA,NA,NA,NA,NA,NA,NA,NA,NA,NA,NA,NA,NA,NA,NA,NA,NA,NA,NA,NA
"Little Egret",-1.71527822221799,-0.0996776883966997,1.5159228454246,-2.37438077781285,-0.63453509824741,1.10531058131803,-2.48669324627209,-0.810416947791312,0.865859350689466,-2.37823367601269,-0.74031404405856,0.897605587895572,-2.37768897469088,-0.768472333158459,0.840744308373966,-2.11129751061436,-0.750251272275202,0.610794966063953,-2.17927025924422,-0.668504180413575,0.842261898417072,-2.05313999460132,-0.557902018433743,0.937335957733829,-2.58257379460767,-1.03418240069875,0.514208993210171,-2.75840689616344,-1.14305386577546,0.472299164612525,-2.82312560557863,-1.00075687022114,0.821611865136339
"Western Reef-Heron",-6.87856277135468,-3.48561088975238,-0.0926590081500825,-7.86535963603891,-4.45034788336851,-1.03533613069812,-7.71620071474888,-4.42846096417807,-1.14072121360726,-6.81716853471271,-3.97221286831526,-1.12725720191782,-7.56639969058122,-4.5036010939087,-1.44080249723618,-7.28759620688265,-4.39130181847783,-1.49500743007301,-7.1154020136988,-4.20904731613399,-1.30269261856918,-7.13108699474251,-4.08675359676949,-1.04242019879648,-7.61487808349144,-4.31251357085217,-1.01014905821291,-8.35435289588688,-5.27706010771548,-2.19976731954407,-8.71851196027867,-5.30512116265429,-1.89173036502992
"White-eared Night Heron",NA,NA,NA,NA,NA,NA,NA,NA,NA,NA,NA,NA,NA,NA,NA,NA,NA,NA,NA,NA,NA,NA,NA,NA,NA,NA,NA,NA,NA,NA,NA,NA,NA
"Little Heron",-8.62157534069671,-4.11385298363125,0.393869373434213,-5.89925245346103,-1.93906944786346,2.02111355773412,-7.16148295012866,-2.88139787284513,1.39868720443839,-6.83084272831154,-2.79705481958862,1.23673308913431,-7.26441141059084,-3.11625863379925,1.03189414299233,-6.70012373392844,-3.1303871436034,0.439349446721636,-6.65684878792067,-2.87382428933061,0.909200209259447,-6.98587222886117,-2.86228071924528,1.26131079037061,-7.66362190169984,-3.35386890074863,0.95588410020259,-8.32022125890716,-4.26566602521045,-0.211110791513744,-8.0738982488504,-3.29216117735197,1.48957589414647
"Indian Pond-Heron",-2.00943216622987,-1.07153449914569,-0.133636832061515,-1.8760931851315,-0.971509106339147,-0.0669250275467896,-1.89989375142833,-1.11448206061312,-0.329070369797903,-1.82569454770994,-0.992870833007796,-0.160047118305651,-1.57757192421616,-0.880102889051585,-0.182633853887008,-1.66924085370548,-0.945091808425698,-0.220942763145913,-1.78924619033669,-0.975377939829313,-0.161509689321934,-1.7962645778254,-0.943588926034996,-0.0909132742445954,-1.80335674950655,-0.928040144103364,-0.0527235387001805,-1.84695777433479,-0.935297086772087,-0.0236363992093831,-1.46918030524436,-0.620191040631059,0.228798223982239
"Chinese Pond-Heron",NA,NA,NA,NA,NA,NA,NA,NA,NA,NA,NA,NA,NA,NA,NA,NA,NA,NA,NA,NA,NA,NA,NA,NA,NA,NA,NA,NA,NA,NA,NA,NA,NA
"Javan Pond-Heron",NA,NA,NA,NA,NA,NA,NA,NA,NA,NA,NA,NA,NA,NA,NA,NA,NA,NA,NA,NA,NA,NA,NA,NA,NA,NA,NA,NA,NA,NA,NA,NA,NA
"Eastern Cattle-Egret",-4.54826594791608,-3.22697641142108,-1.90568687492608,-4.3130831353673,-2.99335131412905,-1.6736194928908,-4.20422662336886,-2.92442715609485,-1.64462768882084,-4.15863475773008,-2.91937107160772,-1.68010738548536,-3.96453017550644,-2.80547610334645,-1.64642203118647,-3.90544420638122,-2.86418198412861,-1.82291976187599,-4.05441511902645,-2.94350248850177,-1.83258985797709,-4.17804687880639,-2.9588200123349,-1.73959314586341,-3.93436016557303,-2.70121577872892,-1.46807139188481,-3.8214646954814,-2.57745303934639,-1.33344138321138,-3.99401276785636,-2.61593545833325,-1.23785814881013
"Great Egret",-1.45923509845365,-0.245549705488486,0.968135687476674,-2.69289666671279,-1.22474325431104,0.243410158090706,-2.58507286419974,-1.20675841325611,0.171556037687523,-2.44623561098594,-1.01729607279778,0.41164346539039,-2.39417316322882,-0.984556911005011,0.425059341218799,-2.22496801258886,-0.993924611282872,0.237118790023113,-2.42049812012709,-1.03036124056735,0.359775638992379,-2.44539518190368,-1.00740977084704,0.430575640209592,-2.59781956724876,-1.27283713762056,0.0521452920076356,-2.61326387207129,-1.0827594569922,0.447744958086886,-2.28844212646864,-0.712135496636786,0.864171133195066
"Medium Egret",-6.53532907145417,-5.0608013129323,-3.58627355441043,-7.31381366909663,-5.86432894150938,-4.41484421392214,-7.07549342380873,-5.58582963406604,-4.09616584432335,-6.92803117727314,-5.48782557410363,-4.04761997093412,-6.83367229661207,-5.66712755970983,-4.50058282280759,-6.97208995323978,-5.53787210202987,-4.10365425081997,-6.87303790963489,-5.63855502068478,-4.40407213173467,-6.99625042308458,-5.5223100891698,-4.04836975525503,-7.06035088634099,-5.5441740059433,-4.02799712554561,-7.06211813364919,-5.48761656943901,-3.91311500522883,-7.16171440831488,-5.49432040954633,-3.82692641077778
"Gray Heron",-4.04641547842971,-2.60654129040333,-1.16666710237695,-4.74841598739515,-3.35799927619518,-1.96758256499521,-4.51088984731559,-3.08764200050849,-1.6643941537014,-4.0610983510651,-2.85837850002684,-1.65565864898858,-4.43215161703405,-3.09633803930396,-1.76052446157387,-4.18865606434112,-3.05345973950364,-1.91826341466615,-4.43633542937006,-3.0831673480088,-1.72999926664754,-4.33916985172315,-2.97266680718565,-1.60616376264814,-4.60792527909182,-3.26447939702851,-1.92103351496519,-4.38994157451851,-2.9187094648126,-1.44747735510669,-4.81883675678684,-3.27131468034372,-1.7237926039006
"Purple Heron",-1.20990267549638,0.75416900332641,2.7182406821492,-3.22754789220577,-0.720585073220281,1.78637774576521,-3.13899373490114,-0.780088527746978,1.57881667940718,-2.97236948153268,-0.6503979740289,1.67157353347488,-2.83264738146196,-0.596868698237732,1.6389099849865,-2.73555931774984,-0.497494774143973,1.74056976946189,-2.83515135303001,-0.601361569345803,1.63242821433841,-2.97865911214903,-0.631412515979309,1.71583408019041,-3.16252552419247,-0.905464564194975,1.35159639580252,-3.03637815536609,-0.472253829021928,2.09187049732223,-2.67610400263258,-0.0446624305320499,2.58677914156848
"White-bellied Heron",NA,NA,NA,NA,NA,NA,NA,NA,NA,NA,NA,NA,NA,NA,NA,NA,NA,NA,NA,NA,NA,NA,NA,NA,NA,NA,NA,NA,NA,NA,NA,NA,NA
"Goliath Heron",NA,NA,NA,NA,NA,NA,NA,NA,NA,NA,NA,NA,NA,NA,NA,NA,NA,NA,NA,NA,NA,NA,NA,NA,NA,NA,NA,NA,NA,NA,NA,NA,NA
"Great White Pelican",NA,NA,NA,NA,NA,NA,NA,NA,NA,NA,NA,NA,NA,NA,NA,NA,NA,NA,NA,NA,NA,NA,NA,NA,NA,NA,NA,NA,NA,NA,NA,NA,NA
"Spot-billed Pelican",NA,NA,NA,NA,NA,NA,NA,NA,NA,NA,NA,NA,NA,NA,NA,NA,NA,NA,NA,NA,NA,NA,NA,NA,NA,NA,NA,NA,NA,NA,NA,NA,NA
"Dalmatian Pelican",NA,NA,NA,NA,NA,NA,NA,NA,NA,NA,NA,NA,NA,NA,NA,NA,NA,NA,NA,NA,NA,NA,NA,NA,NA,NA,NA,NA,NA,NA,NA,NA,NA
"Osprey",-10.0344616807915,-8.09117774510416,-6.14789380941677,-8.16622421562054,-6.356166557465,-4.54610889930946,-8.96937462394312,-6.8691809414324,-4.76898725892168,-9.26159646030869,-7.12511738358098,-4.98863830685327,-9.19961030033139,-7.24077915076716,-5.28194800120293,-9.2006636639306,-7.11850306784192,-5.03634247175323,-9.2583654139692,-7.1425587823374,-5.02675215070561,-9.02057528281705,-6.94649097788552,-4.87240667295399,-9.45694012403447,-7.25685936664201,-5.05677860924955,-9.23360353361477,-6.94090277830236,-4.64820202298995,-9.76800224865712,-7.34546525334174,-4.92292825802636
"Black-winged Kite",-3.31323590379691,-2.23393055805691,-1.15462521231692,-3.23656696811996,-2.28744324885743,-1.33831952959491,-2.89193315935154,-1.90301418697964,-0.914095214607732,-2.89644045493477,-1.93864230011975,-0.980844145304742,-3.00496549511851,-2.04125073767485,-1.0775359802312,-2.8868801383758,-2.01427989946258,-1.14167966054937,-2.90019734176967,-2.09539977222394,-1.29060220267822,-2.90302556901257,-1.93925504110854,-0.975484513204505,-3.01716033135463,-1.99386669983863,-0.970573068322623,-2.88902418683119,-1.85841437384342,-0.827804560855657,-2.98802808110524,-1.87680936438846,-0.765590647671684
"Bearded Vulture",NA,NA,NA,NA,NA,NA,NA,NA,NA,NA,NA,NA,NA,NA,NA,NA,NA,NA,NA,NA,NA,NA,NA,NA,NA,NA,NA,NA,NA,NA,NA,NA,NA
"Egyptian Vulture",NA,NA,NA,NA,NA,NA,NA,NA,NA,NA,NA,NA,NA,NA,NA,NA,NA,NA,NA,NA,NA,NA,NA,NA,NA,NA,NA,NA,NA,NA,NA,NA,NA
"Jerdon's Baza",NA,NA,NA,NA,NA,NA,NA,NA,NA,NA,NA,NA,NA,NA,NA,NA,NA,NA,NA,NA,NA,NA,NA,NA,NA,NA,NA,NA,NA,NA,NA,NA,NA
"Black Baza",NA,NA,NA,NA,NA,NA,NA,NA,NA,NA,NA,NA,NA,NA,NA,NA,NA,NA,NA,NA,NA,NA,NA,NA,NA,NA,NA,NA,NA,NA,NA,NA,NA
"European Honey-buzzard",NA,NA,NA,NA,NA,NA,NA,NA,NA,NA,NA,NA,NA,NA,NA,NA,NA,NA,NA,NA,NA,NA,NA,NA,NA,NA,NA,NA,NA,NA,NA,NA,NA
"Oriental Honey-buzzard",-5.56834803588861,-3.07808954490046,-0.5878310539123,-5.28038902715203,-2.94990731509404,-0.619425603036043,-5.56732660663719,-3.36553719221495,-1.16374777779271,-5.38035096105619,-3.16156232553681,-0.942773690017437,-5.16021446997642,-3.29967590817978,-1.43913734638314,-5.15876194092746,-3.14774584214249,-1.13672974335751,-5.15247442338426,-3.31239929411239,-1.47232416484051,-5.38147582611618,-3.14589060018034,-0.910305374244505,-5.2952388811189,-3.02178733647241,-0.748335791825921,-4.92841918357338,-2.69294673618239,-0.457474288791394,-5.89383807419636,-3.39227114212314,-0.89070421004992
"Red-headed Vulture",NA,NA,NA,NA,NA,NA,NA,NA,NA,NA,NA,NA,NA,NA,NA,NA,NA,NA,NA,NA,NA,NA,NA,NA,NA,NA,NA,NA,NA,NA,NA,NA,NA
"Cinereous Vulture",NA,NA,NA,NA,NA,NA,NA,NA,NA,NA,NA,NA,NA,NA,NA,NA,NA,NA,NA,NA,NA,NA,NA,NA,NA,NA,NA,NA,NA,NA,NA,NA,NA
"Himalayan Griffon",NA,NA,NA,NA,NA,NA,NA,NA,NA,NA,NA,NA,NA,NA,NA,NA,NA,NA,NA,NA,NA,NA,NA,NA,NA,NA,NA,NA,NA,NA,NA,NA,NA
"White-rumped Vulture",NA,NA,NA,NA,NA,NA,NA,NA,NA,NA,NA,NA,NA,NA,NA,NA,NA,NA,NA,NA,NA,NA,NA,NA,NA,NA,NA,NA,NA,NA,NA,NA,NA
"Indian Vulture",NA,NA,NA,NA,NA,NA,NA,NA,NA,NA,NA,NA,NA,NA,NA,NA,NA,NA,NA,NA,NA,NA,NA,NA,NA,NA,NA,NA,NA,NA,NA,NA,NA
"Slender-billed Vulture",NA,NA,NA,NA,NA,NA,NA,NA,NA,NA,NA,NA,NA,NA,NA,NA,NA,NA,NA,NA,NA,NA,NA,NA,NA,NA,NA,NA,NA,NA,NA,NA,NA
"Eurasian Griffon",NA,NA,NA,NA,NA,NA,NA,NA,NA,NA,NA,NA,NA,NA,NA,NA,NA,NA,NA,NA,NA,NA,NA,NA,NA,NA,NA,NA,NA,NA,NA,NA,NA
"Nicobar Serpent-Eagle",NA,NA,NA,NA,NA,NA,NA,NA,NA,NA,NA,NA,NA,NA,NA,NA,NA,NA,NA,NA,NA,NA,NA,NA,NA,NA,NA,NA,NA,NA,NA,NA,NA
"Crested Serpent-Eagle",-5.18317749639076,-2.96834221704754,-0.753506937704326,-5.36853995352859,-3.23430233570842,-1.10006471788826,-5.32299813573948,-3.2664277320899,-1.20985732844031,-4.97376884097572,-3.11065671376031,-1.2475445865449,-4.48935026702124,-3.57291647314713,-2.65648267927302,-5.28672828401903,-3.32099645785393,-1.35526463168883,-5.3274933011828,-3.36084471795147,-1.39419613472014,-5.34313946032846,-3.32405763903329,-1.30497581773811,-5.40000723604637,-3.32570055400965,-1.25139387197293,-5.47493711486566,-3.31550277994846,-1.15606844503127,-5.9058015955855,-3.67719106014777,-1.44858052471005
"Andaman Serpent-Eagle",NA,NA,NA,NA,NA,NA,NA,NA,NA,NA,NA,NA,NA,NA,NA,NA,NA,NA,NA,NA,NA,NA,NA,NA,NA,NA,NA,NA,NA,NA,NA,NA,NA
"Short-toed Snake-Eagle",-6.65683128643485,-4.79989381981176,-2.94295635318868,-5.8532087721625,-3.80011252844079,-1.74701628471908,-6.11689306905496,-4.12177735300756,-2.12666163696015,-5.71309755301593,-3.83939839284229,-1.96569923266865,-5.96492613254925,-4.04957819868115,-2.13423026481304,-5.87057529371546,-4.00691493752124,-2.14325458132702,-5.74749302870433,-4.16495615881216,-2.58241928892,-5.90246751175014,-3.9337060660332,-1.96494462031626,-6.09774405770196,-4.06375850600279,-2.02977295430363,-5.61550297057527,-3.61287082540581,-1.61023868023635,-5.87852140329858,-3.68277420486774,-1.4870270064369
"Legge's Hawk-Eagle",NA,NA,NA,NA,NA,NA,NA,NA,NA,NA,NA,NA,NA,NA,NA,NA,NA,NA,NA,NA,NA,NA,NA,NA,NA,NA,NA,NA,NA,NA,NA,NA,NA
"Mountain Hawk-Eagle",NA,NA,NA,NA,NA,NA,NA,NA,NA,NA,NA,NA,NA,NA,NA,NA,NA,NA,NA,NA,NA,NA,NA,NA,NA,NA,NA,NA,NA,NA,NA,NA,NA
"Changeable Hawk-Eagle",-6.62377337551043,-3.92995489856616,-1.2361364216219,-7.47070725662397,-5.32849382397712,-3.18628039133028,-7.08800163864311,-4.57725548586615,-2.0665093330892,-5.84766728934928,-3.98162433325278,-2.11558137715629,-6.83858119490754,-4.56168016408944,-2.28477913327134,-6.82609978561135,-4.43538476580035,-2.04466974598935,-6.87536774250942,-4.53349200028661,-2.19161625806379,-6.89909025370654,-4.42234256495601,-1.94559487620548,-6.74807135680719,-4.24344474551956,-1.73881813423193,-6.84522234502001,-4.22342917921579,-1.60163601341156,-7.36972668316665,-4.57181237825375,-1.77389807334084
"Rufous-bellied Eagle",NA,NA,NA,NA,NA,NA,NA,NA,NA,NA,NA,NA,NA,NA,NA,NA,NA,NA,NA,NA,NA,NA,NA,NA,NA,NA,NA,NA,NA,NA,NA,NA,NA
"Black Eagle",-9.47829352091123,-7.04569429190249,-4.61309506289374,-9.31663007607108,-6.92367438346939,-4.53071869086771,-8.84761838812118,-6.49700253071958,-4.14638667331799,-8.11305949391424,-6.21566480814684,-4.31827012237944,-8.90125734664673,-6.59445889087529,-4.28766043510386,-8.87952471838304,-6.58024196463638,-4.28095921088972,-8.92696824367699,-6.62402155495874,-4.3210748662405,-8.54649679989536,-6.3374134197038,-4.12833003951223,-8.87593328521987,-6.4542577385015,-4.03258219178312,-8.69260708083012,-6.23687766123132,-3.78114824163252,-9.75676356115645,-7.19541939235846,-4.63407522356047
"Indian Spotted Eagle",NA,NA,NA,NA,NA,NA,NA,NA,NA,NA,NA,NA,NA,NA,NA,NA,NA,NA,NA,NA,NA,NA,NA,NA,NA,NA,NA,NA,NA,NA,NA,NA,NA
"Greater Spotted Eagle",NA,NA,NA,NA,NA,NA,NA,NA,NA,NA,NA,NA,NA,NA,NA,NA,NA,NA,NA,NA,NA,NA,NA,NA,NA,NA,NA,NA,NA,NA,NA,NA,NA
"Booted Eagle",-1.62890575561286,2.06794360042284,5.76479295645854,-0.962727714820193,2.59822626498287,6.15918024478593,-1.23544643376058,2.14155057529781,5.5185475843562,-0.997169169796645,2.36250593133746,5.72218103247157,-0.782847483393975,2.49923152218988,5.78131052777374,-0.829202381248053,2.45914113703299,5.74748465531403,0.0581238017810154,2.06013452901545,4.06214525624989,-0.932692549428016,2.46167279471828,5.85603813886458,-0.906209074279414,2.57435491279422,6.05491889986786,-0.361925343228894,3.08343037147341,6.52878608617571,-1.12147501516444,2.7071796641062,6.53583434337684
"Steppe Eagle",NA,NA,NA,NA,NA,NA,NA,NA,NA,NA,NA,NA,NA,NA,NA,NA,NA,NA,NA,NA,NA,NA,NA,NA,NA,NA,NA,NA,NA,NA,NA,NA,NA
"Imperial Eagle",NA,NA,NA,NA,NA,NA,NA,NA,NA,NA,NA,NA,NA,NA,NA,NA,NA,NA,NA,NA,NA,NA,NA,NA,NA,NA,NA,NA,NA,NA,NA,NA,NA
"Tawny Eagle",NA,NA,NA,NA,NA,NA,NA,NA,NA,NA,NA,NA,NA,NA,NA,NA,NA,NA,NA,NA,NA,NA,NA,NA,NA,NA,NA,NA,NA,NA,NA,NA,NA
"Golden Eagle",NA,NA,NA,NA,NA,NA,NA,NA,NA,NA,NA,NA,NA,NA,NA,NA,NA,NA,NA,NA,NA,NA,NA,NA,NA,NA,NA,NA,NA,NA,NA,NA,NA
"Bonelli's Eagle",-7.45223577505713,-5.55792639672204,-3.66361701838696,-6.43054562326794,-4.20800824252778,-1.98547086178762,-6.40997606733739,-4.26846175740302,-2.12694744746866,-5.97002751101944,-4.16952767126389,-2.36902783150834,-6.64621700775914,-4.60888044039686,-2.57154387303457,-6.65274904650167,-4.51436072913305,-2.37597241176442,-6.66871984729013,-4.50710930735719,-2.34549876742425,-6.47587097915336,-4.35246678402426,-2.22906258889515,-6.64879250313251,-4.40431400323268,-2.15983550333285,-6.86180660606866,-4.51008648998664,-2.15836637390462,-7.25740163510042,-4.79654562539055,-2.33568961568069
"Crested Goshawk",NA,NA,NA,NA,NA,NA,NA,NA,NA,NA,NA,NA,NA,NA,NA,NA,NA,NA,NA,NA,NA,NA,NA,NA,NA,NA,NA,NA,NA,NA,NA,NA,NA
"Besra",NA,NA,NA,NA,NA,NA,NA,NA,NA,NA,NA,NA,NA,NA,NA,NA,NA,NA,NA,NA,NA,NA,NA,NA,NA,NA,NA,NA,NA,NA,NA,NA,NA
"Japanese Sparrowhawk",NA,NA,NA,NA,NA,NA,NA,NA,NA,NA,NA,NA,NA,NA,NA,NA,NA,NA,NA,NA,NA,NA,NA,NA,NA,NA,NA,NA,NA,NA,NA,NA,NA
"Shikra",-2.05022780657005,-0.186648688377646,1.67693042981476,-2.65661889692117,-0.788585606718608,1.07944768348395,-2.45438393335424,-0.642345544469916,1.16969284441441,-2.0319796482899,-0.437551628611359,1.15687639106718,-2.09692055361419,-0.836027024134691,0.424866505344812,-2.32330197988682,-0.663835586895548,0.995630806095726,-2.43395452821465,-0.71245224270534,1.00905004280397,-2.44592791450933,-0.67099442414342,1.1039390662225,-2.42070572172974,-0.602342997284688,1.21601972716036,-2.41268634759517,-0.528091484397619,1.35650337879993,-3.06815974136263,-1.229305576191,0.609548588980643
"Nicobar Sparrowhawk",NA,NA,NA,NA,NA,NA,NA,NA,NA,NA,NA,NA,NA,NA,NA,NA,NA,NA,NA,NA,NA,NA,NA,NA,NA,NA,NA,NA,NA,NA,NA,NA,NA
"Levant Sparrowhawk",NA,NA,NA,NA,NA,NA,NA,NA,NA,NA,NA,NA,NA,NA,NA,NA,NA,NA,NA,NA,NA,NA,NA,NA,NA,NA,NA,NA,NA,NA,NA,NA,NA
"Chinese Sparrowhawk",NA,NA,NA,NA,NA,NA,NA,NA,NA,NA,NA,NA,NA,NA,NA,NA,NA,NA,NA,NA,NA,NA,NA,NA,NA,NA,NA,NA,NA,NA,NA,NA,NA
"Eurasian Sparrowhawk",-5.41161596920031,-1.77982491292057,1.85196614335918,-6.04729733048689,-2.52430136222416,0.998694606038558,-5.98926729590908,-2.62386583022426,0.741535635460566,-5.85397215800984,-2.78398797518556,0.285996207638717,-5.71805108088324,-2.46700575294768,0.784039574987869,-4.77695252230074,-2.41998387654,-0.0630152307792689,-5.67998668453822,-2.39765055342113,0.884685577695963,-5.73921252543215,-2.40284860965967,0.933515306112822,-5.58651814969865,-2.19452526369254,1.19746762231358,-4.80833490132854,-1.57027507597295,1.66778474938263,-6.96691619542017,-3.45339271575963,0.060130763900907
"Eurasian Goshawk",NA,NA,NA,NA,NA,NA,NA,NA,NA,NA,NA,NA,NA,NA,NA,NA,NA,NA,NA,NA,NA,NA,NA,NA,NA,NA,NA,NA,NA,NA,NA,NA,NA
"Western Marsh Harrier",-3.78585161304864,-2.0542742597211,-0.322696906393566,-3.773303858962,-2.16751374917942,-0.561723639396837,-3.56178125934494,-1.96943860976722,-0.377095960189503,-3.56988224504534,-2.02451013986619,-0.479138034687041,-3.13869893797027,-1.85441525211831,-0.570131566266361,-3.49004728216914,-1.96822282642176,-0.446398370674374,-3.42668520916721,-2.08062843593414,-0.734571662701073,-3.55268275879062,-1.98580036050686,-0.418917962223099,-3.24092135392009,-1.73140392996257,-0.221886506005048,-3.13463030162235,-1.59588791827519,-0.0571455349280365,-3.96814833640742,-2.23620865119364,-0.504268965979867
"Eastern Marsh Harrier",NA,NA,NA,NA,NA,NA,NA,NA,NA,NA,NA,NA,NA,NA,NA,NA,NA,NA,NA,NA,NA,NA,NA,NA,NA,NA,NA,NA,NA,NA,NA,NA,NA
"Hen Harrier",NA,NA,NA,NA,NA,NA,NA,NA,NA,NA,NA,NA,NA,NA,NA,NA,NA,NA,NA,NA,NA,NA,NA,NA,NA,NA,NA,NA,NA,NA,NA,NA,NA
"Pallid Harrier",-8.12843184200836,-6.00078593292824,-3.87314002384812,-8.240557669864,-6.30033798928177,-4.36011830869955,-7.77148508453245,-5.84806680070876,-3.92464851688508,-7.74075800034539,-5.86398899373427,-3.98721998712314,-7.85583574386857,-6.05409012964901,-4.25234451542946,-7.59848406399806,-5.97150906419769,-4.34453406439733,-7.86607620503831,-6.04474215243084,-4.22340809982337,-7.8470179548524,-5.92434795360524,-4.00167795235807,-7.52499685176085,-5.66723371469268,-3.80947057762451,-7.29886567526746,-5.44198026746865,-3.58509485966984,-8.58018049876879,-6.55471458251123,-4.52924866625368
"Pied Harrier",NA,NA,NA,NA,NA,NA,NA,NA,NA,NA,NA,NA,NA,NA,NA,NA,NA,NA,NA,NA,NA,NA,NA,NA,NA,NA,NA,NA,NA,NA,NA,NA,NA
"Montagu's Harrier",-9.28047954403457,-6.71389570862827,-4.14731187322196,-7.85544346227795,-4.99565565786194,-2.13586785344594,-7.95107596905914,-5.17277633875891,-2.39447670845868,-8.10690373192624,-5.34179810663758,-2.57669248134891,-8.09466721321216,-5.38518928751037,-2.67571136180858,-8.09814500171937,-5.45761306920629,-2.81708113669321,-8.2345284931585,-5.56409973381506,-2.89367097447162,-8.33324708811686,-5.51986075442292,-2.70647442072897,-7.60977774451247,-4.95730878714773,-2.30483982978298,-7.67029861856389,-4.85042722595573,-2.03055583334757,-9.30888973040408,-6.39248676271127,-3.47608379501846
"Red Kite",NA,NA,NA,NA,NA,NA,NA,NA,NA,NA,NA,NA,NA,NA,NA,NA,NA,NA,NA,NA,NA,NA,NA,NA,NA,NA,NA,NA,NA,NA,NA,NA,NA
"Black Kite",-1.06762982762967,0.627983465287916,2.3235967582055,-0.858818527469055,0.789256875338912,2.43733227814688,-0.61542306061147,0.972704591496795,2.56083224360506,-0.711594804920099,0.727400747994004,2.16639630090811,-0.529219393012244,0.945844632628836,2.42090865826992,-0.567161583254439,0.888242334162683,2.34364625157981,-0.669810227537793,0.834090625062347,2.33799147766249,-0.727011158375044,0.735788705681793,2.19858856973863,-0.544586459049438,1.04163568615747,2.62785783136438,-0.0729312024092115,1.36781736464189,2.80856593169298,-0.89393618205312,0.894373465315445,2.68268311268401
"Brahminy Kite",-0.518423287409982,1.60986687547474,3.73815703835946,-3.99546486246106,-0.441402509942542,3.11265984257598,-4.14316336499142,-1.18485555940071,1.77345224619,-3.88178304282965,-0.57781744338983,2.72614815604999,-3.78687860257323,-0.506875985164018,2.7731266322452,-3.45200833486657,-0.476272141219943,2.49946405242668,-3.75748140553734,-0.470781585845722,2.8159182338459,-3.74204879185594,-0.413061492747599,2.91592580636074,-3.82440155774404,-0.399002107840909,3.02639734206222,-4.34634667323204,-0.837402769790185,2.67154113365167,-4.9224857849723,-1.38474216789327,2.15300144918576
"White-tailed Eagle",NA,NA,NA,NA,NA,NA,NA,NA,NA,NA,NA,NA,NA,NA,NA,NA,NA,NA,NA,NA,NA,NA,NA,NA,NA,NA,NA,NA,NA,NA,NA,NA,NA
"Pallas's Fish-Eagle",NA,NA,NA,NA,NA,NA,NA,NA,NA,NA,NA,NA,NA,NA,NA,NA,NA,NA,NA,NA,NA,NA,NA,NA,NA,NA,NA,NA,NA,NA,NA,NA,NA
"White-bellied Sea-Eagle",NA,NA,NA,NA,NA,NA,NA,NA,NA,NA,NA,NA,NA,NA,NA,NA,NA,NA,NA,NA,NA,NA,NA,NA,NA,NA,NA,NA,NA,NA,NA,NA,NA
"Lesser Fish-Eagle",NA,NA,NA,NA,NA,NA,NA,NA,NA,NA,NA,NA,NA,NA,NA,NA,NA,NA,NA,NA,NA,NA,NA,NA,NA,NA,NA,NA,NA,NA,NA,NA,NA
"Gray-headed Fish-Eagle",NA,NA,NA,NA,NA,NA,NA,NA,NA,NA,NA,NA,NA,NA,NA,NA,NA,NA,NA,NA,NA,NA,NA,NA,NA,NA,NA,NA,NA,NA,NA,NA,NA
"Rufous-winged Buzzard",NA,NA,NA,NA,NA,NA,NA,NA,NA,NA,NA,NA,NA,NA,NA,NA,NA,NA,NA,NA,NA,NA,NA,NA,NA,NA,NA,NA,NA,NA,NA,NA,NA
"White-eyed Buzzard",-5.20409624188889,-2.42283135458902,0.358433532710847,-6.04271447889053,-3.49790190165176,-0.953089324412989,-5.28129276211373,-2.72860863484773,-0.175924507581718,-5.20518965974239,-2.75892825139155,-0.312666843040712,-5.19177428127955,-3.16361481083857,-1.13545534039759,-5.41432714144379,-2.95462033709755,-0.494913532751321,-5.35860805929528,-3.10565367320093,-0.852699287106583,-5.53237488904793,-2.9868015494986,-0.44122820994927,-5.67998252676029,-3.07659468983673,-0.47320685291317,-4.69379368501227,-2.26103700305961,0.171719678893048,-6.28275840480967,-3.49748912330893,-0.712219841808183
"Gray-faced Buzzard",NA,NA,NA,NA,NA,NA,NA,NA,NA,NA,NA,NA,NA,NA,NA,NA,NA,NA,NA,NA,NA,NA,NA,NA,NA,NA,NA,NA,NA,NA,NA,NA,NA
"Rough-legged Hawk",NA,NA,NA,NA,NA,NA,NA,NA,NA,NA,NA,NA,NA,NA,NA,NA,NA,NA,NA,NA,NA,NA,NA,NA,NA,NA,NA,NA,NA,NA,NA,NA,NA
"Common Buzzard",NA,NA,NA,NA,NA,NA,NA,NA,NA,NA,NA,NA,NA,NA,NA,NA,NA,NA,NA,NA,NA,NA,NA,NA,NA,NA,NA,NA,NA,NA,NA,NA,NA
"Long-legged Buzzard",NA,NA,NA,NA,NA,NA,NA,NA,NA,NA,NA,NA,NA,NA,NA,NA,NA,NA,NA,NA,NA,NA,NA,NA,NA,NA,NA,NA,NA,NA,NA,NA,NA
"Upland Buzzard",NA,NA,NA,NA,NA,NA,NA,NA,NA,NA,NA,NA,NA,NA,NA,NA,NA,NA,NA,NA,NA,NA,NA,NA,NA,NA,NA,NA,NA,NA,NA,NA,NA
"Himalayan Buzzard",NA,NA,NA,NA,NA,NA,NA,NA,NA,NA,NA,NA,NA,NA,NA,NA,NA,NA,NA,NA,NA,NA,NA,NA,NA,NA,NA,NA,NA,NA,NA,NA,NA
"Australasian Grass-Owl",NA,NA,NA,NA,NA,NA,NA,NA,NA,NA,NA,NA,NA,NA,NA,NA,NA,NA,NA,NA,NA,NA,NA,NA,NA,NA,NA,NA,NA,NA,NA,NA,NA
"Eastern Barn Owl",NA,NA,NA,NA,NA,NA,NA,NA,NA,NA,NA,NA,NA,NA,NA,NA,NA,NA,NA,NA,NA,NA,NA,NA,NA,NA,NA,NA,NA,NA,NA,NA,NA
"Andaman Masked-Owl",NA,NA,NA,NA,NA,NA,NA,NA,NA,NA,NA,NA,NA,NA,NA,NA,NA,NA,NA,NA,NA,NA,NA,NA,NA,NA,NA,NA,NA,NA,NA,NA,NA
"Oriental Bay-Owl",NA,NA,NA,NA,NA,NA,NA,NA,NA,NA,NA,NA,NA,NA,NA,NA,NA,NA,NA,NA,NA,NA,NA,NA,NA,NA,NA,NA,NA,NA,NA,NA,NA
"Sri Lanka Bay-Owl",NA,NA,NA,NA,NA,NA,NA,NA,NA,NA,NA,NA,NA,NA,NA,NA,NA,NA,NA,NA,NA,NA,NA,NA,NA,NA,NA,NA,NA,NA,NA,NA,NA
"Andaman Scops-Owl",NA,NA,NA,NA,NA,NA,NA,NA,NA,NA,NA,NA,NA,NA,NA,NA,NA,NA,NA,NA,NA,NA,NA,NA,NA,NA,NA,NA,NA,NA,NA,NA,NA
"Mountain Scops-Owl",NA,NA,NA,NA,NA,NA,NA,NA,NA,NA,NA,NA,NA,NA,NA,NA,NA,NA,NA,NA,NA,NA,NA,NA,NA,NA,NA,NA,NA,NA,NA,NA,NA
"Indian Scops-Owl",NA,NA,NA,NA,NA,NA,NA,NA,NA,NA,NA,NA,NA,NA,NA,NA,NA,NA,NA,NA,NA,NA,NA,NA,NA,NA,NA,NA,NA,NA,NA,NA,NA
"Collared Scops-Owl",NA,NA,NA,NA,NA,NA,NA,NA,NA,NA,NA,NA,NA,NA,NA,NA,NA,NA,NA,NA,NA,NA,NA,NA,NA,NA,NA,NA,NA,NA,NA,NA,NA
"Nicobar Scops-Owl",NA,NA,NA,NA,NA,NA,NA,NA,NA,NA,NA,NA,NA,NA,NA,NA,NA,NA,NA,NA,NA,NA,NA,NA,NA,NA,NA,NA,NA,NA,NA,NA,NA
"Eurasian Scops-Owl",NA,NA,NA,NA,NA,NA,NA,NA,NA,NA,NA,NA,NA,NA,NA,NA,NA,NA,NA,NA,NA,NA,NA,NA,NA,NA,NA,NA,NA,NA,NA,NA,NA
"Pallid Scops-Owl",NA,NA,NA,NA,NA,NA,NA,NA,NA,NA,NA,NA,NA,NA,NA,NA,NA,NA,NA,NA,NA,NA,NA,NA,NA,NA,NA,NA,NA,NA,NA,NA,NA
"Oriental Scops-Owl",NA,NA,NA,NA,NA,NA,NA,NA,NA,NA,NA,NA,NA,NA,NA,NA,NA,NA,NA,NA,NA,NA,NA,NA,NA,NA,NA,NA,NA,NA,NA,NA,NA
"Rock Eagle-Owl",NA,NA,NA,NA,NA,NA,NA,NA,NA,NA,NA,NA,NA,NA,NA,NA,NA,NA,NA,NA,NA,NA,NA,NA,NA,NA,NA,NA,NA,NA,NA,NA,NA
"Eurasian Eagle-Owl",NA,NA,NA,NA,NA,NA,NA,NA,NA,NA,NA,NA,NA,NA,NA,NA,NA,NA,NA,NA,NA,NA,NA,NA,NA,NA,NA,NA,NA,NA,NA,NA,NA
"Buffy Fish-Owl",NA,NA,NA,NA,NA,NA,NA,NA,NA,NA,NA,NA,NA,NA,NA,NA,NA,NA,NA,NA,NA,NA,NA,NA,NA,NA,NA,NA,NA,NA,NA,NA,NA
"Brown Fish-Owl",-6.46297438304495,-2.25025382984034,1.96246672336428,-4.56836997077731,-1.29644560062642,1.97547876952447,-6.67640667326049,-2.8816256861947,0.913155300871089,-6.40801584631837,-2.65649327273234,1.09502930085368,-6.07425868375447,-2.81962763094509,0.435003421864287,-6.08268820996321,-2.55655077946555,0.969586651032097,-6.3322591654207,-2.63890903710612,1.05444109120846,-6.21979370784677,-2.44201011049542,1.33577348685594,-6.79064376675238,-3.21357820641779,0.363487353916797,-7.13604988680439,-3.27931794094668,0.577414004911028,-5.95705037211288,-1.80287250729719,2.3513053575185
"Tawny Fish-Owl",NA,NA,NA,NA,NA,NA,NA,NA,NA,NA,NA,NA,NA,NA,NA,NA,NA,NA,NA,NA,NA,NA,NA,NA,NA,NA,NA,NA,NA,NA,NA,NA,NA
"Dusky Eagle-Owl",NA,NA,NA,NA,NA,NA,NA,NA,NA,NA,NA,NA,NA,NA,NA,NA,NA,NA,NA,NA,NA,NA,NA,NA,NA,NA,NA,NA,NA,NA,NA,NA,NA
"Spot-bellied Eagle-Owl",NA,NA,NA,NA,NA,NA,NA,NA,NA,NA,NA,NA,NA,NA,NA,NA,NA,NA,NA,NA,NA,NA,NA,NA,NA,NA,NA,NA,NA,NA,NA,NA,NA
"Asian Barred Owlet",NA,NA,NA,NA,NA,NA,NA,NA,NA,NA,NA,NA,NA,NA,NA,NA,NA,NA,NA,NA,NA,NA,NA,NA,NA,NA,NA,NA,NA,NA,NA,NA,NA
"Jungle Owlet",1.72584031481624,7.96958856848249,14.2133368221487,2.3117180722585,8.16324368171352,14.0147692911686,3.77134778701923,8.81861347520902,13.8658791633988,2.14188343691063,7.67669707594512,13.2115107149796,4.49278235117997,7.00956847043706,9.52635458969414,2.28861463968102,7.70986734226615,13.1311200448513,2.2001820082951,7.64257639890466,13.0849707895142,2.12001336692972,7.66555279900238,13.211092231075,1.83410716449599,7.51229578677668,13.1904844090574,1.15707241864006,6.92224375613462,12.6874150936292,1.6371233430322,7.90897526844082,14.1808271938494
"Collared Owlet",NA,NA,NA,NA,NA,NA,NA,NA,NA,NA,NA,NA,NA,NA,NA,NA,NA,NA,NA,NA,NA,NA,NA,NA,NA,NA,NA,NA,NA,NA,NA,NA,NA
"Spotted Owlet",NA,NA,NA,NA,NA,NA,NA,NA,NA,NA,NA,NA,NA,NA,NA,NA,NA,NA,NA,NA,NA,NA,NA,NA,NA,NA,NA,NA,NA,NA,NA,NA,NA
"Little Owl",NA,NA,NA,NA,NA,NA,NA,NA,NA,NA,NA,NA,NA,NA,NA,NA,NA,NA,NA,NA,NA,NA,NA,NA,NA,NA,NA,NA,NA,NA,NA,NA,NA
"Forest Owlet",-9.05248060824512,-1.99263629515666,5.06720801793179,-6.26837494903376,-0.200336497959699,5.86770195311436,-8.18311053599907,-1.62747463629917,4.92816126340074,-8.38733264383909,-1.84785099648106,4.69163065087697,-7.97309194990831,-1.55353744521728,4.86601705947375,-7.31178791725016,-1.63567092819498,4.0404460608602,-8.13413374707183,-1.88401739318385,4.36609896070414,-7.95462262560168,-1.36658456388685,5.22145349782799,-8.73501678993517,-1.94480053740891,4.84541571511735,-7.56470397161368,-0.691206662950361,6.18229064571296,-10.3407304907513,-3.18084415086761,3.97904218901609
"Mottled Wood-Owl",NA,NA,NA,NA,NA,NA,NA,NA,NA,NA,NA,NA,NA,NA,NA,NA,NA,NA,NA,NA,NA,NA,NA,NA,NA,NA,NA,NA,NA,NA,NA,NA,NA
"Brown Wood-Owl",NA,NA,NA,NA,NA,NA,NA,NA,NA,NA,NA,NA,NA,NA,NA,NA,NA,NA,NA,NA,NA,NA,NA,NA,NA,NA,NA,NA,NA,NA,NA,NA,NA
"Tawny Owl",NA,NA,NA,NA,NA,NA,NA,NA,NA,NA,NA,NA,NA,NA,NA,NA,NA,NA,NA,NA,NA,NA,NA,NA,NA,NA,NA,NA,NA,NA,NA,NA,NA
"Himalayan Owl",NA,NA,NA,NA,NA,NA,NA,NA,NA,NA,NA,NA,NA,NA,NA,NA,NA,NA,NA,NA,NA,NA,NA,NA,NA,NA,NA,NA,NA,NA,NA,NA,NA
"Long-eared Owl",NA,NA,NA,NA,NA,NA,NA,NA,NA,NA,NA,NA,NA,NA,NA,NA,NA,NA,NA,NA,NA,NA,NA,NA,NA,NA,NA,NA,NA,NA,NA,NA,NA
"Short-eared Owl",NA,NA,NA,NA,NA,NA,NA,NA,NA,NA,NA,NA,NA,NA,NA,NA,NA,NA,NA,NA,NA,NA,NA,NA,NA,NA,NA,NA,NA,NA,NA,NA,NA
"Boreal Owl",NA,NA,NA,NA,NA,NA,NA,NA,NA,NA,NA,NA,NA,NA,NA,NA,NA,NA,NA,NA,NA,NA,NA,NA,NA,NA,NA,NA,NA,NA,NA,NA,NA
"Andaman Boobook",NA,NA,NA,NA,NA,NA,NA,NA,NA,NA,NA,NA,NA,NA,NA,NA,NA,NA,NA,NA,NA,NA,NA,NA,NA,NA,NA,NA,NA,NA,NA,NA,NA
"Brown Boobook",NA,NA,NA,NA,NA,NA,NA,NA,NA,NA,NA,NA,NA,NA,NA,NA,NA,NA,NA,NA,NA,NA,NA,NA,NA,NA,NA,NA,NA,NA,NA,NA,NA
"Hume's Boobook",NA,NA,NA,NA,NA,NA,NA,NA,NA,NA,NA,NA,NA,NA,NA,NA,NA,NA,NA,NA,NA,NA,NA,NA,NA,NA,NA,NA,NA,NA,NA,NA,NA
"Malabar Trogon",-3.90384599898209,5.34570243932643,14.595250877635,-4.2131866393421,4.57567099386495,13.364528627072,-3.46802368743526,4.93847890939593,13.3449815062271,-2.42316817865823,5.50150589757045,13.4261799737991,-1.49001584016191,4.10512359023581,9.70026302063352,-1.94260878988583,4.91057250530901,11.7637538005039,-2.99473776311522,5.08290019962287,13.160538162361,-3.66354854170188,4.43903090111528,12.5416103439324,-3.56517649359643,4.95058652744866,13.4663495484937,-3.96142657515022,4.9049868411964,13.771400257543,-4.0392607578008,5.30529418194521,14.6498491216912
"Red-headed Trogon",NA,NA,NA,NA,NA,NA,NA,NA,NA,NA,NA,NA,NA,NA,NA,NA,NA,NA,NA,NA,NA,NA,NA,NA,NA,NA,NA,NA,NA,NA,NA,NA,NA
"Ward's Trogon",NA,NA,NA,NA,NA,NA,NA,NA,NA,NA,NA,NA,NA,NA,NA,NA,NA,NA,NA,NA,NA,NA,NA,NA,NA,NA,NA,NA,NA,NA,NA,NA,NA
"Common Hoopoe",-5.55307330528462,-2.94814729965522,-0.343221294025823,-5.35790993720219,-2.89979768539102,-0.441685433579848,-4.95476980887733,-2.59271312340304,-0.230656437928746,-4.02472988175907,-2.29500714441606,-0.565284407073055,-5.00357970682476,-2.83424917649951,-0.664918646174249,-4.986432724532,-2.73663722726438,-0.486841729996768,-4.95331309931478,-2.68797993864515,-0.422646777975508,-4.29477197945823,-2.368422824659,-0.442073669859767,-4.99333646078507,-2.61786809611249,-0.242399731439923,-5.24506645334879,-2.758910759054,-0.272755064759221,-5.91379067252154,-3.54234393967549,-1.17089720682943
"Great Hornbill",NA,NA,NA,NA,NA,NA,NA,NA,NA,NA,NA,NA,NA,NA,NA,NA,NA,NA,NA,NA,NA,NA,NA,NA,NA,NA,NA,NA,NA,NA,NA,NA,NA
"Brown Hornbill",NA,NA,NA,NA,NA,NA,NA,NA,NA,NA,NA,NA,NA,NA,NA,NA,NA,NA,NA,NA,NA,NA,NA,NA,NA,NA,NA,NA,NA,NA,NA,NA,NA
"Indian Gray Hornbill",0.18635888837981,2.72135531768726,5.25635174699471,-1.07744869248909,1.79551002700274,4.66846874649457,-1.22266811512036,1.58034451596204,4.38335714704444,-1.30008400321206,1.37805366257275,4.05619132835756,-0.618641057604423,1.26484968292186,3.14834042344814,-1.04451995977448,1.52587555532795,4.09627107043037,-1.12004025796514,1.56310100866286,4.24624227529086,-1.31127485539831,1.34308244780348,3.99743975100526,-1.31931110044653,1.49775361824365,4.31481833693384,-1.61088556658117,1.28706615242537,4.1850178714319,-2.0049376336288,1.00282058732233,4.01057880827346
"Malabar Gray Hornbill",NA,NA,NA,NA,NA,NA,NA,NA,NA,NA,NA,NA,NA,NA,NA,NA,NA,NA,NA,NA,NA,NA,NA,NA,NA,NA,NA,NA,NA,NA,NA,NA,NA
"Malabar Pied-Hornbill",-6.26364274793934,-4.40535151946535,-2.54706029099136,-6.10937256859421,-4.33949605425414,-2.56961953991407,-6.33248618935966,-4.6834766369202,-3.03446708448075,-6.21459074186555,-4.56305666772744,-2.91152259358933,-6.10603744501053,-4.41345959705994,-2.72088174910935,-6.0124798025502,-4.4223225945406,-2.83216538653101,-6.08315481964531,-4.52625860916667,-2.96936239868803,-6.2041670449808,-4.4446060621376,-2.68504507929441,-5.97527870010179,-4.2261154258867,-2.47695215167161,-6.43041903566113,-4.55653727100604,-2.68265550635095,-5.91862592441013,-4.0196893083266,-2.12075269224308
"Oriental Pied-Hornbill",NA,NA,NA,NA,NA,NA,NA,NA,NA,NA,NA,NA,NA,NA,NA,NA,NA,NA,NA,NA,NA,NA,NA,NA,NA,NA,NA,NA,NA,NA,NA,NA,NA
"Rufous-necked Hornbill",NA,NA,NA,NA,NA,NA,NA,NA,NA,NA,NA,NA,NA,NA,NA,NA,NA,NA,NA,NA,NA,NA,NA,NA,NA,NA,NA,NA,NA,NA,NA,NA,NA
"Wreathed Hornbill",NA,NA,NA,NA,NA,NA,NA,NA,NA,NA,NA,NA,NA,NA,NA,NA,NA,NA,NA,NA,NA,NA,NA,NA,NA,NA,NA,NA,NA,NA,NA,NA,NA
"Narcondam Hornbill",NA,NA,NA,NA,NA,NA,NA,NA,NA,NA,NA,NA,NA,NA,NA,NA,NA,NA,NA,NA,NA,NA,NA,NA,NA,NA,NA,NA,NA,NA,NA,NA,NA
"Blue-bearded Bee-eater",NA,NA,NA,NA,NA,NA,NA,NA,NA,NA,NA,NA,NA,NA,NA,NA,NA,NA,NA,NA,NA,NA,NA,NA,NA,NA,NA,NA,NA,NA,NA,NA,NA
"Asian Green Bee-eater",-0.806186705944799,-0.0494682989343014,0.707250108076196,-1.21500119676963,-0.450054438635047,0.314892319499538,-1.15476341921349,-0.441692764274551,0.271377890664387,-0.939366914775566,-0.237817006868378,0.463732901038809,-1.06382261134673,-0.332883733947379,0.398055143451969,-1.02647138144941,-0.316032452303373,0.39440647684266,-1.06201276293137,-0.325318214905592,0.411376333120187,-0.794751514118275,-0.187779737895973,0.419192038326328,-1.0206236531696,-0.258789426612103,0.503044799945391,-1.21939983400189,-0.447050513528451,0.325298806944987,-1.26760533725759,-0.430848829560978,0.405907678135636
"Blue-throated Bee-eater",NA,NA,NA,NA,NA,NA,NA,NA,NA,NA,NA,NA,NA,NA,NA,NA,NA,NA,NA,NA,NA,NA,NA,NA,NA,NA,NA,NA,NA,NA,NA,NA,NA
"Blue-cheeked Bee-eater",NA,NA,NA,NA,NA,NA,NA,NA,NA,NA,NA,NA,NA,NA,NA,NA,NA,NA,NA,NA,NA,NA,NA,NA,NA,NA,NA,NA,NA,NA,NA,NA,NA
"Blue-tailed Bee-eater",3.8001628075524,9.45115021664888,15.1021376257454,5.86078455871657,10.8935216883887,15.9262588180609,4.67151727332383,9.84776054331166,15.0240038132995,4.57224496282188,9.43425936947378,14.2962737761257,5.59457828911515,9.38420029815356,13.173822307192,5.07687818856931,9.81494693451573,14.5530156804622,4.98089485048625,9.54957651708193,14.1182581836776,4.57372765104947,9.51779851088493,14.4618693707204,4.39134544776757,9.55744584607382,14.7235462443801,4.73637510806823,10.1346892488521,15.5330033896359,5.4405126077858,10.9415066211932,16.4425006346006
"European Bee-eater",NA,NA,NA,NA,NA,NA,NA,NA,NA,NA,NA,NA,NA,NA,NA,NA,NA,NA,NA,NA,NA,NA,NA,NA,NA,NA,NA,NA,NA,NA,NA,NA,NA
"Chestnut-headed Bee-eater",NA,NA,NA,NA,NA,NA,NA,NA,NA,NA,NA,NA,NA,NA,NA,NA,NA,NA,NA,NA,NA,NA,NA,NA,NA,NA,NA,NA,NA,NA,NA,NA,NA
"Blyth's Kingfisher",NA,NA,NA,NA,NA,NA,NA,NA,NA,NA,NA,NA,NA,NA,NA,NA,NA,NA,NA,NA,NA,NA,NA,NA,NA,NA,NA,NA,NA,NA,NA,NA,NA
"Common Kingfisher",-2.51697089197769,-1.38353694022245,-0.250102988467216,-2.8043332768909,-1.62979515712189,-0.455257037352878,-3.07257740202723,-1.95360796328528,-0.834638524543325,-2.98485163216094,-1.86499936691479,-0.745147101668634,-2.87707695104652,-1.77871259528965,-0.680348239532775,-2.84421077854474,-1.81447357841468,-0.78473637828462,-2.78233757243232,-1.75054499136936,-0.718752410306396,-2.76497165375064,-1.69921256491085,-0.633453476071063,-3.08357558611761,-1.9750362002598,-0.866496814401991,-3.13908439336109,-1.93407219412392,-0.729059994886759,-3.33160544588652,-2.11372223243556,-0.895839018984602
"Blue-eared Kingfisher",NA,NA,NA,NA,NA,NA,NA,NA,NA,NA,NA,NA,NA,NA,NA,NA,NA,NA,NA,NA,NA,NA,NA,NA,NA,NA,NA,NA,NA,NA,NA,NA,NA
"Black-backed Dwarf-Kingfisher",NA,NA,NA,NA,NA,NA,NA,NA,NA,NA,NA,NA,NA,NA,NA,NA,NA,NA,NA,NA,NA,NA,NA,NA,NA,NA,NA,NA,NA,NA,NA,NA,NA
"Rufous-backed Dwarf-Kingfisher",NA,NA,NA,NA,NA,NA,NA,NA,NA,NA,NA,NA,NA,NA,NA,NA,NA,NA,NA,NA,NA,NA,NA,NA,NA,NA,NA,NA,NA,NA,NA,NA,NA
"Brown-winged Kingfisher",NA,NA,NA,NA,NA,NA,NA,NA,NA,NA,NA,NA,NA,NA,NA,NA,NA,NA,NA,NA,NA,NA,NA,NA,NA,NA,NA,NA,NA,NA,NA,NA,NA
"Stork-billed Kingfisher",-10.5765201096191,-0.30062912954712,9.97526185052485,-9.19078501406305,1.36477472970096,11.920334473465,-6.05665133012368,3.57159870878802,13.1998487476997,-8.09077959744401,1.76122322766662,11.6132260527773,-3.51099672208033,3.2326878291111,9.97637238030253,-7.38756318928336,2.29420331583098,11.9759698209453,-7.56829217828316,2.36005364377483,12.2883994658328,-8.146555961058,1.70003706799355,11.5466300970451,-7.78910754230363,2.57557528424229,12.9402581107882,-7.91471019992488,2.85051161202621,13.6157334239773,-7.45691210880439,3.74752595053999,14.9519640098844
"Ruddy Kingfisher",NA,NA,NA,NA,NA,NA,NA,NA,NA,NA,NA,NA,NA,NA,NA,NA,NA,NA,NA,NA,NA,NA,NA,NA,NA,NA,NA,NA,NA,NA,NA,NA,NA
"White-throated Kingfisher",0.460388479097986,1.79617694261753,3.13196540613708,-0.06865719243384,1.23799163062446,2.54464045368277,0.350173650795408,1.59413983674336,2.83810602269132,0.199360540708023,1.46244905257338,2.72553756443873,0.409764682997481,1.31096486440077,2.21216504580407,0.205715328718119,1.43092134255454,2.65612735639097,0.242326590843908,1.35153266723425,2.46073874362459,0.180377299620644,1.44947777243425,2.71857824524785,0.311955239485185,1.57306357294401,2.83417190640284,0.00874721141765674,1.36024057795851,2.71173394449937,-0.180555855339677,1.22678554059366,2.634126936527
"Black-capped Kingfisher",NA,NA,NA,NA,NA,NA,NA,NA,NA,NA,NA,NA,NA,NA,NA,NA,NA,NA,NA,NA,NA,NA,NA,NA,NA,NA,NA,NA,NA,NA,NA,NA,NA
"Collared Kingfisher",NA,NA,NA,NA,NA,NA,NA,NA,NA,NA,NA,NA,NA,NA,NA,NA,NA,NA,NA,NA,NA,NA,NA,NA,NA,NA,NA,NA,NA,NA,NA,NA,NA
"Crested Kingfisher",NA,NA,NA,NA,NA,NA,NA,NA,NA,NA,NA,NA,NA,NA,NA,NA,NA,NA,NA,NA,NA,NA,NA,NA,NA,NA,NA,NA,NA,NA,NA,NA,NA
"Pied Kingfisher",-1.68480971907295,-0.899807332101708,-0.114804945130468,-2.99463779825889,-1.77475584780768,-0.554873897356463,-2.92369623259516,-1.76797865338744,-0.612261074179706,-2.85619875671582,-1.73581279853863,-0.615426840361446,-2.78221494301806,-1.70047982200926,-0.618744701000453,-2.74487890076007,-1.64539042645235,-0.545901952144626,-2.78501836606052,-1.63837253012302,-0.491726694185516,-2.61263182068666,-1.52583053998755,-0.439029259288445,-2.90022669372387,-1.71370424599397,-0.527181798264078,-2.89094891660918,-1.64448625760464,-0.398023598600102,-3.21597765979678,-1.98591964866002,-0.755861637523264
"European Roller",-13.4815543308262,-6.04073401665422,1.40008629751778,-14.4084116339333,-7.74051030902392,-1.07260898411453,-13.6331925399775,-6.98301782603721,-0.332843112096945,-9.69044625973547,-5.06973158484807,-0.44901690996068,-12.7962378951311,-6.76343900697565,-0.73064011882022,-12.8330229066497,-6.40318726256215,0.0266483815254404,-12.7468254591077,-6.78817508514962,-0.829524711191535,-11.8260795499762,-5.69645112148372,0.433177307008767,-13.2640748252164,-6.47262673295524,0.31882135930589,-13.0452597883957,-6.00977262022254,1.0257145479506,-14.0953438249003,-6.617956587169,0.859430650562325
"Indian Roller",-4.85337905341947,-3.46445832985298,-2.0755376062865,-5.39684375165801,-4.45846955714436,-3.52009536263072,-5.09706652640104,-3.75556165895713,-2.41405679151321,-5.07139470997689,-3.77427357640236,-2.47715244282782,-5.1595006497855,-3.89898009459647,-2.63845953940743,-5.02154064033617,-3.8508402983111,-2.68013995628603,-5.13774211230108,-3.8346119169799,-2.53148172165873,-5.13025151336193,-3.81101436115244,-2.49177720894296,-5.32482398810654,-4.02855353106496,-2.73228307402338,-4.98764667262383,-3.62511127956391,-2.26257588650399,-5.33182398468593,-3.82963317812077,-2.32744237155561
"Indochinese Roller",NA,NA,NA,NA,NA,NA,NA,NA,NA,NA,NA,NA,NA,NA,NA,NA,NA,NA,NA,NA,NA,NA,NA,NA,NA,NA,NA,NA,NA,NA,NA,NA,NA
"Dollarbird",NA,NA,NA,NA,NA,NA,NA,NA,NA,NA,NA,NA,NA,NA,NA,NA,NA,NA,NA,NA,NA,NA,NA,NA,NA,NA,NA,NA,NA,NA,NA,NA,NA
"Malabar Barbet",NA,NA,NA,NA,NA,NA,NA,NA,NA,NA,NA,NA,NA,NA,NA,NA,NA,NA,NA,NA,NA,NA,NA,NA,NA,NA,NA,NA,NA,NA,NA,NA,NA
"Coppersmith Barbet",2.61299989448647,4.77430633036849,6.93561276625052,2.13337317412976,4.19101742127107,6.24866166841238,2.27864170247131,3.90919848094838,5.53975525942544,2.3809487397398,4.25917601351024,6.13740328728068,2.80037959342743,4.54040697875823,6.28043436408902,2.74245413718182,4.41943806879248,6.09642200040313,2.47751607764991,4.34981293377336,6.2221097898968,2.40796959773881,4.3652436972391,6.32251779673939,2.4506182420863,4.46670831686577,6.48279839164523,2.40179244395453,4.49577717620293,6.58976190845133,2.90803859537743,4.98085404237461,7.05366948937179
"Blue-eared Barbet",NA,NA,NA,NA,NA,NA,NA,NA,NA,NA,NA,NA,NA,NA,NA,NA,NA,NA,NA,NA,NA,NA,NA,NA,NA,NA,NA,NA,NA,NA,NA,NA,NA
"Great Barbet",NA,NA,NA,NA,NA,NA,NA,NA,NA,NA,NA,NA,NA,NA,NA,NA,NA,NA,NA,NA,NA,NA,NA,NA,NA,NA,NA,NA,NA,NA,NA,NA,NA
"Lineated Barbet",NA,NA,NA,NA,NA,NA,NA,NA,NA,NA,NA,NA,NA,NA,NA,NA,NA,NA,NA,NA,NA,NA,NA,NA,NA,NA,NA,NA,NA,NA,NA,NA,NA
"Brown-headed Barbet",-1.7905839954618,2.01118021770602,5.81294443087383,-2.19852851327919,1.48090338157486,5.16033527642892,-1.77424487098998,1.69519854736445,5.16464196571889,-2.12354878334246,1.32090966581962,4.7653681149817,-0.870539044903543,0.985074367389721,2.84068777968299,-1.94498390576379,1.39322111988498,4.73142614553375,-1.93143010614499,1.21003110611429,4.35149231837357,-2.18415372071046,1.21909108624651,4.62233589320349,-2.28670360913571,1.25527661531038,4.79725683975648,-2.66271322812797,0.958822811468205,4.58035885106438,-1.81676056671337,2.00342161443628,5.82360379558593
"White-cheeked Barbet",1.9713894007544,4.4182168843835,6.86504436801259,-0.969800996816787,2.30662851117997,5.58305801917673,-0.683004555689218,2.48919636343192,5.66139728255306,-0.596057257806959,2.46244108892958,5.52093943566613,-0.390359484127967,2.44614894879436,5.2826573817167,0.165159034335956,2.60095884113623,5.0367586479365,-0.483146723996518,2.52355318022351,5.53025308444354,-0.621449275002273,2.38879373989184,5.39903675478595,-0.833542040905572,2.25239683561411,5.33833571213379,-0.807112023125637,2.50620790098417,5.81952782509399,-0.961522885256437,2.54848133106325,6.05848554738294
"Golden-throated Barbet",NA,NA,NA,NA,NA,NA,NA,NA,NA,NA,NA,NA,NA,NA,NA,NA,NA,NA,NA,NA,NA,NA,NA,NA,NA,NA,NA,NA,NA,NA,NA,NA,NA
"Blue-throated Barbet",NA,NA,NA,NA,NA,NA,NA,NA,NA,NA,NA,NA,NA,NA,NA,NA,NA,NA,NA,NA,NA,NA,NA,NA,NA,NA,NA,NA,NA,NA,NA,NA,NA
"Yellow-rumped Honeyguide",NA,NA,NA,NA,NA,NA,NA,NA,NA,NA,NA,NA,NA,NA,NA,NA,NA,NA,NA,NA,NA,NA,NA,NA,NA,NA,NA,NA,NA,NA,NA,NA,NA
"Eurasian Wryneck",-7.9843196843787,0.173660519537722,8.33164072345415,-3.19227788239669,3.27836149009015,9.749000862577,-6.04526500179253,1.34637866106988,8.73802232393228,-6.73273543708741,0.385341656376446,7.5034187498403,-6.23851732582399,0.535102605047775,7.30872253591954,-6.22479695010149,0.865569031319333,7.95593501274016,-5.30009138060002,1.28365799960443,7.86740737980887,-6.70608784446558,0.13061585220006,6.9673195488657,-6.49929503582971,1.01032381817783,8.51994267218537,-8.13302542411683,-1.44654383909192,5.239937745933,-5.91147028304896,2.15410535347899,10.2196809900069
"Speckled Piculet",NA,NA,NA,NA,NA,NA,NA,NA,NA,NA,NA,NA,NA,NA,NA,NA,NA,NA,NA,NA,NA,NA,NA,NA,NA,NA,NA,NA,NA,NA,NA,NA,NA
"White-browed Piculet",NA,NA,NA,NA,NA,NA,NA,NA,NA,NA,NA,NA,NA,NA,NA,NA,NA,NA,NA,NA,NA,NA,NA,NA,NA,NA,NA,NA,NA,NA,NA,NA,NA
"Heart-spotted Woodpecker",NA,NA,NA,NA,NA,NA,NA,NA,NA,NA,NA,NA,NA,NA,NA,NA,NA,NA,NA,NA,NA,NA,NA,NA,NA,NA,NA,NA,NA,NA,NA,NA,NA
"Brown-capped Pygmy Woodpecker",-12.1519272491454,-7.21950558565177,-2.28708392215811,-6.85655392191286,-2.93002363774871,0.996506646415437,-9.04852793025573,-4.21725133449257,0.614025261270595,-10.1308104035542,-5.02186919104942,0.0870720214553686,-10.0990524495636,-5.32641209009593,-0.553771730628248,-9.78821112371662,-5.08212926164655,-0.37604739957649,-9.8754020978735,-4.93755320339356,0.000295691086384109,-10.1018356276757,-4.98706112264048,0.127713382394749,-10.4158412146674,-5.15561871698708,0.104603780693241,-11.0869228680132,-5.7238136187857,-0.360704369558196,-11.4301421174448,-5.69216968120406,0.0458027550366676
"Gray-capped Pygmy Woodpecker",NA,NA,NA,NA,NA,NA,NA,NA,NA,NA,NA,NA,NA,NA,NA,NA,NA,NA,NA,NA,NA,NA,NA,NA,NA,NA,NA,NA,NA,NA,NA,NA,NA
"Yellow-crowned Woodpecker",-3.62655026850919,-1.51646675738713,0.593616753734933,-3.58664615090705,-1.63948255026132,0.307681050384404,-4.40169634829886,-2.39978331423978,-0.397870280180691,-4.26508780230406,-2.35555086104754,-0.446013919791018,-4.10502497734683,-2.27305426068267,-0.441083544018513,-4.05558214684093,-2.15694888102645,-0.25831561521198,-4.08429369454258,-2.27725641426052,-0.470219133978466,-4.23747905840505,-2.20899827849873,-0.180517498592412,-3.9433446988671,-1.91855734207209,0.106230014722929,-4.47389371291416,-2.30894123887876,-0.143988764843365,-4.78757250210856,-2.54715130529258,-0.306730108476603
"Brown-fronted Woodpecker",NA,NA,NA,NA,NA,NA,NA,NA,NA,NA,NA,NA,NA,NA,NA,NA,NA,NA,NA,NA,NA,NA,NA,NA,NA,NA,NA,NA,NA,NA,NA,NA,NA
"Rufous-bellied Woodpecker",NA,NA,NA,NA,NA,NA,NA,NA,NA,NA,NA,NA,NA,NA,NA,NA,NA,NA,NA,NA,NA,NA,NA,NA,NA,NA,NA,NA,NA,NA,NA,NA,NA
"Fulvous-breasted Woodpecker",NA,NA,NA,NA,NA,NA,NA,NA,NA,NA,NA,NA,NA,NA,NA,NA,NA,NA,NA,NA,NA,NA,NA,NA,NA,NA,NA,NA,NA,NA,NA,NA,NA
"Freckle-breasted Woodpecker",NA,NA,NA,NA,NA,NA,NA,NA,NA,NA,NA,NA,NA,NA,NA,NA,NA,NA,NA,NA,NA,NA,NA,NA,NA,NA,NA,NA,NA,NA,NA,NA,NA
"Stripe-breasted Woodpecker",NA,NA,NA,NA,NA,NA,NA,NA,NA,NA,NA,NA,NA,NA,NA,NA,NA,NA,NA,NA,NA,NA,NA,NA,NA,NA,NA,NA,NA,NA,NA,NA,NA
"Darjeeling Woodpecker",NA,NA,NA,NA,NA,NA,NA,NA,NA,NA,NA,NA,NA,NA,NA,NA,NA,NA,NA,NA,NA,NA,NA,NA,NA,NA,NA,NA,NA,NA,NA,NA,NA
"Great Spotted Woodpecker",NA,NA,NA,NA,NA,NA,NA,NA,NA,NA,NA,NA,NA,NA,NA,NA,NA,NA,NA,NA,NA,NA,NA,NA,NA,NA,NA,NA,NA,NA,NA,NA,NA
"Himalayan Woodpecker",NA,NA,NA,NA,NA,NA,NA,NA,NA,NA,NA,NA,NA,NA,NA,NA,NA,NA,NA,NA,NA,NA,NA,NA,NA,NA,NA,NA,NA,NA,NA,NA,NA
"Sind Woodpecker",NA,NA,NA,NA,NA,NA,NA,NA,NA,NA,NA,NA,NA,NA,NA,NA,NA,NA,NA,NA,NA,NA,NA,NA,NA,NA,NA,NA,NA,NA,NA,NA,NA
"Crimson-naped Woodpecker",NA,NA,NA,NA,NA,NA,NA,NA,NA,NA,NA,NA,NA,NA,NA,NA,NA,NA,NA,NA,NA,NA,NA,NA,NA,NA,NA,NA,NA,NA,NA,NA,NA
"Bay Woodpecker",NA,NA,NA,NA,NA,NA,NA,NA,NA,NA,NA,NA,NA,NA,NA,NA,NA,NA,NA,NA,NA,NA,NA,NA,NA,NA,NA,NA,NA,NA,NA,NA,NA
"Greater Flameback",NA,NA,NA,NA,NA,NA,NA,NA,NA,NA,NA,NA,NA,NA,NA,NA,NA,NA,NA,NA,NA,NA,NA,NA,NA,NA,NA,NA,NA,NA,NA,NA,NA
"Malabar Flameback",NA,NA,NA,NA,NA,NA,NA,NA,NA,NA,NA,NA,NA,NA,NA,NA,NA,NA,NA,NA,NA,NA,NA,NA,NA,NA,NA,NA,NA,NA,NA,NA,NA
"White-naped Woodpecker",-2.5267374741855,0.598380132376876,3.72349773893925,-2.81619584446814,0.208880603498174,3.23395705146449,-3.55509332909112,-1.30934507472531,0.936403179640499,-3.19030656680878,-0.228597417311589,2.7331117321856,-3.16437249181615,-0.609737777126194,1.94489693756376,-3.35843936964682,-0.388541315159375,2.58135673932807,-3.40986473500051,-0.453380459383555,2.5031038162334,-3.50669639487556,-0.495671791055958,2.51535281276364,-3.63880583707479,-0.536975283539782,2.56485526999523,-3.68567619853621,-0.438480401150959,2.80871539623429,-3.80833358140884,-0.372096172265841,3.06414123687716
"Rufous Woodpecker",-3.90777685609652,-1.69083568437661,0.526105487343296,-6.2894264097997,-3.52835225564082,-0.767278101481942,-5.84057580281316,-3.13651645180655,-0.432457100799941,-5.92161866218311,-3.31652933202263,-0.71144000186214,-5.50553115848586,-3.40440548127137,-1.30327980405689,-5.68824697014175,-3.17347577489203,-0.658704579642306,-5.81928708135871,-3.26048862759721,-0.701690173835719,-5.93822552870643,-3.33334297210716,-0.728460415507886,-6.10369645954465,-3.42855149224393,-0.7534065249432,-5.88640487000128,-3.04301828559826,-0.199631701195238,-6.3592115391091,-3.34646259547764,-0.333713651846187
"Pale-headed Woodpecker",NA,NA,NA,NA,NA,NA,NA,NA,NA,NA,NA,NA,NA,NA,NA,NA,NA,NA,NA,NA,NA,NA,NA,NA,NA,NA,NA,NA,NA,NA,NA,NA,NA
"Himalayan Flameback",NA,NA,NA,NA,NA,NA,NA,NA,NA,NA,NA,NA,NA,NA,NA,NA,NA,NA,NA,NA,NA,NA,NA,NA,NA,NA,NA,NA,NA,NA,NA,NA,NA
"Common Flameback",NA,NA,NA,NA,NA,NA,NA,NA,NA,NA,NA,NA,NA,NA,NA,NA,NA,NA,NA,NA,NA,NA,NA,NA,NA,NA,NA,NA,NA,NA,NA,NA,NA
"Black-rumped Flameback",0.14809455717955,1.54929419692097,2.9504938366624,-0.247935505175751,1.15256429390061,2.55306409297697,-0.0952663994417192,1.24941039780133,2.59408719504437,-0.142529836004856,1.16432200879768,2.47117385360021,0.160365739265228,1.07122650696961,1.982087274674,-0.0504663126682991,1.20438350963876,2.45923333194582,-0.0076111700623346,1.11017589855924,2.22796296718081,-0.160059599668793,1.11680861666487,2.39367683299854,-0.239246440986373,1.08038980930897,2.4000260596043,-0.254333524578975,1.14837499975528,2.55108352408954,0.109337494399968,1.52455897639175,2.93978045838353
"Lesser Yellownape",NA,NA,NA,NA,NA,NA,NA,NA,NA,NA,NA,NA,NA,NA,NA,NA,NA,NA,NA,NA,NA,NA,NA,NA,NA,NA,NA,NA,NA,NA,NA,NA,NA
"Streak-throated Woodpecker",NA,NA,NA,NA,NA,NA,NA,NA,NA,NA,NA,NA,NA,NA,NA,NA,NA,NA,NA,NA,NA,NA,NA,NA,NA,NA,NA,NA,NA,NA,NA,NA,NA
"Scaly-bellied Woodpecker",NA,NA,NA,NA,NA,NA,NA,NA,NA,NA,NA,NA,NA,NA,NA,NA,NA,NA,NA,NA,NA,NA,NA,NA,NA,NA,NA,NA,NA,NA,NA,NA,NA
"Gray-headed Woodpecker",NA,NA,NA,NA,NA,NA,NA,NA,NA,NA,NA,NA,NA,NA,NA,NA,NA,NA,NA,NA,NA,NA,NA,NA,NA,NA,NA,NA,NA,NA,NA,NA,NA
"Greater Yellownape",NA,NA,NA,NA,NA,NA,NA,NA,NA,NA,NA,NA,NA,NA,NA,NA,NA,NA,NA,NA,NA,NA,NA,NA,NA,NA,NA,NA,NA,NA,NA,NA,NA
"Great Slaty Woodpecker",NA,NA,NA,NA,NA,NA,NA,NA,NA,NA,NA,NA,NA,NA,NA,NA,NA,NA,NA,NA,NA,NA,NA,NA,NA,NA,NA,NA,NA,NA,NA,NA,NA
"White-bellied Woodpecker",NA,NA,NA,NA,NA,NA,NA,NA,NA,NA,NA,NA,NA,NA,NA,NA,NA,NA,NA,NA,NA,NA,NA,NA,NA,NA,NA,NA,NA,NA,NA,NA,NA
"Andaman Woodpecker",NA,NA,NA,NA,NA,NA,NA,NA,NA,NA,NA,NA,NA,NA,NA,NA,NA,NA,NA,NA,NA,NA,NA,NA,NA,NA,NA,NA,NA,NA,NA,NA,NA
"Pied Falconet",NA,NA,NA,NA,NA,NA,NA,NA,NA,NA,NA,NA,NA,NA,NA,NA,NA,NA,NA,NA,NA,NA,NA,NA,NA,NA,NA,NA,NA,NA,NA,NA,NA
"Collared Falconet",NA,NA,NA,NA,NA,NA,NA,NA,NA,NA,NA,NA,NA,NA,NA,NA,NA,NA,NA,NA,NA,NA,NA,NA,NA,NA,NA,NA,NA,NA,NA,NA,NA
"Lesser Kestrel",NA,NA,NA,NA,NA,NA,NA,NA,NA,NA,NA,NA,NA,NA,NA,NA,NA,NA,NA,NA,NA,NA,NA,NA,NA,NA,NA,NA,NA,NA,NA,NA,NA
"Eurasian Kestrel",-5.20149083691115,-3.72397861851754,-2.24646640012393,-5.70856842522978,-4.25366138675396,-2.79875434827814,-5.46599803328851,-4.0476651777407,-2.62933232219288,-5.25931217395387,-3.96045456367541,-2.66159695339696,-5.14914019761199,-4.22764505760522,-3.30614991759845,-5.44933992794599,-4.08744170221021,-2.72554347647444,-5.47040610870457,-4.12308471549042,-2.77576332227628,-5.50246224154828,-4.11203333417997,-2.72160442681165,-5.37721203486516,-3.97379161213483,-2.5703711894045,-5.38259987014797,-3.92465590862383,-2.46671194709969,-5.98652326760178,-4.57273323137269,-3.1589431951436
"Red-necked Falcon",-6.980789424758,-3.8569457759947,-0.733102127231394,-6.621380594799,-3.78543781745014,-0.949495040101291,-7.34638746951219,-4.45917398478523,-1.57196050005828,-7.1777783792186,-4.71347796833601,-2.24917755745341,-6.93679558983643,-4.21306247561836,-1.48932936140028,-6.93817714503313,-4.29726831664351,-1.65635948825389,-7.08467357411014,-4.25932648972538,-1.43397940534063,-7.27522901685437,-4.60681151322791,-1.93839400960144,-7.1946834000438,-4.2359771940741,-1.27727098810441,-7.80561608483625,-4.94187974668284,-2.07814340852942,-6.78322046944946,-3.66223679951479,-0.541253129580122
"Red-footed Falcon",NA,NA,NA,NA,NA,NA,NA,NA,NA,NA,NA,NA,NA,NA,NA,NA,NA,NA,NA,NA,NA,NA,NA,NA,NA,NA,NA,NA,NA,NA,NA,NA,NA
"Amur Falcon",NA,NA,NA,NA,NA,NA,NA,NA,NA,NA,NA,NA,NA,NA,NA,NA,NA,NA,NA,NA,NA,NA,NA,NA,NA,NA,NA,NA,NA,NA,NA,NA,NA
"Merlin",NA,NA,NA,NA,NA,NA,NA,NA,NA,NA,NA,NA,NA,NA,NA,NA,NA,NA,NA,NA,NA,NA,NA,NA,NA,NA,NA,NA,NA,NA,NA,NA,NA
"Eurasian Hobby",NA,NA,NA,NA,NA,NA,NA,NA,NA,NA,NA,NA,NA,NA,NA,NA,NA,NA,NA,NA,NA,NA,NA,NA,NA,NA,NA,NA,NA,NA,NA,NA,NA
"Oriental Hobby",NA,NA,NA,NA,NA,NA,NA,NA,NA,NA,NA,NA,NA,NA,NA,NA,NA,NA,NA,NA,NA,NA,NA,NA,NA,NA,NA,NA,NA,NA,NA,NA,NA
"Laggar Falcon",-12.7220075330675,-1.58398267857014,9.55404217592719,-15.805490853028,-6.29111067597041,3.22326950108715,-14.525393913269,-4.43382422385409,5.65774546556083,-8.43137680405817,-1.54179158270659,5.34779363864499,-13.4930053107842,-3.67484801829691,6.14330927419039,-13.3414244446376,-3.44957564930933,6.44227314601894,-13.186565456271,-3.29286796166951,6.60082953293192,-12.9238673682394,-2.96743271971941,6.98900192880059,-14.6009503052848,-5.2849787374081,4.03099283046856,-14.1532463492114,-3.34699757962017,7.45925118997107,-12.7975126045461,-1.70059310472139,9.39632639510335
"Saker Falcon",NA,NA,NA,NA,NA,NA,NA,NA,NA,NA,NA,NA,NA,NA,NA,NA,NA,NA,NA,NA,NA,NA,NA,NA,NA,NA,NA,NA,NA,NA,NA,NA,NA
"Peregrine Falcon",-7.56212856523502,-3.80554261115954,-0.0489566570840587,-8.10213903165569,-5.12840920686144,-2.15467938206719,-7.64234890605018,-4.25524473636378,-0.868140566677381,-6.76310465601363,-3.63316419893316,-0.503223741852699,-7.17623019463314,-3.89777823967963,-0.619326284726124,-6.6074779560987,-3.96028801644945,-1.31309807680019,-7.27523560037994,-3.94367421232915,-0.612112824278367,-7.37719076268035,-3.99272961742087,-0.608268472161393,-7.33002066779778,-3.85663320463562,-0.38324574147346,-6.42430977089884,-3.12966501233205,0.164979746234736,-7.83268903285046,-4.00040138246789,-0.168113732085323
"Alexandrine Parakeet",16.1889514700361,22.0271862399756,27.865421009915,15.4739819402062,21.0827010137635,26.6914200873207,15.3123618328659,20.3021634780555,25.291965123245,15.8174788836878,20.4801453805909,25.142811877494,16.6853253033136,21.4700783269414,26.2548313505693,16.8791431621745,21.198090809336,25.5170384564974,15.9817818282795,21.0217680856639,26.0617543430484,16.3280676797825,21.4866691845534,26.6452706893243,16.3443559618949,21.6535859314591,26.9628159010232,16.917070814169,22.2408769468979,27.5646830796269,14.494778476663,20.2943256239641,26.0938727712652
"Rose-ringed Parakeet",1.27606053516326,2.99909363228422,4.72212672940518,0.898030540079394,2.40027878174981,3.90252702342023,1.04977901753153,2.49284184854586,3.93590467956018,1.19272975049184,2.71957410276031,4.24641845502877,1.62005572929724,2.91044211997383,4.20082851065041,1.40104292435665,2.79429359734009,4.18754427032354,1.31675725222134,2.70552613972523,4.09429502722913,1.23545203195022,2.78485021773654,4.33424840352286,1.31370376380064,2.88926765742207,4.46483155104351,1.4699015048209,3.05890667452061,4.64791184422032,1.29082223671307,3.01497599720587,4.73912975769866
"Slaty-headed Parakeet",NA,NA,NA,NA,NA,NA,NA,NA,NA,NA,NA,NA,NA,NA,NA,NA,NA,NA,NA,NA,NA,NA,NA,NA,NA,NA,NA,NA,NA,NA,NA,NA,NA
"Gray-headed Parakeet",NA,NA,NA,NA,NA,NA,NA,NA,NA,NA,NA,NA,NA,NA,NA,NA,NA,NA,NA,NA,NA,NA,NA,NA,NA,NA,NA,NA,NA,NA,NA,NA,NA
"Plum-headed Parakeet",0.751990401138958,1.84211895509084,2.93224750904272,0.963133075002085,1.9807925843423,2.99845209368252,1.38977533283374,2.14524976949105,2.90072420614835,0.890997125964185,1.85649883398829,2.8220005420124,0.931212499373434,1.83924070948086,2.74726891958829,1.04938979600241,1.88311914848764,2.71684850097287,1.03946952212766,1.93077633093727,2.82208313974688,0.902475696716104,1.87295406487827,2.84343243304043,0.916477514507414,1.91126811426083,2.90605871401425,0.689263392776714,1.65027416482946,2.6112849368822,0.642040653030621,1.71658209728719,2.79112354154377
"Blossom-headed Parakeet",NA,NA,NA,NA,NA,NA,NA,NA,NA,NA,NA,NA,NA,NA,NA,NA,NA,NA,NA,NA,NA,NA,NA,NA,NA,NA,NA,NA,NA,NA,NA,NA,NA
"Malabar Parakeet",NA,NA,NA,NA,NA,NA,NA,NA,NA,NA,NA,NA,NA,NA,NA,NA,NA,NA,NA,NA,NA,NA,NA,NA,NA,NA,NA,NA,NA,NA,NA,NA,NA
"Derbyan Parakeet",NA,NA,NA,NA,NA,NA,NA,NA,NA,NA,NA,NA,NA,NA,NA,NA,NA,NA,NA,NA,NA,NA,NA,NA,NA,NA,NA,NA,NA,NA,NA,NA,NA
"Red-breasted Parakeet",NA,NA,NA,NA,NA,NA,NA,NA,NA,NA,NA,NA,NA,NA,NA,NA,NA,NA,NA,NA,NA,NA,NA,NA,NA,NA,NA,NA,NA,NA,NA,NA,NA
"Nicobar Parakeet",NA,NA,NA,NA,NA,NA,NA,NA,NA,NA,NA,NA,NA,NA,NA,NA,NA,NA,NA,NA,NA,NA,NA,NA,NA,NA,NA,NA,NA,NA,NA,NA,NA
"Long-tailed Parakeet",NA,NA,NA,NA,NA,NA,NA,NA,NA,NA,NA,NA,NA,NA,NA,NA,NA,NA,NA,NA,NA,NA,NA,NA,NA,NA,NA,NA,NA,NA,NA,NA,NA
"Vernal Hanging-Parrot",NA,NA,NA,NA,NA,NA,NA,NA,NA,NA,NA,NA,NA,NA,NA,NA,NA,NA,NA,NA,NA,NA,NA,NA,NA,NA,NA,NA,NA,NA,NA,NA,NA
"Long-tailed Broadbill",NA,NA,NA,NA,NA,NA,NA,NA,NA,NA,NA,NA,NA,NA,NA,NA,NA,NA,NA,NA,NA,NA,NA,NA,NA,NA,NA,NA,NA,NA,NA,NA,NA
"Gray-lored Broadbill",NA,NA,NA,NA,NA,NA,NA,NA,NA,NA,NA,NA,NA,NA,NA,NA,NA,NA,NA,NA,NA,NA,NA,NA,NA,NA,NA,NA,NA,NA,NA,NA,NA
"Blue-naped Pitta",NA,NA,NA,NA,NA,NA,NA,NA,NA,NA,NA,NA,NA,NA,NA,NA,NA,NA,NA,NA,NA,NA,NA,NA,NA,NA,NA,NA,NA,NA,NA,NA,NA
"Blue Pitta",NA,NA,NA,NA,NA,NA,NA,NA,NA,NA,NA,NA,NA,NA,NA,NA,NA,NA,NA,NA,NA,NA,NA,NA,NA,NA,NA,NA,NA,NA,NA,NA,NA
"Indian Pitta",-4.76238771555348,-1.14751953546252,2.46734864462844,-2.73562114472998,0.296712704100786,3.32904655293156,-3.48233205811513,-0.270488469178653,2.94135511975782,-4.1130439441158,-0.886176572723042,2.34069079866972,-3.82508440551109,-0.882744513919026,2.05959537767303,-3.92899980717292,-0.686804453674881,2.55539089982316,-3.46360424411745,-0.487352465681072,2.48889931275531,-4.12489805153233,-1.03376325267633,2.05737154617967,-4.30926117258035,-0.962845777700342,2.38356961717966,-3.55376054790772,-0.142841025060163,3.2680784977874,-5.02859062135568,-1.41000718881506,2.20857624372556
"Blue-winged Pitta",NA,NA,NA,NA,NA,NA,NA,NA,NA,NA,NA,NA,NA,NA,NA,NA,NA,NA,NA,NA,NA,NA,NA,NA,NA,NA,NA,NA,NA,NA,NA,NA,NA
"Nicobar Hooded Pitta",NA,NA,NA,NA,NA,NA,NA,NA,NA,NA,NA,NA,NA,NA,NA,NA,NA,NA,NA,NA,NA,NA,NA,NA,NA,NA,NA,NA,NA,NA,NA,NA,NA
"Western Hooded Pitta",NA,NA,NA,NA,NA,NA,NA,NA,NA,NA,NA,NA,NA,NA,NA,NA,NA,NA,NA,NA,NA,NA,NA,NA,NA,NA,NA,NA,NA,NA,NA,NA,NA
"Mangrove Pitta",NA,NA,NA,NA,NA,NA,NA,NA,NA,NA,NA,NA,NA,NA,NA,NA,NA,NA,NA,NA,NA,NA,NA,NA,NA,NA,NA,NA,NA,NA,NA,NA,NA
"White-bellied Minivet",NA,NA,NA,NA,NA,NA,NA,NA,NA,NA,NA,NA,NA,NA,NA,NA,NA,NA,NA,NA,NA,NA,NA,NA,NA,NA,NA,NA,NA,NA,NA,NA,NA
"Small Minivet",1.43342736084508,2.69327716078432,3.95312696072356,0.198247230750388,1.7737025913484,3.34915795194641,0.32288732973862,1.84773366323958,3.37257999674054,0.549611251074394,1.59169095885645,2.6337706666385,0.411571095454239,1.85846601668867,3.30536093792309,0.438111993008539,1.89876009409918,3.35940819518983,0.414277684512956,1.86583981493056,3.31740194534817,0.353944696962287,1.74674887723975,3.13955305751721,0.323438960873086,1.85311083131147,3.38278270174984,0.466498244113742,2.04158800451729,3.61667776492084,0.176318226244813,1.86550630557105,3.55469438489729
"Gray-chinned Minivet",NA,NA,NA,NA,NA,NA,NA,NA,NA,NA,NA,NA,NA,NA,NA,NA,NA,NA,NA,NA,NA,NA,NA,NA,NA,NA,NA,NA,NA,NA,NA,NA,NA
"Short-billed Minivet",NA,NA,NA,NA,NA,NA,NA,NA,NA,NA,NA,NA,NA,NA,NA,NA,NA,NA,NA,NA,NA,NA,NA,NA,NA,NA,NA,NA,NA,NA,NA,NA,NA
"Long-tailed Minivet",NA,NA,NA,NA,NA,NA,NA,NA,NA,NA,NA,NA,NA,NA,NA,NA,NA,NA,NA,NA,NA,NA,NA,NA,NA,NA,NA,NA,NA,NA,NA,NA,NA
"Orange Minivet",-4.73488007792994,-3.58302226422796,-2.43116445052598,-7.12763149843459,-5.52787598648885,-3.92812047454312,-6.73927357550958,-4.83919973158182,-2.93912588765406,-6.69593994350505,-4.8428853401722,-2.98983073683935,-6.70100206001496,-4.91093432731813,-3.12086659462131,-6.65180246276488,-4.85582649726265,-3.05985053176042,-6.62551598240399,-4.81261725980777,-2.99971853721154,-6.72326470487692,-4.85873606917057,-2.99420743346422,-6.69854375088223,-4.78853269299958,-2.87852163511694,-7.12970598052917,-5.26455086293986,-3.39939574535056,-7.09738278739483,-4.99615056666383,-2.89491834593283
"Scarlet Minivet",NA,NA,NA,NA,NA,NA,NA,NA,NA,NA,NA,NA,NA,NA,NA,NA,NA,NA,NA,NA,NA,NA,NA,NA,NA,NA,NA,NA,NA,NA,NA,NA,NA
"Ashy Minivet",NA,NA,NA,NA,NA,NA,NA,NA,NA,NA,NA,NA,NA,NA,NA,NA,NA,NA,NA,NA,NA,NA,NA,NA,NA,NA,NA,NA,NA,NA,NA,NA,NA
"Brown-rumped Minivet",NA,NA,NA,NA,NA,NA,NA,NA,NA,NA,NA,NA,NA,NA,NA,NA,NA,NA,NA,NA,NA,NA,NA,NA,NA,NA,NA,NA,NA,NA,NA,NA,NA
"Rosy Minivet",NA,NA,NA,NA,NA,NA,NA,NA,NA,NA,NA,NA,NA,NA,NA,NA,NA,NA,NA,NA,NA,NA,NA,NA,NA,NA,NA,NA,NA,NA,NA,NA,NA
"Indian Cuckooshrike",-8.49085172428111,-4.56986097888651,-0.648870233491899,-6.82226906414034,-3.29287851457869,0.236512034982958,-7.77743245119463,-4.14244370800516,-0.507454964815691,-6.07353640785448,-3.39717994943056,-0.72082349100665,-7.16704620251338,-4.36599317670813,-1.56494015090287,-7.4043615208509,-4.06836199722766,-0.732362473604427,-7.52909344561423,-4.03592078320732,-0.542748120800418,-7.53205890185527,-3.98817068040063,-0.444282458945988,-7.65771654828875,-4.00781858555142,-0.357920622814104,-8.05578449510563,-4.27164367970934,-0.487502864313054,-8.657939875324,-4.75004814202054,-0.842156408717071
"Oriental Cuckooshrike",NA,NA,NA,NA,NA,NA,NA,NA,NA,NA,NA,NA,NA,NA,NA,NA,NA,NA,NA,NA,NA,NA,NA,NA,NA,NA,NA,NA,NA,NA,NA,NA,NA
"Andaman Cuckooshrike",NA,NA,NA,NA,NA,NA,NA,NA,NA,NA,NA,NA,NA,NA,NA,NA,NA,NA,NA,NA,NA,NA,NA,NA,NA,NA,NA,NA,NA,NA,NA,NA,NA
"Pied Triller",NA,NA,NA,NA,NA,NA,NA,NA,NA,NA,NA,NA,NA,NA,NA,NA,NA,NA,NA,NA,NA,NA,NA,NA,NA,NA,NA,NA,NA,NA,NA,NA,NA
"Black-winged Cuckooshrike",NA,NA,NA,NA,NA,NA,NA,NA,NA,NA,NA,NA,NA,NA,NA,NA,NA,NA,NA,NA,NA,NA,NA,NA,NA,NA,NA,NA,NA,NA,NA,NA,NA
"Black-headed Cuckooshrike",2.85839959087425,4.25313933051216,5.64787907015007,0.777646657675231,2.91509414732281,5.05254163697038,0.678967129922597,2.55388917296945,4.4288112160163,0.832204182727938,2.7148993693177,4.59759455590747,0.923180097289981,2.88756130607604,4.85194251486211,0.962299756447912,2.92315182461032,4.88400389277273,1.02532156353129,2.98320839771398,4.94109523189666,0.812638566347847,2.77800706419297,4.74337556203808,0.753553365593642,2.82049898708185,4.88744460857005,0.523513479698545,2.60823061983178,4.69294775996501,0.71084154309327,2.99789251148968,5.2849434798861
"Black-headed Shrike-Babbler",NA,NA,NA,NA,NA,NA,NA,NA,NA,NA,NA,NA,NA,NA,NA,NA,NA,NA,NA,NA,NA,NA,NA,NA,NA,NA,NA,NA,NA,NA,NA,NA,NA
"White-browed Shrike-Babbler",NA,NA,NA,NA,NA,NA,NA,NA,NA,NA,NA,NA,NA,NA,NA,NA,NA,NA,NA,NA,NA,NA,NA,NA,NA,NA,NA,NA,NA,NA,NA,NA,NA
"Green Shrike-Babbler",NA,NA,NA,NA,NA,NA,NA,NA,NA,NA,NA,NA,NA,NA,NA,NA,NA,NA,NA,NA,NA,NA,NA,NA,NA,NA,NA,NA,NA,NA,NA,NA,NA
"Black-eared Shrike-Babbler",NA,NA,NA,NA,NA,NA,NA,NA,NA,NA,NA,NA,NA,NA,NA,NA,NA,NA,NA,NA,NA,NA,NA,NA,NA,NA,NA,NA,NA,NA,NA,NA,NA
"Clicking Shrike-Babbler",NA,NA,NA,NA,NA,NA,NA,NA,NA,NA,NA,NA,NA,NA,NA,NA,NA,NA,NA,NA,NA,NA,NA,NA,NA,NA,NA,NA,NA,NA,NA,NA,NA
"White-bellied Erpornis",NA,NA,NA,NA,NA,NA,NA,NA,NA,NA,NA,NA,NA,NA,NA,NA,NA,NA,NA,NA,NA,NA,NA,NA,NA,NA,NA,NA,NA,NA,NA,NA,NA
"Mangrove Whistler",NA,NA,NA,NA,NA,NA,NA,NA,NA,NA,NA,NA,NA,NA,NA,NA,NA,NA,NA,NA,NA,NA,NA,NA,NA,NA,NA,NA,NA,NA,NA,NA,NA
"Eurasian Golden Oriole",NA,NA,NA,NA,NA,NA,NA,NA,NA,NA,NA,NA,NA,NA,NA,NA,NA,NA,NA,NA,NA,NA,NA,NA,NA,NA,NA,NA,NA,NA,NA,NA,NA
"Indian Golden Oriole",-2.47839305976209,-0.173473397181201,2.13144626539969,-2.45346643452914,-0.345950377735345,1.76156567905845,-2.23328954880465,-0.14859982268426,1.93608990343613,-2.13566561000181,-0.11628774030194,1.90309012939793,-1.94211340620953,0.0453794353951678,2.03287227699987,-1.57846648553224,-0.00963054669030128,1.55920539215164,-1.88154249602028,-0.165377529148102,1.55078743772408,-1.97672184959612,0.068146879358056,2.11301560831223,-2.07397960234425,0.0398466171463728,2.15367283663699,-1.39788441740897,0.556851879920912,2.5115881772508,-2.12074953694678,0.194054523176806,2.50885858330039
"Black-naped Oriole",NA,NA,NA,NA,NA,NA,NA,NA,NA,NA,NA,NA,NA,NA,NA,NA,NA,NA,NA,NA,NA,NA,NA,NA,NA,NA,NA,NA,NA,NA,NA,NA,NA
"Slender-billed Oriole",NA,NA,NA,NA,NA,NA,NA,NA,NA,NA,NA,NA,NA,NA,NA,NA,NA,NA,NA,NA,NA,NA,NA,NA,NA,NA,NA,NA,NA,NA,NA,NA,NA
"Black-hooded Oriole",-2.22897208816577,0.846422115149601,3.92181631846497,-2.25206676429049,0.654340847332617,3.56074845895572,-2.75912468283214,0.184898319382575,3.12892132159729,-2.87803656663902,-0.0165601208356477,2.84491632496773,-1.79967192180383,-0.260365192542954,1.27894153671792,-2.60243029514973,0.0794225847498218,2.76127546464938,-2.79200934630425,0.0194161822329957,2.83084171077024,-2.86324403893823,0.00787482676248488,2.8789936924632,-3.00530566450528,-0.0608719117515737,2.88356184100213,-3.32034609101172,-0.31531540565116,2.6897152797094,-3.34855663596212,-0.0942754547042313,3.16000572655365
"Maroon Oriole",NA,NA,NA,NA,NA,NA,NA,NA,NA,NA,NA,NA,NA,NA,NA,NA,NA,NA,NA,NA,NA,NA,NA,NA,NA,NA,NA,NA,NA,NA,NA,NA,NA
"Ashy Woodswallow",NA,NA,NA,NA,NA,NA,NA,NA,NA,NA,NA,NA,NA,NA,NA,NA,NA,NA,NA,NA,NA,NA,NA,NA,NA,NA,NA,NA,NA,NA,NA,NA,NA
"White-breasted Woodswallow",NA,NA,NA,NA,NA,NA,NA,NA,NA,NA,NA,NA,NA,NA,NA,NA,NA,NA,NA,NA,NA,NA,NA,NA,NA,NA,NA,NA,NA,NA,NA,NA,NA
"Malabar Woodshrike",NA,NA,NA,NA,NA,NA,NA,NA,NA,NA,NA,NA,NA,NA,NA,NA,NA,NA,NA,NA,NA,NA,NA,NA,NA,NA,NA,NA,NA,NA,NA,NA,NA
"Large Woodshrike",NA,NA,NA,NA,NA,NA,NA,NA,NA,NA,NA,NA,NA,NA,NA,NA,NA,NA,NA,NA,NA,NA,NA,NA,NA,NA,NA,NA,NA,NA,NA,NA,NA
"Common Woodshrike",-0.285457081046624,2.05575747889545,4.39697203883752,-1.59133769801395,1.09870252641833,3.78874275085062,-1.74797024573746,0.880256622558864,3.50848349085519,-1.87483687380126,0.559720151447949,2.99427717669716,-1.27772933230878,0.555746996039184,2.38922332438715,-1.66403804524301,0.806841422869098,3.2777208909812,-1.74136716448133,0.786875360812829,3.31511788610699,-1.72962126804889,0.838303144209461,3.40622755646781,-1.69416718927015,0.930274316198259,3.55471582166666,-2.29726775494283,0.319736946164349,2.93674164727153,-2.61343263602991,0.148416569500106,2.91026577503012
"Bar-winged Flycatcher-shrike",NA,NA,NA,NA,NA,NA,NA,NA,NA,NA,NA,NA,NA,NA,NA,NA,NA,NA,NA,NA,NA,NA,NA,NA,NA,NA,NA,NA,NA,NA,NA,NA,NA
"Common Iora",0.151739541424132,1.95618003692157,3.76062053241902,-0.138206746241531,1.5137283006963,3.16566334763414,-0.00751227706243494,1.55265640645076,3.11282508996395,0.157239282576191,1.76635744637189,3.37547561016758,0.189264634690806,1.77299293777995,3.35672124086909,0.22214001261277,1.78489768305238,3.347655353492,0.517050929927147,1.62435488915149,2.73165884837584,0.108016793345732,1.65307591889184,3.19813504443794,0.0760107458866819,1.72692181395946,3.37783288203223,0.274270187545254,1.96914530596437,3.66402042438348,1.00997226966596,2.52172396441939,4.03347565917282
"White-tailed Iora",NA,NA,NA,NA,NA,NA,NA,NA,NA,NA,NA,NA,NA,NA,NA,NA,NA,NA,NA,NA,NA,NA,NA,NA,NA,NA,NA,NA,NA,NA,NA,NA,NA
"White-throated Fantail",NA,NA,NA,NA,NA,NA,NA,NA,NA,NA,NA,NA,NA,NA,NA,NA,NA,NA,NA,NA,NA,NA,NA,NA,NA,NA,NA,NA,NA,NA,NA,NA,NA
"Spot-breasted Fantail",9.32721148436809,11.5697010702771,13.8121906561861,9.34676644850125,11.4955579404404,13.6443494323796,9.08435617905941,11.1180237955869,13.1516914121145,9.20851112387204,11.2201938215353,13.2318765191986,9.40766282872512,11.2033189961477,12.9989751635703,9.45081344857474,11.3395959051738,13.2283783617729,9.31174822392,11.2788983404564,13.2460484569929,9.17912186338532,11.1054707032815,13.0318195431778,9.88691331547784,11.749361047711,13.6118087799442,9.29701672977517,11.4758547392935,13.6546927488117,8.69184335342965,10.9635902948342,13.2353372362388
"White-browed Fantail",-6.45954968296487,-3.5612792338776,-0.663008784790322,-6.58069724053378,-4.0930451439687,-1.60539304740363,-6.14016405142601,-3.48828359781121,-0.836403144196408,-5.31083715992349,-3.02689920472511,-0.742961249526724,-5.96817773113925,-3.43498739546872,-0.901797059798189,-5.76193685226556,-3.37192646478998,-0.9819160773144,-5.84685932825565,-3.52779301408349,-1.20872669991133,-5.95131597407464,-3.33712162813363,-0.722927282192626,-6.13246536790244,-3.44988342206231,-0.767301476222182,-4.92329244828075,-2.53744284481957,-0.15159324135838,-6.24171713905257,-3.28370393041213,-0.32569072177169
"Black Drongo",-1.14222375727473,-0.65129715094587,-0.160370544617006,-1.18334231231514,-0.7063158839982,-0.229289455681263,-1.18251210472296,-0.72049974155084,-0.258487378378718,-1.19326178557041,-0.741576530380836,-0.289891275191258,-1.11981400049541,-0.779196144798929,-0.438578289102448,-1.17904000611047,-0.738618112207983,-0.298196218305501,-1.16333877566568,-0.768465266983933,-0.373591758302189,-1.17582143237842,-0.721962934047464,-0.268104435716504,-1.21880406271106,-0.750417657820685,-0.282031252930307,-1.13479117286517,-0.664317343548879,-0.193843514232591,-1.35351707461602,-0.867681519076261,-0.381845963536502
"Ashy Drongo",-3.84303204003831,1.88954837195605,7.62212878395042,-5.79633190831121,-0.381245846328443,5.03384021565433,-5.3495039136071,-0.134635448128753,5.08023301734959,-5.01432681197685,0.194448983471458,5.40322477891977,-4.76127239490819,0.592908660057096,5.94708971502238,-3.67701921317521,0.563581663758862,4.80418254069293,-4.76006380009648,0.393272377013191,5.54660855412286,-5.02366738276499,0.222501918106995,5.46867121897898,-4.63169263314662,0.899474390483907,6.43064141411444,-4.0471253178747,1.48607042391918,7.01926616571306,-5.1354212766186,0.989023517803953,7.11346831222651
"White-bellied Drongo",-4.36911011903932,-1.84157568053089,0.685958757977545,-4.09544616892229,-1.77388723810596,0.547671692710374,-4.43157172250211,-2.09556360915443,0.240444504193245,-4.28568122405185,-2.0521480870675,0.181385049916849,-3.89224014332188,-2.41618888093556,-0.940137618549233,-4.22821256209308,-2.18592032246999,-0.143628082846892,-4.33628460147381,-2.12622617878738,0.0838322438990392,-4.55621970102691,-2.31215964949166,-0.0680995979564059,-4.71621771255114,-2.44911689772812,-0.182016082905095,-4.792806172604,-2.36782508314301,0.0571560063179752,-4.91257022880893,-2.32948684989494,0.253596529019047
"Crow-billed Drongo",NA,NA,NA,NA,NA,NA,NA,NA,NA,NA,NA,NA,NA,NA,NA,NA,NA,NA,NA,NA,NA,NA,NA,NA,NA,NA,NA,NA,NA,NA,NA,NA,NA
"Bronzed Drongo",NA,NA,NA,NA,NA,NA,NA,NA,NA,NA,NA,NA,NA,NA,NA,NA,NA,NA,NA,NA,NA,NA,NA,NA,NA,NA,NA,NA,NA,NA,NA,NA,NA
"Lesser Racket-tailed Drongo",NA,NA,NA,NA,NA,NA,NA,NA,NA,NA,NA,NA,NA,NA,NA,NA,NA,NA,NA,NA,NA,NA,NA,NA,NA,NA,NA,NA,NA,NA,NA,NA,NA
"Hair-crested Drongo",NA,NA,NA,NA,NA,NA,NA,NA,NA,NA,NA,NA,NA,NA,NA,NA,NA,NA,NA,NA,NA,NA,NA,NA,NA,NA,NA,NA,NA,NA,NA,NA,NA
"Andaman Drongo",NA,NA,NA,NA,NA,NA,NA,NA,NA,NA,NA,NA,NA,NA,NA,NA,NA,NA,NA,NA,NA,NA,NA,NA,NA,NA,NA,NA,NA,NA,NA,NA,NA
"Greater Racket-tailed Drongo",-5.71056751137379,-2.3392961087543,1.03197529386519,-5.83780378799056,-2.60919870294596,0.619406382098644,-6.15909249976125,-3.00730109030142,0.144490319158409,-5.66143335370189,-2.70576223733357,0.249908879034757,-4.93720344969251,-3.31793982487634,-1.69867620006017,-5.87639637367077,-2.94622615607431,-0.0160559384778571,-6.00828743396697,-2.99152499654926,0.0252374408684392,-6.08488706596634,-3.00824209639942,0.0684028731675061,-6.38685892988399,-3.44528359597137,-0.503708262058738,-6.20328352816027,-2.90592354725234,0.391436433655583,-6.39761408187703,-2.90864389090297,0.580326300071084
"Black-naped Monarch",-3.33352122535717,-0.69306274667778,1.94739573200161,-2.62061148051807,-0.418475865732052,1.78365974905396,-3.78649419346024,-1.35010181785748,1.08629055774528,-3.54365739641253,-1.13400272931949,1.27565193777354,-2.95267209056128,-1.42158191718327,0.109508256194731,-3.5211260487017,-1.15647624784467,1.20817355301237,-3.47210988838088,-1.11302959243776,1.24605070350537,-3.58906180645195,-1.16811726917933,1.25282726809329,-3.81229013544452,-1.37978188669849,1.05272636204753,-3.626974988708,-1.04515824093658,1.53665850683484,-4.40893622127651,-1.83417432847699,0.740587564322535
"Amur Paradise-Flycatcher",NA,NA,NA,NA,NA,NA,NA,NA,NA,NA,NA,NA,NA,NA,NA,NA,NA,NA,NA,NA,NA,NA,NA,NA,NA,NA,NA,NA,NA,NA,NA,NA,NA
"Blyth's Paradise-Flycatcher",NA,NA,NA,NA,NA,NA,NA,NA,NA,NA,NA,NA,NA,NA,NA,NA,NA,NA,NA,NA,NA,NA,NA,NA,NA,NA,NA,NA,NA,NA,NA,NA,NA
"Indian Paradise-Flycatcher",-2.79020238617495,-1.09444029506207,0.601321796050808,-3.11878534429281,-1.459237294641,0.200310755010809,-3.12090789726678,-1.54501845827593,0.0308709807149119,-3.00147132006869,-1.44746956356519,0.106532192938311,-2.82639157904081,-1.50178829436505,-0.177185009689301,-2.61176922796228,-1.39809728171517,-0.184425335468046,-2.96230673835189,-1.418742547783,0.124821642785891,-2.99037569913804,-1.41646597632394,0.157443746490164,-3.13542819130476,-1.59552277297431,-0.0556173546438596,-2.56179681808471,-1.0217859193896,0.518224979305507,-3.17896401670448,-1.39691509532394,0.385133826056595
"Tiger Shrike",NA,NA,NA,NA,NA,NA,NA,NA,NA,NA,NA,NA,NA,NA,NA,NA,NA,NA,NA,NA,NA,NA,NA,NA,NA,NA,NA,NA,NA,NA,NA,NA,NA
"Red-backed Shrike",NA,NA,NA,NA,NA,NA,NA,NA,NA,NA,NA,NA,NA,NA,NA,NA,NA,NA,NA,NA,NA,NA,NA,NA,NA,NA,NA,NA,NA,NA,NA,NA,NA
"Red-tailed Shrike",NA,NA,NA,NA,NA,NA,NA,NA,NA,NA,NA,NA,NA,NA,NA,NA,NA,NA,NA,NA,NA,NA,NA,NA,NA,NA,NA,NA,NA,NA,NA,NA,NA
"Isabelline Shrike",-25.1223448482022,-10.2026076050211,4.71712963815997,-16.374600678994,-1.91151424202486,12.5515721949443,-21.186140413786,-5.8906837145012,9.40477298478356,-17.132574796234,-3.64210473450121,9.84836532723162,-19.3203437202707,-6.24679002864087,6.82676366298896,-19.6057920453673,-5.33352487325707,8.93874229885315,-20.0355735714608,-5.81743597567543,8.40070162010994,-18.1847043473638,-4.01240633070563,10.1598916859526,-21.1830610061574,-5.83118665477562,9.52068769660611,-18.2337945952694,-2.90181039332487,12.4301738086196,-24.3831955474636,-7.7997251256312,8.78374529620116
"Brown Shrike",3.06809621349768,7.31257130661598,11.5570463997343,-1.07467548072835,4.1610538125855,9.39678310589935,-0.746070172666648,4.29018713943382,9.3264444515343,-0.464519975247315,4.46323556594585,9.39099110713902,0.027498255775181,4.30232934652263,8.57716043727009,0.113758241598956,4.64833875528439,9.18291926896982,-0.242064795495804,4.45152343612907,9.14511166775395,-0.432226403527086,4.03638507154852,8.50499654662412,-0.604210923595136,4.48917286005083,9.58255664369681,0.0425510595729477,5.24901593979494,10.4554808200169,-1.41603816345561,4.16634238232629,9.7487229281082
"Burmese Shrike",NA,NA,NA,NA,NA,NA,NA,NA,NA,NA,NA,NA,NA,NA,NA,NA,NA,NA,NA,NA,NA,NA,NA,NA,NA,NA,NA,NA,NA,NA,NA,NA,NA
"Bay-backed Shrike",-4.31181200158735,-3.24481563379539,-2.17781926600342,-4.09157094415067,-2.94929414151646,-1.80701733888225,-3.90672535454739,-2.78620700436532,-1.66568865418325,-3.85069528324627,-2.7674126675199,-1.68413005179353,-3.60489276193244,-2.73460788264003,-1.86432300334763,-3.79224715873696,-2.82012679077931,-1.84800642282166,-3.860666226352,-2.79405206602527,-1.72743790569855,-3.80061114056033,-2.7352900972645,-1.66996905396866,-3.99173564193195,-2.85998115138075,-1.72822666082956,-4.01124811411702,-2.82932236440926,-1.64739661470149,-3.74751879972445,-2.55616078579422,-1.36480277186399
"Long-tailed Shrike",-2.31081978547675,-1.57425895522518,-0.837698124973605,-2.18063710226254,-1.41398561046499,-0.647334118667447,-1.84400571896394,-1.11488458626605,-0.385763453568162,-1.94429198734168,-1.19581836374974,-0.447344740157796,-2.00214211099118,-1.24317375692761,-0.484205402864048,-1.88302690999464,-1.24878881220915,-0.614550714423663,-2.01764724134093,-1.26500770172553,-0.51236816211012,-2.0195933416827,-1.24459753266234,-0.469601723641984,-1.8550635356285,-1.11835956781927,-0.381655600010036,-2.06981457225201,-1.24101875103474,-0.412222929817465,-1.96945131229394,-1.11385899061991,-0.258266668945874
"Gray-backed Shrike",NA,NA,NA,NA,NA,NA,NA,NA,NA,NA,NA,NA,NA,NA,NA,NA,NA,NA,NA,NA,NA,NA,NA,NA,NA,NA,NA,NA,NA,NA,NA,NA,NA
"Great Gray Shrike",-6.78134248268213,-4.99284424291636,-3.20434600315058,-8.5882028384926,-6.67541988100648,-4.76263692352035,-7.85023014919685,-5.83612626257971,-3.82202237596256,-8.18817061868774,-6.15920997834436,-4.13024933800097,-7.99377099236437,-6.21960115912598,-4.44543132588759,-8.09484233598916,-6.07094043496554,-4.04703853394192,-8.1186984904153,-6.08397783677528,-4.04925718313527,-8.23245410563181,-6.22182571486033,-4.21119732408885,-7.99710576095353,-5.90462587470492,-3.81214598845632,-8.33021761824052,-6.11158362795519,-3.89294963766986,-8.70756974227408,-6.39879424553926,-4.09001874880443
"Lesser Gray Shrike",NA,NA,NA,NA,NA,NA,NA,NA,NA,NA,NA,NA,NA,NA,NA,NA,NA,NA,NA,NA,NA,NA,NA,NA,NA,NA,NA,NA,NA,NA,NA,NA,NA
"Giant Shrike",NA,NA,NA,NA,NA,NA,NA,NA,NA,NA,NA,NA,NA,NA,NA,NA,NA,NA,NA,NA,NA,NA,NA,NA,NA,NA,NA,NA,NA,NA,NA,NA,NA
"Masked Shrike",NA,NA,NA,NA,NA,NA,NA,NA,NA,NA,NA,NA,NA,NA,NA,NA,NA,NA,NA,NA,NA,NA,NA,NA,NA,NA,NA,NA,NA,NA,NA,NA,NA
"Woodchat Shrike",NA,NA,NA,NA,NA,NA,NA,NA,NA,NA,NA,NA,NA,NA,NA,NA,NA,NA,NA,NA,NA,NA,NA,NA,NA,NA,NA,NA,NA,NA,NA,NA,NA
"Eurasian Jay",NA,NA,NA,NA,NA,NA,NA,NA,NA,NA,NA,NA,NA,NA,NA,NA,NA,NA,NA,NA,NA,NA,NA,NA,NA,NA,NA,NA,NA,NA,NA,NA,NA
"Black-headed Jay",NA,NA,NA,NA,NA,NA,NA,NA,NA,NA,NA,NA,NA,NA,NA,NA,NA,NA,NA,NA,NA,NA,NA,NA,NA,NA,NA,NA,NA,NA,NA,NA,NA
"Yellow-billed Blue-Magpie",NA,NA,NA,NA,NA,NA,NA,NA,NA,NA,NA,NA,NA,NA,NA,NA,NA,NA,NA,NA,NA,NA,NA,NA,NA,NA,NA,NA,NA,NA,NA,NA,NA
"Red-billed Blue-Magpie",NA,NA,NA,NA,NA,NA,NA,NA,NA,NA,NA,NA,NA,NA,NA,NA,NA,NA,NA,NA,NA,NA,NA,NA,NA,NA,NA,NA,NA,NA,NA,NA,NA
"Common Green-Magpie",NA,NA,NA,NA,NA,NA,NA,NA,NA,NA,NA,NA,NA,NA,NA,NA,NA,NA,NA,NA,NA,NA,NA,NA,NA,NA,NA,NA,NA,NA,NA,NA,NA
"Rufous Treepie",1.0011366072042,2.10117197349785,3.20120733979151,-0.188066670471661,1.12514228026307,2.4383512309978,0.0101773367034421,1.35529190310286,2.70040646950227,0.182282886153022,1.47378882063608,2.76529475511913,0.3285182203875,1.27345428251667,2.21839034464583,0.125578343688675,1.40208946592375,2.67860058815883,0.0973646006587481,1.35817573164612,2.61898686263348,0.0458951512244159,1.35316306582822,2.66043098043201,0.0848482006093929,1.4362271790577,2.78760615750601,-0.111334093213929,1.28255910685431,2.67645230692255,-0.133977133484407,1.35511935010272,2.84421583368986
"Gray Treepie",NA,NA,NA,NA,NA,NA,NA,NA,NA,NA,NA,NA,NA,NA,NA,NA,NA,NA,NA,NA,NA,NA,NA,NA,NA,NA,NA,NA,NA,NA,NA,NA,NA
"White-bellied Treepie",NA,NA,NA,NA,NA,NA,NA,NA,NA,NA,NA,NA,NA,NA,NA,NA,NA,NA,NA,NA,NA,NA,NA,NA,NA,NA,NA,NA,NA,NA,NA,NA,NA
"Collared Treepie",NA,NA,NA,NA,NA,NA,NA,NA,NA,NA,NA,NA,NA,NA,NA,NA,NA,NA,NA,NA,NA,NA,NA,NA,NA,NA,NA,NA,NA,NA,NA,NA,NA
"Andaman Treepie",NA,NA,NA,NA,NA,NA,NA,NA,NA,NA,NA,NA,NA,NA,NA,NA,NA,NA,NA,NA,NA,NA,NA,NA,NA,NA,NA,NA,NA,NA,NA,NA,NA
"Black-rumped Magpie",NA,NA,NA,NA,NA,NA,NA,NA,NA,NA,NA,NA,NA,NA,NA,NA,NA,NA,NA,NA,NA,NA,NA,NA,NA,NA,NA,NA,NA,NA,NA,NA,NA
"Eurasian Magpie",NA,NA,NA,NA,NA,NA,NA,NA,NA,NA,NA,NA,NA,NA,NA,NA,NA,NA,NA,NA,NA,NA,NA,NA,NA,NA,NA,NA,NA,NA,NA,NA,NA
"Southern Nutcracker",NA,NA,NA,NA,NA,NA,NA,NA,NA,NA,NA,NA,NA,NA,NA,NA,NA,NA,NA,NA,NA,NA,NA,NA,NA,NA,NA,NA,NA,NA,NA,NA,NA
"Kashmir Nutcracker",NA,NA,NA,NA,NA,NA,NA,NA,NA,NA,NA,NA,NA,NA,NA,NA,NA,NA,NA,NA,NA,NA,NA,NA,NA,NA,NA,NA,NA,NA,NA,NA,NA
"Red-billed Chough",NA,NA,NA,NA,NA,NA,NA,NA,NA,NA,NA,NA,NA,NA,NA,NA,NA,NA,NA,NA,NA,NA,NA,NA,NA,NA,NA,NA,NA,NA,NA,NA,NA
"Yellow-billed Chough",NA,NA,NA,NA,NA,NA,NA,NA,NA,NA,NA,NA,NA,NA,NA,NA,NA,NA,NA,NA,NA,NA,NA,NA,NA,NA,NA,NA,NA,NA,NA,NA,NA
"Eurasian Jackdaw",NA,NA,NA,NA,NA,NA,NA,NA,NA,NA,NA,NA,NA,NA,NA,NA,NA,NA,NA,NA,NA,NA,NA,NA,NA,NA,NA,NA,NA,NA,NA,NA,NA
"House Crow",-3.93487848163825,-1.95641553418383,0.0220474132706004,-3.53091747828599,-1.44510619845648,0.640705081373027,-3.38536780243241,-1.38016443713204,0.625038928168331,-2.87596681298023,-1.00334391945963,0.869278974060966,-2.2071433742086,-0.981959612640846,0.243224148926909,-3.1094658878461,-1.20084006688271,0.707785754080675,-3.16266658354397,-1.19779487937818,0.767076824787609,-3.1345346606097,-1.14838213652256,0.837770387564578,-3.1334363684734,-1.09868654505729,0.936063278358821,-3.05464694666849,-0.961896415374884,1.13085411591873,-3.19041256467933,-0.958638475115664,1.273135614448
"Rook",NA,NA,NA,NA,NA,NA,NA,NA,NA,NA,NA,NA,NA,NA,NA,NA,NA,NA,NA,NA,NA,NA,NA,NA,NA,NA,NA,NA,NA,NA,NA,NA,NA
"Carrion Crow",NA,NA,NA,NA,NA,NA,NA,NA,NA,NA,NA,NA,NA,NA,NA,NA,NA,NA,NA,NA,NA,NA,NA,NA,NA,NA,NA,NA,NA,NA,NA,NA,NA
"Hooded Crow",NA,NA,NA,NA,NA,NA,NA,NA,NA,NA,NA,NA,NA,NA,NA,NA,NA,NA,NA,NA,NA,NA,NA,NA,NA,NA,NA,NA,NA,NA,NA,NA,NA
"Large-billed Crow",-0.594217589378274,0.580732763413876,1.75568311620603,-0.546391014637305,0.540636420343709,1.62766385532472,-0.461364134560224,0.567088553346773,1.59554124125377,-0.314704873563989,0.741607696109685,1.79792026578336,-0.0315582556647886,0.801398840606194,1.63435593687718,-0.326288886627143,0.714175935153079,1.7546407569333,-0.34064860394521,0.694785618522745,1.7302198409907,-0.371576862251614,0.583428296060803,1.53843345437322,-0.405490704475997,0.686439826964575,1.77837035840515,-0.239223190314975,0.866859518738401,1.97294222779178,0.0965652779870875,1.13792685589423,2.17928843380137
"Pied Crow",NA,NA,NA,NA,NA,NA,NA,NA,NA,NA,NA,NA,NA,NA,NA,NA,NA,NA,NA,NA,NA,NA,NA,NA,NA,NA,NA,NA,NA,NA,NA,NA,NA
"Common Raven",NA,NA,NA,NA,NA,NA,NA,NA,NA,NA,NA,NA,NA,NA,NA,NA,NA,NA,NA,NA,NA,NA,NA,NA,NA,NA,NA,NA,NA,NA,NA,NA,NA
"Yellow-bellied Fairy-Fantail",NA,NA,NA,NA,NA,NA,NA,NA,NA,NA,NA,NA,NA,NA,NA,NA,NA,NA,NA,NA,NA,NA,NA,NA,NA,NA,NA,NA,NA,NA,NA,NA,NA
"Gray-headed Canary-Flycatcher",-7.11438945003449,-4.97553125624099,-2.83667306244749,-8.55547095092016,-6.08989521141149,-3.62431947190281,-8.59711851922083,-6.67701586875162,-4.75691321828242,-8.07867229629748,-5.86749000911063,-3.65630772192378,-8.37199232201388,-6.12352117111666,-3.87505002021943,-8.11312053180136,-6.06153385220908,-4.00994717261681,-8.35926573002101,-6.06251819823767,-3.76577066645433,-8.48058181935712,-6.17758093054694,-3.87458004173675,-8.66455241056746,-6.3845585056922,-4.10456460081694,-8.42300170900628,-5.93675104888737,-3.45050038876846,-8.80838081011261,-6.1707045523631,-3.53302829461359
"Fire-capped Tit",NA,NA,NA,NA,NA,NA,NA,NA,NA,NA,NA,NA,NA,NA,NA,NA,NA,NA,NA,NA,NA,NA,NA,NA,NA,NA,NA,NA,NA,NA,NA,NA,NA
"Yellow-browed Tit",NA,NA,NA,NA,NA,NA,NA,NA,NA,NA,NA,NA,NA,NA,NA,NA,NA,NA,NA,NA,NA,NA,NA,NA,NA,NA,NA,NA,NA,NA,NA,NA,NA
"Sultan Tit",NA,NA,NA,NA,NA,NA,NA,NA,NA,NA,NA,NA,NA,NA,NA,NA,NA,NA,NA,NA,NA,NA,NA,NA,NA,NA,NA,NA,NA,NA,NA,NA,NA
"Coal Tit",NA,NA,NA,NA,NA,NA,NA,NA,NA,NA,NA,NA,NA,NA,NA,NA,NA,NA,NA,NA,NA,NA,NA,NA,NA,NA,NA,NA,NA,NA,NA,NA,NA
"Rufous-naped Tit",NA,NA,NA,NA,NA,NA,NA,NA,NA,NA,NA,NA,NA,NA,NA,NA,NA,NA,NA,NA,NA,NA,NA,NA,NA,NA,NA,NA,NA,NA,NA,NA,NA
"Rufous-vented Tit",NA,NA,NA,NA,NA,NA,NA,NA,NA,NA,NA,NA,NA,NA,NA,NA,NA,NA,NA,NA,NA,NA,NA,NA,NA,NA,NA,NA,NA,NA,NA,NA,NA
"Gray-crested Tit",NA,NA,NA,NA,NA,NA,NA,NA,NA,NA,NA,NA,NA,NA,NA,NA,NA,NA,NA,NA,NA,NA,NA,NA,NA,NA,NA,NA,NA,NA,NA,NA,NA
"Azure Tit",NA,NA,NA,NA,NA,NA,NA,NA,NA,NA,NA,NA,NA,NA,NA,NA,NA,NA,NA,NA,NA,NA,NA,NA,NA,NA,NA,NA,NA,NA,NA,NA,NA
"Ground Tit",NA,NA,NA,NA,NA,NA,NA,NA,NA,NA,NA,NA,NA,NA,NA,NA,NA,NA,NA,NA,NA,NA,NA,NA,NA,NA,NA,NA,NA,NA,NA,NA,NA
"Green-backed Tit",NA,NA,NA,NA,NA,NA,NA,NA,NA,NA,NA,NA,NA,NA,NA,NA,NA,NA,NA,NA,NA,NA,NA,NA,NA,NA,NA,NA,NA,NA,NA,NA,NA
"Asian Tit",1.93752023162921,4.40655197285718,6.87558371408515,1.87333413196447,4.243835635404,6.61433713884354,1.3183868910319,3.66308627614695,6.00778566126199,1.41884912260361,3.66813630952479,5.91742349644598,1.62551845478404,3.71041705832276,5.79531566186147,1.57925569070058,3.84672327390087,6.11419085710117,1.53009869591002,3.82857763408036,6.12705657225071,1.44445370109049,3.6021737137784,5.7598937264663,1.31089830222141,3.68018349984326,6.04946869746511,2.52480907185402,4.60007974733532,6.67535042281662,0.697020425105656,3.08712878700096,5.47723714889626
"White-naped Tit",NA,NA,NA,NA,NA,NA,NA,NA,NA,NA,NA,NA,NA,NA,NA,NA,NA,NA,NA,NA,NA,NA,NA,NA,NA,NA,NA,NA,NA,NA,NA,NA,NA
"Himalayan Black-lored Tit",NA,NA,NA,NA,NA,NA,NA,NA,NA,NA,NA,NA,NA,NA,NA,NA,NA,NA,NA,NA,NA,NA,NA,NA,NA,NA,NA,NA,NA,NA,NA,NA,NA
"Indian Yellow Tit",-5.30005225188846,-3.6400633986811,-1.98007454547374,-7.51808719689043,-5.38636399639474,-3.25464079589906,-6.76133294086798,-4.65283995388607,-2.54434696690415,-7.04079779870781,-5.2674399799338,-3.49408216115979,-7.03257693755601,-4.92100085361337,-2.80942476967073,-6.97185730526405,-4.91570460419435,-2.85955190312466,-6.94658870061381,-4.8598539177259,-2.77311913483798,-7.13842796716965,-5.01414388978643,-2.88985981240321,-7.05977075720442,-4.85514233763418,-2.65051391806395,-7.29199590886195,-4.99680002448545,-2.70160414010896,-7.7598645273889,-5.43637993331528,-3.11289533924165
"Yellow-cheeked Tit",NA,NA,NA,NA,NA,NA,NA,NA,NA,NA,NA,NA,NA,NA,NA,NA,NA,NA,NA,NA,NA,NA,NA,NA,NA,NA,NA,NA,NA,NA,NA,NA,NA
"White-crowned Penduline-Tit",NA,NA,NA,NA,NA,NA,NA,NA,NA,NA,NA,NA,NA,NA,NA,NA,NA,NA,NA,NA,NA,NA,NA,NA,NA,NA,NA,NA,NA,NA,NA,NA,NA
"Greater Hoopoe-Lark",NA,NA,NA,NA,NA,NA,NA,NA,NA,NA,NA,NA,NA,NA,NA,NA,NA,NA,NA,NA,NA,NA,NA,NA,NA,NA,NA,NA,NA,NA,NA,NA,NA
"Rufous-tailed Lark",-5.19328506105846,-4.22054934750484,-3.24781363395122,-4.70524691722547,-3.48964512371455,-2.27404333020364,-4.4344350990001,-3.37374054412424,-2.31304598924837,-4.79370973012708,-3.707094304545,-2.62047887896293,-4.6242077710752,-3.54740414378297,-2.47060051649073,-4.66807301739552,-3.59656183125182,-2.52505064510812,-4.71181911331311,-3.57928698498881,-2.44675485666451,-4.76342584552518,-3.60520005598275,-2.44697426644032,-4.80841224167193,-3.61949862312729,-2.43058500458265,-4.92865379630962,-3.70620682206163,-2.48375984781365,-4.33952612333759,-3.17463025611735,-2.00973438889711
"Desert Lark",NA,NA,NA,NA,NA,NA,NA,NA,NA,NA,NA,NA,NA,NA,NA,NA,NA,NA,NA,NA,NA,NA,NA,NA,NA,NA,NA,NA,NA,NA,NA,NA,NA
"Black-crowned Sparrow-Lark",NA,NA,NA,NA,NA,NA,NA,NA,NA,NA,NA,NA,NA,NA,NA,NA,NA,NA,NA,NA,NA,NA,NA,NA,NA,NA,NA,NA,NA,NA,NA,NA,NA
"Ashy-crowned Sparrow-Lark",-4.97214737409325,-4.36912241925903,-3.76609746442482,-4.6855878154522,-3.68405829443501,-2.68252877341782,-4.44069668382696,-3.56839114252431,-2.69608560122167,-4.59326885169916,-3.67770871413819,-2.76214857657722,-4.65297392895594,-3.73184861370503,-2.81072329845412,-4.67466017365869,-3.74926574346415,-2.8238713132696,-4.65637057745822,-3.72979200829073,-2.80321343912323,-4.70830811211674,-3.75680101330089,-2.80529391448505,-4.72713877774034,-3.7492208925529,-2.77130300736546,-4.87052250934357,-3.87806376854225,-2.88560502774093,-4.36447377114236,-3.40567947501662,-2.44688517889087
"Jerdon's Bushlark",NA,NA,NA,NA,NA,NA,NA,NA,NA,NA,NA,NA,NA,NA,NA,NA,NA,NA,NA,NA,NA,NA,NA,NA,NA,NA,NA,NA,NA,NA,NA,NA,NA
"Indian Bushlark",-7.34131409286886,-4.75137944930398,-2.16144480573911,-7.01366268096994,-4.49524745870086,-1.97683223643178,-4.26338996957334,-3.18822279199119,-2.11305561440904,-6.54722051301339,-4.12967288207122,-1.71212525112905,-6.54354468860008,-4.16042561214008,-1.77730653568008,-6.49694667871908,-4.14864699902318,-1.80034731932729,-6.39842172098914,-4.07005291533808,-1.74168410968702,-6.22465266536897,-3.92534447013152,-1.62603627489407,-6.71394391262053,-4.22967370635536,-1.74540350009019,-6.86079729308179,-4.27688644197477,-1.69297559086775,-7.19966044631919,-4.49843894071067,-1.79721743510216
"Bengal Bushlark",NA,NA,NA,NA,NA,NA,NA,NA,NA,NA,NA,NA,NA,NA,NA,NA,NA,NA,NA,NA,NA,NA,NA,NA,NA,NA,NA,NA,NA,NA,NA,NA,NA
"Singing Bushlark",NA,NA,NA,NA,NA,NA,NA,NA,NA,NA,NA,NA,NA,NA,NA,NA,NA,NA,NA,NA,NA,NA,NA,NA,NA,NA,NA,NA,NA,NA,NA,NA,NA
"Eurasian Skylark",NA,NA,NA,NA,NA,NA,NA,NA,NA,NA,NA,NA,NA,NA,NA,NA,NA,NA,NA,NA,NA,NA,NA,NA,NA,NA,NA,NA,NA,NA,NA,NA,NA
"Oriental Skylark",-4.82484357099537,-1.63827600764494,1.54829155570549,-4.55610728145912,-1.68413926987245,1.18782874171422,-5.62263354051952,-2.95136152391747,-0.280089507315415,-5.28775518196268,-2.82646954911933,-0.365183916275969,-5.23658995204849,-2.33899004453413,0.558609862980224,-5.27800006538481,-2.3627000345487,0.552599996287415,-5.20773389111017,-2.52984225959189,0.148049371926394,-5.29992173863021,-2.32284030519815,0.65424112823391,-5.50142103986023,-2.44235134702247,0.616718345815284,-5.42069900406546,-2.23195225784892,0.95679448836761,-5.64037660122022,-2.26697814240305,1.10642031641411
"Tawny Lark",-3.45199478199139,-1.89738787153994,-0.342780961088502,-4.05657056264009,-2.43102645498579,-0.805482347331477,-4.06086784473986,-2.86398513843095,-1.66710243212204,-3.84890011495076,-2.34355848290806,-0.83821685086537,-3.94639121461518,-2.44969386680875,-0.952996519002315,-3.85018213633712,-2.41472557221683,-0.979269008096544,-3.86962194509363,-2.37634712788046,-0.883072310667298,-4.02797712035084,-2.55059201901938,-1.07320691768793,-3.67374698223279,-2.18608716944093,-0.698427356649076,-4.11354291209709,-2.45979700502457,-0.806051097952045,-4.34472212656125,-2.61191210104982,-0.879102075538384
"Crested Lark",NA,NA,NA,NA,NA,NA,NA,NA,NA,NA,NA,NA,NA,NA,NA,NA,NA,NA,NA,NA,NA,NA,NA,NA,NA,NA,NA,NA,NA,NA,NA,NA,NA
"Malabar Lark",-8.88305285393977,-7.0507669228711,-5.21848099180244,-6.83448371483601,-4.95859520671455,-3.08270669859308,-7.8838083054522,-5.61074768739623,-3.33768706934026,-8.17052310368367,-5.88591033258666,-3.60129756148965,-8.09744223555604,-5.94298410083263,-3.78852596610922,-8.05987558035923,-5.84229198257367,-3.6247083847881,-8.12619495370105,-5.86772930845261,-3.60926366320416,-8.05083426194284,-5.76459876877197,-3.4783632756011,-8.33693409243139,-5.99596247364504,-3.65499085485869,-8.41519180109414,-5.95692061419141,-3.49864942728868,-7.94529534771981,-5.41162336394984,-2.87795138017986
"Horned Lark",NA,NA,NA,NA,NA,NA,NA,NA,NA,NA,NA,NA,NA,NA,NA,NA,NA,NA,NA,NA,NA,NA,NA,NA,NA,NA,NA,NA,NA,NA,NA,NA,NA
"Greater Short-toed Lark",NA,NA,NA,NA,NA,NA,NA,NA,NA,NA,NA,NA,NA,NA,NA,NA,NA,NA,NA,NA,NA,NA,NA,NA,NA,NA,NA,NA,NA,NA,NA,NA,NA
"Hume's Lark",NA,NA,NA,NA,NA,NA,NA,NA,NA,NA,NA,NA,NA,NA,NA,NA,NA,NA,NA,NA,NA,NA,NA,NA,NA,NA,NA,NA,NA,NA,NA,NA,NA
"Mongolian Short-toed Lark",NA,NA,NA,NA,NA,NA,NA,NA,NA,NA,NA,NA,NA,NA,NA,NA,NA,NA,NA,NA,NA,NA,NA,NA,NA,NA,NA,NA,NA,NA,NA,NA,NA
"Bimaculated Lark",NA,NA,NA,NA,NA,NA,NA,NA,NA,NA,NA,NA,NA,NA,NA,NA,NA,NA,NA,NA,NA,NA,NA,NA,NA,NA,NA,NA,NA,NA,NA,NA,NA
"Tibetan Lark",NA,NA,NA,NA,NA,NA,NA,NA,NA,NA,NA,NA,NA,NA,NA,NA,NA,NA,NA,NA,NA,NA,NA,NA,NA,NA,NA,NA,NA,NA,NA,NA,NA
"Turkestan Short-toed Lark",NA,NA,NA,NA,NA,NA,NA,NA,NA,NA,NA,NA,NA,NA,NA,NA,NA,NA,NA,NA,NA,NA,NA,NA,NA,NA,NA,NA,NA,NA,NA,NA,NA
"Sand Lark",NA,NA,NA,NA,NA,NA,NA,NA,NA,NA,NA,NA,NA,NA,NA,NA,NA,NA,NA,NA,NA,NA,NA,NA,NA,NA,NA,NA,NA,NA,NA,NA,NA
"Common Tailorbird",5.53098698868825,7.74371823975886,9.95644949082946,4.87274690443022,6.75986598051359,8.64698505659697,5.15982707522207,7.17284492711632,9.18586277901057,5.27606617578519,7.25803843046413,9.24001068514306,5.6072701430424,7.45723804238559,9.30720594172878,5.6217985022614,7.35462417378394,9.08744984530647,5.47286192285051,7.2219386086092,8.97101529436789,5.55897215364739,7.50684825965073,9.45472436565406,5.67080422295646,7.63404621771761,9.59728821247875,5.42750551642855,7.55594926944755,9.68439302246655,5.03199035993478,7.31213627426096,9.59228218858714
"Dark-necked Tailorbird",NA,NA,NA,NA,NA,NA,NA,NA,NA,NA,NA,NA,NA,NA,NA,NA,NA,NA,NA,NA,NA,NA,NA,NA,NA,NA,NA,NA,NA,NA,NA,NA,NA
"Himalayan Prinia",NA,NA,NA,NA,NA,NA,NA,NA,NA,NA,NA,NA,NA,NA,NA,NA,NA,NA,NA,NA,NA,NA,NA,NA,NA,NA,NA,NA,NA,NA,NA,NA,NA
"Black-throated Prinia",NA,NA,NA,NA,NA,NA,NA,NA,NA,NA,NA,NA,NA,NA,NA,NA,NA,NA,NA,NA,NA,NA,NA,NA,NA,NA,NA,NA,NA,NA,NA,NA,NA
"Rufous-crowned Prinia",NA,NA,NA,NA,NA,NA,NA,NA,NA,NA,NA,NA,NA,NA,NA,NA,NA,NA,NA,NA,NA,NA,NA,NA,NA,NA,NA,NA,NA,NA,NA,NA,NA
"Hill Prinia",NA,NA,NA,NA,NA,NA,NA,NA,NA,NA,NA,NA,NA,NA,NA,NA,NA,NA,NA,NA,NA,NA,NA,NA,NA,NA,NA,NA,NA,NA,NA,NA,NA
"Gray-crowned Prinia",NA,NA,NA,NA,NA,NA,NA,NA,NA,NA,NA,NA,NA,NA,NA,NA,NA,NA,NA,NA,NA,NA,NA,NA,NA,NA,NA,NA,NA,NA,NA,NA,NA
"Rufous-fronted Prinia",-25.7344290687395,-11.1497186122744,3.43499184419073,-25.817542591006,-13.468520925603,-1.1194992601999,-21.0689086276579,-7.86266557798937,5.34357747167916,-20.9077231606782,-8.26324445968883,4.38123424130056,-18.4504597469442,-8.37198639139455,1.70648696415508,-22.3486374953472,-9.33061216168823,3.68741317197071,-22.6372005687304,-9.22546874314805,4.18626308243426,-22.7854092410307,-9.15470661239379,4.4759960162431,-23.0137316004415,-9.01123144850065,4.99126870344016,-23.9225994617757,-9.32288234990884,5.276834761958,-23.5254184404096,-8.22818750765441,7.06904342510075
"Rufescent Prinia",NA,NA,NA,NA,NA,NA,NA,NA,NA,NA,NA,NA,NA,NA,NA,NA,NA,NA,NA,NA,NA,NA,NA,NA,NA,NA,NA,NA,NA,NA,NA,NA,NA
"Gray-breasted Prinia",2.32526630401279,3.5833950892791,4.84152387454541,2.07796947627997,3.25150122222793,4.42503296817589,2.86877701784938,3.73877511137668,4.60877320490399,2.2405907888439,3.34549834276964,4.45040589669539,2.2970362881775,3.41257926896972,4.52812224976195,2.32484243081893,3.41235378839828,4.49986514597762,2.32986381596256,3.43609038073067,4.54231694549878,2.57131169241009,3.56645339491492,4.56159509741976,2.35724529206009,3.50497017291645,4.6526950537728,2.06468959868761,3.24264583311339,4.42060206753917,1.84679900869742,2.97940581106044,4.11201261342346
"Delicate Prinia",NA,NA,NA,NA,NA,NA,NA,NA,NA,NA,NA,NA,NA,NA,NA,NA,NA,NA,NA,NA,NA,NA,NA,NA,NA,NA,NA,NA,NA,NA,NA,NA,NA
"Jungle Prinia",1.17816012994847,4.95724938276852,8.73633863558856,2.13308542828008,5.51908737265141,8.90508931702273,2.75213980249919,5.65114114179386,8.55014248108853,1.37640738994462,4.62241679898909,7.86842620803356,1.82776746835573,4.61993017110015,7.41209287384458,1.58859832945564,4.86767813252258,8.14675793558952,1.89737732164132,5.03211720236653,8.16685708309174,1.62066471336979,4.96847297498375,8.3162812365977,1.72867675677151,5.12926400552834,8.52985125428517,0.795941562708872,4.19007968086284,7.58421779901681,0.334214792967909,3.88047321496959,7.42673163697128
"Yellow-bellied Prinia",NA,NA,NA,NA,NA,NA,NA,NA,NA,NA,NA,NA,NA,NA,NA,NA,NA,NA,NA,NA,NA,NA,NA,NA,NA,NA,NA,NA,NA,NA,NA,NA,NA
"Ashy Prinia",0.134376457480853,2.33148242891867,4.52858840035648,0.731665330177067,3.22912948551429,5.72659364085151,1.05704781516368,3.46778682838338,5.87852584160309,1.23439962484212,3.53356811167247,5.83273659850281,1.63345840106321,3.5702125252879,5.50696664951258,1.30209184097896,3.3905855275413,5.47907921410364,1.07872301570271,3.39995481815865,5.72118662061459,1.21627483845802,3.52355414274543,5.83083344703284,1.82740439466505,3.91201436927181,5.99662434387858,0.835552832109339,3.35648670658531,5.87742058106128,0.668741665625708,3.33623525573161,6.0037288458375
"Plain Prinia",-6.36037635121561,-4.0907537953414,-1.82113123946719,-3.79698264072547,-0.859780464346295,2.07742171203288,-5.27548243754449,-1.87317638207678,1.52912967339092,-5.40606630394651,-2.12332603750736,1.15941422893178,-4.9797968621502,-1.84283087645048,1.29413510924923,-5.23017148876086,-1.98428744951478,1.26159658973131,-5.28514673465456,-2.09431082225816,1.09652509013825,-5.29961554954097,-1.96881594568392,1.36198365817314,-4.92680305205295,-1.61705248714331,1.69269807776633,-5.83518625152235,-2.32783960090912,1.17950704970411,-4.77759075482718,-1.18010396676183,2.41738282130353
"Zitting Cisticola",-1.79038710396311,1.18907025540918,4.16852761478148,-1.5110212938609,1.29103446431474,4.09309022249038,-0.628869915110468,1.70757245366366,4.04401482243779,-1.53459665194586,0.739396995797188,3.01339064354024,-1.44796081249812,0.997053073620697,3.44206695973951,-1.46890430255918,1.12806009004244,3.72502448264407,-1.42688718833795,0.990132624504778,3.40715243734751,-1.32903512805257,1.27349430196778,3.87602373198812,-1.10264661822908,1.49349085105903,4.08962832034714,-2.13855680110932,0.433051861383492,3.00466052387631,-1.8358306494491,1.16523546406943,4.16630157758795
"Golden-headed Cisticola",NA,NA,NA,NA,NA,NA,NA,NA,NA,NA,NA,NA,NA,NA,NA,NA,NA,NA,NA,NA,NA,NA,NA,NA,NA,NA,NA,NA,NA,NA,NA,NA,NA
"Thick-billed Warbler",NA,NA,NA,NA,NA,NA,NA,NA,NA,NA,NA,NA,NA,NA,NA,NA,NA,NA,NA,NA,NA,NA,NA,NA,NA,NA,NA,NA,NA,NA,NA,NA,NA
"Booted Warbler",-0.0607649534942589,2.01452579815705,4.08981654980836,-0.58204581951574,1.36109608604758,3.3042379916109,0.368547539736449,2.06705622540911,3.76556491108177,-0.216252199554796,1.36217527644683,2.94060275244845,-0.0894432672783885,1.72820380733599,3.54585088195037,-0.183433254208587,1.67210699304191,3.52764724029241,-0.111232876500819,1.72292773009722,3.55708833669525,-0.260384335318774,1.63382740660265,3.52803914852408,0.12424540160018,1.96099689755513,3.79774839351008,-0.666533515660862,1.17512341365474,3.01678034297033,-0.459003840935201,1.69064705422455,3.8402979493843
"Sykes's Warbler",NA,NA,NA,NA,NA,NA,NA,NA,NA,NA,NA,NA,NA,NA,NA,NA,NA,NA,NA,NA,NA,NA,NA,NA,NA,NA,NA,NA,NA,NA,NA,NA,NA
"Icterine Warbler",NA,NA,NA,NA,NA,NA,NA,NA,NA,NA,NA,NA,NA,NA,NA,NA,NA,NA,NA,NA,NA,NA,NA,NA,NA,NA,NA,NA,NA,NA,NA,NA,NA
"Black-browed Reed Warbler",NA,NA,NA,NA,NA,NA,NA,NA,NA,NA,NA,NA,NA,NA,NA,NA,NA,NA,NA,NA,NA,NA,NA,NA,NA,NA,NA,NA,NA,NA,NA,NA,NA
"Moustached Warbler",NA,NA,NA,NA,NA,NA,NA,NA,NA,NA,NA,NA,NA,NA,NA,NA,NA,NA,NA,NA,NA,NA,NA,NA,NA,NA,NA,NA,NA,NA,NA,NA,NA
"Sedge Warbler",NA,NA,NA,NA,NA,NA,NA,NA,NA,NA,NA,NA,NA,NA,NA,NA,NA,NA,NA,NA,NA,NA,NA,NA,NA,NA,NA,NA,NA,NA,NA,NA,NA
"Paddyfield Warbler",-16.4772726403567,-6.35272406528285,3.77182450979101,-13.3268241871487,-2.15865262243979,9.00951894226915,-5.32759708443417,1.15799991437982,7.64359691319381,-12.7452283166915,-2.28033405797346,8.18456020074461,-12.5786916464456,-2.83636812618782,6.90595539406997,-12.5449287125954,-2.34644768285073,7.85203334689391,-12.7301662335747,-2.39587333595317,7.93841956166835,-12.4931532569183,-2.04412428559381,8.40490468573068,-11.5577113678526,-1.15527553077185,9.2471603063089,-13.1264973945251,-1.91854270389009,9.28941198674486,-15.9944838949598,-4.50227815794078,6.98992757907821
"Blunt-winged Warbler",NA,NA,NA,NA,NA,NA,NA,NA,NA,NA,NA,NA,NA,NA,NA,NA,NA,NA,NA,NA,NA,NA,NA,NA,NA,NA,NA,NA,NA,NA,NA,NA,NA
"Blyth's Reed Warbler",-0.322214528564609,2.36197559964209,5.04616572784879,0.013159960182485,2.56438081267809,5.1156016651737,-0.107339888648414,2.19759937948001,4.50253864760844,0.0974499065270359,2.43549937297196,4.77354883941689,0.182339893931337,2.52502213109238,4.86770436825342,0.582806204723308,2.55064629499067,4.51848638525804,0.41094804906403,2.37538233133126,4.33981661359848,0.0737770459943603,2.39635916343127,4.71894128086818,0.0333843594104637,2.48357816624705,4.93377197308363,0.627179715363318,3.04214730729763,5.45711489923195,0.981196768686199,3.40339474952351,5.82559273036082
"Large-billed Reed Warbler",NA,NA,NA,NA,NA,NA,NA,NA,NA,NA,NA,NA,NA,NA,NA,NA,NA,NA,NA,NA,NA,NA,NA,NA,NA,NA,NA,NA,NA,NA,NA,NA,NA
"Great Reed Warbler",NA,NA,NA,NA,NA,NA,NA,NA,NA,NA,NA,NA,NA,NA,NA,NA,NA,NA,NA,NA,NA,NA,NA,NA,NA,NA,NA,NA,NA,NA,NA,NA,NA
"Oriental Reed Warbler",NA,NA,NA,NA,NA,NA,NA,NA,NA,NA,NA,NA,NA,NA,NA,NA,NA,NA,NA,NA,NA,NA,NA,NA,NA,NA,NA,NA,NA,NA,NA,NA,NA
"Clamorous Reed Warbler",-2.66175162378411,-0.0355152957063114,2.59072103237149,-2.02594252762022,0.799362615340222,3.62466775830066,0.101026789636018,1.81715522601831,3.5332836624006,-1.63342201878156,1.00573198794356,3.64488599466868,-1.71966950542616,0.876372506642412,3.47241451871099,-1.65538035618609,0.934358458524642,3.52409727323538,-1.64372695941617,0.969947599288973,3.58362215799412,-1.83650959233818,0.788224627582875,3.41295884750394,-1.1809261357101,1.36819685271203,3.91731984113415,-2.05991849036679,0.787012735461237,3.63394396128926,-2.3134041839737,0.694959508952634,3.70332320187897
"Pallas's Grasshopper Warbler",NA,NA,NA,NA,NA,NA,NA,NA,NA,NA,NA,NA,NA,NA,NA,NA,NA,NA,NA,NA,NA,NA,NA,NA,NA,NA,NA,NA,NA,NA,NA,NA,NA
"Lanceolated Warbler",NA,NA,NA,NA,NA,NA,NA,NA,NA,NA,NA,NA,NA,NA,NA,NA,NA,NA,NA,NA,NA,NA,NA,NA,NA,NA,NA,NA,NA,NA,NA,NA,NA
"Brown Bush Warbler",NA,NA,NA,NA,NA,NA,NA,NA,NA,NA,NA,NA,NA,NA,NA,NA,NA,NA,NA,NA,NA,NA,NA,NA,NA,NA,NA,NA,NA,NA,NA,NA,NA
"Common Grasshopper Warbler",NA,NA,NA,NA,NA,NA,NA,NA,NA,NA,NA,NA,NA,NA,NA,NA,NA,NA,NA,NA,NA,NA,NA,NA,NA,NA,NA,NA,NA,NA,NA,NA,NA
"Long-billed Bush Warbler",NA,NA,NA,NA,NA,NA,NA,NA,NA,NA,NA,NA,NA,NA,NA,NA,NA,NA,NA,NA,NA,NA,NA,NA,NA,NA,NA,NA,NA,NA,NA,NA,NA
"Chinese Bush Warbler",NA,NA,NA,NA,NA,NA,NA,NA,NA,NA,NA,NA,NA,NA,NA,NA,NA,NA,NA,NA,NA,NA,NA,NA,NA,NA,NA,NA,NA,NA,NA,NA,NA
"Baikal Bush Warbler",NA,NA,NA,NA,NA,NA,NA,NA,NA,NA,NA,NA,NA,NA,NA,NA,NA,NA,NA,NA,NA,NA,NA,NA,NA,NA,NA,NA,NA,NA,NA,NA,NA
"West Himalayan Bush Warbler",NA,NA,NA,NA,NA,NA,NA,NA,NA,NA,NA,NA,NA,NA,NA,NA,NA,NA,NA,NA,NA,NA,NA,NA,NA,NA,NA,NA,NA,NA,NA,NA,NA
"Spotted Bush Warbler",NA,NA,NA,NA,NA,NA,NA,NA,NA,NA,NA,NA,NA,NA,NA,NA,NA,NA,NA,NA,NA,NA,NA,NA,NA,NA,NA,NA,NA,NA,NA,NA,NA
"Russet Bush Warbler",NA,NA,NA,NA,NA,NA,NA,NA,NA,NA,NA,NA,NA,NA,NA,NA,NA,NA,NA,NA,NA,NA,NA,NA,NA,NA,NA,NA,NA,NA,NA,NA,NA
"Broad-tailed Grassbird",NA,NA,NA,NA,NA,NA,NA,NA,NA,NA,NA,NA,NA,NA,NA,NA,NA,NA,NA,NA,NA,NA,NA,NA,NA,NA,NA,NA,NA,NA,NA,NA,NA
"Bristled Grassbird",NA,NA,NA,NA,NA,NA,NA,NA,NA,NA,NA,NA,NA,NA,NA,NA,NA,NA,NA,NA,NA,NA,NA,NA,NA,NA,NA,NA,NA,NA,NA,NA,NA
"Striated Grassbird",NA,NA,NA,NA,NA,NA,NA,NA,NA,NA,NA,NA,NA,NA,NA,NA,NA,NA,NA,NA,NA,NA,NA,NA,NA,NA,NA,NA,NA,NA,NA,NA,NA
"Scaly-breasted Cupwing",NA,NA,NA,NA,NA,NA,NA,NA,NA,NA,NA,NA,NA,NA,NA,NA,NA,NA,NA,NA,NA,NA,NA,NA,NA,NA,NA,NA,NA,NA,NA,NA,NA
"Immaculate Cupwing",NA,NA,NA,NA,NA,NA,NA,NA,NA,NA,NA,NA,NA,NA,NA,NA,NA,NA,NA,NA,NA,NA,NA,NA,NA,NA,NA,NA,NA,NA,NA,NA,NA
"Pygmy Cupwing",NA,NA,NA,NA,NA,NA,NA,NA,NA,NA,NA,NA,NA,NA,NA,NA,NA,NA,NA,NA,NA,NA,NA,NA,NA,NA,NA,NA,NA,NA,NA,NA,NA
"Gray-throated Martin",NA,NA,NA,NA,NA,NA,NA,NA,NA,NA,NA,NA,NA,NA,NA,NA,NA,NA,NA,NA,NA,NA,NA,NA,NA,NA,NA,NA,NA,NA,NA,NA,NA
"Bank Swallow",NA,NA,NA,NA,NA,NA,NA,NA,NA,NA,NA,NA,NA,NA,NA,NA,NA,NA,NA,NA,NA,NA,NA,NA,NA,NA,NA,NA,NA,NA,NA,NA,NA
"Pale Martin",NA,NA,NA,NA,NA,NA,NA,NA,NA,NA,NA,NA,NA,NA,NA,NA,NA,NA,NA,NA,NA,NA,NA,NA,NA,NA,NA,NA,NA,NA,NA,NA,NA
"Eurasian Crag-Martin",NA,NA,NA,NA,NA,NA,NA,NA,NA,NA,NA,NA,NA,NA,NA,NA,NA,NA,NA,NA,NA,NA,NA,NA,NA,NA,NA,NA,NA,NA,NA,NA,NA
"Dusky Crag-Martin",-3.3729543624948,-1.11414424432353,1.14466587384774,-2.79946571567213,0.168146586394226,3.13575888846059,-2.20210117902167,0.657144949667995,3.51639107835766,-1.87636373673069,0.747759830785527,3.37188339830174,-2.17205789133187,0.54237592174862,3.25680973482911,-2.05809913007089,0.460201056138775,2.97850124234844,-2.28136450656242,0.325489085932234,2.93234267842689,-2.34247265637788,0.481268936946746,3.30501053027137,-2.00520420210619,0.787696491763084,3.58059718563236,-1.7553457797634,1.06308890427114,3.88152358830567,-2.45065969865015,0.724184624725689,3.89902894810153
"Hill Swallow",NA,NA,NA,NA,NA,NA,NA,NA,NA,NA,NA,NA,NA,NA,NA,NA,NA,NA,NA,NA,NA,NA,NA,NA,NA,NA,NA,NA,NA,NA,NA,NA,NA
"Pacific Swallow",NA,NA,NA,NA,NA,NA,NA,NA,NA,NA,NA,NA,NA,NA,NA,NA,NA,NA,NA,NA,NA,NA,NA,NA,NA,NA,NA,NA,NA,NA,NA,NA,NA
"Barn Swallow",-3.67243906581841,-2.54577930158136,-1.41911953734431,-3.51425865339512,-2.42049544439919,-1.32673223540325,-3.42110143210648,-2.3661892456602,-1.31127705921393,-3.11288023789108,-2.226159477198,-1.33943871650493,-3.38330432859039,-2.41972284037581,-1.45614135216123,-3.35362408911458,-2.37204379022458,-1.39046349133458,-3.25929405433913,-2.4617852744847,-1.66427649463027,-3.4300139335885,-2.40021110473114,-1.37040827587378,-3.19256022283922,-2.20810475631675,-1.22364928979428,-3.46762114723158,-2.35984880619513,-1.25207646515868,-3.51748207477357,-2.34550724149358,-1.1735324082136
"Wire-tailed Swallow",-1.35935219433046,-0.0534904815685404,1.25237123119338,-1.1691020151037,0.0965953713815111,1.36229275786672,-1.15299609704986,-0.0126495819528673,1.12769693314412,-0.934411107733877,0.245631930717732,1.42567496916934,-0.596038147977492,0.29757193563473,1.19118201924695,-0.969833526263102,0.190182091079964,1.35019770842303,-1.00782563609075,0.159408216368935,1.32664206882862,-0.847464710665001,0.29596607503409,1.43939686073318,-1.0907705292103,0.139472306640142,1.36971514249058,-1.19669470958074,0.0745770268969016,1.34584876337455,-0.548758847959053,0.650209608994172,1.8491780659474
"Western House-Martin",NA,NA,NA,NA,NA,NA,NA,NA,NA,NA,NA,NA,NA,NA,NA,NA,NA,NA,NA,NA,NA,NA,NA,NA,NA,NA,NA,NA,NA,NA,NA,NA,NA
"Siberian House-Martin",NA,NA,NA,NA,NA,NA,NA,NA,NA,NA,NA,NA,NA,NA,NA,NA,NA,NA,NA,NA,NA,NA,NA,NA,NA,NA,NA,NA,NA,NA,NA,NA,NA
"Asian House-Martin",NA,NA,NA,NA,NA,NA,NA,NA,NA,NA,NA,NA,NA,NA,NA,NA,NA,NA,NA,NA,NA,NA,NA,NA,NA,NA,NA,NA,NA,NA,NA,NA,NA
"Nepal House-Martin",NA,NA,NA,NA,NA,NA,NA,NA,NA,NA,NA,NA,NA,NA,NA,NA,NA,NA,NA,NA,NA,NA,NA,NA,NA,NA,NA,NA,NA,NA,NA,NA,NA
"European Red-rumped Swallow",NA,NA,NA,NA,NA,NA,NA,NA,NA,NA,NA,NA,NA,NA,NA,NA,NA,NA,NA,NA,NA,NA,NA,NA,NA,NA,NA,NA,NA,NA,NA,NA,NA
"Eastern Red-rumped Swallow",-0.325255553417813,0.509279995913839,1.34381554524549,-0.191320552391739,0.615798209836593,1.42291697206492,-0.120765458114259,0.656803527678772,1.4343725134718,0.122071595695273,0.761012750007897,1.39995390432052,-0.0711221412240012,0.595580821394715,1.26228378401343,-0.0907194539781255,0.642481263302953,1.37568198058403,0.0178523533004543,0.573643386238897,1.12943441917734,-0.0623447813529693,0.684768828951705,1.43188243925638,-0.138584079063205,0.642246385286441,1.42307684963609,-0.119948177847709,0.689007434491185,1.49796304683008,-0.156294693314473,0.70005536691172,1.55640542713791
"Streak-throated Swallow",1.01410488878989,4.04496415554838,7.07582342230686,0.292037611462589,3.20304433009147,6.11405104872036,0.642095389171135,3.48396698792538,6.32583858667962,0.855116336450797,3.6050626645219,6.35500899259301,0.786221674918874,3.51477122030271,6.24332076568655,1.00002515204395,3.522199414026,6.04437367600806,2.11517114297567,3.83335510314398,5.55153906331229,0.774947595763306,3.55161819527186,6.32828879478042,0.829717950735614,3.66720013551537,6.50468232029513,0.0913149453553808,2.81971040613755,5.54810586691971,0.177396494424271,3.31659317148722,6.45578984855017
"White-throated Bulbul",NA,NA,NA,NA,NA,NA,NA,NA,NA,NA,NA,NA,NA,NA,NA,NA,NA,NA,NA,NA,NA,NA,NA,NA,NA,NA,NA,NA,NA,NA,NA,NA,NA
"Striated Bulbul",NA,NA,NA,NA,NA,NA,NA,NA,NA,NA,NA,NA,NA,NA,NA,NA,NA,NA,NA,NA,NA,NA,NA,NA,NA,NA,NA,NA,NA,NA,NA,NA,NA
"Cachar Bulbul",NA,NA,NA,NA,NA,NA,NA,NA,NA,NA,NA,NA,NA,NA,NA,NA,NA,NA,NA,NA,NA,NA,NA,NA,NA,NA,NA,NA,NA,NA,NA,NA,NA
"Gray-eyed Bulbul",NA,NA,NA,NA,NA,NA,NA,NA,NA,NA,NA,NA,NA,NA,NA,NA,NA,NA,NA,NA,NA,NA,NA,NA,NA,NA,NA,NA,NA,NA,NA,NA,NA
"Ashy Bulbul",NA,NA,NA,NA,NA,NA,NA,NA,NA,NA,NA,NA,NA,NA,NA,NA,NA,NA,NA,NA,NA,NA,NA,NA,NA,NA,NA,NA,NA,NA,NA,NA,NA
"Yellow-browed Bulbul",NA,NA,NA,NA,NA,NA,NA,NA,NA,NA,NA,NA,NA,NA,NA,NA,NA,NA,NA,NA,NA,NA,NA,NA,NA,NA,NA,NA,NA,NA,NA,NA,NA
"Mountain Bulbul",NA,NA,NA,NA,NA,NA,NA,NA,NA,NA,NA,NA,NA,NA,NA,NA,NA,NA,NA,NA,NA,NA,NA,NA,NA,NA,NA,NA,NA,NA,NA,NA,NA
"Nicobar Bulbul",NA,NA,NA,NA,NA,NA,NA,NA,NA,NA,NA,NA,NA,NA,NA,NA,NA,NA,NA,NA,NA,NA,NA,NA,NA,NA,NA,NA,NA,NA,NA,NA,NA
"Black Bulbul",NA,NA,NA,NA,NA,NA,NA,NA,NA,NA,NA,NA,NA,NA,NA,NA,NA,NA,NA,NA,NA,NA,NA,NA,NA,NA,NA,NA,NA,NA,NA,NA,NA
"Square-tailed Bulbul",NA,NA,NA,NA,NA,NA,NA,NA,NA,NA,NA,NA,NA,NA,NA,NA,NA,NA,NA,NA,NA,NA,NA,NA,NA,NA,NA,NA,NA,NA,NA,NA,NA
"Gray-headed Bulbul",-28662423.4857935,6.7980895260549,28662437.0819726,-27422599.219475,8.06968065584444,27422615.3588363,-27300506.7053301,7.02451729992913,27300520.7543647,-26380298.0302446,8.59824901369038,26380315.2267426,-20198190.7740575,9.93156921993803,20198210.637196,-26613174.1257479,8.74546005725309,26613191.616668,-25893671.5210959,8.13886085414149,25893687.7988176,-27393070.3394796,8.01009602548973,27393086.3596717,-27782322.737166,10.1555386250233,27782343.0482433,-29364994.2734411,9.96119971617511,29365014.1958405,-30420966.3230138,10.569285527342,30420987.4615849
"Black-headed Bulbul",NA,NA,NA,NA,NA,NA,NA,NA,NA,NA,NA,NA,NA,NA,NA,NA,NA,NA,NA,NA,NA,NA,NA,NA,NA,NA,NA,NA,NA,NA,NA,NA,NA
"Andaman Bulbul",NA,NA,NA,NA,NA,NA,NA,NA,NA,NA,NA,NA,NA,NA,NA,NA,NA,NA,NA,NA,NA,NA,NA,NA,NA,NA,NA,NA,NA,NA,NA,NA,NA
"Black-crested Bulbul",NA,NA,NA,NA,NA,NA,NA,NA,NA,NA,NA,NA,NA,NA,NA,NA,NA,NA,NA,NA,NA,NA,NA,NA,NA,NA,NA,NA,NA,NA,NA,NA,NA
"Flame-throated Bulbul",-14.1639775018232,-2.45671181232947,9.2505538771643,-11.0338830912871,-0.0417755736335875,10.9503319440199,-12.7494406107779,-1.38094539467251,9.98754982143293,-10.3145573255263,-0.23281361988988,9.84893008574651,-12.0915262200499,-1.28097817354451,9.52956987296085,-10.492805443012,-1.26408217346228,7.96464109608749,-12.4318149518362,-1.40576647429227,9.62028200325165,-12.8101002297793,-1.97842782306371,8.85324458365183,-11.5694462122754,-0.266164315652746,11.0371175809699,-13.8525853659083,-1.77931568094459,10.2939540040192,-14.3072766772952,-1.50590512267425,11.2954664319467
"Crested Finchbill",NA,NA,NA,NA,NA,NA,NA,NA,NA,NA,NA,NA,NA,NA,NA,NA,NA,NA,NA,NA,NA,NA,NA,NA,NA,NA,NA,NA,NA,NA,NA,NA,NA
"White-browed Bulbul",3.9208756754617,7.29917880136085,10.67748192726,3.45523001170754,6.79974181579005,10.1442536198726,3.11948633629811,6.423124624906,9.72676291351389,2.92145206456329,5.92349922132307,8.92554637808286,3.56395828666232,5.99455003639256,8.4251417861228,3.12676000922707,6.29721101551231,9.46766202179755,3.07482604525865,6.26724873654406,9.45967142782948,3.11014192551016,6.34830559237954,9.58646925924892,2.84600756587019,6.16861880953836,9.49123005320652,2.29633754813691,5.12480597037557,7.95327439261423,3.15180510280817,6.76433071447905,10.3768563261499
"Flavescent Bulbul",NA,NA,NA,NA,NA,NA,NA,NA,NA,NA,NA,NA,NA,NA,NA,NA,NA,NA,NA,NA,NA,NA,NA,NA,NA,NA,NA,NA,NA,NA,NA,NA,NA
"Yellow-throated Bulbul",NA,NA,NA,NA,NA,NA,NA,NA,NA,NA,NA,NA,NA,NA,NA,NA,NA,NA,NA,NA,NA,NA,NA,NA,NA,NA,NA,NA,NA,NA,NA,NA,NA
"Red-whiskered Bulbul",-1.10936848054276,0.380267532630182,1.86990354580312,-0.792861009446931,0.606472048678909,2.00580510680475,-0.44828150337516,0.750734708183459,1.94975091974208,-0.820653157346296,0.509227444016762,1.83910804537982,-0.84803613866435,0.419027171203174,1.6860904810707,-0.69865904714738,0.471890013957008,1.6424390750614,-0.860652952122015,0.458581123830096,1.77781519978221,-0.658606499684256,0.601118025321949,1.86084255032815,-0.739879336254618,0.605402937467108,1.95068521118883,-1.03755346565471,0.394011125346592,1.8255757163479,-1.37215807737041,-0.130893743845548,1.11037058967931
"Red-vented Bulbul",-1.14230034240956,-0.276507557063271,0.589285228283021,-0.693120533628424,0.514837399088599,1.72279533180562,-0.673221824715095,0.4868100048488,1.64684183441269,-0.739932162463469,0.402334899874253,1.54460196221198,-0.505943263946759,0.484566685926724,1.47507663580021,-0.613597502433028,0.410369764508526,1.43433703145008,-0.72533230433819,0.374900386988185,1.47513307831456,-0.633640383501118,0.482775021588554,1.59919042667823,-0.488247401133667,0.600718995245761,1.68968539162519,-0.726894532747243,0.488883956380861,1.70466244550896,-0.859389988220921,0.434806866052451,1.72900372032582
"White-eared Bulbul",NA,NA,NA,NA,NA,NA,NA,NA,NA,NA,NA,NA,NA,NA,NA,NA,NA,NA,NA,NA,NA,NA,NA,NA,NA,NA,NA,NA,NA,NA,NA,NA,NA
"Himalayan Bulbul",NA,NA,NA,NA,NA,NA,NA,NA,NA,NA,NA,NA,NA,NA,NA,NA,NA,NA,NA,NA,NA,NA,NA,NA,NA,NA,NA,NA,NA,NA,NA,NA,NA
"Wood Warbler",NA,NA,NA,NA,NA,NA,NA,NA,NA,NA,NA,NA,NA,NA,NA,NA,NA,NA,NA,NA,NA,NA,NA,NA,NA,NA,NA,NA,NA,NA,NA,NA,NA
"Ashy-throated Warbler",NA,NA,NA,NA,NA,NA,NA,NA,NA,NA,NA,NA,NA,NA,NA,NA,NA,NA,NA,NA,NA,NA,NA,NA,NA,NA,NA,NA,NA,NA,NA,NA,NA
"Buff-barred Warbler",NA,NA,NA,NA,NA,NA,NA,NA,NA,NA,NA,NA,NA,NA,NA,NA,NA,NA,NA,NA,NA,NA,NA,NA,NA,NA,NA,NA,NA,NA,NA,NA,NA
"Yellow-browed Warbler",NA,NA,NA,NA,NA,NA,NA,NA,NA,NA,NA,NA,NA,NA,NA,NA,NA,NA,NA,NA,NA,NA,NA,NA,NA,NA,NA,NA,NA,NA,NA,NA,NA
"Hume's Warbler",3.6216684880074,19.3093829363095,34.9970973846115,1.93816252028027,17.1909145750252,32.4436666297702,2.37609242704663,17.0072394618399,31.6383864966332,4.56407643009032,17.7935034170575,31.0229304040247,2.53015392238175,15.3723099369627,28.2144659515436,3.51268659348243,16.225335445492,28.9379842975016,3.80141012426376,16.958747348869,30.1160845734742,3.81678210811279,17.4690651792574,31.121348250402,1.37176751598539,16.1309835337095,30.8901995514336,-0.602421300731029,14.4278098273796,29.4580409554903,-3.78887446286892,9.53448835192887,22.8578511667267
"Brooks's Leaf Warbler",NA,NA,NA,NA,NA,NA,NA,NA,NA,NA,NA,NA,NA,NA,NA,NA,NA,NA,NA,NA,NA,NA,NA,NA,NA,NA,NA,NA,NA,NA,NA,NA,NA
"Chinese Leaf Warbler",NA,NA,NA,NA,NA,NA,NA,NA,NA,NA,NA,NA,NA,NA,NA,NA,NA,NA,NA,NA,NA,NA,NA,NA,NA,NA,NA,NA,NA,NA,NA,NA,NA
"Pallas's Leaf Warbler",NA,NA,NA,NA,NA,NA,NA,NA,NA,NA,NA,NA,NA,NA,NA,NA,NA,NA,NA,NA,NA,NA,NA,NA,NA,NA,NA,NA,NA,NA,NA,NA,NA
"Lemon-rumped Warbler",NA,NA,NA,NA,NA,NA,NA,NA,NA,NA,NA,NA,NA,NA,NA,NA,NA,NA,NA,NA,NA,NA,NA,NA,NA,NA,NA,NA,NA,NA,NA,NA,NA
"Sichuan Leaf Warbler",NA,NA,NA,NA,NA,NA,NA,NA,NA,NA,NA,NA,NA,NA,NA,NA,NA,NA,NA,NA,NA,NA,NA,NA,NA,NA,NA,NA,NA,NA,NA,NA,NA
"Tytler's Leaf Warbler",NA,NA,NA,NA,NA,NA,NA,NA,NA,NA,NA,NA,NA,NA,NA,NA,NA,NA,NA,NA,NA,NA,NA,NA,NA,NA,NA,NA,NA,NA,NA,NA,NA
"Sulphur-bellied Warbler",-6.93378659139414,-3.3501181718046,0.233550247784937,-7.50594576886596,-3.96715653852646,-0.428367308186959,-7.90779427368831,-4.48333218299543,-1.05887009230254,-7.37883960270384,-4.09510884659288,-0.811378090481919,-6.65245682147542,-4.67825481826083,-2.70405281504624,-7.49247571976264,-4.29359233483392,-1.0947089499052,-7.21961908490057,-4.12052494199459,-1.02143079908862,-7.70757754809808,-4.33671433769492,-0.965851127291752,-7.82409634019926,-4.35938972922332,-0.894683118247375,-8.15170320449745,-4.57690005425483,-1.0020969040122,-8.60997358313253,-4.87858767162432,-1.14720176011611
"Tickell's Leaf Warbler",NA,NA,NA,NA,NA,NA,NA,NA,NA,NA,NA,NA,NA,NA,NA,NA,NA,NA,NA,NA,NA,NA,NA,NA,NA,NA,NA,NA,NA,NA,NA,NA,NA
"Dusky Warbler",NA,NA,NA,NA,NA,NA,NA,NA,NA,NA,NA,NA,NA,NA,NA,NA,NA,NA,NA,NA,NA,NA,NA,NA,NA,NA,NA,NA,NA,NA,NA,NA,NA
"Smoky Warbler",NA,NA,NA,NA,NA,NA,NA,NA,NA,NA,NA,NA,NA,NA,NA,NA,NA,NA,NA,NA,NA,NA,NA,NA,NA,NA,NA,NA,NA,NA,NA,NA,NA
"Plain Leaf Warbler",NA,NA,NA,NA,NA,NA,NA,NA,NA,NA,NA,NA,NA,NA,NA,NA,NA,NA,NA,NA,NA,NA,NA,NA,NA,NA,NA,NA,NA,NA,NA,NA,NA
"Buff-throated Warbler",NA,NA,NA,NA,NA,NA,NA,NA,NA,NA,NA,NA,NA,NA,NA,NA,NA,NA,NA,NA,NA,NA,NA,NA,NA,NA,NA,NA,NA,NA,NA,NA,NA
"Willow Warbler",NA,NA,NA,NA,NA,NA,NA,NA,NA,NA,NA,NA,NA,NA,NA,NA,NA,NA,NA,NA,NA,NA,NA,NA,NA,NA,NA,NA,NA,NA,NA,NA,NA
"Mountain Chiffchaff",NA,NA,NA,NA,NA,NA,NA,NA,NA,NA,NA,NA,NA,NA,NA,NA,NA,NA,NA,NA,NA,NA,NA,NA,NA,NA,NA,NA,NA,NA,NA,NA,NA
"Common Chiffchaff",-8.44573488855345,-4.34864861815007,-0.251562347746694,-7.35509563968143,-3.64076607871782,0.0735634822457948,-7.89077874899734,-4.1667849797254,-0.442791210453464,-7.02428140426354,-3.79296136390776,-0.561641323551978,-7.86386337935837,-4.40344564685175,-0.94302791434514,-7.70150921980192,-4.2697462010248,-0.837983182247675,-6.79487030987582,-3.96097244459911,-1.1270745793224,-7.83236002179119,-4.19248027560513,-0.552600529419071,-7.72481427573297,-4.02047408381852,-0.31613389190407,-8.67099501783715,-4.94533247463513,-1.21966993143311,-9.27709489441794,-5.53177066124459,-1.78644642807124
"White-spectacled Warbler",NA,NA,NA,NA,NA,NA,NA,NA,NA,NA,NA,NA,NA,NA,NA,NA,NA,NA,NA,NA,NA,NA,NA,NA,NA,NA,NA,NA,NA,NA,NA,NA,NA
"Gray-cheeked Warbler",NA,NA,NA,NA,NA,NA,NA,NA,NA,NA,NA,NA,NA,NA,NA,NA,NA,NA,NA,NA,NA,NA,NA,NA,NA,NA,NA,NA,NA,NA,NA,NA,NA
"Green-crowned Warbler",NA,NA,NA,NA,NA,NA,NA,NA,NA,NA,NA,NA,NA,NA,NA,NA,NA,NA,NA,NA,NA,NA,NA,NA,NA,NA,NA,NA,NA,NA,NA,NA,NA
"Gray-crowned Warbler",NA,NA,NA,NA,NA,NA,NA,NA,NA,NA,NA,NA,NA,NA,NA,NA,NA,NA,NA,NA,NA,NA,NA,NA,NA,NA,NA,NA,NA,NA,NA,NA,NA
"Whistler's Warbler",NA,NA,NA,NA,NA,NA,NA,NA,NA,NA,NA,NA,NA,NA,NA,NA,NA,NA,NA,NA,NA,NA,NA,NA,NA,NA,NA,NA,NA,NA,NA,NA,NA
"Bianchi's Warbler",NA,NA,NA,NA,NA,NA,NA,NA,NA,NA,NA,NA,NA,NA,NA,NA,NA,NA,NA,NA,NA,NA,NA,NA,NA,NA,NA,NA,NA,NA,NA,NA,NA
"Green Warbler",NA,NA,NA,NA,NA,NA,NA,NA,NA,NA,NA,NA,NA,NA,NA,NA,NA,NA,NA,NA,NA,NA,NA,NA,NA,NA,NA,NA,NA,NA,NA,NA,NA
"Greenish Warbler",7.94032368647359,12.1883633683953,16.4364030503171,6.24933528908239,10.8298623187044,15.4103893483264,6.38299007552707,10.7799288850436,15.1768676945602,6.29550586796168,10.6050143089482,14.9145227499348,6.54553448447834,10.2833373451835,14.0211402058886,6.49288261572625,10.5498736304809,14.6068646452355,6.65559389065426,10.7194658178899,14.7833377451255,6.8414877947502,10.9363339200911,15.031180045432,6.00096543295179,10.420662688263,14.8403599435742,5.93712855769507,10.550337457729,15.1635463577629,4.80277534804445,8.20891921263362,11.6150630772228
"Two-barred Warbler",NA,NA,NA,NA,NA,NA,NA,NA,NA,NA,NA,NA,NA,NA,NA,NA,NA,NA,NA,NA,NA,NA,NA,NA,NA,NA,NA,NA,NA,NA,NA,NA,NA
"Large-billed Leaf Warbler",NA,NA,NA,NA,NA,NA,NA,NA,NA,NA,NA,NA,NA,NA,NA,NA,NA,NA,NA,NA,NA,NA,NA,NA,NA,NA,NA,NA,NA,NA,NA,NA,NA
"Pale-legged Leaf Warbler",NA,NA,NA,NA,NA,NA,NA,NA,NA,NA,NA,NA,NA,NA,NA,NA,NA,NA,NA,NA,NA,NA,NA,NA,NA,NA,NA,NA,NA,NA,NA,NA,NA
"Sakhalin Leaf Warbler",NA,NA,NA,NA,NA,NA,NA,NA,NA,NA,NA,NA,NA,NA,NA,NA,NA,NA,NA,NA,NA,NA,NA,NA,NA,NA,NA,NA,NA,NA,NA,NA,NA
"Arctic Warbler",NA,NA,NA,NA,NA,NA,NA,NA,NA,NA,NA,NA,NA,NA,NA,NA,NA,NA,NA,NA,NA,NA,NA,NA,NA,NA,NA,NA,NA,NA,NA,NA,NA
"Chestnut-crowned Warbler",NA,NA,NA,NA,NA,NA,NA,NA,NA,NA,NA,NA,NA,NA,NA,NA,NA,NA,NA,NA,NA,NA,NA,NA,NA,NA,NA,NA,NA,NA,NA,NA,NA
"Yellow-vented Warbler",NA,NA,NA,NA,NA,NA,NA,NA,NA,NA,NA,NA,NA,NA,NA,NA,NA,NA,NA,NA,NA,NA,NA,NA,NA,NA,NA,NA,NA,NA,NA,NA,NA
"Western Crowned Warbler",NA,NA,NA,NA,NA,NA,NA,NA,NA,NA,NA,NA,NA,NA,NA,NA,NA,NA,NA,NA,NA,NA,NA,NA,NA,NA,NA,NA,NA,NA,NA,NA,NA
"Blyth's Leaf Warbler",NA,NA,NA,NA,NA,NA,NA,NA,NA,NA,NA,NA,NA,NA,NA,NA,NA,NA,NA,NA,NA,NA,NA,NA,NA,NA,NA,NA,NA,NA,NA,NA,NA
"Claudia's Leaf Warbler",NA,NA,NA,NA,NA,NA,NA,NA,NA,NA,NA,NA,NA,NA,NA,NA,NA,NA,NA,NA,NA,NA,NA,NA,NA,NA,NA,NA,NA,NA,NA,NA,NA
"Gray-hooded Warbler",NA,NA,NA,NA,NA,NA,NA,NA,NA,NA,NA,NA,NA,NA,NA,NA,NA,NA,NA,NA,NA,NA,NA,NA,NA,NA,NA,NA,NA,NA,NA,NA,NA
"Pale-footed Bush Warbler",NA,NA,NA,NA,NA,NA,NA,NA,NA,NA,NA,NA,NA,NA,NA,NA,NA,NA,NA,NA,NA,NA,NA,NA,NA,NA,NA,NA,NA,NA,NA,NA,NA
"Asian Stubtail",NA,NA,NA,NA,NA,NA,NA,NA,NA,NA,NA,NA,NA,NA,NA,NA,NA,NA,NA,NA,NA,NA,NA,NA,NA,NA,NA,NA,NA,NA,NA,NA,NA
"Gray-bellied Tesia",NA,NA,NA,NA,NA,NA,NA,NA,NA,NA,NA,NA,NA,NA,NA,NA,NA,NA,NA,NA,NA,NA,NA,NA,NA,NA,NA,NA,NA,NA,NA,NA,NA
"Slaty-bellied Tesia",NA,NA,NA,NA,NA,NA,NA,NA,NA,NA,NA,NA,NA,NA,NA,NA,NA,NA,NA,NA,NA,NA,NA,NA,NA,NA,NA,NA,NA,NA,NA,NA,NA
"Chestnut-crowned Bush Warbler",NA,NA,NA,NA,NA,NA,NA,NA,NA,NA,NA,NA,NA,NA,NA,NA,NA,NA,NA,NA,NA,NA,NA,NA,NA,NA,NA,NA,NA,NA,NA,NA,NA
"Gray-sided Bush Warbler",NA,NA,NA,NA,NA,NA,NA,NA,NA,NA,NA,NA,NA,NA,NA,NA,NA,NA,NA,NA,NA,NA,NA,NA,NA,NA,NA,NA,NA,NA,NA,NA,NA
"Chestnut-headed Tesia",NA,NA,NA,NA,NA,NA,NA,NA,NA,NA,NA,NA,NA,NA,NA,NA,NA,NA,NA,NA,NA,NA,NA,NA,NA,NA,NA,NA,NA,NA,NA,NA,NA
"Cetti's Warbler",NA,NA,NA,NA,NA,NA,NA,NA,NA,NA,NA,NA,NA,NA,NA,NA,NA,NA,NA,NA,NA,NA,NA,NA,NA,NA,NA,NA,NA,NA,NA,NA,NA
"Yellow-bellied Warbler",NA,NA,NA,NA,NA,NA,NA,NA,NA,NA,NA,NA,NA,NA,NA,NA,NA,NA,NA,NA,NA,NA,NA,NA,NA,NA,NA,NA,NA,NA,NA,NA,NA
"Rufous-faced Warbler",NA,NA,NA,NA,NA,NA,NA,NA,NA,NA,NA,NA,NA,NA,NA,NA,NA,NA,NA,NA,NA,NA,NA,NA,NA,NA,NA,NA,NA,NA,NA,NA,NA
"Black-faced Warbler",NA,NA,NA,NA,NA,NA,NA,NA,NA,NA,NA,NA,NA,NA,NA,NA,NA,NA,NA,NA,NA,NA,NA,NA,NA,NA,NA,NA,NA,NA,NA,NA,NA
"Mountain Tailorbird",NA,NA,NA,NA,NA,NA,NA,NA,NA,NA,NA,NA,NA,NA,NA,NA,NA,NA,NA,NA,NA,NA,NA,NA,NA,NA,NA,NA,NA,NA,NA,NA,NA
"Broad-billed Warbler",NA,NA,NA,NA,NA,NA,NA,NA,NA,NA,NA,NA,NA,NA,NA,NA,NA,NA,NA,NA,NA,NA,NA,NA,NA,NA,NA,NA,NA,NA,NA,NA,NA
"Manchurian Bush Warbler",NA,NA,NA,NA,NA,NA,NA,NA,NA,NA,NA,NA,NA,NA,NA,NA,NA,NA,NA,NA,NA,NA,NA,NA,NA,NA,NA,NA,NA,NA,NA,NA,NA
"Brownish-flanked Bush Warbler",NA,NA,NA,NA,NA,NA,NA,NA,NA,NA,NA,NA,NA,NA,NA,NA,NA,NA,NA,NA,NA,NA,NA,NA,NA,NA,NA,NA,NA,NA,NA,NA,NA
"Hume's Bush Warbler",NA,NA,NA,NA,NA,NA,NA,NA,NA,NA,NA,NA,NA,NA,NA,NA,NA,NA,NA,NA,NA,NA,NA,NA,NA,NA,NA,NA,NA,NA,NA,NA,NA
"Aberrant Bush Warbler",NA,NA,NA,NA,NA,NA,NA,NA,NA,NA,NA,NA,NA,NA,NA,NA,NA,NA,NA,NA,NA,NA,NA,NA,NA,NA,NA,NA,NA,NA,NA,NA,NA
"White-browed Tit-Warbler",NA,NA,NA,NA,NA,NA,NA,NA,NA,NA,NA,NA,NA,NA,NA,NA,NA,NA,NA,NA,NA,NA,NA,NA,NA,NA,NA,NA,NA,NA,NA,NA,NA
"Crested Tit-Warbler",NA,NA,NA,NA,NA,NA,NA,NA,NA,NA,NA,NA,NA,NA,NA,NA,NA,NA,NA,NA,NA,NA,NA,NA,NA,NA,NA,NA,NA,NA,NA,NA,NA
"White-cheeked Tit",NA,NA,NA,NA,NA,NA,NA,NA,NA,NA,NA,NA,NA,NA,NA,NA,NA,NA,NA,NA,NA,NA,NA,NA,NA,NA,NA,NA,NA,NA,NA,NA,NA
"Black-throated Tit",NA,NA,NA,NA,NA,NA,NA,NA,NA,NA,NA,NA,NA,NA,NA,NA,NA,NA,NA,NA,NA,NA,NA,NA,NA,NA,NA,NA,NA,NA,NA,NA,NA
"White-throated Tit",NA,NA,NA,NA,NA,NA,NA,NA,NA,NA,NA,NA,NA,NA,NA,NA,NA,NA,NA,NA,NA,NA,NA,NA,NA,NA,NA,NA,NA,NA,NA,NA,NA
"Black-browed Tit",NA,NA,NA,NA,NA,NA,NA,NA,NA,NA,NA,NA,NA,NA,NA,NA,NA,NA,NA,NA,NA,NA,NA,NA,NA,NA,NA,NA,NA,NA,NA,NA,NA
"Eurasian Blackcap",NA,NA,NA,NA,NA,NA,NA,NA,NA,NA,NA,NA,NA,NA,NA,NA,NA,NA,NA,NA,NA,NA,NA,NA,NA,NA,NA,NA,NA,NA,NA,NA,NA
"Garden Warbler",NA,NA,NA,NA,NA,NA,NA,NA,NA,NA,NA,NA,NA,NA,NA,NA,NA,NA,NA,NA,NA,NA,NA,NA,NA,NA,NA,NA,NA,NA,NA,NA,NA
"Barred Warbler",NA,NA,NA,NA,NA,NA,NA,NA,NA,NA,NA,NA,NA,NA,NA,NA,NA,NA,NA,NA,NA,NA,NA,NA,NA,NA,NA,NA,NA,NA,NA,NA,NA
"Lesser Whitethroat",NA,NA,NA,NA,NA,NA,NA,NA,NA,NA,NA,NA,NA,NA,NA,NA,NA,NA,NA,NA,NA,NA,NA,NA,NA,NA,NA,NA,NA,NA,NA,NA,NA
"Eastern Orphean Warbler",NA,NA,NA,NA,NA,NA,NA,NA,NA,NA,NA,NA,NA,NA,NA,NA,NA,NA,NA,NA,NA,NA,NA,NA,NA,NA,NA,NA,NA,NA,NA,NA,NA
"Asian Desert Warbler",NA,NA,NA,NA,NA,NA,NA,NA,NA,NA,NA,NA,NA,NA,NA,NA,NA,NA,NA,NA,NA,NA,NA,NA,NA,NA,NA,NA,NA,NA,NA,NA,NA
"Menetries's Warbler",NA,NA,NA,NA,NA,NA,NA,NA,NA,NA,NA,NA,NA,NA,NA,NA,NA,NA,NA,NA,NA,NA,NA,NA,NA,NA,NA,NA,NA,NA,NA,NA,NA
"Greater Whitethroat",NA,NA,NA,NA,NA,NA,NA,NA,NA,NA,NA,NA,NA,NA,NA,NA,NA,NA,NA,NA,NA,NA,NA,NA,NA,NA,NA,NA,NA,NA,NA,NA,NA
"Fire-tailed Myzornis",NA,NA,NA,NA,NA,NA,NA,NA,NA,NA,NA,NA,NA,NA,NA,NA,NA,NA,NA,NA,NA,NA,NA,NA,NA,NA,NA,NA,NA,NA,NA,NA,NA
"Golden-breasted Fulvetta",NA,NA,NA,NA,NA,NA,NA,NA,NA,NA,NA,NA,NA,NA,NA,NA,NA,NA,NA,NA,NA,NA,NA,NA,NA,NA,NA,NA,NA,NA,NA,NA,NA
"Yellow-eyed Babbler",-2.17374674783626,0.235004769915421,2.6437562876671,-1.78069355420925,0.578878223550257,2.93845000130976,-1.55797183238564,0.720832792620613,2.99963741762687,-1.59361624999981,0.537611990982691,2.66884023196519,-1.19057659763029,0.835609365536185,2.86179532870266,-0.781552474643067,0.712090465305902,2.20573340525487,-1.48203498583652,0.707986063723496,2.89800711328351,-1.43810551046189,0.776427489112299,2.99096048868649,-0.955142870099891,1.1251557852286,3.20545444055709,-1.86692130225139,0.474346028427383,2.81561335910615,-1.30053669091177,1.14819481305248,3.59692631701673
"Jerdon's Babbler",NA,NA,NA,NA,NA,NA,NA,NA,NA,NA,NA,NA,NA,NA,NA,NA,NA,NA,NA,NA,NA,NA,NA,NA,NA,NA,NA,NA,NA,NA,NA,NA,NA
"Brown-throated Fulvetta",NA,NA,NA,NA,NA,NA,NA,NA,NA,NA,NA,NA,NA,NA,NA,NA,NA,NA,NA,NA,NA,NA,NA,NA,NA,NA,NA,NA,NA,NA,NA,NA,NA
"White-browed Fulvetta",NA,NA,NA,NA,NA,NA,NA,NA,NA,NA,NA,NA,NA,NA,NA,NA,NA,NA,NA,NA,NA,NA,NA,NA,NA,NA,NA,NA,NA,NA,NA,NA,NA
"Manipur Fulvetta",NA,NA,NA,NA,NA,NA,NA,NA,NA,NA,NA,NA,NA,NA,NA,NA,NA,NA,NA,NA,NA,NA,NA,NA,NA,NA,NA,NA,NA,NA,NA,NA,NA
"Black-breasted Parrotbill",NA,NA,NA,NA,NA,NA,NA,NA,NA,NA,NA,NA,NA,NA,NA,NA,NA,NA,NA,NA,NA,NA,NA,NA,NA,NA,NA,NA,NA,NA,NA,NA,NA
"Spot-breasted Parrotbill",NA,NA,NA,NA,NA,NA,NA,NA,NA,NA,NA,NA,NA,NA,NA,NA,NA,NA,NA,NA,NA,NA,NA,NA,NA,NA,NA,NA,NA,NA,NA,NA,NA
"Great Parrotbill",NA,NA,NA,NA,NA,NA,NA,NA,NA,NA,NA,NA,NA,NA,NA,NA,NA,NA,NA,NA,NA,NA,NA,NA,NA,NA,NA,NA,NA,NA,NA,NA,NA
"Brown Parrotbill",NA,NA,NA,NA,NA,NA,NA,NA,NA,NA,NA,NA,NA,NA,NA,NA,NA,NA,NA,NA,NA,NA,NA,NA,NA,NA,NA,NA,NA,NA,NA,NA,NA
"Gray-headed Parrotbill",NA,NA,NA,NA,NA,NA,NA,NA,NA,NA,NA,NA,NA,NA,NA,NA,NA,NA,NA,NA,NA,NA,NA,NA,NA,NA,NA,NA,NA,NA,NA,NA,NA
"White-breasted Parrotbill",NA,NA,NA,NA,NA,NA,NA,NA,NA,NA,NA,NA,NA,NA,NA,NA,NA,NA,NA,NA,NA,NA,NA,NA,NA,NA,NA,NA,NA,NA,NA,NA,NA
"Rufous-headed Parrotbill",NA,NA,NA,NA,NA,NA,NA,NA,NA,NA,NA,NA,NA,NA,NA,NA,NA,NA,NA,NA,NA,NA,NA,NA,NA,NA,NA,NA,NA,NA,NA,NA,NA
"Fulvous Parrotbill",NA,NA,NA,NA,NA,NA,NA,NA,NA,NA,NA,NA,NA,NA,NA,NA,NA,NA,NA,NA,NA,NA,NA,NA,NA,NA,NA,NA,NA,NA,NA,NA,NA
"Black-throated Parrotbill",NA,NA,NA,NA,NA,NA,NA,NA,NA,NA,NA,NA,NA,NA,NA,NA,NA,NA,NA,NA,NA,NA,NA,NA,NA,NA,NA,NA,NA,NA,NA,NA,NA
"Pale-billed Parrotbill",NA,NA,NA,NA,NA,NA,NA,NA,NA,NA,NA,NA,NA,NA,NA,NA,NA,NA,NA,NA,NA,NA,NA,NA,NA,NA,NA,NA,NA,NA,NA,NA,NA
"Striated Yuhina",NA,NA,NA,NA,NA,NA,NA,NA,NA,NA,NA,NA,NA,NA,NA,NA,NA,NA,NA,NA,NA,NA,NA,NA,NA,NA,NA,NA,NA,NA,NA,NA,NA
"Black-chinned Yuhina",NA,NA,NA,NA,NA,NA,NA,NA,NA,NA,NA,NA,NA,NA,NA,NA,NA,NA,NA,NA,NA,NA,NA,NA,NA,NA,NA,NA,NA,NA,NA,NA,NA
"Whiskered Yuhina",NA,NA,NA,NA,NA,NA,NA,NA,NA,NA,NA,NA,NA,NA,NA,NA,NA,NA,NA,NA,NA,NA,NA,NA,NA,NA,NA,NA,NA,NA,NA,NA,NA
"White-naped Yuhina",NA,NA,NA,NA,NA,NA,NA,NA,NA,NA,NA,NA,NA,NA,NA,NA,NA,NA,NA,NA,NA,NA,NA,NA,NA,NA,NA,NA,NA,NA,NA,NA,NA
"Stripe-throated Yuhina",NA,NA,NA,NA,NA,NA,NA,NA,NA,NA,NA,NA,NA,NA,NA,NA,NA,NA,NA,NA,NA,NA,NA,NA,NA,NA,NA,NA,NA,NA,NA,NA,NA
"Rufous-vented Yuhina",NA,NA,NA,NA,NA,NA,NA,NA,NA,NA,NA,NA,NA,NA,NA,NA,NA,NA,NA,NA,NA,NA,NA,NA,NA,NA,NA,NA,NA,NA,NA,NA,NA
"Chestnut-flanked White-eye",NA,NA,NA,NA,NA,NA,NA,NA,NA,NA,NA,NA,NA,NA,NA,NA,NA,NA,NA,NA,NA,NA,NA,NA,NA,NA,NA,NA,NA,NA,NA,NA,NA
"Indian White-eye",3.72657427771565,5.98945071668637,8.25232715565709,3.69523117597189,5.7647355072824,7.83423983859291,5.07759583916709,6.67278320509039,8.26797057101368,4.01565227588893,6.00697697771531,7.99830167954168,4.13990424627758,6.12887569610674,8.11784714593591,4.10585408416664,6.09910442842693,8.09235477268723,4.10724052980226,6.10909986059865,8.11095919139504,4.13636631616166,6.15994922239885,8.18353212863605,4.89908461430623,6.60070048451914,8.30231635473205,3.7954506934266,5.95844751745937,8.12144434149213,3.34591889333041,5.43711310530011,7.52830731726981
"Chestnut-capped Babbler",NA,NA,NA,NA,NA,NA,NA,NA,NA,NA,NA,NA,NA,NA,NA,NA,NA,NA,NA,NA,NA,NA,NA,NA,NA,NA,NA,NA,NA,NA,NA,NA,NA
"Tawny-bellied Babbler",-6.88366028974267,-3.16857355578212,0.546513178178425,-4.16620979720891,-0.834911882432776,2.49638603234335,-4.59941632384225,-1.25895709967152,2.08150212449921,-5.74995968378141,-2.11821498080832,1.51352972216476,-5.21265583840282,-2.29212867099066,0.628398496421496,-5.52012680181818,-1.97744698860946,1.56523282459926,-5.63068942909508,-2.04295741297565,1.54477460314377,-5.80083950653544,-2.23445615081632,1.33192720490279,-5.82245004068405,-2.04975272961137,1.72294458146131,-5.85677355883674,-1.92749188396854,2.00178979089966,-6.03220873766092,-1.87526492552494,2.28167888661104
"Dark-fronted Babbler",-10.1367817032399,1.83499932393915,13.8067803511182,-8.0753425031573,2.69196133836908,13.4592651798955,-9.32046824116287,1.75495042387498,12.8303690889128,-7.82294499345863,2.37121885415954,12.5653827017777,-9.25796511785244,1.39681993177522,12.0516049814029,-7.63481025815166,1.64699297875849,10.9287962156686,-9.38739943642084,1.48175811523709,12.350915666895,-9.63648399154119,1.52180365706884,12.6800913056789,-8.57469155830125,2.57534123015603,13.7253740186133,-10.1079676561164,1.85325976769229,13.8144871915009,-12.8821725534307,-1.00733087768447,10.8675107980617
"Pin-striped Tit-Babbler",NA,NA,NA,NA,NA,NA,NA,NA,NA,NA,NA,NA,NA,NA,NA,NA,NA,NA,NA,NA,NA,NA,NA,NA,NA,NA,NA,NA,NA,NA,NA,NA,NA
"Golden Babbler",NA,NA,NA,NA,NA,NA,NA,NA,NA,NA,NA,NA,NA,NA,NA,NA,NA,NA,NA,NA,NA,NA,NA,NA,NA,NA,NA,NA,NA,NA,NA,NA,NA
"Rufous-fronted Babbler",NA,NA,NA,NA,NA,NA,NA,NA,NA,NA,NA,NA,NA,NA,NA,NA,NA,NA,NA,NA,NA,NA,NA,NA,NA,NA,NA,NA,NA,NA,NA,NA,NA
"Black-chinned Babbler",NA,NA,NA,NA,NA,NA,NA,NA,NA,NA,NA,NA,NA,NA,NA,NA,NA,NA,NA,NA,NA,NA,NA,NA,NA,NA,NA,NA,NA,NA,NA,NA,NA
"Rufous-capped Babbler",NA,NA,NA,NA,NA,NA,NA,NA,NA,NA,NA,NA,NA,NA,NA,NA,NA,NA,NA,NA,NA,NA,NA,NA,NA,NA,NA,NA,NA,NA,NA,NA,NA
"Rufous-throated Wren-Babbler",NA,NA,NA,NA,NA,NA,NA,NA,NA,NA,NA,NA,NA,NA,NA,NA,NA,NA,NA,NA,NA,NA,NA,NA,NA,NA,NA,NA,NA,NA,NA,NA,NA
"Mishmi Wren-Babbler",NA,NA,NA,NA,NA,NA,NA,NA,NA,NA,NA,NA,NA,NA,NA,NA,NA,NA,NA,NA,NA,NA,NA,NA,NA,NA,NA,NA,NA,NA,NA,NA,NA
"Bar-winged Wren-Babbler",NA,NA,NA,NA,NA,NA,NA,NA,NA,NA,NA,NA,NA,NA,NA,NA,NA,NA,NA,NA,NA,NA,NA,NA,NA,NA,NA,NA,NA,NA,NA,NA,NA
"Naga Wren-Babbler",NA,NA,NA,NA,NA,NA,NA,NA,NA,NA,NA,NA,NA,NA,NA,NA,NA,NA,NA,NA,NA,NA,NA,NA,NA,NA,NA,NA,NA,NA,NA,NA,NA
"Chin Hills Wren-Babbler",NA,NA,NA,NA,NA,NA,NA,NA,NA,NA,NA,NA,NA,NA,NA,NA,NA,NA,NA,NA,NA,NA,NA,NA,NA,NA,NA,NA,NA,NA,NA,NA,NA
"Tawny-breasted Wren-Babbler",NA,NA,NA,NA,NA,NA,NA,NA,NA,NA,NA,NA,NA,NA,NA,NA,NA,NA,NA,NA,NA,NA,NA,NA,NA,NA,NA,NA,NA,NA,NA,NA,NA
"Black-crowned Scimitar-Babbler",NA,NA,NA,NA,NA,NA,NA,NA,NA,NA,NA,NA,NA,NA,NA,NA,NA,NA,NA,NA,NA,NA,NA,NA,NA,NA,NA,NA,NA,NA,NA,NA,NA
"Brown-crowned Scimitar-Babbler",NA,NA,NA,NA,NA,NA,NA,NA,NA,NA,NA,NA,NA,NA,NA,NA,NA,NA,NA,NA,NA,NA,NA,NA,NA,NA,NA,NA,NA,NA,NA,NA,NA
"Red-billed Scimitar-Babbler",NA,NA,NA,NA,NA,NA,NA,NA,NA,NA,NA,NA,NA,NA,NA,NA,NA,NA,NA,NA,NA,NA,NA,NA,NA,NA,NA,NA,NA,NA,NA,NA,NA
"Slender-billed Scimitar-Babbler",NA,NA,NA,NA,NA,NA,NA,NA,NA,NA,NA,NA,NA,NA,NA,NA,NA,NA,NA,NA,NA,NA,NA,NA,NA,NA,NA,NA,NA,NA,NA,NA,NA
"Streak-breasted Scimitar-Babbler",NA,NA,NA,NA,NA,NA,NA,NA,NA,NA,NA,NA,NA,NA,NA,NA,NA,NA,NA,NA,NA,NA,NA,NA,NA,NA,NA,NA,NA,NA,NA,NA,NA
"White-browed Scimitar-Babbler",NA,NA,NA,NA,NA,NA,NA,NA,NA,NA,NA,NA,NA,NA,NA,NA,NA,NA,NA,NA,NA,NA,NA,NA,NA,NA,NA,NA,NA,NA,NA,NA,NA
"Indian Scimitar-Babbler",-2.85138096001917,-0.00270314621056525,2.84597466759804,-3.06530801046486,-0.346265025494212,2.37277795947643,-2.76252162397786,-0.161117300137534,2.44028702370279,-2.58725039213716,-0.109866759197425,2.36751687374231,-2.73017333168403,-0.423115139559852,1.88394305256432,-2.2041231435859,-0.277098470612851,1.64992620236019,-2.79163146628029,-0.393085496422387,2.00546047343552,-2.93254238991755,-0.414324978433575,2.1038924330504,-3.13413695434627,-0.626182325024607,1.88177230429706,-3.28729964585041,-0.601810663075086,2.08367831970024,-2.20066343233156,0.493371465210647,3.18740636275285
"Large Scimitar-Babbler",NA,NA,NA,NA,NA,NA,NA,NA,NA,NA,NA,NA,NA,NA,NA,NA,NA,NA,NA,NA,NA,NA,NA,NA,NA,NA,NA,NA,NA,NA,NA,NA,NA
"Rusty-cheeked Scimitar-Babbler",NA,NA,NA,NA,NA,NA,NA,NA,NA,NA,NA,NA,NA,NA,NA,NA,NA,NA,NA,NA,NA,NA,NA,NA,NA,NA,NA,NA,NA,NA,NA,NA,NA
"Spot-breasted Scimitar-Babbler",NA,NA,NA,NA,NA,NA,NA,NA,NA,NA,NA,NA,NA,NA,NA,NA,NA,NA,NA,NA,NA,NA,NA,NA,NA,NA,NA,NA,NA,NA,NA,NA,NA
"Gray-throated Babbler",NA,NA,NA,NA,NA,NA,NA,NA,NA,NA,NA,NA,NA,NA,NA,NA,NA,NA,NA,NA,NA,NA,NA,NA,NA,NA,NA,NA,NA,NA,NA,NA,NA
"Sikkim Wedge-billed Babbler",NA,NA,NA,NA,NA,NA,NA,NA,NA,NA,NA,NA,NA,NA,NA,NA,NA,NA,NA,NA,NA,NA,NA,NA,NA,NA,NA,NA,NA,NA,NA,NA,NA
"Cachar Wedge-billed Babbler",NA,NA,NA,NA,NA,NA,NA,NA,NA,NA,NA,NA,NA,NA,NA,NA,NA,NA,NA,NA,NA,NA,NA,NA,NA,NA,NA,NA,NA,NA,NA,NA,NA
"Snowy-throated Babbler",NA,NA,NA,NA,NA,NA,NA,NA,NA,NA,NA,NA,NA,NA,NA,NA,NA,NA,NA,NA,NA,NA,NA,NA,NA,NA,NA,NA,NA,NA,NA,NA,NA
"Indian Grassbird",NA,NA,NA,NA,NA,NA,NA,NA,NA,NA,NA,NA,NA,NA,NA,NA,NA,NA,NA,NA,NA,NA,NA,NA,NA,NA,NA,NA,NA,NA,NA,NA,NA
"White-hooded Babbler",NA,NA,NA,NA,NA,NA,NA,NA,NA,NA,NA,NA,NA,NA,NA,NA,NA,NA,NA,NA,NA,NA,NA,NA,NA,NA,NA,NA,NA,NA,NA,NA,NA
"Yellow-throated Fulvetta",NA,NA,NA,NA,NA,NA,NA,NA,NA,NA,NA,NA,NA,NA,NA,NA,NA,NA,NA,NA,NA,NA,NA,NA,NA,NA,NA,NA,NA,NA,NA,NA,NA
"Rufous-winged Fulvetta",NA,NA,NA,NA,NA,NA,NA,NA,NA,NA,NA,NA,NA,NA,NA,NA,NA,NA,NA,NA,NA,NA,NA,NA,NA,NA,NA,NA,NA,NA,NA,NA,NA
"Rufous-throated Fulvetta",NA,NA,NA,NA,NA,NA,NA,NA,NA,NA,NA,NA,NA,NA,NA,NA,NA,NA,NA,NA,NA,NA,NA,NA,NA,NA,NA,NA,NA,NA,NA,NA,NA
"Rusty-capped Fulvetta",NA,NA,NA,NA,NA,NA,NA,NA,NA,NA,NA,NA,NA,NA,NA,NA,NA,NA,NA,NA,NA,NA,NA,NA,NA,NA,NA,NA,NA,NA,NA,NA,NA
"Puff-throated Babbler",-0.158859815630166,4.11461203631952,8.3880838882692,-0.670228402923685,3.51202305018352,7.69427450329072,-0.545699578074636,3.43583290104935,7.41736538017334,-1.18775021660518,2.8231338346759,6.83401788595698,-0.582564423366628,2.62057298383067,5.82371039102797,-0.439798825095705,2.95285235169449,6.34550352848468,-0.990366336084137,2.98553128633199,6.96142890874812,-0.787012865975895,3.1847608029097,7.1565344717953,-1.3633989758385,2.76422138853992,6.89184175291835,-2.01262620070654,1.8837646457266,5.78015549215974,-2.1734733746173,2.31281897103956,6.79911131669642
"Marsh Babbler",NA,NA,NA,NA,NA,NA,NA,NA,NA,NA,NA,NA,NA,NA,NA,NA,NA,NA,NA,NA,NA,NA,NA,NA,NA,NA,NA,NA,NA,NA,NA,NA,NA
"Spot-throated Babbler",NA,NA,NA,NA,NA,NA,NA,NA,NA,NA,NA,NA,NA,NA,NA,NA,NA,NA,NA,NA,NA,NA,NA,NA,NA,NA,NA,NA,NA,NA,NA,NA,NA
"Buff-breasted Babbler",NA,NA,NA,NA,NA,NA,NA,NA,NA,NA,NA,NA,NA,NA,NA,NA,NA,NA,NA,NA,NA,NA,NA,NA,NA,NA,NA,NA,NA,NA,NA,NA,NA
"Rufous-vented Grass Babbler",NA,NA,NA,NA,NA,NA,NA,NA,NA,NA,NA,NA,NA,NA,NA,NA,NA,NA,NA,NA,NA,NA,NA,NA,NA,NA,NA,NA,NA,NA,NA,NA,NA
"Swamp Grass Babbler",NA,NA,NA,NA,NA,NA,NA,NA,NA,NA,NA,NA,NA,NA,NA,NA,NA,NA,NA,NA,NA,NA,NA,NA,NA,NA,NA,NA,NA,NA,NA,NA,NA
"Abbott's Babbler",NA,NA,NA,NA,NA,NA,NA,NA,NA,NA,NA,NA,NA,NA,NA,NA,NA,NA,NA,NA,NA,NA,NA,NA,NA,NA,NA,NA,NA,NA,NA,NA,NA
"Streaked Wren-Babbler",NA,NA,NA,NA,NA,NA,NA,NA,NA,NA,NA,NA,NA,NA,NA,NA,NA,NA,NA,NA,NA,NA,NA,NA,NA,NA,NA,NA,NA,NA,NA,NA,NA
"Eyebrowed Wren-Babbler",NA,NA,NA,NA,NA,NA,NA,NA,NA,NA,NA,NA,NA,NA,NA,NA,NA,NA,NA,NA,NA,NA,NA,NA,NA,NA,NA,NA,NA,NA,NA,NA,NA
"Long-billed Wren-Babbler",NA,NA,NA,NA,NA,NA,NA,NA,NA,NA,NA,NA,NA,NA,NA,NA,NA,NA,NA,NA,NA,NA,NA,NA,NA,NA,NA,NA,NA,NA,NA,NA,NA
"Brown-cheeked Fulvetta",-2.47082816202191,0.452549786831733,3.37592773568538,-1.70216922632787,0.91488662423323,3.53194247479433,-2.36700499326288,0.286566516213313,2.94013802568951,-2.29291514561946,0.175218710334399,2.64335256628826,-2.15296719703586,0.412184601102996,2.97733639924185,-1.94305139330151,0.407554599581907,2.75816059246532,-2.07124132587148,0.249497920996471,2.57023716786442,-2.09327065653065,0.498056175071477,3.0893830066736,-2.40313209120758,-0.309070984034928,1.78499012313772,-1.67427085801854,0.950896233871424,3.57606332576138,-2.32931233452028,0.611265816003047,3.55184396652637
"Nepal Fulvetta",NA,NA,NA,NA,NA,NA,NA,NA,NA,NA,NA,NA,NA,NA,NA,NA,NA,NA,NA,NA,NA,NA,NA,NA,NA,NA,NA,NA,NA,NA,NA,NA,NA
"Striated Laughingthrush",NA,NA,NA,NA,NA,NA,NA,NA,NA,NA,NA,NA,NA,NA,NA,NA,NA,NA,NA,NA,NA,NA,NA,NA,NA,NA,NA,NA,NA,NA,NA,NA,NA
"Himalayan Cutia",NA,NA,NA,NA,NA,NA,NA,NA,NA,NA,NA,NA,NA,NA,NA,NA,NA,NA,NA,NA,NA,NA,NA,NA,NA,NA,NA,NA,NA,NA,NA,NA,NA
"Scaly Laughingthrush",NA,NA,NA,NA,NA,NA,NA,NA,NA,NA,NA,NA,NA,NA,NA,NA,NA,NA,NA,NA,NA,NA,NA,NA,NA,NA,NA,NA,NA,NA,NA,NA,NA
"Brown-capped Laughingthrush",NA,NA,NA,NA,NA,NA,NA,NA,NA,NA,NA,NA,NA,NA,NA,NA,NA,NA,NA,NA,NA,NA,NA,NA,NA,NA,NA,NA,NA,NA,NA,NA,NA
"Blue-winged Laughingthrush",NA,NA,NA,NA,NA,NA,NA,NA,NA,NA,NA,NA,NA,NA,NA,NA,NA,NA,NA,NA,NA,NA,NA,NA,NA,NA,NA,NA,NA,NA,NA,NA,NA
"Streaked Laughingthrush",NA,NA,NA,NA,NA,NA,NA,NA,NA,NA,NA,NA,NA,NA,NA,NA,NA,NA,NA,NA,NA,NA,NA,NA,NA,NA,NA,NA,NA,NA,NA,NA,NA
"Bhutan Laughingthrush",NA,NA,NA,NA,NA,NA,NA,NA,NA,NA,NA,NA,NA,NA,NA,NA,NA,NA,NA,NA,NA,NA,NA,NA,NA,NA,NA,NA,NA,NA,NA,NA,NA
"Striped Laughingthrush",NA,NA,NA,NA,NA,NA,NA,NA,NA,NA,NA,NA,NA,NA,NA,NA,NA,NA,NA,NA,NA,NA,NA,NA,NA,NA,NA,NA,NA,NA,NA,NA,NA
"Variegated Laughingthrush",NA,NA,NA,NA,NA,NA,NA,NA,NA,NA,NA,NA,NA,NA,NA,NA,NA,NA,NA,NA,NA,NA,NA,NA,NA,NA,NA,NA,NA,NA,NA,NA,NA
"Black-faced Laughingthrush",NA,NA,NA,NA,NA,NA,NA,NA,NA,NA,NA,NA,NA,NA,NA,NA,NA,NA,NA,NA,NA,NA,NA,NA,NA,NA,NA,NA,NA,NA,NA,NA,NA
"Elliot's Laughingthrush",NA,NA,NA,NA,NA,NA,NA,NA,NA,NA,NA,NA,NA,NA,NA,NA,NA,NA,NA,NA,NA,NA,NA,NA,NA,NA,NA,NA,NA,NA,NA,NA,NA
"Chestnut-crowned Laughingthrush",NA,NA,NA,NA,NA,NA,NA,NA,NA,NA,NA,NA,NA,NA,NA,NA,NA,NA,NA,NA,NA,NA,NA,NA,NA,NA,NA,NA,NA,NA,NA,NA,NA
"Assam Laughingthrush",NA,NA,NA,NA,NA,NA,NA,NA,NA,NA,NA,NA,NA,NA,NA,NA,NA,NA,NA,NA,NA,NA,NA,NA,NA,NA,NA,NA,NA,NA,NA,NA,NA
"Banasura Laughingthrush",NA,NA,NA,NA,NA,NA,NA,NA,NA,NA,NA,NA,NA,NA,NA,NA,NA,NA,NA,NA,NA,NA,NA,NA,NA,NA,NA,NA,NA,NA,NA,NA,NA
"Nilgiri Laughingthrush",NA,NA,NA,NA,NA,NA,NA,NA,NA,NA,NA,NA,NA,NA,NA,NA,NA,NA,NA,NA,NA,NA,NA,NA,NA,NA,NA,NA,NA,NA,NA,NA,NA
"Palani Laughingthrush",NA,NA,NA,NA,NA,NA,NA,NA,NA,NA,NA,NA,NA,NA,NA,NA,NA,NA,NA,NA,NA,NA,NA,NA,NA,NA,NA,NA,NA,NA,NA,NA,NA
"Ashambu Laughingthrush",NA,NA,NA,NA,NA,NA,NA,NA,NA,NA,NA,NA,NA,NA,NA,NA,NA,NA,NA,NA,NA,NA,NA,NA,NA,NA,NA,NA,NA,NA,NA,NA,NA
"Long-tailed Sibia",NA,NA,NA,NA,NA,NA,NA,NA,NA,NA,NA,NA,NA,NA,NA,NA,NA,NA,NA,NA,NA,NA,NA,NA,NA,NA,NA,NA,NA,NA,NA,NA,NA
"Rufous Sibia",NA,NA,NA,NA,NA,NA,NA,NA,NA,NA,NA,NA,NA,NA,NA,NA,NA,NA,NA,NA,NA,NA,NA,NA,NA,NA,NA,NA,NA,NA,NA,NA,NA
"Beautiful Sibia",NA,NA,NA,NA,NA,NA,NA,NA,NA,NA,NA,NA,NA,NA,NA,NA,NA,NA,NA,NA,NA,NA,NA,NA,NA,NA,NA,NA,NA,NA,NA,NA,NA
"Gray Sibia",NA,NA,NA,NA,NA,NA,NA,NA,NA,NA,NA,NA,NA,NA,NA,NA,NA,NA,NA,NA,NA,NA,NA,NA,NA,NA,NA,NA,NA,NA,NA,NA,NA
"Hoary-throated Barwing",NA,NA,NA,NA,NA,NA,NA,NA,NA,NA,NA,NA,NA,NA,NA,NA,NA,NA,NA,NA,NA,NA,NA,NA,NA,NA,NA,NA,NA,NA,NA,NA,NA
"Streak-throated Barwing",NA,NA,NA,NA,NA,NA,NA,NA,NA,NA,NA,NA,NA,NA,NA,NA,NA,NA,NA,NA,NA,NA,NA,NA,NA,NA,NA,NA,NA,NA,NA,NA,NA
"Blue-winged Minla",NA,NA,NA,NA,NA,NA,NA,NA,NA,NA,NA,NA,NA,NA,NA,NA,NA,NA,NA,NA,NA,NA,NA,NA,NA,NA,NA,NA,NA,NA,NA,NA,NA
"Chestnut-tailed Minla",NA,NA,NA,NA,NA,NA,NA,NA,NA,NA,NA,NA,NA,NA,NA,NA,NA,NA,NA,NA,NA,NA,NA,NA,NA,NA,NA,NA,NA,NA,NA,NA,NA
"Rusty-fronted Barwing",NA,NA,NA,NA,NA,NA,NA,NA,NA,NA,NA,NA,NA,NA,NA,NA,NA,NA,NA,NA,NA,NA,NA,NA,NA,NA,NA,NA,NA,NA,NA,NA,NA
"Red-billed Leiothrix",NA,NA,NA,NA,NA,NA,NA,NA,NA,NA,NA,NA,NA,NA,NA,NA,NA,NA,NA,NA,NA,NA,NA,NA,NA,NA,NA,NA,NA,NA,NA,NA,NA
"Silver-eared Mesia",NA,NA,NA,NA,NA,NA,NA,NA,NA,NA,NA,NA,NA,NA,NA,NA,NA,NA,NA,NA,NA,NA,NA,NA,NA,NA,NA,NA,NA,NA,NA,NA,NA
"Red-tailed Minla",NA,NA,NA,NA,NA,NA,NA,NA,NA,NA,NA,NA,NA,NA,NA,NA,NA,NA,NA,NA,NA,NA,NA,NA,NA,NA,NA,NA,NA,NA,NA,NA,NA
"Rufous-backed Sibia",NA,NA,NA,NA,NA,NA,NA,NA,NA,NA,NA,NA,NA,NA,NA,NA,NA,NA,NA,NA,NA,NA,NA,NA,NA,NA,NA,NA,NA,NA,NA,NA,NA
"Bugun Liocichla",NA,NA,NA,NA,NA,NA,NA,NA,NA,NA,NA,NA,NA,NA,NA,NA,NA,NA,NA,NA,NA,NA,NA,NA,NA,NA,NA,NA,NA,NA,NA,NA,NA
"Red-faced Liocichla",NA,NA,NA,NA,NA,NA,NA,NA,NA,NA,NA,NA,NA,NA,NA,NA,NA,NA,NA,NA,NA,NA,NA,NA,NA,NA,NA,NA,NA,NA,NA,NA,NA
"Large Gray Babbler",-2.92553214400627,-1.3383477287245,0.248836686557262,-2.32899658564371,-0.409606118431172,1.50978434878136,-2.25372318753668,-0.409415611417062,1.43489196470256,-1.52309193189494,-0.129828571083166,1.26343478972861,-2.14767376988962,-0.402577307060003,1.34251915576961,-2.14610042751874,-0.447711715324172,1.25067699687039,-2.2052338879891,-0.433478994611805,1.33827589876549,-1.87871216844655,-0.237670191781436,1.40337178488367,-1.94905162417843,-0.195327774096748,1.55839607598493,-2.47832800661694,-0.561332818971523,1.35566236867389,-2.60521980428424,-0.573079753586416,1.45906029711141
"Slender-billed Babbler",NA,NA,NA,NA,NA,NA,NA,NA,NA,NA,NA,NA,NA,NA,NA,NA,NA,NA,NA,NA,NA,NA,NA,NA,NA,NA,NA,NA,NA,NA,NA,NA,NA
"Rufous Babbler",NA,NA,NA,NA,NA,NA,NA,NA,NA,NA,NA,NA,NA,NA,NA,NA,NA,NA,NA,NA,NA,NA,NA,NA,NA,NA,NA,NA,NA,NA,NA,NA,NA
"Jungle Babbler",-0.704479276374051,0.514312583113627,1.7331044426013,-1.64918063024894,-0.173117035988288,1.30294655827236,-1.53063357971978,-0.117703623738548,1.29522633224269,-1.61755729948629,-0.302481746495109,1.01259380649607,-1.2921902302402,-0.315104333326678,0.661981563586844,-1.48070479993416,-0.181351516000246,1.11800176793367,-1.55450834480309,-0.224970881419632,1.10456658196383,-1.60461368778343,-0.230562297061864,1.1434890936597,-1.65260530829195,-0.235170167115885,1.18226497406018,-1.76061975988301,-0.293580157711913,1.17345944445918,-1.84850472866661,-0.286332936389104,1.27583885588841
"Yellow-billed Babbler",NA,NA,NA,NA,NA,NA,NA,NA,NA,NA,NA,NA,NA,NA,NA,NA,NA,NA,NA,NA,NA,NA,NA,NA,NA,NA,NA,NA,NA,NA,NA,NA,NA
"Common Babbler",-6.45563686734891,-3.13032171093397,0.194993445480977,-5.6352356761346,-2.64627454319286,0.342686589748866,-6.23788904706503,-3.20934060764839,-0.180792168231748,-6.01355047336476,-3.7379920993865,-1.46243372540824,-5.63334147695842,-3.01236414959137,-0.391386822224318,-5.99007486165225,-3.18829712155233,-0.386519381452407,-5.77851020203161,-3.04323389515321,-0.307957588274822,-5.58824343236014,-2.85784538169413,-0.12744733102811,-6.38386071144895,-3.36445281224297,-0.345044913036998,-6.62847199608771,-3.50894660726385,-0.389421218439983,-6.80504796650592,-3.47478238091206,-0.144516795318197
"Striated Babbler",NA,NA,NA,NA,NA,NA,NA,NA,NA,NA,NA,NA,NA,NA,NA,NA,NA,NA,NA,NA,NA,NA,NA,NA,NA,NA,NA,NA,NA,NA,NA,NA,NA
"Spot-breasted Laughingthrush",NA,NA,NA,NA,NA,NA,NA,NA,NA,NA,NA,NA,NA,NA,NA,NA,NA,NA,NA,NA,NA,NA,NA,NA,NA,NA,NA,NA,NA,NA,NA,NA,NA
"Lesser Necklaced Laughingthrush",NA,NA,NA,NA,NA,NA,NA,NA,NA,NA,NA,NA,NA,NA,NA,NA,NA,NA,NA,NA,NA,NA,NA,NA,NA,NA,NA,NA,NA,NA,NA,NA,NA
"White-crested Laughingthrush",NA,NA,NA,NA,NA,NA,NA,NA,NA,NA,NA,NA,NA,NA,NA,NA,NA,NA,NA,NA,NA,NA,NA,NA,NA,NA,NA,NA,NA,NA,NA,NA,NA
"Rufous-chinned Laughingthrush",NA,NA,NA,NA,NA,NA,NA,NA,NA,NA,NA,NA,NA,NA,NA,NA,NA,NA,NA,NA,NA,NA,NA,NA,NA,NA,NA,NA,NA,NA,NA,NA,NA
"Moustached Laughingthrush",NA,NA,NA,NA,NA,NA,NA,NA,NA,NA,NA,NA,NA,NA,NA,NA,NA,NA,NA,NA,NA,NA,NA,NA,NA,NA,NA,NA,NA,NA,NA,NA,NA
"Spotted Laughingthrush",NA,NA,NA,NA,NA,NA,NA,NA,NA,NA,NA,NA,NA,NA,NA,NA,NA,NA,NA,NA,NA,NA,NA,NA,NA,NA,NA,NA,NA,NA,NA,NA,NA
"Wayanad Laughingthrush",NA,NA,NA,NA,NA,NA,NA,NA,NA,NA,NA,NA,NA,NA,NA,NA,NA,NA,NA,NA,NA,NA,NA,NA,NA,NA,NA,NA,NA,NA,NA,NA,NA
"Rufous-vented Laughingthrush",NA,NA,NA,NA,NA,NA,NA,NA,NA,NA,NA,NA,NA,NA,NA,NA,NA,NA,NA,NA,NA,NA,NA,NA,NA,NA,NA,NA,NA,NA,NA,NA,NA
"Yellow-throated Laughingthrush",NA,NA,NA,NA,NA,NA,NA,NA,NA,NA,NA,NA,NA,NA,NA,NA,NA,NA,NA,NA,NA,NA,NA,NA,NA,NA,NA,NA,NA,NA,NA,NA,NA
"Rufous-necked Laughingthrush",NA,NA,NA,NA,NA,NA,NA,NA,NA,NA,NA,NA,NA,NA,NA,NA,NA,NA,NA,NA,NA,NA,NA,NA,NA,NA,NA,NA,NA,NA,NA,NA,NA
"Chestnut-backed Laughingthrush",NA,NA,NA,NA,NA,NA,NA,NA,NA,NA,NA,NA,NA,NA,NA,NA,NA,NA,NA,NA,NA,NA,NA,NA,NA,NA,NA,NA,NA,NA,NA,NA,NA
"White-browed Laughingthrush",NA,NA,NA,NA,NA,NA,NA,NA,NA,NA,NA,NA,NA,NA,NA,NA,NA,NA,NA,NA,NA,NA,NA,NA,NA,NA,NA,NA,NA,NA,NA,NA,NA
"Greater Necklaced Laughingthrush",NA,NA,NA,NA,NA,NA,NA,NA,NA,NA,NA,NA,NA,NA,NA,NA,NA,NA,NA,NA,NA,NA,NA,NA,NA,NA,NA,NA,NA,NA,NA,NA,NA
"Mount Victoria Babax",NA,NA,NA,NA,NA,NA,NA,NA,NA,NA,NA,NA,NA,NA,NA,NA,NA,NA,NA,NA,NA,NA,NA,NA,NA,NA,NA,NA,NA,NA,NA,NA,NA
"White-throated Laughingthrush",NA,NA,NA,NA,NA,NA,NA,NA,NA,NA,NA,NA,NA,NA,NA,NA,NA,NA,NA,NA,NA,NA,NA,NA,NA,NA,NA,NA,NA,NA,NA,NA,NA
"Gray-sided Laughingthrush",NA,NA,NA,NA,NA,NA,NA,NA,NA,NA,NA,NA,NA,NA,NA,NA,NA,NA,NA,NA,NA,NA,NA,NA,NA,NA,NA,NA,NA,NA,NA,NA,NA
"Goldcrest",NA,NA,NA,NA,NA,NA,NA,NA,NA,NA,NA,NA,NA,NA,NA,NA,NA,NA,NA,NA,NA,NA,NA,NA,NA,NA,NA,NA,NA,NA,NA,NA,NA
"Wallcreeper",NA,NA,NA,NA,NA,NA,NA,NA,NA,NA,NA,NA,NA,NA,NA,NA,NA,NA,NA,NA,NA,NA,NA,NA,NA,NA,NA,NA,NA,NA,NA,NA,NA
"White-cheeked Nuthatch",NA,NA,NA,NA,NA,NA,NA,NA,NA,NA,NA,NA,NA,NA,NA,NA,NA,NA,NA,NA,NA,NA,NA,NA,NA,NA,NA,NA,NA,NA,NA,NA,NA
"Beautiful Nuthatch",NA,NA,NA,NA,NA,NA,NA,NA,NA,NA,NA,NA,NA,NA,NA,NA,NA,NA,NA,NA,NA,NA,NA,NA,NA,NA,NA,NA,NA,NA,NA,NA,NA
"Velvet-fronted Nuthatch",-4895553537.81424,15240.8954029793,4895584019.60505,-4842255950.7474,-3103889.19076378,4836048172.36587,-4840744292.39043,-2722427.0429809,4835299438.30447,-3990589596.42131,-875597.178178319,3988838402.06496,-4762853782.2921,-1187933.67281473,4760477914.94647,-4770272811.35426,-1344391.30525698,4767584028.74375,-4583193017.28288,-1854017.52236541,4579484982.23815,-4597781636.51088,-2944673.73962619,4591892289.03162,-4893185917.04494,-290297.457676356,4892605322.12959,-5018205853.41908,-115714.691518174,5017974424.03605,-5466962600.79864,-890353.534464562,5465181893.72971
"Yunnan Nuthatch",NA,NA,NA,NA,NA,NA,NA,NA,NA,NA,NA,NA,NA,NA,NA,NA,NA,NA,NA,NA,NA,NA,NA,NA,NA,NA,NA,NA,NA,NA,NA,NA,NA
"White-tailed Nuthatch",NA,NA,NA,NA,NA,NA,NA,NA,NA,NA,NA,NA,NA,NA,NA,NA,NA,NA,NA,NA,NA,NA,NA,NA,NA,NA,NA,NA,NA,NA,NA,NA,NA
"Indian Nuthatch",NA,NA,NA,NA,NA,NA,NA,NA,NA,NA,NA,NA,NA,NA,NA,NA,NA,NA,NA,NA,NA,NA,NA,NA,NA,NA,NA,NA,NA,NA,NA,NA,NA
"Chestnut-bellied Nuthatch",NA,NA,NA,NA,NA,NA,NA,NA,NA,NA,NA,NA,NA,NA,NA,NA,NA,NA,NA,NA,NA,NA,NA,NA,NA,NA,NA,NA,NA,NA,NA,NA,NA
"Chestnut-vented Nuthatch",NA,NA,NA,NA,NA,NA,NA,NA,NA,NA,NA,NA,NA,NA,NA,NA,NA,NA,NA,NA,NA,NA,NA,NA,NA,NA,NA,NA,NA,NA,NA,NA,NA
"Kashmir Nuthatch",NA,NA,NA,NA,NA,NA,NA,NA,NA,NA,NA,NA,NA,NA,NA,NA,NA,NA,NA,NA,NA,NA,NA,NA,NA,NA,NA,NA,NA,NA,NA,NA,NA
"Indian Spotted Creeper",NA,NA,NA,NA,NA,NA,NA,NA,NA,NA,NA,NA,NA,NA,NA,NA,NA,NA,NA,NA,NA,NA,NA,NA,NA,NA,NA,NA,NA,NA,NA,NA,NA
"Hodgson's Treecreeper",NA,NA,NA,NA,NA,NA,NA,NA,NA,NA,NA,NA,NA,NA,NA,NA,NA,NA,NA,NA,NA,NA,NA,NA,NA,NA,NA,NA,NA,NA,NA,NA,NA
"Bar-tailed Treecreeper",NA,NA,NA,NA,NA,NA,NA,NA,NA,NA,NA,NA,NA,NA,NA,NA,NA,NA,NA,NA,NA,NA,NA,NA,NA,NA,NA,NA,NA,NA,NA,NA,NA
"Rusty-flanked Treecreeper",NA,NA,NA,NA,NA,NA,NA,NA,NA,NA,NA,NA,NA,NA,NA,NA,NA,NA,NA,NA,NA,NA,NA,NA,NA,NA,NA,NA,NA,NA,NA,NA,NA
"Sikkim Treecreeper",NA,NA,NA,NA,NA,NA,NA,NA,NA,NA,NA,NA,NA,NA,NA,NA,NA,NA,NA,NA,NA,NA,NA,NA,NA,NA,NA,NA,NA,NA,NA,NA,NA
"Hume's Treecreeper",NA,NA,NA,NA,NA,NA,NA,NA,NA,NA,NA,NA,NA,NA,NA,NA,NA,NA,NA,NA,NA,NA,NA,NA,NA,NA,NA,NA,NA,NA,NA,NA,NA
"Eurasian Wren",NA,NA,NA,NA,NA,NA,NA,NA,NA,NA,NA,NA,NA,NA,NA,NA,NA,NA,NA,NA,NA,NA,NA,NA,NA,NA,NA,NA,NA,NA,NA,NA,NA
"Spotted Elachura",NA,NA,NA,NA,NA,NA,NA,NA,NA,NA,NA,NA,NA,NA,NA,NA,NA,NA,NA,NA,NA,NA,NA,NA,NA,NA,NA,NA,NA,NA,NA,NA,NA
"White-throated Dipper",NA,NA,NA,NA,NA,NA,NA,NA,NA,NA,NA,NA,NA,NA,NA,NA,NA,NA,NA,NA,NA,NA,NA,NA,NA,NA,NA,NA,NA,NA,NA,NA,NA
"Brown Dipper",NA,NA,NA,NA,NA,NA,NA,NA,NA,NA,NA,NA,NA,NA,NA,NA,NA,NA,NA,NA,NA,NA,NA,NA,NA,NA,NA,NA,NA,NA,NA,NA,NA
"Asian Glossy Starling",NA,NA,NA,NA,NA,NA,NA,NA,NA,NA,NA,NA,NA,NA,NA,NA,NA,NA,NA,NA,NA,NA,NA,NA,NA,NA,NA,NA,NA,NA,NA,NA,NA
"Golden-crested Myna",NA,NA,NA,NA,NA,NA,NA,NA,NA,NA,NA,NA,NA,NA,NA,NA,NA,NA,NA,NA,NA,NA,NA,NA,NA,NA,NA,NA,NA,NA,NA,NA,NA
"Common Hill Myna",NA,NA,NA,NA,NA,NA,NA,NA,NA,NA,NA,NA,NA,NA,NA,NA,NA,NA,NA,NA,NA,NA,NA,NA,NA,NA,NA,NA,NA,NA,NA,NA,NA
"Southern Hill Myna",NA,NA,NA,NA,NA,NA,NA,NA,NA,NA,NA,NA,NA,NA,NA,NA,NA,NA,NA,NA,NA,NA,NA,NA,NA,NA,NA,NA,NA,NA,NA,NA,NA
"European Starling",NA,NA,NA,NA,NA,NA,NA,NA,NA,NA,NA,NA,NA,NA,NA,NA,NA,NA,NA,NA,NA,NA,NA,NA,NA,NA,NA,NA,NA,NA,NA,NA,NA
"Rosy Starling",-4.42854930005252,-1.71729250285369,0.993964294345136,-4.49178923464437,-2.09718160582938,0.297426022985604,-3.61804163657438,-1.2438407067363,1.13036022310179,-3.08650920446299,-1.14117802664646,0.804153151170068,-3.89556244349685,-1.52163025741263,0.852301928671588,-3.91832931529461,-1.54586284080479,0.826603633685035,-3.74370964903143,-1.45041791007627,0.842873828878891,-3.63627571453397,-1.32898454772162,0.978306619090737,-3.31911246317536,-1.07927706841055,1.16055832635426,-4.32415897286604,-1.75996916970545,0.804220633455144,-4.87626045297691,-2.39946628947145,0.0773278740339989
"Daurian Starling",NA,NA,NA,NA,NA,NA,NA,NA,NA,NA,NA,NA,NA,NA,NA,NA,NA,NA,NA,NA,NA,NA,NA,NA,NA,NA,NA,NA,NA,NA,NA,NA,NA
"Chestnut-cheeked Starling",NA,NA,NA,NA,NA,NA,NA,NA,NA,NA,NA,NA,NA,NA,NA,NA,NA,NA,NA,NA,NA,NA,NA,NA,NA,NA,NA,NA,NA,NA,NA,NA,NA
"Indian Pied Starling",-4.97585407177714,-2.33033076763024,0.315192536516658,-4.86313546654409,-2.39275712459823,0.077621217347628,-4.72233492639793,-2.42007924530755,-0.117823564217164,-4.52257322248589,-2.17603458082741,0.170504060831074,-3.93500333203943,-1.89917112001722,0.136661092005002,-4.05136614823562,-2.06598435129628,-0.0806025543569313,-4.33427347082068,-2.20486365067216,-0.0754538305236415,-4.44545799815502,-2.06383138468968,0.31779522877566,-4.21237040228651,-1.8291282391447,0.554113923997105,-4.50654113907012,-1.96566858241194,0.575203974246241,-3.74094004235207,-1.27865063321242,1.18363877592723
"White-shouldered Starling",NA,NA,NA,NA,NA,NA,NA,NA,NA,NA,NA,NA,NA,NA,NA,NA,NA,NA,NA,NA,NA,NA,NA,NA,NA,NA,NA,NA,NA,NA,NA,NA,NA
"Brahminy Starling",-6.23422209283725,-3.82771681450328,-1.4212115361693,-5.67739294959037,-3.13647168423867,-0.59555041888698,-5.63068836047896,-3.33320631334074,-1.03572426620251,-4.83851729712123,-2.66004987104456,-0.481582444967887,-4.55659229128787,-2.73858650018027,-0.920580709072674,-5.20873290674439,-2.94659376015804,-0.684454613571685,-5.34004905154596,-3.00497644778186,-0.669903844017767,-5.19043775146635,-2.82419801202546,-0.457958272584566,-5.19512258150249,-2.76436437816646,-0.33360617483043,-5.36666457470918,-2.80722562082364,-0.247786666938105,-5.12853538682261,-2.48525803495574,0.15801931691114
"Chestnut-tailed Starling",-3.95547392651941,0.78686727003676,5.52920846659293,-4.18667829240628,0.284628524523847,4.75593534145397,-4.14573347725738,-0.046796553576822,4.05214037010373,-3.8164382624738,0.313914246530404,4.44426675553461,-3.64546758384586,0.487533620134496,4.62053482411485,-1.45855503228141,0.544632822941149,2.54782067816371,-3.63137007597339,0.412452070870555,4.4562742177145,-3.58320320040746,0.632213256163064,4.84762971273359,-3.49208796508924,0.805261340921178,5.10261064693159,-3.78708406355785,0.719725878345545,5.22653582024894,-3.31399085986488,1.33280440460209,5.97959966906907
"Malabar Starling",-4.98784355586508,4.31055580857521,13.6089551730155,-6.23087495625858,2.47044815675146,11.1717712697615,-5.7753674262204,2.07876158143136,9.93289058908312,-4.92559485706817,3.36857410472755,11.6627430665233,-4.77583764768104,3.32389125470405,11.4236201570891,-3.43184528336433,3.47439146525199,10.3806282138683,-3.92427362993932,2.87169519620471,9.66766402234874,-5.12288452335353,2.92190118191745,10.9666868871884,-4.18700845759152,4.19466850253504,12.5763454626616,-3.52763769580898,4.94218073871628,13.4119991732415,-4.25898516793579,4.89118739137821,14.0413599506922
"White-headed Starling",NA,NA,NA,NA,NA,NA,NA,NA,NA,NA,NA,NA,NA,NA,NA,NA,NA,NA,NA,NA,NA,NA,NA,NA,NA,NA,NA,NA,NA,NA,NA,NA,NA
"Red-billed Starling",NA,NA,NA,NA,NA,NA,NA,NA,NA,NA,NA,NA,NA,NA,NA,NA,NA,NA,NA,NA,NA,NA,NA,NA,NA,NA,NA,NA,NA,NA,NA,NA,NA
"White-cheeked Starling",NA,NA,NA,NA,NA,NA,NA,NA,NA,NA,NA,NA,NA,NA,NA,NA,NA,NA,NA,NA,NA,NA,NA,NA,NA,NA,NA,NA,NA,NA,NA,NA,NA
"Common Myna",-2.2322906756221,-0.808841679472617,0.614607316676861,-2.17298480641954,-0.90860641308142,0.355771980256704,-2.01509412575259,-0.73569791358116,0.543698298590273,-1.82203441146531,-0.53988445319635,0.742265505072611,-1.3701354283703,-0.460456050554987,0.449223327260324,-1.79284534667139,-0.588417340554081,0.616010665563226,-1.8652537151555,-0.635162460837776,0.594928793479946,-1.91100641649488,-0.62096684357612,0.669072729342639,-1.74732451241711,-0.453892985550435,0.839538541316237,-1.68074960496838,-0.35712955749422,0.96649048997994,-1.80037248293818,-0.367168507698025,1.06603546754213
"Bank Myna",-13.2584161829382,-6.90612848568573,-0.553840788433246,-13.7638643015685,-7.78041462828435,-1.79696495500017,-13.6015336253097,-8.33567696765126,-3.0698203099928,-13.1655708292236,-7.75188073654675,-2.33819064386993,-10.4656875896984,-6.68243409643948,-2.89918060318057,-12.3703398893498,-7.2447617967638,-2.11918370417783,-12.880233789021,-7.28164346998234,-1.68305315094367,-13.0211362201199,-7.33860004708951,-1.65606387405909,-12.5641278702584,-6.81144887923061,-1.05876988820278,-12.6311074973526,-6.64163438994745,-0.652161282542316,-13.2828279747059,-6.86711842538412,-0.451408876062348
"Jungle Myna",-2.05618364034969,-0.278153818050001,1.49987600424969,-3.31970022230723,-1.17349810795142,0.972704006404398,-3.47762650733698,-1.90711614512642,-0.336605782915868,-3.43025654717953,-1.5010136655731,0.428229216033332,-3.33480853469031,-1.38263224436402,0.569544045962276,-3.30739464425578,-1.31829165333559,0.670811337584591,-3.3243155578464,-1.39356858411022,0.537178389625948,-3.43321819832707,-1.51835197447726,0.396514249372544,-3.24498328960849,-1.18023667180478,0.884509945998933,-3.5432955434985,-1.36968112264064,0.803933298217207,-3.54471261961679,-1.24541833557704,1.05387594846272
"Collared Myna",NA,NA,NA,NA,NA,NA,NA,NA,NA,NA,NA,NA,NA,NA,NA,NA,NA,NA,NA,NA,NA,NA,NA,NA,NA,NA,NA,NA,NA,NA,NA,NA,NA
"Great Myna",NA,NA,NA,NA,NA,NA,NA,NA,NA,NA,NA,NA,NA,NA,NA,NA,NA,NA,NA,NA,NA,NA,NA,NA,NA,NA,NA,NA,NA,NA,NA,NA,NA
"Spot-winged Starling",NA,NA,NA,NA,NA,NA,NA,NA,NA,NA,NA,NA,NA,NA,NA,NA,NA,NA,NA,NA,NA,NA,NA,NA,NA,NA,NA,NA,NA,NA,NA,NA,NA
"Grandala",NA,NA,NA,NA,NA,NA,NA,NA,NA,NA,NA,NA,NA,NA,NA,NA,NA,NA,NA,NA,NA,NA,NA,NA,NA,NA,NA,NA,NA,NA,NA,NA,NA
"Long-tailed Thrush",NA,NA,NA,NA,NA,NA,NA,NA,NA,NA,NA,NA,NA,NA,NA,NA,NA,NA,NA,NA,NA,NA,NA,NA,NA,NA,NA,NA,NA,NA,NA,NA,NA
"Alpine Thrush",NA,NA,NA,NA,NA,NA,NA,NA,NA,NA,NA,NA,NA,NA,NA,NA,NA,NA,NA,NA,NA,NA,NA,NA,NA,NA,NA,NA,NA,NA,NA,NA,NA
"Himalayan Thrush",NA,NA,NA,NA,NA,NA,NA,NA,NA,NA,NA,NA,NA,NA,NA,NA,NA,NA,NA,NA,NA,NA,NA,NA,NA,NA,NA,NA,NA,NA,NA,NA,NA
"Dark-sided Thrush",NA,NA,NA,NA,NA,NA,NA,NA,NA,NA,NA,NA,NA,NA,NA,NA,NA,NA,NA,NA,NA,NA,NA,NA,NA,NA,NA,NA,NA,NA,NA,NA,NA
"Long-billed Thrush",NA,NA,NA,NA,NA,NA,NA,NA,NA,NA,NA,NA,NA,NA,NA,NA,NA,NA,NA,NA,NA,NA,NA,NA,NA,NA,NA,NA,NA,NA,NA,NA,NA
"White's Thrush",NA,NA,NA,NA,NA,NA,NA,NA,NA,NA,NA,NA,NA,NA,NA,NA,NA,NA,NA,NA,NA,NA,NA,NA,NA,NA,NA,NA,NA,NA,NA,NA,NA
"Scaly Thrush",NA,NA,NA,NA,NA,NA,NA,NA,NA,NA,NA,NA,NA,NA,NA,NA,NA,NA,NA,NA,NA,NA,NA,NA,NA,NA,NA,NA,NA,NA,NA,NA,NA
"Nilgiri Thrush",NA,NA,NA,NA,NA,NA,NA,NA,NA,NA,NA,NA,NA,NA,NA,NA,NA,NA,NA,NA,NA,NA,NA,NA,NA,NA,NA,NA,NA,NA,NA,NA,NA
"Purple Cochoa",NA,NA,NA,NA,NA,NA,NA,NA,NA,NA,NA,NA,NA,NA,NA,NA,NA,NA,NA,NA,NA,NA,NA,NA,NA,NA,NA,NA,NA,NA,NA,NA,NA
"Green Cochoa",NA,NA,NA,NA,NA,NA,NA,NA,NA,NA,NA,NA,NA,NA,NA,NA,NA,NA,NA,NA,NA,NA,NA,NA,NA,NA,NA,NA,NA,NA,NA,NA,NA
"Siberian Thrush",NA,NA,NA,NA,NA,NA,NA,NA,NA,NA,NA,NA,NA,NA,NA,NA,NA,NA,NA,NA,NA,NA,NA,NA,NA,NA,NA,NA,NA,NA,NA,NA,NA
"Pied Thrush",NA,NA,NA,NA,NA,NA,NA,NA,NA,NA,NA,NA,NA,NA,NA,NA,NA,NA,NA,NA,NA,NA,NA,NA,NA,NA,NA,NA,NA,NA,NA,NA,NA
"Orange-headed Thrush",-2.91276771742024,-1.26951345127326,0.373740814873728,-4.45825955085113,-2.2837209031953,-0.109182255539478,-4.60489863783447,-2.53408701372346,-0.463275389612441,-4.48374975889479,-2.56386459671428,-0.643979434533769,-4.13485626177217,-2.54306363157121,-0.951271001370244,-4.38424974700065,-2.37414936701151,-0.364048987022369,-4.32779440008887,-2.3268332776385,-0.325872155188141,-4.51116948505722,-2.51952740615508,-0.52788532725294,-4.57497013374125,-2.47440257826588,-0.373835022790498,-4.564801903146,-2.36361321875313,-0.162424534360254,-4.98459233348932,-2.70622570451156,-0.427859075533792
"Chinese Thrush",NA,NA,NA,NA,NA,NA,NA,NA,NA,NA,NA,NA,NA,NA,NA,NA,NA,NA,NA,NA,NA,NA,NA,NA,NA,NA,NA,NA,NA,NA,NA,NA,NA
"Mistle Thrush",NA,NA,NA,NA,NA,NA,NA,NA,NA,NA,NA,NA,NA,NA,NA,NA,NA,NA,NA,NA,NA,NA,NA,NA,NA,NA,NA,NA,NA,NA,NA,NA,NA
"Song Thrush",NA,NA,NA,NA,NA,NA,NA,NA,NA,NA,NA,NA,NA,NA,NA,NA,NA,NA,NA,NA,NA,NA,NA,NA,NA,NA,NA,NA,NA,NA,NA,NA,NA
"Chinese Blackbird",NA,NA,NA,NA,NA,NA,NA,NA,NA,NA,NA,NA,NA,NA,NA,NA,NA,NA,NA,NA,NA,NA,NA,NA,NA,NA,NA,NA,NA,NA,NA,NA,NA
"Gray-winged Blackbird",NA,NA,NA,NA,NA,NA,NA,NA,NA,NA,NA,NA,NA,NA,NA,NA,NA,NA,NA,NA,NA,NA,NA,NA,NA,NA,NA,NA,NA,NA,NA,NA,NA
"Indian Blackbird",-162593.95013185,-0.241916109866074,162593.46629963,-157558.789355382,-0.275573641688926,157558.238208098,-142056.919061078,-0.892516430142429,142055.134028218,-146256.680613637,-0.123470217110353,146256.433673203,-116487.023146273,-0.557823807465407,116485.907498658,-146149.103659165,-0.352287730622751,146148.399083704,-135810.255234522,-0.525900170869613,135809.20343418,-147379.505921751,-0.443682771699905,147378.618556208,-152057.678360508,-0.524203066608766,152056.629954375,-160488.923384011,0.00872016460301607,160488.94082434,-164159.305552913,0.30773831738011,164159.921029548
"Tickell's Thrush",NA,NA,NA,NA,NA,NA,NA,NA,NA,NA,NA,NA,NA,NA,NA,NA,NA,NA,NA,NA,NA,NA,NA,NA,NA,NA,NA,NA,NA,NA,NA,NA,NA
"Black-breasted Thrush",NA,NA,NA,NA,NA,NA,NA,NA,NA,NA,NA,NA,NA,NA,NA,NA,NA,NA,NA,NA,NA,NA,NA,NA,NA,NA,NA,NA,NA,NA,NA,NA,NA
"Japanese Thrush",NA,NA,NA,NA,NA,NA,NA,NA,NA,NA,NA,NA,NA,NA,NA,NA,NA,NA,NA,NA,NA,NA,NA,NA,NA,NA,NA,NA,NA,NA,NA,NA,NA
"Tibetan Blackbird",NA,NA,NA,NA,NA,NA,NA,NA,NA,NA,NA,NA,NA,NA,NA,NA,NA,NA,NA,NA,NA,NA,NA,NA,NA,NA,NA,NA,NA,NA,NA,NA,NA
"White-backed Thrush",NA,NA,NA,NA,NA,NA,NA,NA,NA,NA,NA,NA,NA,NA,NA,NA,NA,NA,NA,NA,NA,NA,NA,NA,NA,NA,NA,NA,NA,NA,NA,NA,NA
"Eyebrowed Thrush",NA,NA,NA,NA,NA,NA,NA,NA,NA,NA,NA,NA,NA,NA,NA,NA,NA,NA,NA,NA,NA,NA,NA,NA,NA,NA,NA,NA,NA,NA,NA,NA,NA
"Gray-sided Thrush",NA,NA,NA,NA,NA,NA,NA,NA,NA,NA,NA,NA,NA,NA,NA,NA,NA,NA,NA,NA,NA,NA,NA,NA,NA,NA,NA,NA,NA,NA,NA,NA,NA
"Fieldfare",NA,NA,NA,NA,NA,NA,NA,NA,NA,NA,NA,NA,NA,NA,NA,NA,NA,NA,NA,NA,NA,NA,NA,NA,NA,NA,NA,NA,NA,NA,NA,NA,NA
"White-collared Blackbird",NA,NA,NA,NA,NA,NA,NA,NA,NA,NA,NA,NA,NA,NA,NA,NA,NA,NA,NA,NA,NA,NA,NA,NA,NA,NA,NA,NA,NA,NA,NA,NA,NA
"Chestnut Thrush",NA,NA,NA,NA,NA,NA,NA,NA,NA,NA,NA,NA,NA,NA,NA,NA,NA,NA,NA,NA,NA,NA,NA,NA,NA,NA,NA,NA,NA,NA,NA,NA,NA
"Black-throated Thrush",NA,NA,NA,NA,NA,NA,NA,NA,NA,NA,NA,NA,NA,NA,NA,NA,NA,NA,NA,NA,NA,NA,NA,NA,NA,NA,NA,NA,NA,NA,NA,NA,NA
"Red-throated Thrush",NA,NA,NA,NA,NA,NA,NA,NA,NA,NA,NA,NA,NA,NA,NA,NA,NA,NA,NA,NA,NA,NA,NA,NA,NA,NA,NA,NA,NA,NA,NA,NA,NA
"Dusky Thrush",NA,NA,NA,NA,NA,NA,NA,NA,NA,NA,NA,NA,NA,NA,NA,NA,NA,NA,NA,NA,NA,NA,NA,NA,NA,NA,NA,NA,NA,NA,NA,NA,NA
"Naumann's Thrush",NA,NA,NA,NA,NA,NA,NA,NA,NA,NA,NA,NA,NA,NA,NA,NA,NA,NA,NA,NA,NA,NA,NA,NA,NA,NA,NA,NA,NA,NA,NA,NA,NA
"Gray-streaked Flycatcher",NA,NA,NA,NA,NA,NA,NA,NA,NA,NA,NA,NA,NA,NA,NA,NA,NA,NA,NA,NA,NA,NA,NA,NA,NA,NA,NA,NA,NA,NA,NA,NA,NA
"Dark-sided Flycatcher",NA,NA,NA,NA,NA,NA,NA,NA,NA,NA,NA,NA,NA,NA,NA,NA,NA,NA,NA,NA,NA,NA,NA,NA,NA,NA,NA,NA,NA,NA,NA,NA,NA
"Ferruginous Flycatcher",NA,NA,NA,NA,NA,NA,NA,NA,NA,NA,NA,NA,NA,NA,NA,NA,NA,NA,NA,NA,NA,NA,NA,NA,NA,NA,NA,NA,NA,NA,NA,NA,NA
"Asian Brown Flycatcher",-5.80839224450041,-3.5965208380895,-1.38464943167858,-5.77590850627721,-3.68230553849734,-1.58870257071747,-6.13193755589353,-4.19869813332373,-2.26545871075394,-5.83115549532522,-3.82423615016031,-1.81731680499539,-5.89910573428407,-3.90922296731035,-1.91934020033663,-5.83454714281138,-3.87001114670607,-1.90547515060076,-5.74024944004629,-3.790856744481,-1.8414640489157,-5.98734150907499,-4.09865770978616,-2.20997391049733,-5.54441479980524,-3.56662160771478,-1.58882841562432,-5.63477888015387,-3.52458584028228,-1.4143928004107,-6.70267749944966,-4.58828909022172,-2.47390068099378
"Brown-breasted Flycatcher",NA,NA,NA,NA,NA,NA,NA,NA,NA,NA,NA,NA,NA,NA,NA,NA,NA,NA,NA,NA,NA,NA,NA,NA,NA,NA,NA,NA,NA,NA,NA,NA,NA
"Spotted Flycatcher",NA,NA,NA,NA,NA,NA,NA,NA,NA,NA,NA,NA,NA,NA,NA,NA,NA,NA,NA,NA,NA,NA,NA,NA,NA,NA,NA,NA,NA,NA,NA,NA,NA
"Rufous-tailed Scrub-Robin",NA,NA,NA,NA,NA,NA,NA,NA,NA,NA,NA,NA,NA,NA,NA,NA,NA,NA,NA,NA,NA,NA,NA,NA,NA,NA,NA,NA,NA,NA,NA,NA,NA
"Indian Robin",-0.519094562912422,0.170288635065362,0.859671833043146,0.0210174083586572,0.998644434186402,1.97627146001415,0.125592842614483,0.998005543118921,1.87041824362336,-0.138971667576432,0.830307605099523,1.79958687777548,-0.189649395722676,0.774676537620738,1.73900247096415,-0.157626124184385,0.786392330609732,1.73041078540385,-0.19271046787584,0.766969034286963,1.72664853644977,-0.219773230603078,0.76115177389839,1.74207677839986,-0.0828616105975719,0.894732724141375,1.87232705888032,-0.383534353130376,0.634243716591235,1.65202178631285,-0.130090540188448,0.956780929335775,2.04365239886
"Oriental Magpie-Robin",2.15676390853957,4.15560191825953,6.15443992797948,1.46407003691713,3.4194351770601,5.37480031720308,1.57847584564011,3.39484898079558,5.21122211595105,1.73308142020451,3.58647102411229,5.43986062802007,1.90699280549055,3.72248060259438,5.53796839969821,1.99514859171774,3.67740585044447,5.35966310917119,1.83741012824957,3.58573620179753,5.33406227534548,1.97889900599697,3.80026025195366,5.62162149791034,2.60081197797597,4.16179512310585,5.72277826823573,1.65516887359157,3.67124308588222,5.68731729817287,1.17361663105857,3.19397282953582,5.21432902801307
"White-rumped Shama",-7.77442589056181,-4.59985891096814,-1.42529193137447,-7.8842019174388,-4.85518687104133,-1.82617182464386,-7.74093175152004,-4.844248635821,-1.94756552012196,-7.54757680018329,-4.81285901654339,-2.07814123290349,-7.62132383299441,-5.28267426686707,-2.94402470073974,-7.11406934838337,-5.05478200637129,-2.99549466435922,-7.91851253426478,-5.10635567215661,-2.29419881004845,-8.03242310678049,-5.1942962234835,-2.3561693401865,-8.07516857879016,-5.11957154957326,-2.16397452035635,-8.09923916830205,-5.01928745899446,-1.93933574968687,-8.81219400309683,-5.66134375430091,-2.51049350550499
"Andaman Shama",NA,NA,NA,NA,NA,NA,NA,NA,NA,NA,NA,NA,NA,NA,NA,NA,NA,NA,NA,NA,NA,NA,NA,NA,NA,NA,NA,NA,NA,NA,NA,NA,NA
"White-tailed Flycatcher",NA,NA,NA,NA,NA,NA,NA,NA,NA,NA,NA,NA,NA,NA,NA,NA,NA,NA,NA,NA,NA,NA,NA,NA,NA,NA,NA,NA,NA,NA,NA,NA,NA
"Nilgiri Sholakili",NA,NA,NA,NA,NA,NA,NA,NA,NA,NA,NA,NA,NA,NA,NA,NA,NA,NA,NA,NA,NA,NA,NA,NA,NA,NA,NA,NA,NA,NA,NA,NA,NA
"White-bellied Sholakili",NA,NA,NA,NA,NA,NA,NA,NA,NA,NA,NA,NA,NA,NA,NA,NA,NA,NA,NA,NA,NA,NA,NA,NA,NA,NA,NA,NA,NA,NA,NA,NA,NA
"Large Niltava",NA,NA,NA,NA,NA,NA,NA,NA,NA,NA,NA,NA,NA,NA,NA,NA,NA,NA,NA,NA,NA,NA,NA,NA,NA,NA,NA,NA,NA,NA,NA,NA,NA
"Small Niltava",NA,NA,NA,NA,NA,NA,NA,NA,NA,NA,NA,NA,NA,NA,NA,NA,NA,NA,NA,NA,NA,NA,NA,NA,NA,NA,NA,NA,NA,NA,NA,NA,NA
"Rufous-bellied Niltava",NA,NA,NA,NA,NA,NA,NA,NA,NA,NA,NA,NA,NA,NA,NA,NA,NA,NA,NA,NA,NA,NA,NA,NA,NA,NA,NA,NA,NA,NA,NA,NA,NA
"Chinese Vivid Niltava",NA,NA,NA,NA,NA,NA,NA,NA,NA,NA,NA,NA,NA,NA,NA,NA,NA,NA,NA,NA,NA,NA,NA,NA,NA,NA,NA,NA,NA,NA,NA,NA,NA
"Blue-and-white Flycatcher",NA,NA,NA,NA,NA,NA,NA,NA,NA,NA,NA,NA,NA,NA,NA,NA,NA,NA,NA,NA,NA,NA,NA,NA,NA,NA,NA,NA,NA,NA,NA,NA,NA
"Zappey's Flycatcher",NA,NA,NA,NA,NA,NA,NA,NA,NA,NA,NA,NA,NA,NA,NA,NA,NA,NA,NA,NA,NA,NA,NA,NA,NA,NA,NA,NA,NA,NA,NA,NA,NA
"Nilgiri Flycatcher",NA,NA,NA,NA,NA,NA,NA,NA,NA,NA,NA,NA,NA,NA,NA,NA,NA,NA,NA,NA,NA,NA,NA,NA,NA,NA,NA,NA,NA,NA,NA,NA,NA
"Verditer Flycatcher",-3.10157735707016,-1.01296647444815,1.07564440817385,-4.83762501573557,-2.47097877957346,-0.10433254341136,-4.65462297814699,-2.6865538052436,-0.718484632340199,-4.37412195380538,-2.09420446296921,0.18571302786697,-4.39156305766976,-2.21142238348545,-0.0312817093011473,-4.14715381419688,-2.13039271434113,-0.113631614485386,-4.34344019316336,-2.0891464782811,0.165147236601155,-4.51618504485096,-2.27111386962634,-0.0260426944017091,-4.16611732643005,-1.87368969204479,0.41873794234047,-4.78668938099091,-2.35148615618843,0.083717068614042,-4.64990645454404,-2.04741268412195,0.555081086300139
"White-gorgeted Flycatcher",NA,NA,NA,NA,NA,NA,NA,NA,NA,NA,NA,NA,NA,NA,NA,NA,NA,NA,NA,NA,NA,NA,NA,NA,NA,NA,NA,NA,NA,NA,NA,NA,NA
"Hainan Blue Flycatcher",NA,NA,NA,NA,NA,NA,NA,NA,NA,NA,NA,NA,NA,NA,NA,NA,NA,NA,NA,NA,NA,NA,NA,NA,NA,NA,NA,NA,NA,NA,NA,NA,NA
"White-bellied Blue Flycatcher",-214550.176226127,-4.72194186499493,214540.732342397,-223387.266120981,-5.83849011963232,223375.589140741,-222429.47674761,-5.48370977183465,222418.509328067,-206565.492030423,-5.19107461645262,206555.10988119,-158150.49306934,-5.59751394844517,158139.298041443,-218839.024190967,-5.41809246798421,218828.188006031,-220639.401941547,-5.42107090022046,220628.559799747,-222894.42100656,-5.36357349749643,222883.693859565,-230349.629827984,-5.39648097458364,230338.836866034,-239738.739445281,-5.4527526942634,239727.833939893,-245126.630790572,-5.71468231141207,245115.201425949
"Pale-chinned Flycatcher",NA,NA,NA,NA,NA,NA,NA,NA,NA,NA,NA,NA,NA,NA,NA,NA,NA,NA,NA,NA,NA,NA,NA,NA,NA,NA,NA,NA,NA,NA,NA,NA,NA
"Pale Blue Flycatcher",NA,NA,NA,NA,NA,NA,NA,NA,NA,NA,NA,NA,NA,NA,NA,NA,NA,NA,NA,NA,NA,NA,NA,NA,NA,NA,NA,NA,NA,NA,NA,NA,NA
"Blue-throated Flycatcher",NA,NA,NA,NA,NA,NA,NA,NA,NA,NA,NA,NA,NA,NA,NA,NA,NA,NA,NA,NA,NA,NA,NA,NA,NA,NA,NA,NA,NA,NA,NA,NA,NA
"Large Blue Flycatcher",NA,NA,NA,NA,NA,NA,NA,NA,NA,NA,NA,NA,NA,NA,NA,NA,NA,NA,NA,NA,NA,NA,NA,NA,NA,NA,NA,NA,NA,NA,NA,NA,NA
"Hill Blue Flycatcher",NA,NA,NA,NA,NA,NA,NA,NA,NA,NA,NA,NA,NA,NA,NA,NA,NA,NA,NA,NA,NA,NA,NA,NA,NA,NA,NA,NA,NA,NA,NA,NA,NA
"Tickell's Blue Flycatcher",1.72827608092515,4.4934817284143,7.25868737590346,1.03237489597917,3.87217343106761,6.71197196615605,1.05307745990294,3.78763863803447,6.52219981616599,0.840180630990472,3.50538452440119,6.17058841781191,1.87998040664863,3.32580852363051,4.7716366406124,0.991231207686806,3.63043614254268,6.26964107739855,1.04036847586336,3.67898975937044,6.31761104287751,0.814490257104992,3.45121449471257,6.08793873232015,0.821474214407134,3.59467445055021,6.36787468669329,0.369155757297476,3.10666828538669,5.84418081347591,0.549127245909327,3.60524077195253,6.66135429799573
"Nicobar Jungle Flycatcher",NA,NA,NA,NA,NA,NA,NA,NA,NA,NA,NA,NA,NA,NA,NA,NA,NA,NA,NA,NA,NA,NA,NA,NA,NA,NA,NA,NA,NA,NA,NA,NA,NA
"Rusty-bellied Shortwing",NA,NA,NA,NA,NA,NA,NA,NA,NA,NA,NA,NA,NA,NA,NA,NA,NA,NA,NA,NA,NA,NA,NA,NA,NA,NA,NA,NA,NA,NA,NA,NA,NA
"Lesser Shortwing",NA,NA,NA,NA,NA,NA,NA,NA,NA,NA,NA,NA,NA,NA,NA,NA,NA,NA,NA,NA,NA,NA,NA,NA,NA,NA,NA,NA,NA,NA,NA,NA,NA
"Himalayan Shortwing",NA,NA,NA,NA,NA,NA,NA,NA,NA,NA,NA,NA,NA,NA,NA,NA,NA,NA,NA,NA,NA,NA,NA,NA,NA,NA,NA,NA,NA,NA,NA,NA,NA
"Gould's Shortwing",NA,NA,NA,NA,NA,NA,NA,NA,NA,NA,NA,NA,NA,NA,NA,NA,NA,NA,NA,NA,NA,NA,NA,NA,NA,NA,NA,NA,NA,NA,NA,NA,NA
"Indian Blue Robin",NA,NA,NA,NA,NA,NA,NA,NA,NA,NA,NA,NA,NA,NA,NA,NA,NA,NA,NA,NA,NA,NA,NA,NA,NA,NA,NA,NA,NA,NA,NA,NA,NA
"Siberian Blue Robin",NA,NA,NA,NA,NA,NA,NA,NA,NA,NA,NA,NA,NA,NA,NA,NA,NA,NA,NA,NA,NA,NA,NA,NA,NA,NA,NA,NA,NA,NA,NA,NA,NA
"White-bellied Redstart",NA,NA,NA,NA,NA,NA,NA,NA,NA,NA,NA,NA,NA,NA,NA,NA,NA,NA,NA,NA,NA,NA,NA,NA,NA,NA,NA,NA,NA,NA,NA,NA,NA
"Bluethroat",-2.50190416678528,2.05902271568216,6.6199495981496,-2.75005874659919,1.52571698000886,5.80149270661692,-1.29087140807366,2.56703233854317,6.42493608516,-1.97135692871379,2.04275906435327,6.05687505742034,-1.36162445492782,1.50485683070843,4.37133811634469,-2.05798901454887,1.90743996657882,5.87286894770651,-2.11263389972652,1.79636996702502,5.70537383377657,-2.31011503943075,1.62115670688689,5.55242845320454,-2.22366576652354,1.94379309005257,6.11125194662867,-3.05829716861908,0.945337633177732,4.94897243497455,-0.83952206920236,3.32042030412281,7.48036267744798
"Malabar Whistling-Thrush",-5.10909443389775,-2.36118645108441,0.386721531728939,-4.94306358634286,-2.33760181409823,0.267859958146406,-4.83375056993613,-2.32970379957385,0.174342970788431,-4.12547408931089,-2.06258817010571,0.000297749099468711,-4.85135651486613,-2.55590035129078,-0.26044418771544,-4.19285892442999,-2.42947454955257,-0.666090174675147,-4.88829184976677,-2.47388702476917,-0.05948219977156,-4.76777911394314,-2.32320461089149,0.121369892160165,-4.99663328752878,-2.45542443578658,0.0857844159556229,-5.38403140813162,-2.82124876876459,-0.258466129397552,-5.46371667266675,-2.68314846104283,0.0974197505810809
"Blue Whistling-Thrush",NA,NA,NA,NA,NA,NA,NA,NA,NA,NA,NA,NA,NA,NA,NA,NA,NA,NA,NA,NA,NA,NA,NA,NA,NA,NA,NA,NA,NA,NA,NA,NA,NA
"Little Forktail",NA,NA,NA,NA,NA,NA,NA,NA,NA,NA,NA,NA,NA,NA,NA,NA,NA,NA,NA,NA,NA,NA,NA,NA,NA,NA,NA,NA,NA,NA,NA,NA,NA
"White-crowned Forktail",NA,NA,NA,NA,NA,NA,NA,NA,NA,NA,NA,NA,NA,NA,NA,NA,NA,NA,NA,NA,NA,NA,NA,NA,NA,NA,NA,NA,NA,NA,NA,NA,NA
"Spotted Forktail",NA,NA,NA,NA,NA,NA,NA,NA,NA,NA,NA,NA,NA,NA,NA,NA,NA,NA,NA,NA,NA,NA,NA,NA,NA,NA,NA,NA,NA,NA,NA,NA,NA
"Black-backed Forktail",NA,NA,NA,NA,NA,NA,NA,NA,NA,NA,NA,NA,NA,NA,NA,NA,NA,NA,NA,NA,NA,NA,NA,NA,NA,NA,NA,NA,NA,NA,NA,NA,NA
"Slaty-backed Forktail",NA,NA,NA,NA,NA,NA,NA,NA,NA,NA,NA,NA,NA,NA,NA,NA,NA,NA,NA,NA,NA,NA,NA,NA,NA,NA,NA,NA,NA,NA,NA,NA,NA
"Firethroat",NA,NA,NA,NA,NA,NA,NA,NA,NA,NA,NA,NA,NA,NA,NA,NA,NA,NA,NA,NA,NA,NA,NA,NA,NA,NA,NA,NA,NA,NA,NA,NA,NA
"Siberian Rubythroat",NA,NA,NA,NA,NA,NA,NA,NA,NA,NA,NA,NA,NA,NA,NA,NA,NA,NA,NA,NA,NA,NA,NA,NA,NA,NA,NA,NA,NA,NA,NA,NA,NA
"Himalayan Rubythroat",NA,NA,NA,NA,NA,NA,NA,NA,NA,NA,NA,NA,NA,NA,NA,NA,NA,NA,NA,NA,NA,NA,NA,NA,NA,NA,NA,NA,NA,NA,NA,NA,NA
"Chinese Rubythroat",NA,NA,NA,NA,NA,NA,NA,NA,NA,NA,NA,NA,NA,NA,NA,NA,NA,NA,NA,NA,NA,NA,NA,NA,NA,NA,NA,NA,NA,NA,NA,NA,NA
"White-tailed Robin",NA,NA,NA,NA,NA,NA,NA,NA,NA,NA,NA,NA,NA,NA,NA,NA,NA,NA,NA,NA,NA,NA,NA,NA,NA,NA,NA,NA,NA,NA,NA,NA,NA
"Blue-fronted Robin",NA,NA,NA,NA,NA,NA,NA,NA,NA,NA,NA,NA,NA,NA,NA,NA,NA,NA,NA,NA,NA,NA,NA,NA,NA,NA,NA,NA,NA,NA,NA,NA,NA
"Red-flanked Bluetail",NA,NA,NA,NA,NA,NA,NA,NA,NA,NA,NA,NA,NA,NA,NA,NA,NA,NA,NA,NA,NA,NA,NA,NA,NA,NA,NA,NA,NA,NA,NA,NA,NA
"Himalayan Bluetail",NA,NA,NA,NA,NA,NA,NA,NA,NA,NA,NA,NA,NA,NA,NA,NA,NA,NA,NA,NA,NA,NA,NA,NA,NA,NA,NA,NA,NA,NA,NA,NA,NA
"Rufous-breasted Bush-Robin",NA,NA,NA,NA,NA,NA,NA,NA,NA,NA,NA,NA,NA,NA,NA,NA,NA,NA,NA,NA,NA,NA,NA,NA,NA,NA,NA,NA,NA,NA,NA,NA,NA
"White-browed Bush-Robin",NA,NA,NA,NA,NA,NA,NA,NA,NA,NA,NA,NA,NA,NA,NA,NA,NA,NA,NA,NA,NA,NA,NA,NA,NA,NA,NA,NA,NA,NA,NA,NA,NA
"Golden Bush-Robin",NA,NA,NA,NA,NA,NA,NA,NA,NA,NA,NA,NA,NA,NA,NA,NA,NA,NA,NA,NA,NA,NA,NA,NA,NA,NA,NA,NA,NA,NA,NA,NA,NA
"Yellow-rumped Flycatcher",NA,NA,NA,NA,NA,NA,NA,NA,NA,NA,NA,NA,NA,NA,NA,NA,NA,NA,NA,NA,NA,NA,NA,NA,NA,NA,NA,NA,NA,NA,NA,NA,NA
"Mugimaki Flycatcher",NA,NA,NA,NA,NA,NA,NA,NA,NA,NA,NA,NA,NA,NA,NA,NA,NA,NA,NA,NA,NA,NA,NA,NA,NA,NA,NA,NA,NA,NA,NA,NA,NA
"Slaty-backed Flycatcher",NA,NA,NA,NA,NA,NA,NA,NA,NA,NA,NA,NA,NA,NA,NA,NA,NA,NA,NA,NA,NA,NA,NA,NA,NA,NA,NA,NA,NA,NA,NA,NA,NA
"Black-and-orange Flycatcher",NA,NA,NA,NA,NA,NA,NA,NA,NA,NA,NA,NA,NA,NA,NA,NA,NA,NA,NA,NA,NA,NA,NA,NA,NA,NA,NA,NA,NA,NA,NA,NA,NA
"Slaty-blue Flycatcher",NA,NA,NA,NA,NA,NA,NA,NA,NA,NA,NA,NA,NA,NA,NA,NA,NA,NA,NA,NA,NA,NA,NA,NA,NA,NA,NA,NA,NA,NA,NA,NA,NA
"Snowy-browed Flycatcher",NA,NA,NA,NA,NA,NA,NA,NA,NA,NA,NA,NA,NA,NA,NA,NA,NA,NA,NA,NA,NA,NA,NA,NA,NA,NA,NA,NA,NA,NA,NA,NA,NA
"Pygmy Flycatcher",NA,NA,NA,NA,NA,NA,NA,NA,NA,NA,NA,NA,NA,NA,NA,NA,NA,NA,NA,NA,NA,NA,NA,NA,NA,NA,NA,NA,NA,NA,NA,NA,NA
"Rufous-gorgeted Flycatcher",NA,NA,NA,NA,NA,NA,NA,NA,NA,NA,NA,NA,NA,NA,NA,NA,NA,NA,NA,NA,NA,NA,NA,NA,NA,NA,NA,NA,NA,NA,NA,NA,NA
"Sapphire Flycatcher",NA,NA,NA,NA,NA,NA,NA,NA,NA,NA,NA,NA,NA,NA,NA,NA,NA,NA,NA,NA,NA,NA,NA,NA,NA,NA,NA,NA,NA,NA,NA,NA,NA
"Little Pied Flycatcher",NA,NA,NA,NA,NA,NA,NA,NA,NA,NA,NA,NA,NA,NA,NA,NA,NA,NA,NA,NA,NA,NA,NA,NA,NA,NA,NA,NA,NA,NA,NA,NA,NA
"Ultramarine Flycatcher",-4.87165520902266,-1.57851463218706,1.71462594464854,-5.28070052003962,-2.09193946436787,1.09682159130388,-6.24397237397763,-3.55610483468879,-0.868237295399954,-6.03262446818237,-2.87110365777369,0.290417152634981,-5.87858038615725,-2.7910397141404,0.296500957876454,-5.84943693991746,-2.69416654547192,0.461103848973616,-5.65487511881892,-2.58247584674214,0.489923425334639,-6.00884187526291,-3.12978813330084,-0.250734391338775,-6.2856713690691,-3.0888441320156,0.107983105037888,-6.19461371406794,-2.73865965616363,0.717294401740676,-5.93128093106031,-2.32217248729133,1.28693595647765
"Rusty-tailed Flycatcher",NA,NA,NA,NA,NA,NA,NA,NA,NA,NA,NA,NA,NA,NA,NA,NA,NA,NA,NA,NA,NA,NA,NA,NA,NA,NA,NA,NA,NA,NA,NA,NA,NA
"Taiga Flycatcher",NA,NA,NA,NA,NA,NA,NA,NA,NA,NA,NA,NA,NA,NA,NA,NA,NA,NA,NA,NA,NA,NA,NA,NA,NA,NA,NA,NA,NA,NA,NA,NA,NA
"Kashmir Flycatcher",NA,NA,NA,NA,NA,NA,NA,NA,NA,NA,NA,NA,NA,NA,NA,NA,NA,NA,NA,NA,NA,NA,NA,NA,NA,NA,NA,NA,NA,NA,NA,NA,NA
"Red-breasted Flycatcher",-1.63679177125328,1.07963144486914,3.79605466099156,-2.06060845618438,0.64848756090725,3.35758357799888,-2.60258478366174,0.0592837156198192,2.72115221490138,-2.14323267664532,0.414437082356603,2.97210684135853,-2.25153823369283,0.0875645961028939,2.42666742589862,-2.29039581256717,0.240770926180607,2.77193766492838,-1.69252440319325,0.448653192730601,2.58983078865445,-2.2810062514737,0.330543780076209,2.94209381162611,-2.499326601139,0.201458317524631,2.90224323618826,-2.70990517232237,0.0889276197499505,2.88776041182227,-3.38365527487958,-0.999087364260792,1.38548054635799
"Blue-fronted Redstart",NA,NA,NA,NA,NA,NA,NA,NA,NA,NA,NA,NA,NA,NA,NA,NA,NA,NA,NA,NA,NA,NA,NA,NA,NA,NA,NA,NA,NA,NA,NA,NA,NA
"Plumbeous Redstart",NA,NA,NA,NA,NA,NA,NA,NA,NA,NA,NA,NA,NA,NA,NA,NA,NA,NA,NA,NA,NA,NA,NA,NA,NA,NA,NA,NA,NA,NA,NA,NA,NA
"Rufous-backed Redstart",NA,NA,NA,NA,NA,NA,NA,NA,NA,NA,NA,NA,NA,NA,NA,NA,NA,NA,NA,NA,NA,NA,NA,NA,NA,NA,NA,NA,NA,NA,NA,NA,NA
"White-capped Redstart",NA,NA,NA,NA,NA,NA,NA,NA,NA,NA,NA,NA,NA,NA,NA,NA,NA,NA,NA,NA,NA,NA,NA,NA,NA,NA,NA,NA,NA,NA,NA,NA,NA
"Blue-capped Redstart",NA,NA,NA,NA,NA,NA,NA,NA,NA,NA,NA,NA,NA,NA,NA,NA,NA,NA,NA,NA,NA,NA,NA,NA,NA,NA,NA,NA,NA,NA,NA,NA,NA
"Common Redstart",NA,NA,NA,NA,NA,NA,NA,NA,NA,NA,NA,NA,NA,NA,NA,NA,NA,NA,NA,NA,NA,NA,NA,NA,NA,NA,NA,NA,NA,NA,NA,NA,NA
"Hodgson's Redstart",NA,NA,NA,NA,NA,NA,NA,NA,NA,NA,NA,NA,NA,NA,NA,NA,NA,NA,NA,NA,NA,NA,NA,NA,NA,NA,NA,NA,NA,NA,NA,NA,NA
"White-throated Redstart",NA,NA,NA,NA,NA,NA,NA,NA,NA,NA,NA,NA,NA,NA,NA,NA,NA,NA,NA,NA,NA,NA,NA,NA,NA,NA,NA,NA,NA,NA,NA,NA,NA
"White-winged Redstart",NA,NA,NA,NA,NA,NA,NA,NA,NA,NA,NA,NA,NA,NA,NA,NA,NA,NA,NA,NA,NA,NA,NA,NA,NA,NA,NA,NA,NA,NA,NA,NA,NA
"Black Redstart",-7.56941791447029,-3.95996088133242,-0.350503848194551,-6.19227514691632,-2.45371591166465,1.28484332358702,-6.5640546311824,-2.95861807829259,0.646818474597224,-6.39913721496746,-2.89465925362243,0.609818707722604,-4.31356166718029,-2.34529148869684,-0.377021310213398,-6.1386776932807,-2.75876553718981,0.621146618901075,-6.14782905504611,-2.69214979917167,0.763529456702773,-6.07553581005327,-2.58235700181279,0.910821806427701,-5.66375181031363,-2.23235424561275,1.19904331908813,-6.66226269816857,-2.87849142355706,0.905279851054442,-6.8295900809457,-2.81954848557314,1.19049310979942
"Daurian Redstart",NA,NA,NA,NA,NA,NA,NA,NA,NA,NA,NA,NA,NA,NA,NA,NA,NA,NA,NA,NA,NA,NA,NA,NA,NA,NA,NA,NA,NA,NA,NA,NA,NA
"Chestnut-bellied Rock-Thrush",NA,NA,NA,NA,NA,NA,NA,NA,NA,NA,NA,NA,NA,NA,NA,NA,NA,NA,NA,NA,NA,NA,NA,NA,NA,NA,NA,NA,NA,NA,NA,NA,NA
"White-throated Rock-Thrush",NA,NA,NA,NA,NA,NA,NA,NA,NA,NA,NA,NA,NA,NA,NA,NA,NA,NA,NA,NA,NA,NA,NA,NA,NA,NA,NA,NA,NA,NA,NA,NA,NA
"Blue-capped Rock-Thrush",NA,NA,NA,NA,NA,NA,NA,NA,NA,NA,NA,NA,NA,NA,NA,NA,NA,NA,NA,NA,NA,NA,NA,NA,NA,NA,NA,NA,NA,NA,NA,NA,NA
"Rufous-tailed Rock-Thrush",NA,NA,NA,NA,NA,NA,NA,NA,NA,NA,NA,NA,NA,NA,NA,NA,NA,NA,NA,NA,NA,NA,NA,NA,NA,NA,NA,NA,NA,NA,NA,NA,NA
"Blue Rock-Thrush",-8.9589229513776,-4.91763411580846,-0.876345280239316,-7.8706377660504,-4.20757245188891,-0.544507137727415,-7.66483996601916,-4.24313713103817,-0.821434296057182,-8.14988473246376,-4.62700688781297,-1.10412904316218,-7.67731486693509,-5.19704237942427,-2.71676989191346,-8.34946756505619,-4.82678624410458,-1.30410492315297,-8.23355033546797,-4.74557576410933,-1.2576011927507,-7.79958326815317,-4.44359673232591,-1.08761019649866,-8.66167175941485,-4.97599809700807,-1.29032443460128,-8.98170208529006,-5.17304838268756,-1.36439468008506,-9.71479739429129,-5.93005670524676,-2.14531601620223
"Whinchat",NA,NA,NA,NA,NA,NA,NA,NA,NA,NA,NA,NA,NA,NA,NA,NA,NA,NA,NA,NA,NA,NA,NA,NA,NA,NA,NA,NA,NA,NA,NA,NA,NA
"White-browed Bushchat",NA,NA,NA,NA,NA,NA,NA,NA,NA,NA,NA,NA,NA,NA,NA,NA,NA,NA,NA,NA,NA,NA,NA,NA,NA,NA,NA,NA,NA,NA,NA,NA,NA
"White-throated Bushchat",NA,NA,NA,NA,NA,NA,NA,NA,NA,NA,NA,NA,NA,NA,NA,NA,NA,NA,NA,NA,NA,NA,NA,NA,NA,NA,NA,NA,NA,NA,NA,NA,NA
"Siberian Stonechat",-3.12047189985944,-0.505312608354314,2.10984668315082,-1.51101504033144,1.13310566801863,3.77722637636869,-0.725550100303802,1.31716173237054,3.35987356504488,-2.14811396406983,0.158181032039953,2.46447602814974,-2.06484765593172,0.555007980059322,3.17486361605037,-2.05394858668677,0.54925754330723,3.15246367330123,-2.00285494402308,0.596977563858885,3.19681007174085,-2.10976905678466,0.555210723035116,3.2201905028549,-1.84237876261653,0.821564647186572,3.48550805698968,-2.61863245805273,0.147409708374155,2.91345187480104,-2.50656144965912,0.50913678022438,3.52483501010788
"Amur Stonechat",NA,NA,NA,NA,NA,NA,NA,NA,NA,NA,NA,NA,NA,NA,NA,NA,NA,NA,NA,NA,NA,NA,NA,NA,NA,NA,NA,NA,NA,NA,NA,NA,NA
"White-tailed Stonechat",NA,NA,NA,NA,NA,NA,NA,NA,NA,NA,NA,NA,NA,NA,NA,NA,NA,NA,NA,NA,NA,NA,NA,NA,NA,NA,NA,NA,NA,NA,NA,NA,NA
"Pied Bushchat",-4.14131388729353,-2.39317430540093,-0.645034723508322,-3.3812897415791,-1.51249129511282,0.356307151353465,-3.15548068446665,-1.43984209631111,0.275796491844422,-3.19185674226723,-1.52939155004672,0.13307364217379,-3.37210401123274,-1.64975362020545,0.0725967708218447,-3.35123138103711,-1.70171657704769,-0.0522017730582667,-3.32775347821106,-1.6310578238186,0.0656378305738621,-3.34306515294896,-1.59063929813457,0.161786556679823,-3.25212270191196,-1.48497577406894,0.282171153774069,-3.89130665890482,-2.15467398461456,-0.418041310324293,-3.87165116812413,-1.84936781952687,0.172915529070394
"Jerdon's Bushchat",NA,NA,NA,NA,NA,NA,NA,NA,NA,NA,NA,NA,NA,NA,NA,NA,NA,NA,NA,NA,NA,NA,NA,NA,NA,NA,NA,NA,NA,NA,NA,NA,NA
"Gray Bushchat",NA,NA,NA,NA,NA,NA,NA,NA,NA,NA,NA,NA,NA,NA,NA,NA,NA,NA,NA,NA,NA,NA,NA,NA,NA,NA,NA,NA,NA,NA,NA,NA,NA
"Northern Wheatear",NA,NA,NA,NA,NA,NA,NA,NA,NA,NA,NA,NA,NA,NA,NA,NA,NA,NA,NA,NA,NA,NA,NA,NA,NA,NA,NA,NA,NA,NA,NA,NA,NA
"Isabelline Wheatear",NA,NA,NA,NA,NA,NA,NA,NA,NA,NA,NA,NA,NA,NA,NA,NA,NA,NA,NA,NA,NA,NA,NA,NA,NA,NA,NA,NA,NA,NA,NA,NA,NA
"Desert Wheatear",NA,NA,NA,NA,NA,NA,NA,NA,NA,NA,NA,NA,NA,NA,NA,NA,NA,NA,NA,NA,NA,NA,NA,NA,NA,NA,NA,NA,NA,NA,NA,NA,NA
"Pied Wheatear",NA,NA,NA,NA,NA,NA,NA,NA,NA,NA,NA,NA,NA,NA,NA,NA,NA,NA,NA,NA,NA,NA,NA,NA,NA,NA,NA,NA,NA,NA,NA,NA,NA
"Brown Rock Chat",-5.75020222198149,-0.910963540196868,3.92827514158775,-2.03171927977863,2.78339573870245,7.59851075718354,-3.26861343231506,1.85282370899548,6.97426085030602,-2.86834493151731,1.86750973030524,6.60336439212778,-3.6972380271651,1.09258578452116,5.88240959620741,-3.21853500838766,1.32374417496156,5.86602335831078,-3.75028838106597,1.1372927379814,6.02487385702876,-3.69662717650785,1.43098703931547,6.55860125513879,-3.28944578084776,1.85038937162937,6.99022452410651,-4.69860245470297,0.679474524486703,6.05755150367638,-4.7230130320726,1.08663070655101,6.89627444517461
"Variable Wheatear",NA,NA,NA,NA,NA,NA,NA,NA,NA,NA,NA,NA,NA,NA,NA,NA,NA,NA,NA,NA,NA,NA,NA,NA,NA,NA,NA,NA,NA,NA,NA,NA,NA
"Hume's Wheatear",NA,NA,NA,NA,NA,NA,NA,NA,NA,NA,NA,NA,NA,NA,NA,NA,NA,NA,NA,NA,NA,NA,NA,NA,NA,NA,NA,NA,NA,NA,NA,NA,NA
"Finsch's Wheatear",NA,NA,NA,NA,NA,NA,NA,NA,NA,NA,NA,NA,NA,NA,NA,NA,NA,NA,NA,NA,NA,NA,NA,NA,NA,NA,NA,NA,NA,NA,NA,NA,NA
"Persian Wheatear",NA,NA,NA,NA,NA,NA,NA,NA,NA,NA,NA,NA,NA,NA,NA,NA,NA,NA,NA,NA,NA,NA,NA,NA,NA,NA,NA,NA,NA,NA,NA,NA,NA
"Bohemian Waxwing",NA,NA,NA,NA,NA,NA,NA,NA,NA,NA,NA,NA,NA,NA,NA,NA,NA,NA,NA,NA,NA,NA,NA,NA,NA,NA,NA,NA,NA,NA,NA,NA,NA
"Hypocolius",NA,NA,NA,NA,NA,NA,NA,NA,NA,NA,NA,NA,NA,NA,NA,NA,NA,NA,NA,NA,NA,NA,NA,NA,NA,NA,NA,NA,NA,NA,NA,NA,NA
"Thick-billed Flowerpecker",-5.19595249918445,-3.35204351117769,-1.50813452317092,-5.23597733030688,-3.4670389450662,-1.69810055982552,-5.2386351267606,-3.5412950174498,-1.843954908139,-5.40258726282009,-3.76099539932664,-2.11940353583319,-4.76621895385412,-3.85343488257916,-2.94065081130421,-5.29513193553987,-3.66355220543594,-2.03197247533201,-5.35065405191198,-3.69825970540608,-2.04586535890018,-5.35742866337434,-3.65421466488579,-1.95100066639724,-5.47001298164254,-3.72779347840067,-1.98557397515881,-5.36060166199028,-3.55133693920925,-1.74207221642821,-5.82326116027789,-3.9406102353855,-2.05795931049311
"Yellow-vented Flowerpecker",NA,NA,NA,NA,NA,NA,NA,NA,NA,NA,NA,NA,NA,NA,NA,NA,NA,NA,NA,NA,NA,NA,NA,NA,NA,NA,NA,NA,NA,NA,NA,NA,NA
"Yellow-bellied Flowerpecker",NA,NA,NA,NA,NA,NA,NA,NA,NA,NA,NA,NA,NA,NA,NA,NA,NA,NA,NA,NA,NA,NA,NA,NA,NA,NA,NA,NA,NA,NA,NA,NA,NA
"Pale-billed Flowerpecker",-0.528819294638684,2.4032234803405,5.33526625531969,-3.12843139551602,0.570094414003753,4.26862022352353,-3.02124247707887,0.535924589446193,4.09309165597125,-2.97526521033135,0.488150130477222,3.9515654712858,-2.61980265018682,0.259324081263078,3.13845081271298,-2.72869254134851,0.523972305694292,3.7766371527371,-2.77767950263985,0.596032891535973,3.9697452857118,-2.53484132385644,0.800955565239746,4.13675245433593,-2.9454455987325,0.613977265315563,4.17340012936362,-3.73892231050115,-0.390902036362152,2.95711823777685,-4.18581159193634,-0.565365992925748,3.05507960608484
"Nilgiri Flowerpecker",NA,NA,NA,NA,NA,NA,NA,NA,NA,NA,NA,NA,NA,NA,NA,NA,NA,NA,NA,NA,NA,NA,NA,NA,NA,NA,NA,NA,NA,NA,NA,NA,NA
"Plain Flowerpecker",NA,NA,NA,NA,NA,NA,NA,NA,NA,NA,NA,NA,NA,NA,NA,NA,NA,NA,NA,NA,NA,NA,NA,NA,NA,NA,NA,NA,NA,NA,NA,NA,NA
"Andaman Flowerpecker",NA,NA,NA,NA,NA,NA,NA,NA,NA,NA,NA,NA,NA,NA,NA,NA,NA,NA,NA,NA,NA,NA,NA,NA,NA,NA,NA,NA,NA,NA,NA,NA,NA
"Fire-breasted Flowerpecker",NA,NA,NA,NA,NA,NA,NA,NA,NA,NA,NA,NA,NA,NA,NA,NA,NA,NA,NA,NA,NA,NA,NA,NA,NA,NA,NA,NA,NA,NA,NA,NA,NA
"Scarlet-backed Flowerpecker",NA,NA,NA,NA,NA,NA,NA,NA,NA,NA,NA,NA,NA,NA,NA,NA,NA,NA,NA,NA,NA,NA,NA,NA,NA,NA,NA,NA,NA,NA,NA,NA,NA
"Ruby-cheeked Sunbird",NA,NA,NA,NA,NA,NA,NA,NA,NA,NA,NA,NA,NA,NA,NA,NA,NA,NA,NA,NA,NA,NA,NA,NA,NA,NA,NA,NA,NA,NA,NA,NA,NA
"Purple-rumped Sunbird",1.85711190524349,4.57435855587108,7.29160520649867,0.342177916586874,2.878494050701,5.41481018481512,0.701109249138108,3.39864296744983,6.09617668576156,0.876750074028248,3.3236828739129,5.77061567379754,1.17336153660762,3.72850676351648,6.28365199042534,1.27420012885325,3.63644315127637,5.99868617369948,1.07291962356401,3.4891510517605,5.90538247995699,1.01228607727573,3.68656176378924,6.36083745030274,1.30385319063657,3.94977137855279,6.595689566469,1.24726106495871,4.02581896034228,6.80437685572585,0.358634590056906,3.36885974456446,6.37908489907202
"Crimson-backed Sunbird",-3.51895323531576,-0.473548372098372,2.57185649111902,-3.2800489992805,-0.544171395255912,2.19170620876868,-4.51704130526632,-1.59611532729226,1.3248106506818,-4.27006357493062,-1.37255645079333,1.52495067334397,-4.03133303921114,-1.5615483612942,0.908236316622741,-3.92393997798115,-1.35398622435756,1.21596752926603,-4.23811786515776,-1.37864442088049,1.48082902339677,-3.82376978953534,-1.08064438726062,1.6624810150141,-4.5955921389379,-1.76890163036934,1.05778887819922,-4.65056243125151,-1.5609877221037,1.52858698704411,-5.22903443346475,-2.10839561244184,1.01224320858106
"Van Hasselt's Sunbird",NA,NA,NA,NA,NA,NA,NA,NA,NA,NA,NA,NA,NA,NA,NA,NA,NA,NA,NA,NA,NA,NA,NA,NA,NA,NA,NA,NA,NA,NA,NA,NA,NA
"Purple Sunbird",3.27347834330239,4.70574265540642,6.13800696751046,3.19746498038108,4.57367956070086,5.94989414102065,2.85522289200254,4.19487978312254,5.53453667424253,3.23796938579334,4.48254254769515,5.72711570959696,3.06681580985699,4.25468923038465,5.4425626509123,3.19961780952538,4.34143600144797,5.48325419337057,3.14821003303764,4.40186847550677,5.6555269179759,2.96468861828004,4.31251679603143,5.66034497378282,2.88480067084458,4.26072096740154,5.6366412639585,2.82255368838277,4.26130927214143,5.7000648559001,2.52684947157618,3.95546162852504,5.38407378547391
"Ornate Sunbird",NA,NA,NA,NA,NA,NA,NA,NA,NA,NA,NA,NA,NA,NA,NA,NA,NA,NA,NA,NA,NA,NA,NA,NA,NA,NA,NA,NA,NA,NA,NA,NA,NA
"Loten's Sunbird",NA,NA,NA,NA,NA,NA,NA,NA,NA,NA,NA,NA,NA,NA,NA,NA,NA,NA,NA,NA,NA,NA,NA,NA,NA,NA,NA,NA,NA,NA,NA,NA,NA
"Fire-tailed Sunbird",NA,NA,NA,NA,NA,NA,NA,NA,NA,NA,NA,NA,NA,NA,NA,NA,NA,NA,NA,NA,NA,NA,NA,NA,NA,NA,NA,NA,NA,NA,NA,NA,NA
"Black-throated Sunbird",NA,NA,NA,NA,NA,NA,NA,NA,NA,NA,NA,NA,NA,NA,NA,NA,NA,NA,NA,NA,NA,NA,NA,NA,NA,NA,NA,NA,NA,NA,NA,NA,NA
"Mrs. Gould's Sunbird",NA,NA,NA,NA,NA,NA,NA,NA,NA,NA,NA,NA,NA,NA,NA,NA,NA,NA,NA,NA,NA,NA,NA,NA,NA,NA,NA,NA,NA,NA,NA,NA,NA
"Green-tailed Sunbird",NA,NA,NA,NA,NA,NA,NA,NA,NA,NA,NA,NA,NA,NA,NA,NA,NA,NA,NA,NA,NA,NA,NA,NA,NA,NA,NA,NA,NA,NA,NA,NA,NA
"Vigors's Sunbird",-6.11707404322321,-4.33453525429881,-2.55199646537442,-4.66181503468264,-3.40748616057522,-2.1531572864678,-5.90549295494748,-4.4663338603812,-3.02717476581492,-5.62426136830766,-4.00350037287287,-2.38273937743807,-5.68053082556351,-4.16306561215641,-2.64560039874931,-5.69314600421938,-4.07986718890491,-2.46658837359044,-5.72518916065102,-4.08835882964337,-2.45152849863573,-5.76050147598377,-4.09597419417002,-2.43144691235628,-5.90431477018167,-4.22946151631034,-2.554608262439,-5.79936820916893,-4.02062157847844,-2.24187494778795,-5.82664190336332,-3.95148409367277,-2.07632628398222
"Crimson Sunbird",NA,NA,NA,NA,NA,NA,NA,NA,NA,NA,NA,NA,NA,NA,NA,NA,NA,NA,NA,NA,NA,NA,NA,NA,NA,NA,NA,NA,NA,NA,NA,NA,NA
"Little Spiderhunter",NA,NA,NA,NA,NA,NA,NA,NA,NA,NA,NA,NA,NA,NA,NA,NA,NA,NA,NA,NA,NA,NA,NA,NA,NA,NA,NA,NA,NA,NA,NA,NA,NA
"Streaked Spiderhunter",NA,NA,NA,NA,NA,NA,NA,NA,NA,NA,NA,NA,NA,NA,NA,NA,NA,NA,NA,NA,NA,NA,NA,NA,NA,NA,NA,NA,NA,NA,NA,NA,NA
"Asian Fairy-bluebird",NA,NA,NA,NA,NA,NA,NA,NA,NA,NA,NA,NA,NA,NA,NA,NA,NA,NA,NA,NA,NA,NA,NA,NA,NA,NA,NA,NA,NA,NA,NA,NA,NA
"Blue-winged Leafbird",NA,NA,NA,NA,NA,NA,NA,NA,NA,NA,NA,NA,NA,NA,NA,NA,NA,NA,NA,NA,NA,NA,NA,NA,NA,NA,NA,NA,NA,NA,NA,NA,NA
"Jerdon's Leafbird",-4.11005230090279,-2.31415975297678,-0.518267205050779,-5.18702771170375,-3.09499364002126,-1.00295956833877,-5.58534066408015,-3.61393417551279,-1.64252768694542,-5.40138965695898,-3.6018658737474,-1.80234209053582,-5.26327987599631,-3.46317897125958,-1.66307806652286,-5.28579480365772,-3.34250536925755,-1.39921593485739,-5.27493915915535,-3.30152546790722,-1.32811177665908,-5.30701494693356,-3.28757451080103,-1.2681340746685,-5.60671081240831,-3.69916576739327,-1.79162072237824,-5.66481247652416,-3.51791663989585,-1.37102080326753,-5.58121168933139,-3.29039473611841,-0.999577782905433
"Golden-fronted Leafbird",-4.6444881019714,-3.45118233120055,-2.25787656042969,-6.54229199151164,-4.75359932997745,-2.96490666844325,-6.45955704959463,-4.81155851912976,-3.1635599886649,-6.14473949051,-4.45940150624199,-2.77406352197398,-6.19231895400591,-4.64144605805548,-3.09057316210505,-6.20544432825362,-4.54313228075907,-2.88082023326452,-6.1537218907129,-4.4938636921139,-2.83400549351489,-6.27218635150526,-4.54756838720186,-2.82295042289845,-6.33736746318016,-4.56552687367498,-2.79368628416979,-6.66433868743011,-4.97630949194068,-3.28828029645125,-6.56464405778781,-4.61570891787209,-2.66677377795637
"Orange-bellied Leafbird",NA,NA,NA,NA,NA,NA,NA,NA,NA,NA,NA,NA,NA,NA,NA,NA,NA,NA,NA,NA,NA,NA,NA,NA,NA,NA,NA,NA,NA,NA,NA,NA,NA
"Streaked Weaver",NA,NA,NA,NA,NA,NA,NA,NA,NA,NA,NA,NA,NA,NA,NA,NA,NA,NA,NA,NA,NA,NA,NA,NA,NA,NA,NA,NA,NA,NA,NA,NA,NA
"Baya Weaver",-7.41776920361021,-4.68167857466896,-1.94558794572771,-6.22116739446838,-2.54108767781354,1.1389920388413,-6.40807842060986,-2.89517070959842,0.617737001413009,-5.05481925226188,-2.16175876577644,0.731301720708996,-5.42796063970461,-2.46617249903133,0.49561564164194,-5.98844766346144,-2.69935523353423,0.589737196392977,-5.98060027386316,-2.61917451804097,0.742251237781229,-5.99899369828158,-2.57167475437726,0.855644189527055,-6.04074774699734,-2.51430281345211,1.01214212009311,-6.44246676143604,-2.74591562166695,0.950635518102132,-5.89028436884409,-2.07732564567594,1.73563307749221
"Finn's Weaver",NA,NA,NA,NA,NA,NA,NA,NA,NA,NA,NA,NA,NA,NA,NA,NA,NA,NA,NA,NA,NA,NA,NA,NA,NA,NA,NA,NA,NA,NA,NA,NA,NA
"Black-breasted Weaver",-17008208.2438421,9.53806237492108,17008227.3199669,-17524380.0580315,9.80928023801008,17524399.676592,-15378967.3392961,19.8512172356446,15379007.0417306,-14032112.8640022,19.8904859300412,14032152.6449741,-15906686.8890142,14.1290990069753,15906715.1472122,-15261672.8548402,15.6417137279032,15261704.1382676,-16000103.9686423,16.7924703875631,16000137.5535831,-16888694.0670269,15.8742480018461,16888725.8155229,-17323070.4597661,16.4863141575182,17323103.4323945,-17942769.092577,15.8138242453133,17942800.7202255,-19115676.2067002,15.9388948884756,19115708.08449
"Indian Silverbill",-2.11673110884816,-0.881373553549738,0.353984001748684,-1.79823545861469,-0.241980725625638,1.31427400736341,-1.52664471750914,-0.0157613772520326,1.49512196300508,-1.43521999381931,0.00726239529819992,1.44974478441571,-1.37434865657712,-0.0115812616711891,1.35118613323475,-1.23929715564967,-0.0825458423666976,1.07420547091627,-1.54913660378982,-0.0893938453307128,1.37034891312839,-1.59480714043644,-0.11530147545914,1.36420418951816,-1.46314649230032,0.0342758001018581,1.53169809250404,-1.49330391684235,0.069857129949649,1.63301817674165,-1.26033066744769,0.318310105621234,1.89695087869016
"Scaly-breasted Munia",-1.73721753220443,2.75907872143179,7.25537497506802,-1.72519343183647,2.35999803233563,6.44518949650772,-1.2140341933522,2.86997058194704,6.95397535724629,-1.11454702467723,2.72267278975873,6.55989260419469,-0.588907245775531,3.19354550254338,6.97599825086229,-0.344682344593118,3.03969898976119,6.42408032411551,-0.404622102922434,2.71207493823566,5.82877197939375,-1.02494856718483,2.973246866791,6.97144230076683,-0.299588864587397,3.60166062484344,7.50291011427427,-0.44341048324632,3.67896905041899,7.8013485840843,-0.760363696045048,3.67905253494286,8.11846876593076
"Black-throated Munia",-1436707.01657976,-0.462907295036715,1436706.09076517,-1298332.14928255,-1.93436988848929,1298328.28054278,-1353974.12214836,-1.18384730992011,1353971.75445374,-1084065.08691003,-1.86312023339112,1084061.36066956,-1324732.68878422,-1.49137648277556,1324729.70603126,-1353661.16940065,-1.60240059334142,1353657.96459946,-1361098.27795503,-1.52034907322983,1361095.23725688,-1393438.76492524,-1.45950282240076,1393435.84591959,-1410712.83352441,-1.87148867577835,1410709.09054705,-1358208.56461436,-1.41832929082341,1358205.72795578,-1560713.83681569,-2.77448576887459,1560708.28784415
"White-rumped Munia",-5.2302158272733,-2.92784133797505,-0.625466848676806,-6.51441558887739,-3.9436878085811,-1.3729600282848,-6.56440797431541,-4.11034771296513,-1.65628745161485,-6.2744631754154,-4.41409628108325,-2.5537293867511,-5.95038185636771,-3.81772607838276,-1.6850703003978,-6.24692262484199,-3.96859163348295,-1.69026064212391,-6.14864068020727,-3.86845380869472,-1.58826693718216,-6.42832174716018,-4.00975405019204,-1.5911863532239,-6.57084918074298,-4.10057087880393,-1.63029257686488,-6.84605455753179,-4.33825097986343,-1.83044740219507,-6.7528140425583,-4.01294715816934,-1.27308027378038
"Tricolored Munia",0.61791209896564,3.48787374015193,6.35783538133823,0.777405724971274,3.47571832830323,6.17403093163518,0.4876049468223,3.03341028691408,5.57921562700585,0.745304227456418,2.9870455978123,5.22878696816819,1.14770272118414,3.47931270038214,5.81092267958014,0.819019819711736,3.34250297682817,5.8659861339446,0.913675671681934,3.17341746309003,5.43315925449812,0.794094939895139,3.37330823255838,5.95252152522163,1.12433178083404,3.66940929042172,6.21448680000939,0.171997039423808,2.77235771342035,5.37271838741689,1.28820274143658,4.03542799392684,6.7826532464171
"Chestnut Munia",NA,NA,NA,NA,NA,NA,NA,NA,NA,NA,NA,NA,NA,NA,NA,NA,NA,NA,NA,NA,NA,NA,NA,NA,NA,NA,NA,NA,NA,NA,NA,NA,NA
"Pin-tailed Parrotfinch",NA,NA,NA,NA,NA,NA,NA,NA,NA,NA,NA,NA,NA,NA,NA,NA,NA,NA,NA,NA,NA,NA,NA,NA,NA,NA,NA,NA,NA,NA,NA,NA,NA
"Green Avadavat",NA,NA,NA,NA,NA,NA,NA,NA,NA,NA,NA,NA,NA,NA,NA,NA,NA,NA,NA,NA,NA,NA,NA,NA,NA,NA,NA,NA,NA,NA,NA,NA,NA
"Red Avadavat",-1.62400350835485,0.6247222224955,2.87344795334585,0.215792513411259,2.2796199874016,4.34344746139194,-0.889825128339694,1.47113624639073,3.83209762112116,-0.851569184841391,1.24289459184945,3.33735836854029,-0.500296410392214,1.62503580985256,3.75036803009732,-0.695628219457896,1.52015439087986,3.73593700121761,-0.773850860973386,1.4910159043198,3.75588266961299,-0.757042460311315,1.55508234775299,3.8672071558173,-0.447763170399202,1.82994234203975,4.10764785447871,-1.27741499886633,1.06604390199742,3.40950280286117,-0.474722819735496,2.04170265711318,4.55812813396186
"Alpine Accentor",NA,NA,NA,NA,NA,NA,NA,NA,NA,NA,NA,NA,NA,NA,NA,NA,NA,NA,NA,NA,NA,NA,NA,NA,NA,NA,NA,NA,NA,NA,NA,NA,NA
"Altai Accentor",NA,NA,NA,NA,NA,NA,NA,NA,NA,NA,NA,NA,NA,NA,NA,NA,NA,NA,NA,NA,NA,NA,NA,NA,NA,NA,NA,NA,NA,NA,NA,NA,NA
"Robin Accentor",NA,NA,NA,NA,NA,NA,NA,NA,NA,NA,NA,NA,NA,NA,NA,NA,NA,NA,NA,NA,NA,NA,NA,NA,NA,NA,NA,NA,NA,NA,NA,NA,NA
"Rufous-breasted Accentor",NA,NA,NA,NA,NA,NA,NA,NA,NA,NA,NA,NA,NA,NA,NA,NA,NA,NA,NA,NA,NA,NA,NA,NA,NA,NA,NA,NA,NA,NA,NA,NA,NA
"Brown Accentor",NA,NA,NA,NA,NA,NA,NA,NA,NA,NA,NA,NA,NA,NA,NA,NA,NA,NA,NA,NA,NA,NA,NA,NA,NA,NA,NA,NA,NA,NA,NA,NA,NA
"Black-throated Accentor",NA,NA,NA,NA,NA,NA,NA,NA,NA,NA,NA,NA,NA,NA,NA,NA,NA,NA,NA,NA,NA,NA,NA,NA,NA,NA,NA,NA,NA,NA,NA,NA,NA
"Maroon-backed Accentor",NA,NA,NA,NA,NA,NA,NA,NA,NA,NA,NA,NA,NA,NA,NA,NA,NA,NA,NA,NA,NA,NA,NA,NA,NA,NA,NA,NA,NA,NA,NA,NA,NA
"House Sparrow",-6.1734012041652,-3.6376398939857,-1.1018785838062,-5.44508311792314,-2.65442973266247,0.136223652598205,-5.45833869178702,-2.86904769485351,-0.279756697920005,-4.78134700535245,-2.31226962373214,0.15680775788816,-3.9536062215988,-2.27903927798051,-0.604472334362212,-5.03890171864797,-2.55840758143469,-0.0779134442213995,-5.108492030609,-2.53486878635021,0.0387544579085877,-5.07436062576511,-2.47167016312684,0.13102029951143,-4.96728216593839,-2.32940774963857,0.308466666661245,-5.09250353113232,-2.32477728732863,0.442948956475055,-5.29847232847354,-2.3495161683035,0.599439991866547
"Spanish Sparrow",NA,NA,NA,NA,NA,NA,NA,NA,NA,NA,NA,NA,NA,NA,NA,NA,NA,NA,NA,NA,NA,NA,NA,NA,NA,NA,NA,NA,NA,NA,NA,NA,NA
"Sind Sparrow",NA,NA,NA,NA,NA,NA,NA,NA,NA,NA,NA,NA,NA,NA,NA,NA,NA,NA,NA,NA,NA,NA,NA,NA,NA,NA,NA,NA,NA,NA,NA,NA,NA
"Russet Sparrow",NA,NA,NA,NA,NA,NA,NA,NA,NA,NA,NA,NA,NA,NA,NA,NA,NA,NA,NA,NA,NA,NA,NA,NA,NA,NA,NA,NA,NA,NA,NA,NA,NA
"Eurasian Tree Sparrow",NA,NA,NA,NA,NA,NA,NA,NA,NA,NA,NA,NA,NA,NA,NA,NA,NA,NA,NA,NA,NA,NA,NA,NA,NA,NA,NA,NA,NA,NA,NA,NA,NA
"Yellow-throated Sparrow",-2.33510178001082,-0.865023534239501,0.60505471153182,-2.56883183569936,-1.12711338802909,0.314605059641174,-2.26314439159305,-0.955939845468768,0.351264700655514,-2.56012629305304,-1.27437900230763,0.0113682884377721,-2.21909201530412,-1.29098184458157,-0.36287167385902,-2.48413814807794,-1.15604592777398,0.172046292529978,-2.49651330340615,-1.16315100776933,0.170211287867497,-2.52718470610775,-1.33713424178529,-0.147083777462838,-2.4341974832325,-1.05848145846308,0.317234566306336,-2.72459182433862,-1.29554358679861,0.133504650741412,-2.60162803123198,-1.07094073872445,0.459746553783079
"Rock Sparrow",NA,NA,NA,NA,NA,NA,NA,NA,NA,NA,NA,NA,NA,NA,NA,NA,NA,NA,NA,NA,NA,NA,NA,NA,NA,NA,NA,NA,NA,NA,NA,NA,NA
"Pale Rockfinch",NA,NA,NA,NA,NA,NA,NA,NA,NA,NA,NA,NA,NA,NA,NA,NA,NA,NA,NA,NA,NA,NA,NA,NA,NA,NA,NA,NA,NA,NA,NA,NA,NA
"Black-winged Snowfinch",NA,NA,NA,NA,NA,NA,NA,NA,NA,NA,NA,NA,NA,NA,NA,NA,NA,NA,NA,NA,NA,NA,NA,NA,NA,NA,NA,NA,NA,NA,NA,NA,NA
"White-rumped Snowfinch",NA,NA,NA,NA,NA,NA,NA,NA,NA,NA,NA,NA,NA,NA,NA,NA,NA,NA,NA,NA,NA,NA,NA,NA,NA,NA,NA,NA,NA,NA,NA,NA,NA
"Rufous-necked Snowfinch",NA,NA,NA,NA,NA,NA,NA,NA,NA,NA,NA,NA,NA,NA,NA,NA,NA,NA,NA,NA,NA,NA,NA,NA,NA,NA,NA,NA,NA,NA,NA,NA,NA
"Blanford's Snowfinch",NA,NA,NA,NA,NA,NA,NA,NA,NA,NA,NA,NA,NA,NA,NA,NA,NA,NA,NA,NA,NA,NA,NA,NA,NA,NA,NA,NA,NA,NA,NA,NA,NA
"Forest Wagtail",NA,NA,NA,NA,NA,NA,NA,NA,NA,NA,NA,NA,NA,NA,NA,NA,NA,NA,NA,NA,NA,NA,NA,NA,NA,NA,NA,NA,NA,NA,NA,NA,NA
"Gray Wagtail",-3.65440762104663,-1.90637359997453,-0.158339578902436,-3.56958181212851,-1.91459484320262,-0.259607874276727,-3.34058416418454,-1.77655657998859,-0.212528995792646,-3.19929668385598,-1.74856497819949,-0.297833272542994,-3.30980468347237,-2.01410555661623,-0.71840642976009,-3.33306162331549,-1.89977487438508,-0.466488125454659,-2.98004321307454,-1.76813723525879,-0.556231257443045,-3.39818143430171,-1.84917749043605,-0.300173546570378,-3.61274579896185,-2.06305634889289,-0.513366898823922,-3.64179826429883,-1.97897786603266,-0.316157467766482,-3.78300273392652,-2.02703929352897,-0.271075853131418
"Western Yellow Wagtail",-4.67552475428147,-2.43367777804768,-0.191830801813893,-5.31004422709443,-2.95444161179106,-0.598838996487688,-5.67280089794592,-3.32932487830397,-0.985848858662022,-5.67057107471686,-3.43382263689402,-1.19707419907117,-5.28290791002898,-3.47963612362835,-1.67636433722773,-5.42679049802377,-3.31188040395256,-1.19697030988136,-5.5006815309891,-3.26528888451887,-1.02989623804864,-5.66119907209553,-3.38518147432536,-1.10916387655518,-5.78389514647546,-3.46123365389264,-1.13857216130982,-6.11923009207023,-3.96182906479627,-1.80442803752231,-5.7067156337422,-3.12047012567713,-0.534224617612068
"Eastern Yellow Wagtail",NA,NA,NA,NA,NA,NA,NA,NA,NA,NA,NA,NA,NA,NA,NA,NA,NA,NA,NA,NA,NA,NA,NA,NA,NA,NA,NA,NA,NA,NA,NA,NA,NA
"Citrine Wagtail",-16.0039456983484,-12.2650595480174,-8.52617339768642,-12.5788349362898,-8.09644836339067,-3.61406179049159,-12.7057493781805,-8.44589901341862,-4.1860486486567,-14.1469898201679,-9.3393942982912,-4.53179877641452,-14.2781682989251,-9.51671566355247,-4.75526302817981,-14.2174659274475,-9.49593042948378,-4.77439493152005,-14.1098648814492,-9.39335843609665,-4.67685199074408,-13.5562729494751,-9.01330993719128,-4.47034692490741,-14.406347345769,-9.42602922828304,-4.4457111107971,-15.0200213068092,-9.87078802818059,-4.72155474955198,-15.6284326951494,-10.2311569493156,-4.83388120348176
"White-browed Wagtail",-2.67628192213069,-1.73776940724354,-0.799256892356386,-2.50912721919394,-1.64441710135187,-0.779706983509795,-2.60292434218316,-1.74543749544265,-0.887950648702131,-2.52683547444325,-1.71370989290952,-0.900584311375785,-2.58403805915807,-1.80960743436789,-1.03517680957771,-2.57263975734705,-1.76746419714338,-0.962288636939714,-2.2929732870959,-1.68720520444373,-1.08143712179156,-2.63424309961575,-1.79379024218526,-0.953337384754756,-2.70231777649318,-1.94271516922062,-1.18311256194807,-2.71325782618635,-1.81567441535493,-0.918091004523507,-2.75537521632028,-1.80203314469401,-0.848691073067735
"White Wagtail",-4.7083424691634,-3.62970372904162,-2.55106498891984,-4.91390447245958,-3.81873162796135,-2.72355878346312,-5.25550693116324,-4.14090310274035,-3.02629927431746,-5.19544205207869,-4.1074539142444,-3.01946577641011,-5.15093909397492,-4.0708189285669,-2.99069876315889,-5.01463116119051,-4.05700923807537,-3.09938731496022,-4.99406207389929,-3.99461160916743,-2.99516114443556,-5.0600955136829,-3.98279733271357,-2.90549915174425,-5.27084892837379,-4.15645203957123,-3.04205515076867,-5.328643248771,-4.15936675288501,-2.99009025699903,-5.58804434028534,-4.51324034499347,-3.43843634970159
"Richard's Pipit",NA,NA,NA,NA,NA,NA,NA,NA,NA,NA,NA,NA,NA,NA,NA,NA,NA,NA,NA,NA,NA,NA,NA,NA,NA,NA,NA,NA,NA,NA,NA,NA,NA
"Paddyfield Pipit",-8.87701917921575,-4.38349567844386,0.110027822328032,-7.74974918419615,-3.48590369231887,0.77794179955841,-5.98802101717582,-2.76894566436246,0.450129688450895,-7.70321761899489,-3.70400090714495,0.295215804704996,-7.78127461097604,-4.06315598768884,-0.345037364401628,-7.71428411652403,-3.87151235874708,-0.0287406009701389,-7.21869836638036,-3.6302414897845,-0.0417846131886349,-7.28264057695009,-3.48024148515026,0.322157606649573,-8.26920125424759,-4.17897568436091,-0.088750114474221,-8.72039609482194,-4.58321337303124,-0.446030651240537,-9.08209895742242,-4.63007632160273,-0.178053685783046
"Long-billed Pipit",NA,NA,NA,NA,NA,NA,NA,NA,NA,NA,NA,NA,NA,NA,NA,NA,NA,NA,NA,NA,NA,NA,NA,NA,NA,NA,NA,NA,NA,NA,NA,NA,NA
"Blyth's Pipit",NA,NA,NA,NA,NA,NA,NA,NA,NA,NA,NA,NA,NA,NA,NA,NA,NA,NA,NA,NA,NA,NA,NA,NA,NA,NA,NA,NA,NA,NA,NA,NA,NA
"Tawny Pipit",-4.71408484822029,0.689492122158693,6.09306909253768,-1.15872072511479,2.53550904020375,6.2297388055223,-4.50342591623346,0.394749998022432,5.29292591227833,-4.25076894820946,0.533630278954837,5.31802950611913,-3.79540944188272,0.191351638639229,4.17811271916118,-4.14183705420252,0.550344467785251,5.24252598977302,-3.70419614484437,0.764639005528603,5.23347415590158,-3.753185821507,0.889307603563511,5.53180102863403,-4.1891390800517,0.717078885053288,5.62329685015828,-5.26001931612198,-0.39727460948349,4.465470097155,-5.97708852762585,-1.01301552868034,3.95105747026517
"Nilgiri Pipit",NA,NA,NA,NA,NA,NA,NA,NA,NA,NA,NA,NA,NA,NA,NA,NA,NA,NA,NA,NA,NA,NA,NA,NA,NA,NA,NA,NA,NA,NA,NA,NA,NA
"Upland Pipit",NA,NA,NA,NA,NA,NA,NA,NA,NA,NA,NA,NA,NA,NA,NA,NA,NA,NA,NA,NA,NA,NA,NA,NA,NA,NA,NA,NA,NA,NA,NA,NA,NA
"Meadow Pipit",NA,NA,NA,NA,NA,NA,NA,NA,NA,NA,NA,NA,NA,NA,NA,NA,NA,NA,NA,NA,NA,NA,NA,NA,NA,NA,NA,NA,NA,NA,NA,NA,NA
"Rosy Pipit",NA,NA,NA,NA,NA,NA,NA,NA,NA,NA,NA,NA,NA,NA,NA,NA,NA,NA,NA,NA,NA,NA,NA,NA,NA,NA,NA,NA,NA,NA,NA,NA,NA
"Tree Pipit",-6.76158411214733,-1.92848774733602,2.90460861747529,-4.71344543021866,-0.626985182951576,3.45947506431551,-5.33784162866985,-1.18699062585513,2.9638603769596,-6.04180960043431,-1.76231866120206,2.51717227803019,-5.77980452383543,-2.11483368576102,1.55013715231338,-5.8714186424653,-1.81541382661494,2.24059098923542,-4.9381350634205,-1.46913316621022,1.99986873100006,-5.97805906343842,-1.70479293712293,2.56847318919255,-6.56822252837091,-2.32357932720923,1.92106387395246,-6.83161169235867,-2.34197046512257,2.14767076211354,-7.43160610264435,-2.76833006762384,1.89494596739666
"Olive-backed Pipit",-1.79350644529597,0.855890132540059,3.50528671037608,-5.35827089158228,-1.49850474232751,2.36126140692725,-5.47447238789578,-1.88884780951853,1.69677676885872,-5.16170999555187,-1.54880989282294,2.06409020990598,-4.69848490101321,-1.75589142700402,1.18670204700518,-4.99916179486505,-1.45389803794003,2.09136571898499,-5.02585128954937,-1.42983531770438,2.16618065414062,-5.22342657124995,-1.60652668696547,2.01037319731901,-5.09917836222907,-1.34644420865596,2.40628994491716,-5.62108498984782,-1.73982923065146,2.14142652854489,-6.26570358282332,-2.28244657118695,1.70081044044941
"Red-throated Pipit",NA,NA,NA,NA,NA,NA,NA,NA,NA,NA,NA,NA,NA,NA,NA,NA,NA,NA,NA,NA,NA,NA,NA,NA,NA,NA,NA,NA,NA,NA,NA,NA,NA
"Water Pipit",NA,NA,NA,NA,NA,NA,NA,NA,NA,NA,NA,NA,NA,NA,NA,NA,NA,NA,NA,NA,NA,NA,NA,NA,NA,NA,NA,NA,NA,NA,NA,NA,NA
"Siberian Pipit",NA,NA,NA,NA,NA,NA,NA,NA,NA,NA,NA,NA,NA,NA,NA,NA,NA,NA,NA,NA,NA,NA,NA,NA,NA,NA,NA,NA,NA,NA,NA,NA,NA
"Common Chaffinch",NA,NA,NA,NA,NA,NA,NA,NA,NA,NA,NA,NA,NA,NA,NA,NA,NA,NA,NA,NA,NA,NA,NA,NA,NA,NA,NA,NA,NA,NA,NA,NA,NA
"Brambling",NA,NA,NA,NA,NA,NA,NA,NA,NA,NA,NA,NA,NA,NA,NA,NA,NA,NA,NA,NA,NA,NA,NA,NA,NA,NA,NA,NA,NA,NA,NA,NA,NA
"Black-and-yellow Grosbeak",NA,NA,NA,NA,NA,NA,NA,NA,NA,NA,NA,NA,NA,NA,NA,NA,NA,NA,NA,NA,NA,NA,NA,NA,NA,NA,NA,NA,NA,NA,NA,NA,NA
"Collared Grosbeak",NA,NA,NA,NA,NA,NA,NA,NA,NA,NA,NA,NA,NA,NA,NA,NA,NA,NA,NA,NA,NA,NA,NA,NA,NA,NA,NA,NA,NA,NA,NA,NA,NA
"Spot-winged Grosbeak",NA,NA,NA,NA,NA,NA,NA,NA,NA,NA,NA,NA,NA,NA,NA,NA,NA,NA,NA,NA,NA,NA,NA,NA,NA,NA,NA,NA,NA,NA,NA,NA,NA
"White-winged Grosbeak",NA,NA,NA,NA,NA,NA,NA,NA,NA,NA,NA,NA,NA,NA,NA,NA,NA,NA,NA,NA,NA,NA,NA,NA,NA,NA,NA,NA,NA,NA,NA,NA,NA
"Hawfinch",NA,NA,NA,NA,NA,NA,NA,NA,NA,NA,NA,NA,NA,NA,NA,NA,NA,NA,NA,NA,NA,NA,NA,NA,NA,NA,NA,NA,NA,NA,NA,NA,NA
"Yellow-billed Grosbeak",NA,NA,NA,NA,NA,NA,NA,NA,NA,NA,NA,NA,NA,NA,NA,NA,NA,NA,NA,NA,NA,NA,NA,NA,NA,NA,NA,NA,NA,NA,NA,NA,NA
"Common Rosefinch",-5.05357471138046,-1.24049117041017,2.57259237056013,-5.19805354718895,-1.7506035107295,1.69684652572995,-4.81456094893314,-1.4018347981465,2.01089135264013,-2.34699701088265,-0.291874588137319,1.76324783460801,-4.45858326520772,-1.14228151353076,2.1740202381462,-4.14770704080784,-1.07853906604844,1.99062890871096,-4.26378632804813,-0.972906278592846,2.31797377086244,-4.31383232200615,-0.930527715161675,2.4527768916828,-4.28293793666861,-0.824837207206536,2.63326352225554,-4.65896455754033,-1.00686756833037,2.64522942087958,-5.14602036863849,-1.29270659094622,2.56060718674604
"Scarlet Finch",NA,NA,NA,NA,NA,NA,NA,NA,NA,NA,NA,NA,NA,NA,NA,NA,NA,NA,NA,NA,NA,NA,NA,NA,NA,NA,NA,NA,NA,NA,NA,NA,NA
"Blyth's Rosefinch",NA,NA,NA,NA,NA,NA,NA,NA,NA,NA,NA,NA,NA,NA,NA,NA,NA,NA,NA,NA,NA,NA,NA,NA,NA,NA,NA,NA,NA,NA,NA,NA,NA
"Himalayan Beautiful Rosefinch",NA,NA,NA,NA,NA,NA,NA,NA,NA,NA,NA,NA,NA,NA,NA,NA,NA,NA,NA,NA,NA,NA,NA,NA,NA,NA,NA,NA,NA,NA,NA,NA,NA
"Pink-rumped Rosefinch",NA,NA,NA,NA,NA,NA,NA,NA,NA,NA,NA,NA,NA,NA,NA,NA,NA,NA,NA,NA,NA,NA,NA,NA,NA,NA,NA,NA,NA,NA,NA,NA,NA
"Dark-rumped Rosefinch",NA,NA,NA,NA,NA,NA,NA,NA,NA,NA,NA,NA,NA,NA,NA,NA,NA,NA,NA,NA,NA,NA,NA,NA,NA,NA,NA,NA,NA,NA,NA,NA,NA
"Pink-browed Rosefinch",NA,NA,NA,NA,NA,NA,NA,NA,NA,NA,NA,NA,NA,NA,NA,NA,NA,NA,NA,NA,NA,NA,NA,NA,NA,NA,NA,NA,NA,NA,NA,NA,NA
"Spot-winged Rosefinch",NA,NA,NA,NA,NA,NA,NA,NA,NA,NA,NA,NA,NA,NA,NA,NA,NA,NA,NA,NA,NA,NA,NA,NA,NA,NA,NA,NA,NA,NA,NA,NA,NA
"Vinaceous Rosefinch",NA,NA,NA,NA,NA,NA,NA,NA,NA,NA,NA,NA,NA,NA,NA,NA,NA,NA,NA,NA,NA,NA,NA,NA,NA,NA,NA,NA,NA,NA,NA,NA,NA
"Pale Rosefinch",NA,NA,NA,NA,NA,NA,NA,NA,NA,NA,NA,NA,NA,NA,NA,NA,NA,NA,NA,NA,NA,NA,NA,NA,NA,NA,NA,NA,NA,NA,NA,NA,NA
"Sillem's Rosefinch",NA,NA,NA,NA,NA,NA,NA,NA,NA,NA,NA,NA,NA,NA,NA,NA,NA,NA,NA,NA,NA,NA,NA,NA,NA,NA,NA,NA,NA,NA,NA,NA,NA
"Streaked Rosefinch",NA,NA,NA,NA,NA,NA,NA,NA,NA,NA,NA,NA,NA,NA,NA,NA,NA,NA,NA,NA,NA,NA,NA,NA,NA,NA,NA,NA,NA,NA,NA,NA,NA
"Great Rosefinch",NA,NA,NA,NA,NA,NA,NA,NA,NA,NA,NA,NA,NA,NA,NA,NA,NA,NA,NA,NA,NA,NA,NA,NA,NA,NA,NA,NA,NA,NA,NA,NA,NA
"Red-fronted Rosefinch",NA,NA,NA,NA,NA,NA,NA,NA,NA,NA,NA,NA,NA,NA,NA,NA,NA,NA,NA,NA,NA,NA,NA,NA,NA,NA,NA,NA,NA,NA,NA,NA,NA
"Crimson-browed Finch",NA,NA,NA,NA,NA,NA,NA,NA,NA,NA,NA,NA,NA,NA,NA,NA,NA,NA,NA,NA,NA,NA,NA,NA,NA,NA,NA,NA,NA,NA,NA,NA,NA
"Three-banded Rosefinch",NA,NA,NA,NA,NA,NA,NA,NA,NA,NA,NA,NA,NA,NA,NA,NA,NA,NA,NA,NA,NA,NA,NA,NA,NA,NA,NA,NA,NA,NA,NA,NA,NA
"Himalayan White-browed Rosefinch",NA,NA,NA,NA,NA,NA,NA,NA,NA,NA,NA,NA,NA,NA,NA,NA,NA,NA,NA,NA,NA,NA,NA,NA,NA,NA,NA,NA,NA,NA,NA,NA,NA
"Chinese White-browed Rosefinch",NA,NA,NA,NA,NA,NA,NA,NA,NA,NA,NA,NA,NA,NA,NA,NA,NA,NA,NA,NA,NA,NA,NA,NA,NA,NA,NA,NA,NA,NA,NA,NA,NA
"Brown Bullfinch",NA,NA,NA,NA,NA,NA,NA,NA,NA,NA,NA,NA,NA,NA,NA,NA,NA,NA,NA,NA,NA,NA,NA,NA,NA,NA,NA,NA,NA,NA,NA,NA,NA
"Orange Bullfinch",NA,NA,NA,NA,NA,NA,NA,NA,NA,NA,NA,NA,NA,NA,NA,NA,NA,NA,NA,NA,NA,NA,NA,NA,NA,NA,NA,NA,NA,NA,NA,NA,NA
"Red-headed Bullfinch",NA,NA,NA,NA,NA,NA,NA,NA,NA,NA,NA,NA,NA,NA,NA,NA,NA,NA,NA,NA,NA,NA,NA,NA,NA,NA,NA,NA,NA,NA,NA,NA,NA
"Gray-headed Bullfinch",NA,NA,NA,NA,NA,NA,NA,NA,NA,NA,NA,NA,NA,NA,NA,NA,NA,NA,NA,NA,NA,NA,NA,NA,NA,NA,NA,NA,NA,NA,NA,NA,NA
"Crimson-winged Finch",NA,NA,NA,NA,NA,NA,NA,NA,NA,NA,NA,NA,NA,NA,NA,NA,NA,NA,NA,NA,NA,NA,NA,NA,NA,NA,NA,NA,NA,NA,NA,NA,NA
"Trumpeter Finch",NA,NA,NA,NA,NA,NA,NA,NA,NA,NA,NA,NA,NA,NA,NA,NA,NA,NA,NA,NA,NA,NA,NA,NA,NA,NA,NA,NA,NA,NA,NA,NA,NA
"Mongolian Finch",NA,NA,NA,NA,NA,NA,NA,NA,NA,NA,NA,NA,NA,NA,NA,NA,NA,NA,NA,NA,NA,NA,NA,NA,NA,NA,NA,NA,NA,NA,NA,NA,NA
"Blanford's Rosefinch",NA,NA,NA,NA,NA,NA,NA,NA,NA,NA,NA,NA,NA,NA,NA,NA,NA,NA,NA,NA,NA,NA,NA,NA,NA,NA,NA,NA,NA,NA,NA,NA,NA
"Gold-naped Finch",NA,NA,NA,NA,NA,NA,NA,NA,NA,NA,NA,NA,NA,NA,NA,NA,NA,NA,NA,NA,NA,NA,NA,NA,NA,NA,NA,NA,NA,NA,NA,NA,NA
"Spectacled Finch",NA,NA,NA,NA,NA,NA,NA,NA,NA,NA,NA,NA,NA,NA,NA,NA,NA,NA,NA,NA,NA,NA,NA,NA,NA,NA,NA,NA,NA,NA,NA,NA,NA
"Dark-breasted Rosefinch",NA,NA,NA,NA,NA,NA,NA,NA,NA,NA,NA,NA,NA,NA,NA,NA,NA,NA,NA,NA,NA,NA,NA,NA,NA,NA,NA,NA,NA,NA,NA,NA,NA
"Plain Mountain Finch",NA,NA,NA,NA,NA,NA,NA,NA,NA,NA,NA,NA,NA,NA,NA,NA,NA,NA,NA,NA,NA,NA,NA,NA,NA,NA,NA,NA,NA,NA,NA,NA,NA
"Black-headed Mountain Finch",NA,NA,NA,NA,NA,NA,NA,NA,NA,NA,NA,NA,NA,NA,NA,NA,NA,NA,NA,NA,NA,NA,NA,NA,NA,NA,NA,NA,NA,NA,NA,NA,NA
"Desert Finch",NA,NA,NA,NA,NA,NA,NA,NA,NA,NA,NA,NA,NA,NA,NA,NA,NA,NA,NA,NA,NA,NA,NA,NA,NA,NA,NA,NA,NA,NA,NA,NA,NA
"European Greenfinch",NA,NA,NA,NA,NA,NA,NA,NA,NA,NA,NA,NA,NA,NA,NA,NA,NA,NA,NA,NA,NA,NA,NA,NA,NA,NA,NA,NA,NA,NA,NA,NA,NA
"Yellow-breasted Greenfinch",NA,NA,NA,NA,NA,NA,NA,NA,NA,NA,NA,NA,NA,NA,NA,NA,NA,NA,NA,NA,NA,NA,NA,NA,NA,NA,NA,NA,NA,NA,NA,NA,NA
"Black-headed Greenfinch",NA,NA,NA,NA,NA,NA,NA,NA,NA,NA,NA,NA,NA,NA,NA,NA,NA,NA,NA,NA,NA,NA,NA,NA,NA,NA,NA,NA,NA,NA,NA,NA,NA
"Twite",NA,NA,NA,NA,NA,NA,NA,NA,NA,NA,NA,NA,NA,NA,NA,NA,NA,NA,NA,NA,NA,NA,NA,NA,NA,NA,NA,NA,NA,NA,NA,NA,NA
"Eurasian Linnet",NA,NA,NA,NA,NA,NA,NA,NA,NA,NA,NA,NA,NA,NA,NA,NA,NA,NA,NA,NA,NA,NA,NA,NA,NA,NA,NA,NA,NA,NA,NA,NA,NA
"Red Crossbill",NA,NA,NA,NA,NA,NA,NA,NA,NA,NA,NA,NA,NA,NA,NA,NA,NA,NA,NA,NA,NA,NA,NA,NA,NA,NA,NA,NA,NA,NA,NA,NA,NA
"Gray-crowned Goldfinch",NA,NA,NA,NA,NA,NA,NA,NA,NA,NA,NA,NA,NA,NA,NA,NA,NA,NA,NA,NA,NA,NA,NA,NA,NA,NA,NA,NA,NA,NA,NA,NA,NA
"Fire-fronted Serin",NA,NA,NA,NA,NA,NA,NA,NA,NA,NA,NA,NA,NA,NA,NA,NA,NA,NA,NA,NA,NA,NA,NA,NA,NA,NA,NA,NA,NA,NA,NA,NA,NA
"Tibetan Serin",NA,NA,NA,NA,NA,NA,NA,NA,NA,NA,NA,NA,NA,NA,NA,NA,NA,NA,NA,NA,NA,NA,NA,NA,NA,NA,NA,NA,NA,NA,NA,NA,NA
"Eurasian Siskin",NA,NA,NA,NA,NA,NA,NA,NA,NA,NA,NA,NA,NA,NA,NA,NA,NA,NA,NA,NA,NA,NA,NA,NA,NA,NA,NA,NA,NA,NA,NA,NA,NA
"Lapland Longspur",NA,NA,NA,NA,NA,NA,NA,NA,NA,NA,NA,NA,NA,NA,NA,NA,NA,NA,NA,NA,NA,NA,NA,NA,NA,NA,NA,NA,NA,NA,NA,NA,NA
"Crested Bunting",-8.88349777751897,-4.87960569520211,-0.875713612885249,-6.62881134246853,-2.31916501615827,1.99048131015199,-7.61377837055301,-3.27486684986931,1.06404467081438,-7.02863243425957,-2.85461173029205,1.31940897367546,-7.27270642557387,-3.25255368105374,0.767599063466395,-6.67789645674261,-3.08635070087961,0.505195054983386,-7.28033951610459,-3.0769166863824,1.1265061433398,-7.48007045149356,-3.53956934128486,0.40093176892384,-7.60304850686115,-3.22928967336334,1.14446916013446,-6.14678437904956,-1.99123360324188,2.16431717256579,-7.0594197340149,-2.33538732525315,2.3886450835086
"Black-headed Bunting",-9.71927999234777,-4.56687414055119,0.585531711245383,-9.26294555134814,-4.34278086195704,0.577383827434062,-8.76967590450062,-4.01490960400421,0.73985669649221,-7.65423748708498,-3.44397848967981,0.766280507725352,-8.32233821218593,-4.30710269351002,-0.291867174834106,-7.32171941455629,-3.99783791698795,-0.673956419419614,-8.27289207251232,-3.83592681483181,0.601038442848707,-8.39134680928999,-3.79852185646146,0.794303096367067,-9.069216928811,-4.3838843287876,0.301448271235794,-9.14516169508908,-4.19059317988768,0.763975335313729,-8.17598218175874,-3.08418436866156,2.00761344443562
"Red-headed Bunting",-4.18629560344754,-0.0843773416842305,4.01754092007908,-4.62936479912258,-0.648256678115762,3.33285144289106,-5.28989527976195,-1.45741589082088,2.37506349812019,-5.08319076915503,-1.43118646977758,2.22081782959986,-4.71595658605152,-1.31148910551714,2.09297837501724,-3.86441052893446,-1.08652391835869,1.69136269221709,-4.65111688055563,-0.969353265774795,2.71241034900604,-4.52751636881086,-0.807689101065969,2.91213816667892,-5.06420484973634,-1.12393450927753,2.81633583118127,-5.59601706540872,-1.59205743697451,2.41190219145969,-5.62590945087696,-1.29381900274604,3.03827144538488
"Chestnut-eared Bunting",NA,NA,NA,NA,NA,NA,NA,NA,NA,NA,NA,NA,NA,NA,NA,NA,NA,NA,NA,NA,NA,NA,NA,NA,NA,NA,NA,NA,NA,NA,NA,NA,NA
"Rock Bunting",NA,NA,NA,NA,NA,NA,NA,NA,NA,NA,NA,NA,NA,NA,NA,NA,NA,NA,NA,NA,NA,NA,NA,NA,NA,NA,NA,NA,NA,NA,NA,NA,NA
"Godlewski's Bunting",NA,NA,NA,NA,NA,NA,NA,NA,NA,NA,NA,NA,NA,NA,NA,NA,NA,NA,NA,NA,NA,NA,NA,NA,NA,NA,NA,NA,NA,NA,NA,NA,NA
"Meadow Bunting",NA,NA,NA,NA,NA,NA,NA,NA,NA,NA,NA,NA,NA,NA,NA,NA,NA,NA,NA,NA,NA,NA,NA,NA,NA,NA,NA,NA,NA,NA,NA,NA,NA
"White-capped Bunting",NA,NA,NA,NA,NA,NA,NA,NA,NA,NA,NA,NA,NA,NA,NA,NA,NA,NA,NA,NA,NA,NA,NA,NA,NA,NA,NA,NA,NA,NA,NA,NA,NA
"Yellowhammer",NA,NA,NA,NA,NA,NA,NA,NA,NA,NA,NA,NA,NA,NA,NA,NA,NA,NA,NA,NA,NA,NA,NA,NA,NA,NA,NA,NA,NA,NA,NA,NA,NA
"Pine Bunting",NA,NA,NA,NA,NA,NA,NA,NA,NA,NA,NA,NA,NA,NA,NA,NA,NA,NA,NA,NA,NA,NA,NA,NA,NA,NA,NA,NA,NA,NA,NA,NA,NA
"Gray-necked Bunting",-8.51310554848879,-3.57400894085438,1.36508766678003,-8.51934263324083,-3.85388328232502,0.811576068590799,-6.49528835362882,-2.67389594966151,1.1474964543058,-8.18317175040372,-3.83802118964613,0.507129371111474,-7.88826349694831,-3.93405261315666,0.020158270634988,-7.70745042348757,-3.68852644149495,0.330397540497681,-7.71926624870773,-3.53237488565179,0.654516477404152,-6.73310042837227,-3.01612310973401,0.700854208904263,-8.09149142081165,-3.59252014670388,0.906451127403882,-9.08282721498532,-4.90772996608934,-0.732632717193355,-9.0159378925851,-4.08566582947782,0.844606233629464
"Ortolan Bunting",NA,NA,NA,NA,NA,NA,NA,NA,NA,NA,NA,NA,NA,NA,NA,NA,NA,NA,NA,NA,NA,NA,NA,NA,NA,NA,NA,NA,NA,NA,NA,NA,NA
"Striolated Bunting",-18876905.221175,-7.59614488380602,18876890.0288852,-21979094.7785767,-4.58044866960716,21979085.6176794,-22070472.357722,-5.19362020826675,22070461.9704815,-19953243.2184326,-4.78590442370094,19953233.6466238,-21680078.1304554,-5.77068156225337,21680066.5890923,-21335059.6089545,-5.77917112830341,21335048.0506123,-22100364.410569,-5.62532691446977,22100353.1599151,-22396069.6948127,-5.22016870824725,22396059.2544753,-23282973.6160682,-5.72623533944755,23282962.1635976,-23893767.8187643,-7.24606519415168,23893753.3266339,-25575475.8466454,-6.43960093087672,25575462.9674436
"Reed Bunting",NA,NA,NA,NA,NA,NA,NA,NA,NA,NA,NA,NA,NA,NA,NA,NA,NA,NA,NA,NA,NA,NA,NA,NA,NA,NA,NA,NA,NA,NA,NA,NA,NA
"Yellow-breasted Bunting",NA,NA,NA,NA,NA,NA,NA,NA,NA,NA,NA,NA,NA,NA,NA,NA,NA,NA,NA,NA,NA,NA,NA,NA,NA,NA,NA,NA,NA,NA,NA,NA,NA
"Little Bunting",NA,NA,NA,NA,NA,NA,NA,NA,NA,NA,NA,NA,NA,NA,NA,NA,NA,NA,NA,NA,NA,NA,NA,NA,NA,NA,NA,NA,NA,NA,NA,NA,NA
"Rustic Bunting",NA,NA,NA,NA,NA,NA,NA,NA,NA,NA,NA,NA,NA,NA,NA,NA,NA,NA,NA,NA,NA,NA,NA,NA,NA,NA,NA,NA,NA,NA,NA,NA,NA
"Black-faced Bunting",NA,NA,NA,NA,NA,NA,NA,NA,NA,NA,NA,NA,NA,NA,NA,NA,NA,NA,NA,NA,NA,NA,NA,NA,NA,NA,NA,NA,NA,NA,NA,NA,NA
"Chestnut Bunting",NA,NA,NA,NA,NA,NA,NA,NA,NA,NA,NA,NA,NA,NA,NA,NA,NA,NA,NA,NA,NA,NA,NA,NA,NA,NA,NA,NA,NA,NA,NA,NA,NA
"Yellow-browed Bunting",NA,NA,NA,NA,NA,NA,NA,NA,NA,NA,NA,NA,NA,NA,NA,NA,NA,NA,NA,NA,NA,NA,NA,NA,NA,NA,NA,NA,NA,NA,NA,NA,NA
"Tristram's Bunting",NA,NA,NA,NA,NA,NA,NA,NA,NA,NA,NA,NA,NA,NA,NA,NA,NA,NA,NA,NA,NA,NA,NA,NA,NA,NA,NA,NA,NA,NA,NA,NA,NA
