"timegroups","COMMON.NAME","timegroupsf","lci","mean","rci","lci_std","mean_std","rci_std","lci_std_recent","mean_std_recent","rci_std_recent","lci_ext_std","mean_ext_std","rci_ext_std","lci_std_comb","mean_std_comb","rci_std_comb"
1985,"Lesser Whistling-Duck","before 2000",NA,NA,NA,NA,NA,NA,NA,NA,NA,NA,NA,NA,NA,NA,NA
2003,"Lesser Whistling-Duck","2000-2006",NA,NA,NA,NA,NA,NA,NA,NA,NA,NA,NA,NA,NA,NA,NA
2009,"Lesser Whistling-Duck","2007-2010",NA,NA,NA,NA,NA,NA,NA,NA,NA,NA,NA,NA,NA,NA,NA
2012,"Lesser Whistling-Duck","2011-2012",NA,NA,NA,NA,NA,NA,NA,NA,NA,NA,NA,NA,NA,NA,NA
2013,"Lesser Whistling-Duck","2013",NA,NA,NA,NA,NA,NA,NA,NA,NA,NA,NA,NA,NA,NA,NA
2014,"Lesser Whistling-Duck","2014",NA,NA,NA,NA,NA,NA,NA,NA,NA,NA,NA,NA,NA,NA,NA
2015,"Lesser Whistling-Duck","2015",0.0927431704396094,0.132393899946732,0.190382693201067,NA,NA,NA,100,100,100,NA,NA,NA,100,100,100
2016,"Lesser Whistling-Duck","2016",0.0919399073998513,0.134538073852135,0.186498156677415,NA,NA,NA,82.8012151934759,100.966088544329,123.975246497666,NA,NA,NA,82.8012151934759,100.966088544329,123.975246497666
2017,"Lesser Whistling-Duck","2017",0.0805514374780401,0.118728322548106,0.169027201134159,NA,NA,NA,72.9232573606272,89.7045644369843,108.431875763653,NA,NA,NA,72.9232573606272,89.7045644369843,108.431875763653
2018,"Lesser Whistling-Duck","2018",0.0906258971433229,0.129101070560991,0.181607418446644,NA,NA,NA,81.4320365766785,97.74267742922,118.041488592422,NA,NA,NA,81.4320365766785,97.74267742922,118.041488592422
2019,"Lesser Whistling-Duck","2019",0.0941892624516815,0.135176696470618,0.186109415128634,NA,NA,NA,85.4936314627134,101.635264376001,122.102088517381,NA,NA,NA,85.4936314627134,101.635264376001,122.102088517381
2020,"Lesser Whistling-Duck","2020",0.114885921912573,0.15945917451695,0.218460964138314,NA,NA,NA,101.858917666269,120.480813449943,144.418767605746,NA,NA,NA,101.858917666269,120.480813449943,144.418767605746
2021,"Lesser Whistling-Duck","2021",0.103895572096496,0.146575594155154,0.200527108017781,NA,NA,NA,94.096944798005,110.56664384868,132.077568391594,NA,NA,NA,94.096944798005,110.56664384868,132.077568391594
2022,"Lesser Whistling-Duck","2022",0.109497318462525,0.154265827350824,0.211900712422305,NA,NA,NA,98.4665060430079,116.475940750969,137.880823978665,NA,NA,NA,98.4665060430079,116.475940750969,137.880823978665
2023,"Lesser Whistling-Duck","2023",0.0985100964221438,0.139395873340707,0.19521354936073,NA,NA,NA,88.5115577758772,105.391498799603,124.990585485752,NA,NA,NA,88.5115577758772,105.391498799603,124.990585485752
2024,"Lesser Whistling-Duck","2024",0.110614846014116,0.157630594935472,0.216655929344198,NA,NA,NA,100.167205853153,118.48417321049,140.578159612472,NA,NA,NA,100.167205853153,118.48417321049,140.578159612472
2025,"Lesser Whistling-Duck","2025",0.116674272380428,0.16380592703954,0.224801258382404,NA,NA,NA,104.762640970924,123.884816885109,145.785278200197,NA,NA,NA,104.762640970924,123.884816885109,145.785278200197
2026,"Lesser Whistling-Duck","2026",NA,NA,NA,NA,NA,NA,NA,NA,NA,112.582538477707,124.055802670389,136.674667169555,112.582538477707,124.055802670389,136.674667169555
2027,"Lesser Whistling-Duck","2027",NA,NA,NA,NA,NA,NA,NA,NA,NA,113.87923940535,127.27117533083,141.79596205962,113.87923940535,127.27117533083,141.79596205962
2028,"Lesser Whistling-Duck","2028",NA,NA,NA,NA,NA,NA,NA,NA,NA,115.083520866571,130.379122618455,147.358622229365,115.083520866571,130.379122618455,147.358622229365
2029,"Lesser Whistling-Duck","2029",NA,NA,NA,NA,NA,NA,NA,NA,NA,116.243753399813,133.647932134852,152.830517815062,116.243753399813,133.647932134852,152.830517815062
2030,"Lesser Whistling-Duck","2030",NA,NA,NA,NA,NA,NA,NA,NA,NA,117.452276876712,136.852873004402,158.732271131922,117.452276876712,136.852873004402,158.732271131922
2031,"Lesser Whistling-Duck","2031",NA,NA,NA,NA,NA,NA,NA,NA,NA,118.827971193303,140.202391077941,164.941183540718,118.827971193303,140.202391077941,164.941183540718
2032,"Lesser Whistling-Duck","2032",NA,NA,NA,NA,NA,NA,NA,NA,NA,120.137696294104,143.535423548414,171.074738779791,120.137696294104,143.535423548414,171.074738779791
2033,"Lesser Whistling-Duck","2033",NA,NA,NA,NA,NA,NA,NA,NA,NA,121.437079312512,147.168639012558,177.560692446856,121.437079312512,147.168639012558,177.560692446856
1985,"Ruddy Shelduck","before 2000",NA,NA,NA,NA,NA,NA,NA,NA,NA,NA,NA,NA,NA,NA,NA
2003,"Ruddy Shelduck","2000-2006",NA,NA,NA,NA,NA,NA,NA,NA,NA,NA,NA,NA,NA,NA,NA
2009,"Ruddy Shelduck","2007-2010",NA,NA,NA,NA,NA,NA,NA,NA,NA,NA,NA,NA,NA,NA,NA
2012,"Ruddy Shelduck","2011-2012",NA,NA,NA,NA,NA,NA,NA,NA,NA,NA,NA,NA,NA,NA,NA
2013,"Ruddy Shelduck","2013",NA,NA,NA,NA,NA,NA,NA,NA,NA,NA,NA,NA,NA,NA,NA
2014,"Ruddy Shelduck","2014",NA,NA,NA,NA,NA,NA,NA,NA,NA,NA,NA,NA,NA,NA,NA
2015,"Ruddy Shelduck","2015",0.0228717031823335,0.0455160249825937,0.0842397468145269,NA,NA,NA,100,100,100,NA,NA,NA,100,100,100
2016,"Ruddy Shelduck","2016",0.0392118318949905,0.0724459166562391,0.12818114255359,NA,NA,NA,97.9741476010437,160.712715436197,258.909496122783,NA,NA,NA,97.9741476010437,160.712715436197,258.909496122783
2017,"Ruddy Shelduck","2017",0.0210083776319495,0.0411592737936062,0.0759920905245485,NA,NA,NA,54.7863774553578,88.7579993977535,147.787750273926,NA,NA,NA,54.7863774553578,88.7579993977535,147.787750273926
2018,"Ruddy Shelduck","2018",0.0326942826726433,0.0623244703651326,0.104714467591411,NA,NA,NA,87.6821598149682,134.619160122053,210.34856794537,NA,NA,NA,87.6821598149682,134.619160122053,210.34856794537
2019,"Ruddy Shelduck","2019",0.0280870416163413,0.0525603948095433,0.0918192372181971,NA,NA,NA,75.9594215674425,114.691475584816,177.6797204781,NA,NA,NA,75.9594215674425,114.691475584816,177.6797204781
2020,"Ruddy Shelduck","2020",0.0239083555858661,0.0438367505498772,0.0743103442137282,NA,NA,NA,61.7408007096631,95.3832063070574,144.566858653055,NA,NA,NA,61.7408007096631,95.3832063070574,144.566858653055
2021,"Ruddy Shelduck","2021",0.0182303703856484,0.0327439523306801,0.0566937598869415,NA,NA,NA,46.3563937400037,72.1189795495326,111.026626293873,NA,NA,NA,46.3563937400037,72.1189795495326,111.026626293873
2022,"Ruddy Shelduck","2022",0.0178371332649736,0.0329803431471967,0.0565698157664019,NA,NA,NA,46.212997431885,71.889247515044,109.917707407368,NA,NA,NA,46.212997431885,71.889247515044,109.917707407368
2023,"Ruddy Shelduck","2023",0.0198474991089362,0.0357824930794962,0.0620562060726828,NA,NA,NA,51.6301501047602,78.3091987473921,117.620585912433,NA,NA,NA,51.6301501047602,78.3091987473921,117.620585912433
2024,"Ruddy Shelduck","2024",0.0225185675193418,0.0397265597328642,0.0680523113031168,NA,NA,NA,56.9613267006896,86.4741427159986,131.716585845347,NA,NA,NA,56.9613267006896,86.4741427159986,131.716585845347
2025,"Ruddy Shelduck","2025",0.0198740261103455,0.0354889048828214,0.0613647960271469,NA,NA,NA,49.7697797237533,77.5698539977313,118.421654625292,NA,NA,NA,49.7697797237533,77.5698539977313,118.421654625292
2026,"Ruddy Shelduck","2026",NA,NA,NA,NA,NA,NA,NA,NA,NA,52.1536932576189,68.7665513822103,90.8491582392184,52.1536932576189,68.7665513822103,90.8491582392184
2027,"Ruddy Shelduck","2027",NA,NA,NA,NA,NA,NA,NA,NA,NA,47.7149531253225,65.224363539398,89.4654553010594,47.7149531253225,65.224363539398,89.4654553010594
2028,"Ruddy Shelduck","2028",NA,NA,NA,NA,NA,NA,NA,NA,NA,43.7369783689179,62.0767141071422,88.274675746879,43.7369783689179,62.0767141071422,88.274675746879
2029,"Ruddy Shelduck","2029",NA,NA,NA,NA,NA,NA,NA,NA,NA,40.0088022567342,58.6231313719164,87.2764168269557,40.0088022567342,58.6231313719164,87.2764168269557
2030,"Ruddy Shelduck","2030",NA,NA,NA,NA,NA,NA,NA,NA,NA,36.5682720918615,55.2877828021796,86.014521896748,36.5682720918615,55.2877828021796,86.014521896748
2031,"Ruddy Shelduck","2031",NA,NA,NA,NA,NA,NA,NA,NA,NA,33.3415565544591,52.2830308150715,84.8709085681733,33.3415565544591,52.2830308150715,84.8709085681733
2032,"Ruddy Shelduck","2032",NA,NA,NA,NA,NA,NA,NA,NA,NA,30.3612333805135,49.6878156107674,83.757973341634,30.3612333805135,49.6878156107674,83.757973341634
2033,"Ruddy Shelduck","2033",NA,NA,NA,NA,NA,NA,NA,NA,NA,27.5619652743209,47.1443960516498,82.4163691962231,27.5619652743209,47.1443960516498,82.4163691962231
1985,"Cotton Pygmy-Goose","before 2000",NA,NA,NA,NA,NA,NA,NA,NA,NA,NA,NA,NA,NA,NA,NA
2003,"Cotton Pygmy-Goose","2000-2006",NA,NA,NA,NA,NA,NA,NA,NA,NA,NA,NA,NA,NA,NA,NA
2009,"Cotton Pygmy-Goose","2007-2010",NA,NA,NA,NA,NA,NA,NA,NA,NA,NA,NA,NA,NA,NA,NA
2012,"Cotton Pygmy-Goose","2011-2012",NA,NA,NA,NA,NA,NA,NA,NA,NA,NA,NA,NA,NA,NA,NA
2013,"Cotton Pygmy-Goose","2013",NA,NA,NA,NA,NA,NA,NA,NA,NA,NA,NA,NA,NA,NA,NA
2014,"Cotton Pygmy-Goose","2014",NA,NA,NA,NA,NA,NA,NA,NA,NA,NA,NA,NA,NA,NA,NA
2015,"Cotton Pygmy-Goose","2015",0.0235957117298313,0.0418935751931482,0.0686903449494642,NA,NA,NA,100,100,100,NA,NA,NA,100,100,100
2016,"Cotton Pygmy-Goose","2016",0.0244189509036016,0.042204229105097,0.0685670534060061,NA,NA,NA,72.6783385410829,102.101981122628,138.85068268195,NA,NA,NA,72.6783385410829,102.101981122628,138.85068268195
2017,"Cotton Pygmy-Goose","2017",0.0215922930379892,0.0369380136828471,0.059399925373296,NA,NA,NA,63.7628141171029,89.1023209864823,124.352627030804,NA,NA,NA,63.7628141171029,89.1023209864823,124.352627030804
2018,"Cotton Pygmy-Goose","2018",0.0272548379593052,0.046303243818848,0.0723056528843255,NA,NA,NA,82.6027238897132,111.57871579985,152.013444745284,NA,NA,NA,82.6027238897132,111.57871579985,152.013444745284
2019,"Cotton Pygmy-Goose","2019",0.027686658889976,0.0447579003606945,0.0693392117277739,NA,NA,NA,80.8460905964489,108.37536675225,143.792669460861,NA,NA,NA,80.8460905964489,108.37536675225,143.792669460861
2020,"Cotton Pygmy-Goose","2020",0.0238763320534567,0.0389107675827182,0.0608293557580189,NA,NA,NA,71.5045947448891,93.8339314903152,124.22457777064,NA,NA,NA,71.5045947448891,93.8339314903152,124.22457777064
2021,"Cotton Pygmy-Goose","2021",0.0170970077083511,0.0274947648099395,0.0425324403785469,NA,NA,NA,50.4845041737146,66.5981487885661,87.6593622920208,NA,NA,NA,50.4845041737146,66.5981487885661,87.6593622920208
2022,"Cotton Pygmy-Goose","2022",0.016348532692831,0.0262636931326127,0.0410952566008218,NA,NA,NA,48.170567593976,63.5075077209503,83.8878806479663,NA,NA,NA,48.170567593976,63.5075077209503,83.8878806479663
2023,"Cotton Pygmy-Goose","2023",0.0174252389400179,0.0285193988141352,0.0446420185563356,NA,NA,NA,52.3473379208454,68.9499602795951,91.5943846178512,NA,NA,NA,52.3473379208454,68.9499602795951,91.5943846178512
2024,"Cotton Pygmy-Goose","2024",0.019804491737657,0.0321261964599621,0.0499211548772091,NA,NA,NA,58.6971424517664,77.2778765316562,103.630121704986,NA,NA,NA,58.6971424517664,77.2778765316562,103.630121704986
2025,"Cotton Pygmy-Goose","2025",0.0200878180612598,0.0324392059411331,0.0500392293859602,NA,NA,NA,59.1315202704349,78.1250667147606,102.669112075336,NA,NA,NA,59.1315202704349,78.1250667147606,102.669112075336
2026,"Cotton Pygmy-Goose","2026",NA,NA,NA,NA,NA,NA,NA,NA,NA,54.0425590903555,66.1617235483634,81.6656408155779,54.0425590903555,66.1617235483634,81.6656408155779
2027,"Cotton Pygmy-Goose","2027",NA,NA,NA,NA,NA,NA,NA,NA,NA,50.4025603234279,63.488615574829,80.5254983856021,50.4025603234279,63.488615574829,80.5254983856021
2028,"Cotton Pygmy-Goose","2028",NA,NA,NA,NA,NA,NA,NA,NA,NA,46.9607067663554,60.8293011415964,79.1999196070983,46.9607067663554,60.8293011415964,79.1999196070983
2029,"Cotton Pygmy-Goose","2029",NA,NA,NA,NA,NA,NA,NA,NA,NA,43.6715271722104,58.2623344483015,77.9390643725937,43.6715271722104,58.2623344483015,77.9390643725937
2030,"Cotton Pygmy-Goose","2030",NA,NA,NA,NA,NA,NA,NA,NA,NA,40.684411668634,55.8507222452125,76.8348104014652,40.684411668634,55.8507222452125,76.8348104014652
2031,"Cotton Pygmy-Goose","2031",NA,NA,NA,NA,NA,NA,NA,NA,NA,37.8093585845562,53.5849885837173,75.7208668482863,37.8093585845562,53.5849885837173,75.7208668482863
2032,"Cotton Pygmy-Goose","2032",NA,NA,NA,NA,NA,NA,NA,NA,NA,35.237405273948,51.3523403643074,74.5972615227435,35.237405273948,51.3523403643074,74.5972615227435
2033,"Cotton Pygmy-Goose","2033",NA,NA,NA,NA,NA,NA,NA,NA,NA,32.7607019379293,49.2124661374578,73.5997248596193,32.7607019379293,49.2124661374578,73.5997248596193
1985,"Northern Shoveler","before 2000",NA,NA,NA,NA,NA,NA,NA,NA,NA,NA,NA,NA,NA,NA,NA
2003,"Northern Shoveler","2000-2006",NA,NA,NA,NA,NA,NA,NA,NA,NA,NA,NA,NA,NA,NA,NA
2009,"Northern Shoveler","2007-2010",NA,NA,NA,NA,NA,NA,NA,NA,NA,NA,NA,NA,NA,NA,NA
2012,"Northern Shoveler","2011-2012",NA,NA,NA,NA,NA,NA,NA,NA,NA,NA,NA,NA,NA,NA,NA
2013,"Northern Shoveler","2013",NA,NA,NA,NA,NA,NA,NA,NA,NA,NA,NA,NA,NA,NA,NA
2014,"Northern Shoveler","2014",NA,NA,NA,NA,NA,NA,NA,NA,NA,NA,NA,NA,NA,NA,NA
2015,"Northern Shoveler","2015",0.00580641955481582,0.0132302725716779,0.0267008388996308,NA,NA,NA,100,100,100,NA,NA,NA,100,100,100
2016,"Northern Shoveler","2016",0.00419306221073347,0.00989845730722625,0.0182213763654316,NA,NA,NA,40.1803582723326,73.4985170009398,139.734218040367,NA,NA,NA,40.1803582723326,73.4985170009398,139.734218040367
2017,"Northern Shoveler","2017",0.00235185466882305,0.00558495827650344,0.0105390023463092,NA,NA,NA,20.6963827871596,41.1129651634895,80.6525530803383,NA,NA,NA,20.6963827871596,41.1129651634895,80.6525530803383
2018,"Northern Shoveler","2018",0.00366443692130253,0.00729159736141968,0.0135392400271563,NA,NA,NA,31.1066407073644,55.0041123222721,94.7757528403943,NA,NA,NA,31.1066407073644,55.0041123222721,94.7757528403943
2019,"Northern Shoveler","2019",0.00334820395629947,0.00684196542323076,0.0126232405193216,NA,NA,NA,30.0457615453832,51.6380558400994,90.4444133661211,NA,NA,NA,30.0457615453832,51.6380558400994,90.4444133661211
2020,"Northern Shoveler","2020",0.00435093045067092,0.00799432027962247,0.014200147689931,NA,NA,NA,36.9664171060524,59.9943760379475,100.488512567594,NA,NA,NA,36.9664171060524,59.9943760379475,100.488512567594
2021,"Northern Shoveler","2021",0.00352817771887945,0.00648367572965673,0.011609502923801,NA,NA,NA,29.6458639937736,49.3279174960399,83.9388793116322,NA,NA,NA,29.6458639937736,49.3279174960399,83.9388793116322
2022,"Northern Shoveler","2022",0.00412571100936695,0.00780294973485815,0.0138216862921463,NA,NA,NA,36.1506743106212,58.4633341627249,101.111894858692,NA,NA,NA,36.1506743106212,58.4633341627249,101.111894858692
2023,"Northern Shoveler","2023",0.00492000847356662,0.00894756593390272,0.0157840397590829,NA,NA,NA,42.7711992300666,67.4041282026222,115.618728210979,NA,NA,NA,42.7711992300666,67.4041282026222,115.618728210979
2024,"Northern Shoveler","2024",0.00405279895416808,0.00752763347395119,0.0129421208945802,NA,NA,NA,35.5003645204471,56.8288142641473,98.9793063354888,NA,NA,NA,35.5003645204471,56.8288142641473,98.9793063354888
2025,"Northern Shoveler","2025",0.00381067052543186,0.00679961434045819,0.0121035323484171,NA,NA,NA,32.3077617681818,51.4550724888257,86.2449286775405,NA,NA,NA,32.3077617681818,51.4550724888257,86.2449286775405
2026,"Northern Shoveler","2026",NA,NA,NA,NA,NA,NA,NA,NA,NA,36.4751228050113,50.7540666921067,70.1325046767892,36.4751228050113,50.7540666921067,70.1325046767892
2027,"Northern Shoveler","2027",NA,NA,NA,NA,NA,NA,NA,NA,NA,34.1211454219549,49.4348680945324,71.3742492689412,34.1211454219549,49.4348680945324,71.3742492689412
2028,"Northern Shoveler","2028",NA,NA,NA,NA,NA,NA,NA,NA,NA,31.7824255806956,48.2277519136007,72.5060160650197,31.7824255806956,48.2277519136007,72.5060160650197
2029,"Northern Shoveler","2029",NA,NA,NA,NA,NA,NA,NA,NA,NA,29.6497499876837,47.002945534934,74.0552058558204,29.6497499876837,47.002945534934,74.0552058558204
2030,"Northern Shoveler","2030",NA,NA,NA,NA,NA,NA,NA,NA,NA,27.5865897211205,45.9220699022931,75.8544408411922,27.5865897211205,45.9220699022931,75.8544408411922
2031,"Northern Shoveler","2031",NA,NA,NA,NA,NA,NA,NA,NA,NA,25.6528594654704,44.862387681014,77.4133038709327,25.6528594654704,44.862387681014,77.4133038709327
2032,"Northern Shoveler","2032",NA,NA,NA,NA,NA,NA,NA,NA,NA,23.8608200483596,43.8152478371388,79.3395167978719,23.8608200483596,43.8152478371388,79.3395167978719
2033,"Northern Shoveler","2033",NA,NA,NA,NA,NA,NA,NA,NA,NA,22.2131314740948,42.5217130202767,81.1144906943838,22.2131314740948,42.5217130202767,81.1144906943838
1985,"Gadwall","before 2000",NA,NA,NA,NA,NA,NA,NA,NA,NA,NA,NA,NA,NA,NA,NA
2003,"Gadwall","2000-2006",NA,NA,NA,NA,NA,NA,NA,NA,NA,NA,NA,NA,NA,NA,NA
2009,"Gadwall","2007-2010",NA,NA,NA,NA,NA,NA,NA,NA,NA,NA,NA,NA,NA,NA,NA
2012,"Gadwall","2011-2012",NA,NA,NA,NA,NA,NA,NA,NA,NA,NA,NA,NA,NA,NA,NA
2013,"Gadwall","2013",NA,NA,NA,NA,NA,NA,NA,NA,NA,NA,NA,NA,NA,NA,NA
2014,"Gadwall","2014",NA,NA,NA,NA,NA,NA,NA,NA,NA,NA,NA,NA,NA,NA,NA
2015,"Gadwall","2015",0.0381674889024038,0.0659150212211032,0.106900245838084,NA,NA,NA,100,100,100,NA,NA,NA,100,100,100
2016,"Gadwall","2016",0.0324604743175151,0.0544463038939773,0.0860569219274808,NA,NA,NA,60.1233954442337,81.6728901927699,116.581691658138,NA,NA,NA,60.1233954442337,81.6728901927699,116.581691658138
2017,"Gadwall","2017",0.0208116611174843,0.0342064543430539,0.0547691434405481,NA,NA,NA,37.8723147150467,51.6160350537812,73.5335448698423,NA,NA,NA,37.8723147150467,51.6160350537812,73.5335448698423
2018,"Gadwall","2018",0.0217576858962114,0.0352435898556058,0.0544934673149202,NA,NA,NA,39.8611566255406,52.7483941584033,74.7748450022282,NA,NA,NA,39.8611566255406,52.7483941584033,74.7748450022282
2019,"Gadwall","2019",0.0231374800199909,0.037783332410429,0.0585758184921085,NA,NA,NA,43.1867345674583,56.4357848632503,78.9148857082257,NA,NA,NA,43.1867345674583,56.4357848632503,78.9148857082257
2020,"Gadwall","2020",0.0239861648467883,0.0383199000271388,0.0591297197531984,NA,NA,NA,45.091246593885,57.7632267598791,79.8431084236446,NA,NA,NA,45.091246593885,57.7632267598791,79.8431084236446
2021,"Gadwall","2021",0.0177870749669992,0.0287521567846035,0.0452606516493196,NA,NA,NA,33.7182319250806,43.4891567930747,58.8438852798125,NA,NA,NA,33.7182319250806,43.4891567930747,58.8438852798125
2022,"Gadwall","2022",0.0185054566855417,0.0298891553323794,0.0450687195045763,NA,NA,NA,34.8238091444936,44.9076720994281,61.8037649546608,NA,NA,NA,34.8238091444936,44.9076720994281,61.8037649546608
2023,"Gadwall","2023",0.0179919881740389,0.0281626813480678,0.0437470910072213,NA,NA,NA,32.7069557684675,42.6671681886045,58.2300988336181,NA,NA,NA,32.7069557684675,42.6671681886045,58.2300988336181
2024,"Gadwall","2024",0.0224356181016061,0.0357778585818182,0.0552808586453169,NA,NA,NA,42.1952576532407,54.2168449826645,73.2879696905344,NA,NA,NA,42.1952576532407,54.2168449826645,73.2879696905344
2025,"Gadwall","2025",0.0177220620258584,0.0281679984678342,0.0434147360784769,NA,NA,NA,32.9517512065456,42.2334390550921,57.5116194982571,NA,NA,NA,32.9517512065456,42.2334390550921,57.5116194982571
2026,"Gadwall","2026",NA,NA,NA,NA,NA,NA,NA,NA,NA,29.3009238969242,37.2822065832484,47.5356588821649,29.3009238969242,37.2822065832484,47.5356588821649
2027,"Gadwall","2027",NA,NA,NA,NA,NA,NA,NA,NA,NA,26.6248023201835,34.93897142587,46.1073113263972,26.6248023201835,34.93897142587,46.1073113263972
2028,"Gadwall","2028",NA,NA,NA,NA,NA,NA,NA,NA,NA,24.1895255700749,32.7513350594538,44.6118668214169,24.1895255700749,32.7513350594538,44.6118668214169
2029,"Gadwall","2029",NA,NA,NA,NA,NA,NA,NA,NA,NA,21.9660387079054,30.7188381591579,43.296311915766,21.9660387079054,30.7188381591579,43.296311915766
2030,"Gadwall","2030",NA,NA,NA,NA,NA,NA,NA,NA,NA,19.8737750490543,28.7640036556454,41.9863929804809,19.8737750490543,28.7640036556454,41.9863929804809
2031,"Gadwall","2031",NA,NA,NA,NA,NA,NA,NA,NA,NA,17.9961470253302,26.9778453211522,40.7050254653743,17.9961470253302,26.9778453211522,40.7050254653743
2032,"Gadwall","2032",NA,NA,NA,NA,NA,NA,NA,NA,NA,16.2727513075108,25.2562603985099,39.4222724045113,16.2727513075108,25.2562603985099,39.4222724045113
2033,"Gadwall","2033",NA,NA,NA,NA,NA,NA,NA,NA,NA,14.7342492446415,23.6998886874748,38.3388873120154,14.7342492446415,23.6998886874748,38.3388873120154
1985,"Northern Pintail","before 2000",NA,NA,NA,NA,NA,NA,NA,NA,NA,NA,NA,NA,NA,NA,NA
2003,"Northern Pintail","2000-2006",NA,NA,NA,NA,NA,NA,NA,NA,NA,NA,NA,NA,NA,NA,NA
2009,"Northern Pintail","2007-2010",NA,NA,NA,NA,NA,NA,NA,NA,NA,NA,NA,NA,NA,NA,NA
2012,"Northern Pintail","2011-2012",NA,NA,NA,NA,NA,NA,NA,NA,NA,NA,NA,NA,NA,NA,NA
2013,"Northern Pintail","2013",NA,NA,NA,NA,NA,NA,NA,NA,NA,NA,NA,NA,NA,NA,NA
2014,"Northern Pintail","2014",NA,NA,NA,NA,NA,NA,NA,NA,NA,NA,NA,NA,NA,NA,NA
2015,"Northern Pintail","2015",0.0218204401801695,0.0375724272139052,0.0612419745465462,NA,NA,NA,100,100,100,NA,NA,NA,100,100,100
2016,"Northern Pintail","2016",0.0094669997185967,0.0178088565577845,0.0298833347527889,NA,NA,NA,28.572268645235,46.9237294062652,71.8919658906039,NA,NA,NA,28.572268645235,46.9237294062652,71.8919658906039
2017,"Northern Pintail","2017",0.00857142744707665,0.0147946237584465,0.0250673832847862,NA,NA,NA,25.9758460099506,39.9891498865256,60.3372154716109,NA,NA,NA,25.9758460099506,39.9891498865256,60.3372154716109
2018,"Northern Pintail","2018",0.0114178852471952,0.0191062569193521,0.0310635459216949,NA,NA,NA,34.7033427688928,50.9408337576182,75.0257158979924,NA,NA,NA,34.7033427688928,50.9408337576182,75.0257158979924
2019,"Northern Pintail","2019",0.00976155446725887,0.0162646634185197,0.0263448979475095,NA,NA,NA,30.5103398207228,43.4878251438359,63.737507392554,NA,NA,NA,30.5103398207228,43.4878251438359,63.737507392554
2020,"Northern Pintail","2020",0.0102745685732234,0.0165523004295911,0.0261817095287125,NA,NA,NA,32.3462377452802,44.0393622139084,63.1533049937601,NA,NA,NA,32.3462377452802,44.0393622139084,63.1533049937601
2021,"Northern Pintail","2021",0.00763821499848378,0.0121824951935262,0.0195713894089468,NA,NA,NA,23.3102458839801,32.6273353753081,46.5975715621243,NA,NA,NA,23.3102458839801,32.6273353753081,46.5975715621243
2022,"Northern Pintail","2022",0.00790429506974693,0.012405173327751,0.019532402743707,NA,NA,NA,24.2845830325778,33.0297472449293,47.8868753834732,NA,NA,NA,24.2845830325778,33.0297472449293,47.8868753834732
2023,"Northern Pintail","2023",0.00747396232959392,0.0116964319733526,0.0186033883125675,NA,NA,NA,22.5376734714383,30.7267843497545,43.4854370309682,NA,NA,NA,22.5376734714383,30.7267843497545,43.4854370309682
2024,"Northern Pintail","2024",0.00527267479476231,0.00861915806173122,0.0136648174790343,NA,NA,NA,16.0111373742671,22.8704088973379,33.3217543803214,NA,NA,NA,16.0111373742671,22.8704088973379,33.3217543803214
2025,"Northern Pintail","2025",0.00541765512929903,0.0085012221886285,0.0133947930941437,NA,NA,NA,16.6113738791152,22.5270674243341,33.4403663535033,NA,NA,NA,16.6113738791152,22.5270674243341,33.4403663535033
2026,"Northern Pintail","2026",NA,NA,NA,NA,NA,NA,NA,NA,NA,15.1082320570254,20.049891972443,26.5485902121751,15.1082320570254,20.049891972443,26.5485902121751
2027,"Northern Pintail","2027",NA,NA,NA,NA,NA,NA,NA,NA,NA,13.0503085111833,17.9728954973233,24.7480857919813,13.0503085111833,17.9728954973233,24.7480857919813
2028,"Northern Pintail","2028",NA,NA,NA,NA,NA,NA,NA,NA,NA,11.2711059095894,16.0352691604622,23.0270995431849,11.2711059095894,16.0352691604622,23.0270995431849
2029,"Northern Pintail","2029",NA,NA,NA,NA,NA,NA,NA,NA,NA,9.69449386684806,14.3548903431601,21.4969902448206,9.69449386684806,14.3548903431601,21.4969902448206
2030,"Northern Pintail","2030",NA,NA,NA,NA,NA,NA,NA,NA,NA,8.32952113156434,12.8563396426876,20.0279685772865,8.32952113156434,12.8563396426876,20.0279685772865
2031,"Northern Pintail","2031",NA,NA,NA,NA,NA,NA,NA,NA,NA,7.16296681941671,11.5364461290356,18.6202378652736,7.16296681941671,11.5364461290356,18.6202378652736
2032,"Northern Pintail","2032",NA,NA,NA,NA,NA,NA,NA,NA,NA,6.16527791046293,10.3394781518432,17.3687753926842,6.16527791046293,10.3394781518432,17.3687753926842
2033,"Northern Pintail","2033",NA,NA,NA,NA,NA,NA,NA,NA,NA,5.29322845425805,9.27838686365674,16.1659818422593,5.29322845425805,9.27838686365674,16.1659818422593
1985,"Ferruginous Duck","before 2000",NA,NA,NA,NA,NA,NA,NA,NA,NA,NA,NA,NA,NA,NA,NA
2003,"Ferruginous Duck","2000-2006",NA,NA,NA,NA,NA,NA,NA,NA,NA,NA,NA,NA,NA,NA,NA
2009,"Ferruginous Duck","2007-2010",NA,NA,NA,NA,NA,NA,NA,NA,NA,NA,NA,NA,NA,NA,NA
2012,"Ferruginous Duck","2011-2012",NA,NA,NA,NA,NA,NA,NA,NA,NA,NA,NA,NA,NA,NA,NA
2013,"Ferruginous Duck","2013",NA,NA,NA,NA,NA,NA,NA,NA,NA,NA,NA,NA,NA,NA,NA
2014,"Ferruginous Duck","2014",NA,NA,NA,NA,NA,NA,NA,NA,NA,NA,NA,NA,NA,NA,NA
2015,"Ferruginous Duck","2015",0.00634995132655145,0.014882775488561,0.0290729236149187,NA,NA,NA,100,100,100,NA,NA,NA,100,100,100
2016,"Ferruginous Duck","2016",0.00423107868763177,0.00936593423353173,0.0191312543673244,NA,NA,NA,36.0249980478458,63.562176721216,108.451096546054,NA,NA,NA,36.0249980478458,63.562176721216,108.451096546054
2017,"Ferruginous Duck","2017",0.00423912288097995,0.00911007362660875,0.0174660529029803,NA,NA,NA,36.6299531074898,60.229035118325,103.569040818537,NA,NA,NA,36.6299531074898,60.229035118325,103.569040818537
2018,"Ferruginous Duck","2018",0.0056017895666082,0.0119186984261337,0.0232755121953747,NA,NA,NA,50.2176312079538,79.614939860553,125.235133394386,NA,NA,NA,50.2176312079538,79.614939860553,125.235133394386
2019,"Ferruginous Duck","2019",0.00380042191280357,0.00797725204473847,0.015418335476212,NA,NA,NA,33.3447453522867,52.829631724197,87.1566432727997,NA,NA,NA,33.3447453522867,52.829631724197,87.1566432727997
2020,"Ferruginous Duck","2020",0.0036173506627266,0.00729838725362999,0.0140173095692708,NA,NA,NA,32.4146130907486,49.4955995913774,75.5489149882092,NA,NA,NA,32.4146130907486,49.4955995913774,75.5489149882092
2021,"Ferruginous Duck","2021",0.00327810150990626,0.0067607437424097,0.0126500872189862,NA,NA,NA,29.2335822210827,44.8115597133666,70.742872713885,NA,NA,NA,29.2335822210827,44.8115597133666,70.742872713885
2022,"Ferruginous Duck","2022",0.00350331901460433,0.00712224440733376,0.0136619831937879,NA,NA,NA,31.6517355964265,48.5548924177595,75.1674494210242,NA,NA,NA,31.6517355964265,48.5548924177595,75.1674494210242
2023,"Ferruginous Duck","2023",0.00259184188089363,0.00515191375195552,0.00984485306047603,NA,NA,NA,22.7798045518578,34.2236227271927,54.8262381401603,NA,NA,NA,22.7798045518578,34.2236227271927,54.8262381401603
2024,"Ferruginous Duck","2024",0.00425652768657228,0.00859980072040169,0.0163126478510984,NA,NA,NA,37.6773255678189,57.6472309574745,91.1891238900208,NA,NA,NA,37.6773255678189,57.6472309574745,91.1891238900208
2025,"Ferruginous Duck","2025",0.00619214023036409,0.0125325985700301,0.023480088192599,NA,NA,NA,55.7141618711288,84.4843335780655,130.192054437614,NA,NA,NA,55.7141618711288,84.4843335780655,130.192054437614
2026,"Ferruginous Duck","2026",NA,NA,NA,NA,NA,NA,NA,NA,NA,31.3651594014905,46.8338614187373,69.9845913075224,31.3651594014905,46.8338614187373,69.9845913075224
2027,"Ferruginous Duck","2027",NA,NA,NA,NA,NA,NA,NA,NA,NA,28.5906790020814,45.1796954603608,71.2046692431298,28.5906790020814,45.1796954603608,71.2046692431298
2028,"Ferruginous Duck","2028",NA,NA,NA,NA,NA,NA,NA,NA,NA,26.0510178623977,43.6045251605758,72.5633105045558,26.0510178623977,43.6045251605758,72.5633105045558
2029,"Ferruginous Duck","2029",NA,NA,NA,NA,NA,NA,NA,NA,NA,23.7810378697659,42.1132897919459,73.9580275736901,23.7810378697659,42.1132897919459,73.9580275736901
2030,"Ferruginous Duck","2030",NA,NA,NA,NA,NA,NA,NA,NA,NA,21.6535944636996,40.5427254211003,75.4034408102005,21.6535944636996,40.5427254211003,75.4034408102005
2031,"Ferruginous Duck","2031",NA,NA,NA,NA,NA,NA,NA,NA,NA,19.798922878624,39.0191063507446,76.9507945190788,19.798922878624,39.0191063507446,76.9507945190788
2032,"Ferruginous Duck","2032",NA,NA,NA,NA,NA,NA,NA,NA,NA,17.9917688679402,37.732900471972,78.5477194944004,17.9917688679402,37.732900471972,78.5477194944004
2033,"Ferruginous Duck","2033",NA,NA,NA,NA,NA,NA,NA,NA,NA,16.4176687608388,36.377172390376,80.1416747602509,16.4176687608388,36.377172390376,80.1416747602509
1985,"Hill Partridge","before 2000",0.00131730915451601,0.0158344644578209,0.0540605412077869,100,100,100,NA,NA,NA,NA,NA,NA,NA,NA,NA
2003,"Hill Partridge","2000-2006",1.95485336798914e-09,0.0157479876890484,0.0554781708964819,2.54476443694261e-05,98.9380445230304,727.4118735795,NA,NA,NA,NA,NA,NA,NA,NA,NA
2009,"Hill Partridge","2007-2010",0.00305218076270534,0.0199648497328565,0.0686091167069743,27.0068767070215,127.093092134768,810.256534145051,NA,NA,NA,NA,NA,NA,NA,NA,NA
2012,"Hill Partridge","2011-2012",6.83123516347839e-10,0.00418332863252421,0.0175900531925877,7.21241661167293e-06,25.1283906617162,148.415413111217,NA,NA,NA,NA,NA,NA,NA,NA,NA
2013,"Hill Partridge","2013",2.86689640804619e-09,0.0121735468610139,0.0402703349676826,3.64938836133219e-05,74.3261817242962,462.853426139064,NA,NA,NA,NA,NA,NA,NA,NA,NA
2014,"Hill Partridge","2014",0.000894211049420341,0.0137189411936658,0.045609901270454,11.7920488833007,85.0756573609773,456.410185375302,NA,NA,NA,NA,NA,NA,NA,NA,NA
2015,"Hill Partridge","2015",0.000845981603193707,0.00543051279661901,0.0165231896078676,6.67031393249509,34.4245150579666,287.544895485564,100,100,100,NA,NA,NA,100,100,100
2016,"Hill Partridge","2016",0.00430719835151203,0.0164887878536763,0.0474386406281741,40.0125401056643,103.004340924296,686.800877365328,120.667920748843,304.681252757632,1478.88805634954,NA,NA,NA,120.667920748843,304.681252757632,1478.88805634954
2017,"Hill Partridge","2017",0.00128712270944302,0.00697503809517221,0.0216433879786562,9.90492835615965,42.9652816479928,244.64646150031,33.8155914788681,126.158275838511,542.196053358915,NA,NA,NA,33.8155914788681,126.158275838511,542.196053358915
2018,"Hill Partridge","2018",0.00229600204424315,0.00799764434064291,0.0219389928377099,18.3690626432441,49.8265771143805,356.553338463217,56.5167866811326,144.177512497906,639.79928615216,NA,NA,NA,56.5167866811326,144.177512497906,639.79928615216
2019,"Hill Partridge","2019",0.00120724924846054,0.0052580179126197,0.0164823901783133,10.2975987926697,32.8674353973819,237.437679663065,29.0245206654317,98.3613430935905,431.500962238356,NA,NA,NA,29.0245206654317,98.3613430935905,431.500962238356
2020,"Hill Partridge","2020",0.00286979363617926,0.00981172001965345,0.0295023497347697,26.0173487195095,60.9952093882419,381.27320006895,79.2768330624061,179.699359144891,739.874512448673,NA,NA,NA,79.2768330624061,179.699359144891,739.874512448673
2021,"Hill Partridge","2021",0.00775039736449074,0.0233650264977052,0.0632251114702599,62.0625115345627,145.29899987106,928.944849924658,201.119805339914,426.515006428686,1934.49465496653,NA,NA,NA,201.119805339914,426.515006428686,1934.49465496653
2022,"Hill Partridge","2022",0.00465398330023766,0.0147879256447584,0.0407170380559065,37.3543888537408,93.3101110875734,649.031786798969,125.798505076881,272.748122010354,1194.42972574854,NA,NA,NA,125.798505076881,272.748122010354,1194.42972574854
2023,"Hill Partridge","2023",0.00381302763289726,0.0115632487171951,0.0317063284846286,31.0712915348299,73.5277693769613,531.094656036147,95.5208790440032,215.078228417342,1008.47157080851,NA,NA,NA,95.5208790440032,215.078228417342,1008.47157080851
2024,"Hill Partridge","2024",0.00375598321673062,0.0120662660999092,0.0326826545253691,31.4546079714098,75.8298093854237,560.092648852979,103.055025123254,219.262646064823,946.693579954787,NA,NA,NA,103.055025123254,219.262646064823,946.693579954787
2025,"Hill Partridge","2025",0.00348414991261996,0.0107148541603487,0.0303063201700199,27.4350414512925,68.3945977866844,513.842220440482,89.8580617303689,198.938315256651,894.053853847435,NA,NA,NA,89.8580617303689,198.938315256651,894.053853847435
2026,"Hill Partridge","2026",NA,NA,NA,NA,NA,NA,NA,NA,NA,147.92714241243,268.474669402978,493.578056518202,147.92714241243,268.474669402978,493.578056518202
2027,"Hill Partridge","2027",NA,NA,NA,NA,NA,NA,NA,NA,NA,143.910398221881,285.411810803921,566.404265746893,143.910398221881,285.411810803921,566.404265746893
2028,"Hill Partridge","2028",NA,NA,NA,NA,NA,NA,NA,NA,NA,141.293773384737,302.983142423692,648.471829418296,141.293773384737,302.983142423692,648.471829418296
2029,"Hill Partridge","2029",NA,NA,NA,NA,NA,NA,NA,NA,NA,137.776493826481,322.678343900103,747.005369539695,137.776493826481,322.678343900103,747.005369539695
2030,"Hill Partridge","2030",NA,NA,NA,NA,NA,NA,NA,NA,NA,134.784129619968,343.226608609004,856.318780364926,134.784129619968,343.226608609004,856.318780364926
2031,"Hill Partridge","2031",NA,NA,NA,NA,NA,NA,NA,NA,NA,131.362858458092,364.101729544463,986.707252368179,131.362858458092,364.101729544463,986.707252368179
2032,"Hill Partridge","2032",NA,NA,NA,NA,NA,NA,NA,NA,NA,128.145691991959,386.071084559212,1143.53264156566,128.145691991959,386.071084559212,1143.53264156566
2033,"Hill Partridge","2033",NA,NA,NA,NA,NA,NA,NA,NA,NA,125.229940376166,410.40220410979,1327.10388607418,125.229940376166,410.40220410979,1327.10388607418
1985,"Little Grebe","before 2000",NA,NA,NA,NA,NA,NA,NA,NA,NA,NA,NA,NA,NA,NA,NA
2003,"Little Grebe","2000-2006",NA,NA,NA,NA,NA,NA,NA,NA,NA,NA,NA,NA,NA,NA,NA
2009,"Little Grebe","2007-2010",NA,NA,NA,NA,NA,NA,NA,NA,NA,NA,NA,NA,NA,NA,NA
2012,"Little Grebe","2011-2012",NA,NA,NA,NA,NA,NA,NA,NA,NA,NA,NA,NA,NA,NA,NA
2013,"Little Grebe","2013",NA,NA,NA,NA,NA,NA,NA,NA,NA,NA,NA,NA,NA,NA,NA
2014,"Little Grebe","2014",NA,NA,NA,NA,NA,NA,NA,NA,NA,NA,NA,NA,NA,NA,NA
2015,"Little Grebe","2015",0.0413869719615742,0.0701696270895643,0.111601714700529,NA,NA,NA,100,100,100,NA,NA,NA,100,100,100
2016,"Little Grebe","2016",0.0419714081895994,0.0678989190963128,0.105440292457631,NA,NA,NA,73.0045648816444,97.2384835790934,126.851762581778,NA,NA,NA,73.0045648816444,97.2384835790934,126.851762581778
2017,"Little Grebe","2017",0.0483555564113919,0.0757330050511641,0.119710239780107,NA,NA,NA,84.656735260437,108.625458476756,139.209703202401,NA,NA,NA,84.656735260437,108.625458476756,139.209703202401
2018,"Little Grebe","2018",0.0473742772762454,0.0755334939981078,0.115958607642552,NA,NA,NA,86.2265438067372,107.749297980255,136.324054083483,NA,NA,NA,86.2265438067372,107.749297980255,136.324054083483
2019,"Little Grebe","2019",0.0400488244526997,0.0636425893312684,0.0987098335853648,NA,NA,NA,72.6701507816134,90.5095142844065,113.132283202776,NA,NA,NA,72.6701507816134,90.5095142844065,113.132283202776
2020,"Little Grebe","2020",0.0412120665183911,0.0632508089552276,0.0970031244886879,NA,NA,NA,73.9239055769885,90.5347533582996,114.655580720231,NA,NA,NA,73.9239055769885,90.5347533582996,114.655580720231
2021,"Little Grebe","2021",0.0351281696883009,0.0545536423390806,0.085830774122829,NA,NA,NA,63.4193487763688,78.3592861515858,97.9590977123075,NA,NA,NA,63.4193487763688,78.3592861515858,97.9590977123075
2022,"Little Grebe","2022",0.0353135396265586,0.0557472265416122,0.0860212972209853,NA,NA,NA,64.7695894292483,79.3671668218666,98.5848555318883,NA,NA,NA,64.7695894292483,79.3671668218666,98.5848555318883
2023,"Little Grebe","2023",0.0264154469387028,0.0419131031342904,0.0648753565873088,NA,NA,NA,47.9871636089403,59.8208388725667,75.4130392874057,NA,NA,NA,47.9871636089403,59.8208388725667,75.4130392874057
2024,"Little Grebe","2024",0.0253727153547133,0.0399480498164781,0.0628776131462906,NA,NA,NA,45.9226497624006,57.3845932883152,71.063564347879,NA,NA,NA,45.9226497624006,57.3845932883152,71.063564347879
2025,"Little Grebe","2025",0.0211423221238702,0.0338288141936702,0.0527282612417652,NA,NA,NA,39.0210713531856,48.3613254783545,60.4073669650195,NA,NA,NA,39.0210713531856,48.3613254783545,60.4073669650195
2026,"Little Grebe","2026",NA,NA,NA,NA,NA,NA,NA,NA,NA,43.832785534125,51.331543619983,60.2454378554864,43.832785534125,51.331543619983,60.2454378554864
2027,"Little Grebe","2027",NA,NA,NA,NA,NA,NA,NA,NA,NA,39.8034934405062,47.5865329837047,57.0073673011705,39.8034934405062,47.5865329837047,57.0073673011705
2028,"Little Grebe","2028",NA,NA,NA,NA,NA,NA,NA,NA,NA,36.0089942263269,44.1784175710645,54.0794998186176,36.0089942263269,44.1784175710645,54.0794998186176
2029,"Little Grebe","2029",NA,NA,NA,NA,NA,NA,NA,NA,NA,32.6606420559792,41.0061131192839,51.3232691720179,32.6606420559792,41.0061131192839,51.3232691720179
2030,"Little Grebe","2030",NA,NA,NA,NA,NA,NA,NA,NA,NA,29.6107100184024,38.0237595375025,48.6869528544333,29.6107100184024,38.0237595375025,48.6869528544333
2031,"Little Grebe","2031",NA,NA,NA,NA,NA,NA,NA,NA,NA,26.8226201459206,35.2500536161512,46.2320959036128,26.8226201459206,35.2500536161512,46.2320959036128
2032,"Little Grebe","2032",NA,NA,NA,NA,NA,NA,NA,NA,NA,24.2964499782368,32.7222782673379,43.8643087271157,24.2964499782368,32.7222782673379,43.8643087271157
2033,"Little Grebe","2033",NA,NA,NA,NA,NA,NA,NA,NA,NA,22.0170386674136,30.3279210151279,41.6454320677432,22.0170386674136,30.3279210151279,41.6454320677432
1985,"Eurasian Collared-Dove","before 2000",NA,NA,NA,NA,NA,NA,NA,NA,NA,NA,NA,NA,NA,NA,NA
2003,"Eurasian Collared-Dove","2000-2006",NA,NA,NA,NA,NA,NA,NA,NA,NA,NA,NA,NA,NA,NA,NA
2009,"Eurasian Collared-Dove","2007-2010",NA,NA,NA,NA,NA,NA,NA,NA,NA,NA,NA,NA,NA,NA,NA
2012,"Eurasian Collared-Dove","2011-2012",NA,NA,NA,NA,NA,NA,NA,NA,NA,NA,NA,NA,NA,NA,NA
2013,"Eurasian Collared-Dove","2013",NA,NA,NA,NA,NA,NA,NA,NA,NA,NA,NA,NA,NA,NA,NA
2014,"Eurasian Collared-Dove","2014",NA,NA,NA,NA,NA,NA,NA,NA,NA,NA,NA,NA,NA,NA,NA
2015,"Eurasian Collared-Dove","2015",0.15850007516226,0.215561149088283,0.282690414294285,NA,NA,NA,100,100,100,NA,NA,NA,100,100,100
2016,"Eurasian Collared-Dove","2016",0.193792709827824,0.257817134190269,0.334616029869116,NA,NA,NA,106.43303437033,120.478750993107,138.154432545876,NA,NA,NA,106.43303437033,120.478750993107,138.154432545876
2017,"Eurasian Collared-Dove","2017",0.174084369149491,0.229988727918383,0.300675867100249,NA,NA,NA,94.3696597096143,107.063316849043,123.050959377525,NA,NA,NA,94.3696597096143,107.063316849043,123.050959377525
2018,"Eurasian Collared-Dove","2018",0.17076696044173,0.22545258910765,0.299728908144729,NA,NA,NA,93.4872035833936,104.846388995126,118.966544386854,NA,NA,NA,93.4872035833936,104.846388995126,118.966544386854
2019,"Eurasian Collared-Dove","2019",0.214586601599155,0.280276932818846,0.363435013052463,NA,NA,NA,116.072634235239,130.266661769464,146.740970294038,NA,NA,NA,116.072634235239,130.266661769464,146.740970294038
2020,"Eurasian Collared-Dove","2020",0.220356211164926,0.289575440041585,0.366710234920878,NA,NA,NA,119.694557631709,134.017728661807,150.30190223067,NA,NA,NA,119.694557631709,134.017728661807,150.30190223067
2021,"Eurasian Collared-Dove","2021",0.22540735832941,0.290623049783493,0.370595625268248,NA,NA,NA,121.805150571982,135.068518826942,152.001472816545,NA,NA,NA,121.805150571982,135.068518826942,152.001472816545
2022,"Eurasian Collared-Dove","2022",0.2036871102608,0.268797544070358,0.345645045111485,NA,NA,NA,112.120104512772,124.729903748236,140.08820912182,NA,NA,NA,112.120104512772,124.729903748236,140.08820912182
2023,"Eurasian Collared-Dove","2023",0.200820901418055,0.262132865391911,0.339861946999228,NA,NA,NA,110.464332619984,122.014969086493,137.390323314959,NA,NA,NA,110.464332619984,122.014969086493,137.390323314959
2024,"Eurasian Collared-Dove","2024",0.201796950160382,0.265085546105417,0.34180844071341,NA,NA,NA,110.963564378989,123.411022409707,139.091998146206,NA,NA,NA,110.963564378989,123.411022409707,139.091998146206
2025,"Eurasian Collared-Dove","2025",0.21956278790663,0.28520241998899,0.366768131100648,NA,NA,NA,119.097504380899,132.4200902402,148.497245473754,NA,NA,NA,119.097504380899,132.4200902402,148.497245473754
2026,"Eurasian Collared-Dove","2026",NA,NA,NA,NA,NA,NA,NA,NA,NA,122.555231934697,136.705964230133,152.588490982268,122.555231934697,136.705964230133,152.588490982268
2027,"Eurasian Collared-Dove","2027",NA,NA,NA,NA,NA,NA,NA,NA,NA,123.457950118806,139.516623777784,158.099896890919,123.457950118806,139.516623777784,158.099896890919
2028,"Eurasian Collared-Dove","2028",NA,NA,NA,NA,NA,NA,NA,NA,NA,124.197825965078,142.365684449217,163.842068085766,124.197825965078,142.365684449217,163.842068085766
2029,"Eurasian Collared-Dove","2029",NA,NA,NA,NA,NA,NA,NA,NA,NA,124.891438601564,145.412456429285,169.775313984793,124.891438601564,145.412456429285,169.775313984793
2030,"Eurasian Collared-Dove","2030",NA,NA,NA,NA,NA,NA,NA,NA,NA,125.652658077946,148.474162594354,176.062797778728,125.652658077946,148.474162594354,176.062797778728
2031,"Eurasian Collared-Dove","2031",NA,NA,NA,NA,NA,NA,NA,NA,NA,126.436383569218,151.565094173062,182.426559753329,126.436383569218,151.565094173062,182.426559753329
2032,"Eurasian Collared-Dove","2032",NA,NA,NA,NA,NA,NA,NA,NA,NA,127.121465315878,154.689739595997,189.228902148266,127.121465315878,154.689739595997,189.228902148266
2033,"Eurasian Collared-Dove","2033",NA,NA,NA,NA,NA,NA,NA,NA,NA,127.761660150067,157.900910325242,196.22039551781,127.761660150067,157.900910325242,196.22039551781
1985,"Spotted Dove","before 2000",NA,NA,NA,NA,NA,NA,NA,NA,NA,NA,NA,NA,NA,NA,NA
2003,"Spotted Dove","2000-2006",NA,NA,NA,NA,NA,NA,NA,NA,NA,NA,NA,NA,NA,NA,NA
2009,"Spotted Dove","2007-2010",NA,NA,NA,NA,NA,NA,NA,NA,NA,NA,NA,NA,NA,NA,NA
2012,"Spotted Dove","2011-2012",NA,NA,NA,NA,NA,NA,NA,NA,NA,NA,NA,NA,NA,NA,NA
2013,"Spotted Dove","2013",NA,NA,NA,NA,NA,NA,NA,NA,NA,NA,NA,NA,NA,NA,NA
2014,"Spotted Dove","2014",NA,NA,NA,NA,NA,NA,NA,NA,NA,NA,NA,NA,NA,NA,NA
2015,"Spotted Dove","2015",0.381288123306293,0.447688938904329,0.517656725965657,NA,NA,NA,100,100,100,NA,NA,NA,100,100,100
2016,"Spotted Dove","2016",0.400406964974481,0.463551675108388,0.535914406554849,NA,NA,NA,94.2402911075638,103.515613016969,114.146506087195,NA,NA,NA,94.2402911075638,103.515613016969,114.146506087195
2017,"Spotted Dove","2017",0.355878279416964,0.412905353947788,0.475422337815113,NA,NA,NA,83.9046549480565,92.3558717394037,101.098816302695,NA,NA,NA,83.9046549480565,92.3558717394037,101.098816302695
2018,"Spotted Dove","2018",0.425901714120834,0.488032851000484,0.557620213364721,NA,NA,NA,101.07331739573,108.925994895591,119.054576199439,NA,NA,NA,101.07331739573,108.925994895591,119.054576199439
2019,"Spotted Dove","2019",0.510853672937693,0.575570813372449,0.646465245706665,NA,NA,NA,119.080137531158,128.564641000195,139.7031791209,NA,NA,NA,119.080137531158,128.564641000195,139.7031791209
2020,"Spotted Dove","2020",0.490505829831273,0.553631999537053,0.621844228032325,NA,NA,NA,115.10601411859,123.701511867924,135.268247307139,NA,NA,NA,115.10601411859,123.701511867924,135.268247307139
2021,"Spotted Dove","2021",0.519267234132735,0.583893816965486,0.652165855194142,NA,NA,NA,120.684940838662,130.316028330108,141.913391465913,NA,NA,NA,120.684940838662,130.316028330108,141.913391465913
2022,"Spotted Dove","2022",0.500820093230529,0.564755684406935,0.631693388732064,NA,NA,NA,117.368981780882,126.043173303175,137.609537361204,NA,NA,NA,117.368981780882,126.043173303175,137.609537361204
2023,"Spotted Dove","2023",0.495519307677538,0.559823214029279,0.627712351615914,NA,NA,NA,116.386572000799,125.044370147418,135.798062598146,NA,NA,NA,116.386572000799,125.044370147418,135.798062598146
2024,"Spotted Dove","2024",0.502170468107177,0.566192225447522,0.633636429906011,NA,NA,NA,117.565527230739,126.488493327017,137.322712574014,NA,NA,NA,117.565527230739,126.488493327017,137.322712574014
2025,"Spotted Dove","2025",0.526236857729875,0.590798367173901,0.659217317534681,NA,NA,NA,122.356199152843,131.846670213158,143.143258469568,NA,NA,NA,122.356199152843,131.846670213158,143.143258469568
2026,"Spotted Dove","2026",NA,NA,NA,NA,NA,NA,NA,NA,NA,128.042319459589,140.902885321653,155.141634685323,128.042319459589,140.902885321653,155.141634685323
2027,"Spotted Dove","2027",NA,NA,NA,NA,NA,NA,NA,NA,NA,130.428001479725,145.416772434854,162.143377358008,130.428001479725,145.416772434854,162.143377358008
2028,"Spotted Dove","2028",NA,NA,NA,NA,NA,NA,NA,NA,NA,132.768064202478,149.979845598988,169.57340828069,132.768064202478,149.979845598988,169.57340828069
2029,"Spotted Dove","2029",NA,NA,NA,NA,NA,NA,NA,NA,NA,135.106912720682,154.681764818708,177.261099037397,135.106912720682,154.681764818708,177.261099037397
2030,"Spotted Dove","2030",NA,NA,NA,NA,NA,NA,NA,NA,NA,137.414155555909,159.541448317855,185.335410538028,137.414155555909,159.541448317855,185.335410538028
2031,"Spotted Dove","2031",NA,NA,NA,NA,NA,NA,NA,NA,NA,139.82100227619,164.544710291854,193.771790865041,139.82100227619,164.544710291854,193.771790865041
2032,"Spotted Dove","2032",NA,NA,NA,NA,NA,NA,NA,NA,NA,142.342319401485,169.683091859128,202.675921240063,142.342319401485,169.683091859128,202.675921240063
2033,"Spotted Dove","2033",NA,NA,NA,NA,NA,NA,NA,NA,NA,144.81572441792,175.037987691808,211.972241086759,144.81572441792,175.037987691808,211.972241086759
1985,"Ashy-headed Green-Pigeon","before 2000",NA,NA,NA,NA,NA,NA,NA,NA,NA,NA,NA,NA,NA,NA,NA
2003,"Ashy-headed Green-Pigeon","2000-2006",NA,NA,NA,NA,NA,NA,NA,NA,NA,NA,NA,NA,NA,NA,NA
2009,"Ashy-headed Green-Pigeon","2007-2010",NA,NA,NA,NA,NA,NA,NA,NA,NA,NA,NA,NA,NA,NA,NA
2012,"Ashy-headed Green-Pigeon","2011-2012",NA,NA,NA,NA,NA,NA,NA,NA,NA,NA,NA,NA,NA,NA,NA
2013,"Ashy-headed Green-Pigeon","2013",NA,NA,NA,NA,NA,NA,NA,NA,NA,NA,NA,NA,NA,NA,NA
2014,"Ashy-headed Green-Pigeon","2014",NA,NA,NA,NA,NA,NA,NA,NA,NA,NA,NA,NA,NA,NA,NA
2015,"Ashy-headed Green-Pigeon","2015",9.25693657284337e-11,0.00364764127344605,0.0121640952482305,NA,NA,NA,100,100,100,NA,NA,NA,100,100,100
2016,"Ashy-headed Green-Pigeon","2016",0.000821334288016248,0.00479911565461994,0.012538431769979,NA,NA,NA,22.3856551250815,124.650908316242,3556124642.20571,NA,NA,NA,22.3856551250815,124.650908316242,3556124642.20571
2017,"Ashy-headed Green-Pigeon","2017",5.59124960245199e-10,0.00335301178886036,0.00956112368309493,NA,NA,NA,2.26081123947888e-05,86.9688950884325,2626991601.70502,NA,NA,NA,2.26081123947888e-05,86.9688950884325,2626991601.70502
2018,"Ashy-headed Green-Pigeon","2018",0.000671715789636641,0.00321377807208094,0.00797968948896136,NA,NA,NA,20.2161637433355,85.7846116819118,2332377019.5858,NA,NA,NA,20.2161637433355,85.7846116819118,2332377019.5858
2019,"Ashy-headed Green-Pigeon","2019",1.01790832625726e-10,0.00164988093924606,0.00487884654958727,NA,NA,NA,6.12034629825667e-06,45.1130033126441,1120402314.8745,NA,NA,NA,6.12034629825667e-06,45.1130033126441,1120402314.8745
2020,"Ashy-headed Green-Pigeon","2020",0.000965618282406068,0.00370045902688286,0.00875865100372455,NA,NA,NA,27.356792395239,101.052577749591,2493306263.87112,NA,NA,NA,27.356792395239,101.052577749591,2493306263.87112
2021,"Ashy-headed Green-Pigeon","2021",0.000983347469267943,0.00312740607562435,0.00704610691900883,NA,NA,NA,24.0285051350058,80.9903023444574,2140130185.28488,NA,NA,NA,24.0285051350058,80.9903023444574,2140130185.28488
2022,"Ashy-headed Green-Pigeon","2022",0.000189926165755473,0.00109032532131169,0.00271639272104689,NA,NA,NA,4.94756105640402,29.1495068347231,569834482.628495,NA,NA,NA,4.94756105640402,29.1495068347231,569834482.628495
2023,"Ashy-headed Green-Pigeon","2023",0.000472441121788448,0.00173228868996332,0.00407654679029735,NA,NA,NA,12.0726682796046,45.6040567439873,1047983290.89361,NA,NA,NA,12.0726682796046,45.6040567439873,1047983290.89361
2024,"Ashy-headed Green-Pigeon","2024",4.49955681998066e-11,0.000606310466467548,0.00158424089159436,NA,NA,NA,2.69101556401174e-06,16.5896129703333,352672732.261784,NA,NA,NA,2.69101556401174e-06,16.5896129703333,352672732.261784
2025,"Ashy-headed Green-Pigeon","2025",5.24296694363044e-11,0.00055962085842633,0.00151522660276879,NA,NA,NA,1.09246631026326,14.7600248269137,380957377.496884,NA,NA,NA,1.09246631026326,14.7600248269137,380957377.496884
2026,"Ashy-headed Green-Pigeon","2026",NA,NA,NA,NA,NA,NA,NA,NA,NA,7.37405446285111,16.0813161922802,37.5571376744713,7.37405446285111,16.0813161922802,37.5571376744713
2027,"Ashy-headed Green-Pigeon","2027",NA,NA,NA,NA,NA,NA,NA,NA,NA,5.54622254576035,13.2003173285441,34.4432025378924,5.54622254576035,13.2003173285441,34.4432025378924
2028,"Ashy-headed Green-Pigeon","2028",NA,NA,NA,NA,NA,NA,NA,NA,NA,4.12277624000817,10.974228568171,31.5815975405478,4.12277624000817,10.974228568171,31.5815975405478
2029,"Ashy-headed Green-Pigeon","2029",NA,NA,NA,NA,NA,NA,NA,NA,NA,3.04338394287821,9.01311706609946,29.2916408250737,3.04338394287821,9.01311706609946,29.2916408250737
2030,"Ashy-headed Green-Pigeon","2030",NA,NA,NA,NA,NA,NA,NA,NA,NA,2.27327085108963,7.44107969649312,26.8631357621922,2.27327085108963,7.44107969649312,26.8631357621922
2031,"Ashy-headed Green-Pigeon","2031",NA,NA,NA,NA,NA,NA,NA,NA,NA,1.70273062620472,6.14279260957113,24.5908298116093,1.70273062620472,6.14279260957113,24.5908298116093
2032,"Ashy-headed Green-Pigeon","2032",NA,NA,NA,NA,NA,NA,NA,NA,NA,1.26925390244165,5.13475045721189,22.7038609828481,1.26925390244165,5.13475045721189,22.7038609828481
2033,"Ashy-headed Green-Pigeon","2033",NA,NA,NA,NA,NA,NA,NA,NA,NA,0.939330901995297,4.26182014390291,20.813663350932,0.939330901995297,4.26182014390291,20.813663350932
1985,"Yellow-footed Green-Pigeon","before 2000",NA,NA,NA,NA,NA,NA,NA,NA,NA,NA,NA,NA,NA,NA,NA
2003,"Yellow-footed Green-Pigeon","2000-2006",NA,NA,NA,NA,NA,NA,NA,NA,NA,NA,NA,NA,NA,NA,NA
2009,"Yellow-footed Green-Pigeon","2007-2010",NA,NA,NA,NA,NA,NA,NA,NA,NA,NA,NA,NA,NA,NA,NA
2012,"Yellow-footed Green-Pigeon","2011-2012",NA,NA,NA,NA,NA,NA,NA,NA,NA,NA,NA,NA,NA,NA,NA
2013,"Yellow-footed Green-Pigeon","2013",NA,NA,NA,NA,NA,NA,NA,NA,NA,NA,NA,NA,NA,NA,NA
2014,"Yellow-footed Green-Pigeon","2014",NA,NA,NA,NA,NA,NA,NA,NA,NA,NA,NA,NA,NA,NA,NA
2015,"Yellow-footed Green-Pigeon","2015",0.0506483621021562,0.0735121021512378,0.102694702573882,NA,NA,NA,100,100,100,NA,NA,NA,100,100,100
2016,"Yellow-footed Green-Pigeon","2016",0.0626670231545811,0.0873456098721921,0.121285656999329,NA,NA,NA,97.7022404914226,118.712941618515,145.877322351582,NA,NA,NA,97.7022404914226,118.712941618515,145.877322351582
2017,"Yellow-footed Green-Pigeon","2017",0.0482984260547176,0.0683816476149891,0.0931483469452548,NA,NA,NA,74.5474025281155,92.4072211663366,112.849610954996,NA,NA,NA,74.5474025281155,92.4072211663366,112.849610954996
2018,"Yellow-footed Green-Pigeon","2018",0.0521274624110702,0.0712166936596615,0.0977139364976004,NA,NA,NA,80.8847587064604,96.4799785362117,118.690446060227,NA,NA,NA,80.8847587064604,96.4799785362117,118.690446060227
2019,"Yellow-footed Green-Pigeon","2019",0.0562745650808313,0.078145923353992,0.106380633698112,NA,NA,NA,88.9899960603157,105.789976574757,126.036117286452,NA,NA,NA,88.9899960603157,105.789976574757,126.036117286452
2020,"Yellow-footed Green-Pigeon","2020",0.0673752369095108,0.0923689926919993,0.125828150732134,NA,NA,NA,105.666596788126,125.0073510172,151.156791166009,NA,NA,NA,105.666596788126,125.0073510172,151.156791166009
2021,"Yellow-footed Green-Pigeon","2021",0.0670152412325706,0.0920708320914048,0.124980236632608,NA,NA,NA,106.308962650506,124.171446748178,149.422162932387,NA,NA,NA,106.308962650506,124.171446748178,149.422162932387
2022,"Yellow-footed Green-Pigeon","2022",0.0593903162449346,0.0808041794139863,0.109546007127504,NA,NA,NA,93.8078102422737,109.364941850673,131.168020563437,NA,NA,NA,93.8078102422737,109.364941850673,131.168020563437
2023,"Yellow-footed Green-Pigeon","2023",0.0590843456249703,0.0801702361946081,0.109173368530741,NA,NA,NA,92.5023583071527,108.740832865307,129.784555985739,NA,NA,NA,92.5023583071527,108.740832865307,129.784555985739
2024,"Yellow-footed Green-Pigeon","2024",0.0684147127381744,0.093169890125515,0.126453462524877,NA,NA,NA,107.347709833172,126.065400263633,150.740420539576,NA,NA,NA,107.347709833172,126.065400263633,150.740420539576
2025,"Yellow-footed Green-Pigeon","2025",0.0668305182191588,0.0909818642468288,0.122909379835056,NA,NA,NA,105.539744115739,122.800063691193,147.714628608666,NA,NA,NA,105.539744115739,122.800063691193,147.714628608666
2026,"Yellow-footed Green-Pigeon","2026",NA,NA,NA,NA,NA,NA,NA,NA,NA,110.437436807774,125.278678998134,142.337770527842,110.437436807774,125.278678998134,142.337770527842
2027,"Yellow-footed Green-Pigeon","2027",NA,NA,NA,NA,NA,NA,NA,NA,NA,110.74188822083,127.888447157473,147.936147431851,110.74188822083,127.888447157473,147.936147431851
2028,"Yellow-footed Green-Pigeon","2028",NA,NA,NA,NA,NA,NA,NA,NA,NA,111.049817912909,130.254172803757,153.516579468925,111.049817912909,130.254172803757,153.516579468925
2029,"Yellow-footed Green-Pigeon","2029",NA,NA,NA,NA,NA,NA,NA,NA,NA,111.146632644595,132.840152901876,159.428884370487,111.146632644595,132.840152901876,159.428884370487
2030,"Yellow-footed Green-Pigeon","2030",NA,NA,NA,NA,NA,NA,NA,NA,NA,111.477708257971,135.636119159991,165.20749356932,111.477708257971,135.636119159991,165.20749356932
2031,"Yellow-footed Green-Pigeon","2031",NA,NA,NA,NA,NA,NA,NA,NA,NA,111.701032672662,138.428564867046,171.683107334369,111.701032672662,138.428564867046,171.683107334369
2032,"Yellow-footed Green-Pigeon","2032",NA,NA,NA,NA,NA,NA,NA,NA,NA,111.836822588494,141.210526767442,178.549292430647,111.836822588494,141.210526767442,178.549292430647
2033,"Yellow-footed Green-Pigeon","2033",NA,NA,NA,NA,NA,NA,NA,NA,NA,111.934422225966,143.958541888344,185.828697333529,111.934422225966,143.958541888344,185.828697333529
1985,"Greater Coucal","before 2000",NA,NA,NA,NA,NA,NA,NA,NA,NA,NA,NA,NA,NA,NA,NA
2003,"Greater Coucal","2000-2006",NA,NA,NA,NA,NA,NA,NA,NA,NA,NA,NA,NA,NA,NA,NA
2009,"Greater Coucal","2007-2010",NA,NA,NA,NA,NA,NA,NA,NA,NA,NA,NA,NA,NA,NA,NA
2012,"Greater Coucal","2011-2012",NA,NA,NA,NA,NA,NA,NA,NA,NA,NA,NA,NA,NA,NA,NA
2013,"Greater Coucal","2013",NA,NA,NA,NA,NA,NA,NA,NA,NA,NA,NA,NA,NA,NA,NA
2014,"Greater Coucal","2014",NA,NA,NA,NA,NA,NA,NA,NA,NA,NA,NA,NA,NA,NA,NA
2015,"Greater Coucal","2015",0.10437693881852,0.141793026879337,0.194974184676084,NA,NA,NA,100,100,100,NA,NA,NA,100,100,100
2016,"Greater Coucal","2016",0.13123498330261,0.1757209554116,0.239995678696904,NA,NA,NA,108.424446361784,123.90630104315,142.214118594142,NA,NA,NA,108.424446361784,123.90630104315,142.214118594142
2017,"Greater Coucal","2017",0.120570064672717,0.160974999280225,0.21771461411301,NA,NA,NA,97.7393648610718,113.556696303315,130.523656505539,NA,NA,NA,97.7393648610718,113.556696303315,130.523656505539
2018,"Greater Coucal","2018",0.124739827522425,0.164813425389537,0.220465408807314,NA,NA,NA,102.638156157201,116.859861806609,132.792327299938,NA,NA,NA,102.638156157201,116.859861806609,132.792327299938
2019,"Greater Coucal","2019",0.129281183396639,0.171336124144075,0.229456246734444,NA,NA,NA,106.545792158071,121.321797223085,137.464413659362,NA,NA,NA,106.545792158071,121.321797223085,137.464413659362
2020,"Greater Coucal","2020",0.138095329631648,0.181626617259641,0.242029352190461,NA,NA,NA,113.99091540057,128.861665979636,145.025816132913,NA,NA,NA,113.99091540057,128.861665979636,145.025816132913
2021,"Greater Coucal","2021",0.142539986677415,0.186085984239068,0.248472861766993,NA,NA,NA,117.221599714769,132.069387759032,149.861914477829,NA,NA,NA,117.221599714769,132.069387759032,149.861914477829
2022,"Greater Coucal","2022",0.134808701439593,0.17701857835005,0.237701938309868,NA,NA,NA,110.884994712385,125.210984656508,141.633698466592,NA,NA,NA,110.884994712385,125.210984656508,141.633698466592
2023,"Greater Coucal","2023",0.154296091964345,0.200195034600211,0.266016105810369,NA,NA,NA,126.298465120508,141.447302740954,160.401609848498,NA,NA,NA,126.298465120508,141.447302740954,160.401609848498
2024,"Greater Coucal","2024",0.162407253498116,0.213751342189302,0.284475076381351,NA,NA,NA,134.954056027466,151.112905228137,171.558781787056,NA,NA,NA,134.954056027466,151.112905228137,171.558781787056
2025,"Greater Coucal","2025",0.158921017745108,0.207741135439305,0.27513426448449,NA,NA,NA,130.53630053708,146.566334626124,165.613912687645,NA,NA,NA,130.53630053708,146.566334626124,165.613912687645
2026,"Greater Coucal","2026",NA,NA,NA,NA,NA,NA,NA,NA,NA,142.715968618785,153.777633502381,165.859018324739,142.715968618785,153.777633502381,165.859018324739
2027,"Greater Coucal","2027",NA,NA,NA,NA,NA,NA,NA,NA,NA,145.864874919856,158.969826674868,173.229607350078,145.864874919856,158.969826674868,173.229607350078
2028,"Greater Coucal","2028",NA,NA,NA,NA,NA,NA,NA,NA,NA,149.244293291242,164.079795937819,180.802303628132,149.244293291242,164.079795937819,180.802303628132
2029,"Greater Coucal","2029",NA,NA,NA,NA,NA,NA,NA,NA,NA,152.721462355898,169.660276896904,188.750113872309,152.721462355898,169.660276896904,188.750113872309
2030,"Greater Coucal","2030",NA,NA,NA,NA,NA,NA,NA,NA,NA,156.039964640347,175.385563822582,197.186195871713,156.039964640347,175.385563822582,197.186195871713
2031,"Greater Coucal","2031",NA,NA,NA,NA,NA,NA,NA,NA,NA,159.42522767073,181.162299738182,206.03688789957,159.42522767073,181.162299738182,206.03688789957
2032,"Greater Coucal","2032",NA,NA,NA,NA,NA,NA,NA,NA,NA,162.871608819109,187.174265792639,215.177171902435,162.871608819109,187.174265792639,215.177171902435
2033,"Greater Coucal","2033",NA,NA,NA,NA,NA,NA,NA,NA,NA,166.355959801427,193.496492739522,224.765253491263,166.355959801427,193.496492739522,224.765253491263
1985,"Lesser Coucal","before 2000",NA,NA,NA,NA,NA,NA,NA,NA,NA,NA,NA,NA,NA,NA,NA
2003,"Lesser Coucal","2000-2006",NA,NA,NA,NA,NA,NA,NA,NA,NA,NA,NA,NA,NA,NA,NA
2009,"Lesser Coucal","2007-2010",NA,NA,NA,NA,NA,NA,NA,NA,NA,NA,NA,NA,NA,NA,NA
2012,"Lesser Coucal","2011-2012",NA,NA,NA,NA,NA,NA,NA,NA,NA,NA,NA,NA,NA,NA,NA
2013,"Lesser Coucal","2013",NA,NA,NA,NA,NA,NA,NA,NA,NA,NA,NA,NA,NA,NA,NA
2014,"Lesser Coucal","2014",NA,NA,NA,NA,NA,NA,NA,NA,NA,NA,NA,NA,NA,NA,NA
2015,"Lesser Coucal","2015",0.00230916626764465,0.00467987555042919,0.00797605578807449,NA,NA,NA,100,100,100,NA,NA,NA,100,100,100
2016,"Lesser Coucal","2016",0.00295237978022455,0.005194406051344,0.00876055227273387,NA,NA,NA,63.2024084872137,112.76649946454,210.782766391252,NA,NA,NA,63.2024084872137,112.76649946454,210.782766391252
2017,"Lesser Coucal","2017",0.00273513312675207,0.00488578364862059,0.00805717785544166,NA,NA,NA,58.0204653639475,105.129898258154,192.396989140389,NA,NA,NA,58.0204653639475,105.129898258154,192.396989140389
2018,"Lesser Coucal","2018",0.00380947167137938,0.00619723494812454,0.00986291105830531,NA,NA,NA,84.649431520962,134.690618814052,247.777622895698,NA,NA,NA,84.649431520962,134.690618814052,247.777622895698
2019,"Lesser Coucal","2019",0.00317783980210215,0.00520021299780494,0.00807009785401435,NA,NA,NA,67.6727446578866,112.387629908791,206.668061521281,NA,NA,NA,67.6727446578866,112.387629908791,206.668061521281
2020,"Lesser Coucal","2020",0.00356534333967351,0.00564825727781783,0.00845150601350249,NA,NA,NA,77.2854991617107,122.448151200406,223.367644915898,NA,NA,NA,77.2854991617107,122.448151200406,223.367644915898
2021,"Lesser Coucal","2021",0.00854372071959183,0.0127709530515829,0.0188238752228357,NA,NA,NA,182.13702488075,278.071705218718,482.6906015891,NA,NA,NA,182.13702488075,278.071705218718,482.6906015891
2022,"Lesser Coucal","2022",0.00489535434236675,0.00737893365705807,0.0112542293802269,NA,NA,NA,102.805683494056,160.968261090636,288.61409774847,NA,NA,NA,102.805683494056,160.968261090636,288.61409774847
2023,"Lesser Coucal","2023",0.00343196607050283,0.0052334578811629,0.00794657297544201,NA,NA,NA,71.9516765953624,113.79789887567,199.040007504795,NA,NA,NA,71.9516765953624,113.79789887567,199.040007504795
2024,"Lesser Coucal","2024",0.00432881110703378,0.00627751407598005,0.0094692892805041,NA,NA,NA,89.056359975787,136.024276552745,242.023750308629,NA,NA,NA,89.056359975787,136.024276552745,242.023750308629
2025,"Lesser Coucal","2025",0.00327222180153686,0.00487288543776964,0.00718756330477353,NA,NA,NA,65.803234103534,104.607868139997,181.861790456191,NA,NA,NA,65.803234103534,104.607868139997,181.861790456191
2026,"Lesser Coucal","2026",NA,NA,NA,NA,NA,NA,NA,NA,NA,99.0441438208727,147.731374564039,220.766356815296,99.0441438208727,147.731374564039,220.766356815296
2027,"Lesser Coucal","2027",NA,NA,NA,NA,NA,NA,NA,NA,NA,96.2910297840556,150.790104007036,238.047872217777,96.2910297840556,150.790104007036,238.047872217777
2028,"Lesser Coucal","2028",NA,NA,NA,NA,NA,NA,NA,NA,NA,93.1894156576816,154.210990811693,257.180678585145,93.1894156576816,154.210990811693,257.180678585145
2029,"Lesser Coucal","2029",NA,NA,NA,NA,NA,NA,NA,NA,NA,90.5949929371971,158.601321804307,277.701985623913,90.5949929371971,158.601321804307,277.701985623913
2030,"Lesser Coucal","2030",NA,NA,NA,NA,NA,NA,NA,NA,NA,87.5197561526494,162.191449279147,299.946670923784,87.5197561526494,162.191449279147,299.946670923784
2031,"Lesser Coucal","2031",NA,NA,NA,NA,NA,NA,NA,NA,NA,84.895813210323,165.914024030604,324.624726084821,84.895813210323,165.914024030604,324.624726084821
2032,"Lesser Coucal","2032",NA,NA,NA,NA,NA,NA,NA,NA,NA,82.3208038203791,169.265019525576,351.082319904817,82.3208038203791,169.265019525576,351.082319904817
2033,"Lesser Coucal","2033",NA,NA,NA,NA,NA,NA,NA,NA,NA,79.6004272019666,172.935865617137,380.242206318819,79.6004272019666,172.935865617137,380.242206318819
1985,"Pied Cuckoo","before 2000",NA,NA,NA,NA,NA,NA,NA,NA,NA,NA,NA,NA,NA,NA,NA
2003,"Pied Cuckoo","2000-2006",NA,NA,NA,NA,NA,NA,NA,NA,NA,NA,NA,NA,NA,NA,NA
2009,"Pied Cuckoo","2007-2010",NA,NA,NA,NA,NA,NA,NA,NA,NA,NA,NA,NA,NA,NA,NA
2012,"Pied Cuckoo","2011-2012",NA,NA,NA,NA,NA,NA,NA,NA,NA,NA,NA,NA,NA,NA,NA
2013,"Pied Cuckoo","2013",NA,NA,NA,NA,NA,NA,NA,NA,NA,NA,NA,NA,NA,NA,NA
2014,"Pied Cuckoo","2014",NA,NA,NA,NA,NA,NA,NA,NA,NA,NA,NA,NA,NA,NA,NA
2015,"Pied Cuckoo","2015",0.0286392290250834,0.0472618261387954,0.0764860012042251,NA,NA,NA,100,100,100,NA,NA,NA,100,100,100
2016,"Pied Cuckoo","2016",0.0355790377422022,0.0584980737899091,0.0921796081622502,NA,NA,NA,88.6047664228026,124.605705423322,174.430983924313,NA,NA,NA,88.6047664228026,124.605705423322,174.430983924313
2017,"Pied Cuckoo","2017",0.0204188344368704,0.0349233569939386,0.0571470189866031,NA,NA,NA,49.6928566905608,74.1921285047331,109.483351935908,NA,NA,NA,49.6928566905608,74.1921285047331,109.483351935908
2018,"Pied Cuckoo","2018",0.0296665033933368,0.0472989361062945,0.0741783215721435,NA,NA,NA,71.4854579522186,99.9274571241125,142.639690037485,NA,NA,NA,71.4854579522186,99.9274571241125,142.639690037485
2019,"Pied Cuckoo","2019",0.0265869911681978,0.0421535775244793,0.0664149905903525,NA,NA,NA,65.2029708633791,89.5610736877014,126.652690380327,NA,NA,NA,65.2029708633791,89.5610736877014,126.652690380327
2020,"Pied Cuckoo","2020",0.0212030743509261,0.0336027349346287,0.0517070840729701,NA,NA,NA,51.854984467022,70.643575727662,100.505724817494,NA,NA,NA,51.854984467022,70.643575727662,100.505724817494
2021,"Pied Cuckoo","2021",0.0213457184255536,0.0325755779380702,0.0496318697782276,NA,NA,NA,51.4928676353422,68.0533771424041,96.5859314601274,NA,NA,NA,51.4928676353422,68.0533771424041,96.5859314601274
2022,"Pied Cuckoo","2022",0.0161915215643911,0.0254822909092971,0.0402874184565399,NA,NA,NA,40.0093242197988,53.6087043181598,73.3749767519826,NA,NA,NA,40.0093242197988,53.6087043181598,73.3749767519826
2023,"Pied Cuckoo","2023",0.0197954766179044,0.0309559282783916,0.0469667884706161,NA,NA,NA,48.4015644254616,65.37359121535,88.6789131368347,NA,NA,NA,48.4015644254616,65.37359121535,88.6789131368347
2024,"Pied Cuckoo","2024",0.0222790148097617,0.0346555459573998,0.0536835215208604,NA,NA,NA,55.7434661897967,73.2625620212933,99.3174903580213,NA,NA,NA,55.7434661897967,73.2625620212933,99.3174903580213
2025,"Pied Cuckoo","2025",0.0202924717467308,0.0317579839094885,0.048691005064076,NA,NA,NA,50.0253012993958,67.2049837401939,93.0150414810539,NA,NA,NA,50.0253012993958,67.2049837401939,93.0150414810539
2026,"Pied Cuckoo","2026",NA,NA,NA,NA,NA,NA,NA,NA,NA,44.78510958118,56.4685013482201,71.2414140135249,44.78510958118,56.4685013482201,71.2414140135249
2027,"Pied Cuckoo","2027",NA,NA,NA,NA,NA,NA,NA,NA,NA,41.1662178442367,53.5270625569827,69.6927337373249,41.1662178442367,53.5270625569827,69.6927337373249
2028,"Pied Cuckoo","2028",NA,NA,NA,NA,NA,NA,NA,NA,NA,37.9231028957187,50.8617207902685,68.2343027292731,37.9231028957187,50.8617207902685,68.2343027292731
2029,"Pied Cuckoo","2029",NA,NA,NA,NA,NA,NA,NA,NA,NA,34.6858302645381,48.2221654568201,66.6761074538719,34.6858302645381,48.2221654568201,66.6761074538719
2030,"Pied Cuckoo","2030",NA,NA,NA,NA,NA,NA,NA,NA,NA,31.7929332310203,45.7459464123553,65.2197746078356,31.7929332310203,45.7459464123553,65.2197746078356
2031,"Pied Cuckoo","2031",NA,NA,NA,NA,NA,NA,NA,NA,NA,29.1642239169931,43.3781230636626,63.8332340984462,29.1642239169931,43.3781230636626,63.8332340984462
2032,"Pied Cuckoo","2032",NA,NA,NA,NA,NA,NA,NA,NA,NA,26.7428792134339,41.1628684305694,62.4804992477544,26.7428792134339,41.1628684305694,62.4804992477544
2033,"Pied Cuckoo","2033",NA,NA,NA,NA,NA,NA,NA,NA,NA,24.4998561478429,38.9424939446398,61.1373514949385,24.4998561478429,38.9424939446398,61.1373514949385
1985,"Asian Koel","before 2000",NA,NA,NA,NA,NA,NA,NA,NA,NA,NA,NA,NA,NA,NA,NA
2003,"Asian Koel","2000-2006",NA,NA,NA,NA,NA,NA,NA,NA,NA,NA,NA,NA,NA,NA,NA
2009,"Asian Koel","2007-2010",NA,NA,NA,NA,NA,NA,NA,NA,NA,NA,NA,NA,NA,NA,NA
2012,"Asian Koel","2011-2012",NA,NA,NA,NA,NA,NA,NA,NA,NA,NA,NA,NA,NA,NA,NA
2013,"Asian Koel","2013",NA,NA,NA,NA,NA,NA,NA,NA,NA,NA,NA,NA,NA,NA,NA
2014,"Asian Koel","2014",NA,NA,NA,NA,NA,NA,NA,NA,NA,NA,NA,NA,NA,NA,NA
2015,"Asian Koel","2015",0.105916519551235,0.150150551056633,0.207917769799486,NA,NA,NA,100,100,100,NA,NA,NA,100,100,100
2016,"Asian Koel","2016",0.132344023340196,0.183022067181551,0.248872914768829,NA,NA,NA,103.73662393651,122.911209934862,143.766281866409,NA,NA,NA,103.73662393651,122.911209934862,143.766281866409
2017,"Asian Koel","2017",0.102559143112019,0.144030049175324,0.198310725419543,NA,NA,NA,81.4705174005392,96.2802611032543,113.52653359232,NA,NA,NA,81.4705174005392,96.2802611032543,113.52653359232
2018,"Asian Koel","2018",0.10142564763457,0.142023374357393,0.196894207509443,NA,NA,NA,82.8986288178755,95.4837495882712,111.759493757293,NA,NA,NA,82.8986288178755,95.4837495882712,111.759493757293
2019,"Asian Koel","2019",0.130341427847071,0.179710982861152,0.242178208121906,NA,NA,NA,105.431506076866,120.403425330639,138.957749443497,NA,NA,NA,105.431506076866,120.403425330639,138.957749443497
2020,"Asian Koel","2020",0.150911075662488,0.204566885482616,0.275618894678329,NA,NA,NA,120.377588568551,136.904774427009,159.189400112654,NA,NA,NA,120.377588568551,136.904774427009,159.189400112654
2021,"Asian Koel","2021",0.145888330239705,0.201900956830892,0.27101411422181,NA,NA,NA,118.7463871305,135.003380192497,156.063765372123,NA,NA,NA,118.7463871305,135.003380192497,156.063765372123
2022,"Asian Koel","2022",0.153148621366053,0.207169932687126,0.277221394918537,NA,NA,NA,121.197077708162,138.335645305528,159.665731176323,NA,NA,NA,121.197077708162,138.335645305528,159.665731176323
2023,"Asian Koel","2023",0.156061920639623,0.21413288500602,0.286259316808995,NA,NA,NA,125.878514003077,143.168788328906,164.504539508564,NA,NA,NA,125.878514003077,143.168788328906,164.504539508564
2024,"Asian Koel","2024",0.163161348184077,0.22101326102404,0.296167363749399,NA,NA,NA,129.988271230565,147.433255649049,169.809639213834,NA,NA,NA,129.988271230565,147.433255649049,169.809639213834
2025,"Asian Koel","2025",0.174526167040522,0.235893718810717,0.311631908482277,NA,NA,NA,139.547390258893,157.434663420332,182.556282915951,NA,NA,NA,139.547390258893,157.434663420332,182.556282915951
2026,"Asian Koel","2026",NA,NA,NA,NA,NA,NA,NA,NA,NA,144.895696866062,164.535333054295,186.521572191109,144.895696866062,164.535333054295,186.521572191109
2027,"Asian Koel","2027",NA,NA,NA,NA,NA,NA,NA,NA,NA,149.108923547468,172.335267162305,198.558290190997,149.108923547468,172.335267162305,198.558290190997
2028,"Asian Koel","2028",NA,NA,NA,NA,NA,NA,NA,NA,NA,153.367459589297,180.611887773228,211.342359279467,153.367459589297,180.611887773228,211.342359279467
2029,"Asian Koel","2029",NA,NA,NA,NA,NA,NA,NA,NA,NA,157.917485132887,189.232702739453,225.272574394381,157.917485132887,189.232702739453,225.272574394381
2030,"Asian Koel","2030",NA,NA,NA,NA,NA,NA,NA,NA,NA,162.222165358838,198.055169875078,239.872300792838,162.222165358838,198.055169875078,239.872300792838
2031,"Asian Koel","2031",NA,NA,NA,NA,NA,NA,NA,NA,NA,166.681986752006,207.312182759864,255.637658195361,166.681986752006,207.312182759864,255.637658195361
2032,"Asian Koel","2032",NA,NA,NA,NA,NA,NA,NA,NA,NA,171.45612713386,217.049412097766,272.32592468249,171.45612713386,217.049412097766,272.32592468249
2033,"Asian Koel","2033",NA,NA,NA,NA,NA,NA,NA,NA,NA,176.422998391331,227.168761941914,290.46411357868,176.422998391331,227.168761941914,290.46411357868
1985,"Common Hawk-Cuckoo","before 2000",NA,NA,NA,NA,NA,NA,NA,NA,NA,NA,NA,NA,NA,NA,NA
2003,"Common Hawk-Cuckoo","2000-2006",NA,NA,NA,NA,NA,NA,NA,NA,NA,NA,NA,NA,NA,NA,NA
2009,"Common Hawk-Cuckoo","2007-2010",NA,NA,NA,NA,NA,NA,NA,NA,NA,NA,NA,NA,NA,NA,NA
2012,"Common Hawk-Cuckoo","2011-2012",NA,NA,NA,NA,NA,NA,NA,NA,NA,NA,NA,NA,NA,NA,NA
2013,"Common Hawk-Cuckoo","2013",NA,NA,NA,NA,NA,NA,NA,NA,NA,NA,NA,NA,NA,NA,NA
2014,"Common Hawk-Cuckoo","2014",NA,NA,NA,NA,NA,NA,NA,NA,NA,NA,NA,NA,NA,NA,NA
2015,"Common Hawk-Cuckoo","2015",0.0888987230776977,0.124346486317996,0.175151430975802,NA,NA,NA,100,100,100,NA,NA,NA,100,100,100
2016,"Common Hawk-Cuckoo","2016",0.110982444130752,0.154419487090975,0.215193001633855,NA,NA,NA,105.569424719608,124.853872346129,147.578981342671,NA,NA,NA,105.569424719608,124.853872346129,147.578981342671
2017,"Common Hawk-Cuckoo","2017",0.108377124107865,0.153948274190729,0.212610615482923,NA,NA,NA,105.437500098531,123.823813979492,146.104427824194,NA,NA,NA,105.437500098531,123.823813979492,146.104427824194
2018,"Common Hawk-Cuckoo","2018",0.0765312675321305,0.109423976606566,0.151689349320573,NA,NA,NA,75.4673846535389,88.2690193771599,103.314674308008,NA,NA,NA,75.4673846535389,88.2690193771599,103.314674308008
2019,"Common Hawk-Cuckoo","2019",0.0905923952145595,0.128419324025259,0.177666671496152,NA,NA,NA,88.2757658761511,102.909682480511,119.19850136298,NA,NA,NA,88.2757658761511,102.909682480511,119.19850136298
2020,"Common Hawk-Cuckoo","2020",0.0836682960638861,0.118234341878752,0.164584801180171,NA,NA,NA,82.2626129367252,94.8754630455406,109.250395738582,NA,NA,NA,82.2626129367252,94.8754630455406,109.250395738582
2021,"Common Hawk-Cuckoo","2021",0.103186122939044,0.143984548658109,0.196261236423616,NA,NA,NA,100.901537308507,115.671712331592,134.634951558585,NA,NA,NA,100.901537308507,115.671712331592,134.634951558585
2022,"Common Hawk-Cuckoo","2022",0.0802656787300859,0.113451149674993,0.156649537608807,NA,NA,NA,78.7347122195645,91.0628812215389,105.179429097236,NA,NA,NA,78.7347122195645,91.0628812215389,105.179429097236
2023,"Common Hawk-Cuckoo","2023",0.106260397215338,0.148673351912065,0.204303735833154,NA,NA,NA,103.569711462667,119.468717581937,137.720290531612,NA,NA,NA,103.569711462667,119.468717581937,137.720290531612
2024,"Common Hawk-Cuckoo","2024",0.117093685146794,0.164286826841327,0.224500636098086,NA,NA,NA,114.513964005109,131.96455314125,151.594142337484,NA,NA,NA,114.513964005109,131.96455314125,151.594142337484
2025,"Common Hawk-Cuckoo","2025",0.102552871957186,0.144073845241857,0.198033039134996,NA,NA,NA,99.7474645105294,115.618902620905,133.391411097595,NA,NA,NA,99.7474645105294,115.618902620905,133.391411097595
2026,"Common Hawk-Cuckoo","2026",NA,NA,NA,NA,NA,NA,NA,NA,NA,95.8092131194576,115.161912619746,138.402240963103,95.8092131194576,115.161912619746,138.402240963103
2027,"Common Hawk-Cuckoo","2027",NA,NA,NA,NA,NA,NA,NA,NA,NA,94.3524125410732,116.254657110307,143.260208044425,94.3524125410732,116.254657110307,143.260208044425
2028,"Common Hawk-Cuckoo","2028",NA,NA,NA,NA,NA,NA,NA,NA,NA,92.8147893540288,117.415256062539,148.297987967676,92.8147893540288,117.415256062539,148.297987967676
2029,"Common Hawk-Cuckoo","2029",NA,NA,NA,NA,NA,NA,NA,NA,NA,91.2428549890232,118.522953293551,153.509533361582,91.2428549890232,118.522953293551,153.509533361582
2030,"Common Hawk-Cuckoo","2030",NA,NA,NA,NA,NA,NA,NA,NA,NA,89.7398971527067,119.638489745663,159.002533285431,89.7398971527067,119.638489745663,159.002533285431
2031,"Common Hawk-Cuckoo","2031",NA,NA,NA,NA,NA,NA,NA,NA,NA,88.1574346113605,120.818678895639,164.708586544259,88.1574346113605,120.818678895639,164.708586544259
2032,"Common Hawk-Cuckoo","2032",NA,NA,NA,NA,NA,NA,NA,NA,NA,86.6665041622335,121.942747406622,170.799059046132,86.6665041622335,121.942747406622,170.799059046132
2033,"Common Hawk-Cuckoo","2033",NA,NA,NA,NA,NA,NA,NA,NA,NA,85.0348706905604,123.127692471581,177.085810705571,85.0348706905604,123.127692471581,177.085810705571
1985,"Little Swift","before 2000",NA,NA,NA,NA,NA,NA,NA,NA,NA,NA,NA,NA,NA,NA,NA
2003,"Little Swift","2000-2006",NA,NA,NA,NA,NA,NA,NA,NA,NA,NA,NA,NA,NA,NA,NA
2009,"Little Swift","2007-2010",NA,NA,NA,NA,NA,NA,NA,NA,NA,NA,NA,NA,NA,NA,NA
2012,"Little Swift","2011-2012",NA,NA,NA,NA,NA,NA,NA,NA,NA,NA,NA,NA,NA,NA,NA
2013,"Little Swift","2013",NA,NA,NA,NA,NA,NA,NA,NA,NA,NA,NA,NA,NA,NA,NA
2014,"Little Swift","2014",NA,NA,NA,NA,NA,NA,NA,NA,NA,NA,NA,NA,NA,NA,NA
2015,"Little Swift","2015",0.0229486003563833,0.0362174123127123,0.0512627649075785,NA,NA,NA,100,100,100,NA,NA,NA,100,100,100
2016,"Little Swift","2016",0.0260786118179463,0.0384673203692123,0.053069633051426,NA,NA,NA,75.9638778748556,105.67906631021,157.760990254829,NA,NA,NA,75.9638778748556,105.67906631021,157.760990254829
2017,"Little Swift","2017",0.0301148333865935,0.0429699957907201,0.0588888535980968,NA,NA,NA,85.8939675144981,117.712211202369,173.719912052013,NA,NA,NA,85.8939675144981,117.712211202369,173.719912052013
2018,"Little Swift","2018",0.0305592276214308,0.0421190864590312,0.055043364921368,NA,NA,NA,87.6736986223522,115.756773139121,162.588032308333,NA,NA,NA,87.6736986223522,115.756773139121,162.588032308333
2019,"Little Swift","2019",0.0474404412487285,0.0624713834861248,0.080826879007374,NA,NA,NA,131.851280451311,172.758302222421,244.940741904399,NA,NA,NA,131.851280451311,172.758302222421,244.940741904399
2020,"Little Swift","2020",0.0727171089791242,0.095122593997151,0.122114063057948,NA,NA,NA,202.917527178865,262.510577259246,372.854820660581,NA,NA,NA,202.917527178865,262.510577259246,372.854820660581
2021,"Little Swift","2021",0.0618858333560458,0.0816333509343169,0.103682525315537,NA,NA,NA,175.630787583194,224.19440725643,318.121376301932,NA,NA,NA,175.630787583194,224.19440725643,318.121376301932
2022,"Little Swift","2022",0.0475542874560594,0.0633073034976954,0.080534547957811,NA,NA,NA,135.764368920672,174.620124757236,243.644604288386,NA,NA,NA,135.764368920672,174.620124757236,243.644604288386
2023,"Little Swift","2023",0.0410347122056231,0.0543262845950595,0.0706719017509863,NA,NA,NA,116.697782615949,150.737780604852,210.480006642853,NA,NA,NA,116.697782615949,150.737780604852,210.480006642853
2024,"Little Swift","2024",0.0369195046313321,0.049152540501034,0.0637648143163171,NA,NA,NA,105.496867619688,135.737422634394,188.604508559546,NA,NA,NA,105.496867619688,135.737422634394,188.604508559546
2025,"Little Swift","2025",0.0374334229140339,0.049241673288421,0.0634010470811472,NA,NA,NA,105.358621605492,136.097372207262,190.999340678587,NA,NA,NA,105.358621605492,136.097372207262,190.999340678587
2026,"Little Swift","2026",NA,NA,NA,NA,NA,NA,NA,NA,NA,128.124370994424,187.112635407063,273.612729322395,128.124370994424,187.112635407063,273.612729322395
2027,"Little Swift","2027",NA,NA,NA,NA,NA,NA,NA,NA,NA,126.766962954499,194.442764959505,299.132338722396,126.766962954499,194.442764959505,299.132338722396
2028,"Little Swift","2028",NA,NA,NA,NA,NA,NA,NA,NA,NA,125.435090087383,202.76087197162,326.64015793538,125.435090087383,202.76087197162,326.64015793538
2029,"Little Swift","2029",NA,NA,NA,NA,NA,NA,NA,NA,NA,123.842575155185,210.833429816765,358.383798281008,123.842575155185,210.833429816765,358.383798281008
2030,"Little Swift","2030",NA,NA,NA,NA,NA,NA,NA,NA,NA,122.14424113979,218.978866175668,392.565773366728,122.14424113979,218.978866175668,392.565773366728
2031,"Little Swift","2031",NA,NA,NA,NA,NA,NA,NA,NA,NA,120.339579327568,227.997662584941,432.257554358564,120.339579327568,227.997662584941,432.257554358564
2032,"Little Swift","2032",NA,NA,NA,NA,NA,NA,NA,NA,NA,118.461366224349,236.671376738177,475.158972597104,118.461366224349,236.671376738177,475.158972597104
2033,"Little Swift","2033",NA,NA,NA,NA,NA,NA,NA,NA,NA,116.645425127907,246.410280507935,521.44407807741,116.645425127907,246.410280507935,521.44407807741
1985,"Eurasian Moorhen","before 2000",NA,NA,NA,NA,NA,NA,NA,NA,NA,NA,NA,NA,NA,NA,NA
2003,"Eurasian Moorhen","2000-2006",NA,NA,NA,NA,NA,NA,NA,NA,NA,NA,NA,NA,NA,NA,NA
2009,"Eurasian Moorhen","2007-2010",NA,NA,NA,NA,NA,NA,NA,NA,NA,NA,NA,NA,NA,NA,NA
2012,"Eurasian Moorhen","2011-2012",NA,NA,NA,NA,NA,NA,NA,NA,NA,NA,NA,NA,NA,NA,NA
2013,"Eurasian Moorhen","2013",NA,NA,NA,NA,NA,NA,NA,NA,NA,NA,NA,NA,NA,NA,NA
2014,"Eurasian Moorhen","2014",NA,NA,NA,NA,NA,NA,NA,NA,NA,NA,NA,NA,NA,NA,NA
2015,"Eurasian Moorhen","2015",0.0220821446670997,0.0343119361320986,0.0512724839395813,NA,NA,NA,100,100,100,NA,NA,NA,100,100,100
2016,"Eurasian Moorhen","2016",0.0149989423929711,0.0230846124557946,0.034379332646053,NA,NA,NA,49.9946526316236,67.401771693524,92.9806185877598,NA,NA,NA,49.9946526316236,67.401771693524,92.9806185877598
2017,"Eurasian Moorhen","2017",0.0136739095022884,0.0211200833707436,0.0315041927277281,NA,NA,NA,45.9166544340262,61.5348155133549,83.7552672338418,NA,NA,NA,45.9166544340262,61.5348155133549,83.7552672338418
2018,"Eurasian Moorhen","2018",0.0171350946442673,0.0261577254147514,0.0380850996217563,NA,NA,NA,58.3091477711096,76.816037401819,99.7849758714905,NA,NA,NA,58.3091477711096,76.816037401819,99.7849758714905
2019,"Eurasian Moorhen","2019",0.0145476763241536,0.0215179925585282,0.0308711294422528,NA,NA,NA,48.4435028650059,62.5055447635562,82.9543329010253,NA,NA,NA,48.4435028650059,62.5055447635562,82.9543329010253
2020,"Eurasian Moorhen","2020",0.0137807650907387,0.0205692790239057,0.0288691209573904,NA,NA,NA,47.2172373147135,59.8288738134308,77.7194552480206,NA,NA,NA,47.2172373147135,59.8288738134308,77.7194552480206
2021,"Eurasian Moorhen","2021",0.0167584003143299,0.025415787860757,0.0357822675870476,NA,NA,NA,57.5959596907039,73.8926295986391,96.2015161182477,NA,NA,NA,57.5959596907039,73.8926295986391,96.2015161182477
2022,"Eurasian Moorhen","2022",0.0163994265749803,0.023872943850431,0.0335086843157927,NA,NA,NA,54.744237230053,69.6295772679533,89.8316480095897,NA,NA,NA,54.744237230053,69.6295772679533,89.8316480095897
2023,"Eurasian Moorhen","2023",0.0168238228544831,0.0246792327978973,0.0347628772914092,NA,NA,NA,56.0943687140324,71.5061000595614,93.6005375454349,NA,NA,NA,56.0943687140324,71.5061000595614,93.6005375454349
2024,"Eurasian Moorhen","2024",0.0181203349072468,0.0259564692132146,0.0368970434891411,NA,NA,NA,59.6585539140614,75.4937268579199,98.1134709458804,NA,NA,NA,59.6585539140614,75.4937268579199,98.1134709458804
2025,"Eurasian Moorhen","2025",0.0204449794059219,0.0294204471934952,0.0416700358598955,NA,NA,NA,68.1259812158584,85.9226764360669,112.104991147288,NA,NA,NA,68.1259812158584,85.9226764360669,112.104991147288
2026,"Eurasian Moorhen","2026",NA,NA,NA,NA,NA,NA,NA,NA,NA,58.6015832583416,72.900926243194,90.574335186059,58.6015832583416,72.900926243194,90.574335186059
2027,"Eurasian Moorhen","2027",NA,NA,NA,NA,NA,NA,NA,NA,NA,57.0400215156503,73.0412638397293,93.3681776109844,57.0400215156503,73.0412638397293,93.3681776109844
2028,"Eurasian Moorhen","2028",NA,NA,NA,NA,NA,NA,NA,NA,NA,55.3533398703823,73.2522641180522,96.3431062940625,55.3533398703823,73.2522641180522,96.3431062940625
2029,"Eurasian Moorhen","2029",NA,NA,NA,NA,NA,NA,NA,NA,NA,53.8089446650476,73.2926565871299,99.3989177663837,53.8089446650476,73.2926565871299,99.3989177663837
2030,"Eurasian Moorhen","2030",NA,NA,NA,NA,NA,NA,NA,NA,NA,52.2944478164152,73.3840278573462,102.549395008428,52.2944478164152,73.3840278573462,102.549395008428
2031,"Eurasian Moorhen","2031",NA,NA,NA,NA,NA,NA,NA,NA,NA,50.8444533527079,73.4375646804747,105.66145792855,50.8444533527079,73.4375646804747,105.66145792855
2032,"Eurasian Moorhen","2032",NA,NA,NA,NA,NA,NA,NA,NA,NA,49.4967648360836,73.7287621325806,109.254513936212,49.4967648360836,73.7287621325806,109.254513936212
2033,"Eurasian Moorhen","2033",NA,NA,NA,NA,NA,NA,NA,NA,NA,47.9896061201207,73.9653411829321,112.706868938043,47.9896061201207,73.9653411829321,112.706868938043
1985,"Eurasian Coot","before 2000",NA,NA,NA,NA,NA,NA,NA,NA,NA,NA,NA,NA,NA,NA,NA
2003,"Eurasian Coot","2000-2006",NA,NA,NA,NA,NA,NA,NA,NA,NA,NA,NA,NA,NA,NA,NA
2009,"Eurasian Coot","2007-2010",NA,NA,NA,NA,NA,NA,NA,NA,NA,NA,NA,NA,NA,NA,NA
2012,"Eurasian Coot","2011-2012",NA,NA,NA,NA,NA,NA,NA,NA,NA,NA,NA,NA,NA,NA,NA
2013,"Eurasian Coot","2013",NA,NA,NA,NA,NA,NA,NA,NA,NA,NA,NA,NA,NA,NA,NA
2014,"Eurasian Coot","2014",NA,NA,NA,NA,NA,NA,NA,NA,NA,NA,NA,NA,NA,NA,NA
2015,"Eurasian Coot","2015",0.0107926753089945,0.0202058847066475,0.0346803534446636,NA,NA,NA,100,100,100,NA,NA,NA,100,100,100
2016,"Eurasian Coot","2016",0.00651037572546383,0.0123748379910907,0.0214378095096984,NA,NA,NA,39.2987001795041,60.6754840794347,91.3794110883156,NA,NA,NA,39.2987001795041,60.6754840794347,91.3794110883156
2017,"Eurasian Coot","2017",0.00641569124327176,0.0115240279741184,0.0192438935055566,NA,NA,NA,37.2217437407675,56.3081092941168,85.520756055526,NA,NA,NA,37.2217437407675,56.3081092941168,85.520756055526
2018,"Eurasian Coot","2018",0.00857537533865511,0.0148705514024746,0.0247014053646564,NA,NA,NA,50.6506104143418,73.420720205595,105.718120100399,NA,NA,NA,50.6506104143418,73.420720205595,105.718120100399
2019,"Eurasian Coot","2019",0.00545328076311479,0.0100959134977858,0.0165652111537841,NA,NA,NA,34.1504943890199,49.7835891962266,72.7043300730493,NA,NA,NA,34.1504943890199,49.7835891962266,72.7043300730493
2020,"Eurasian Coot","2020",0.00522424276559467,0.00922294128632474,0.0152144480974237,NA,NA,NA,32.5662472235164,45.3345170266775,64.6510639053418,NA,NA,NA,32.5662472235164,45.3345170266775,64.6510639053418
2021,"Eurasian Coot","2021",0.00434969814331252,0.0076104643181021,0.012579789959159,NA,NA,NA,26.0669208189539,37.4683540639027,53.9194215211495,NA,NA,NA,26.0669208189539,37.4683540639027,53.9194215211495
2022,"Eurasian Coot","2022",0.0060370318894291,0.0103293329471426,0.0167000596438779,NA,NA,NA,35.796049355147,50.4731994669958,72.5848169008408,NA,NA,NA,35.796049355147,50.4731994669958,72.5848169008408
2023,"Eurasian Coot","2023",0.00645848259472729,0.0109084924324239,0.0175740579491933,NA,NA,NA,38.5473486200887,53.6003491777501,75.9742536923838,NA,NA,NA,38.5473486200887,53.6003491777501,75.9742536923838
2024,"Eurasian Coot","2024",0.00807530594110034,0.014076725930868,0.0225213238810161,NA,NA,NA,50.0922049899478,69.1048926034329,98.4681405272902,NA,NA,NA,50.0922049899478,69.1048926034329,98.4681405272902
2025,"Eurasian Coot","2025",0.0063166983773534,0.010788786489675,0.0173876138506133,NA,NA,NA,37.9639855785067,52.9735292429055,76.3973480158033,NA,NA,NA,37.9639855785067,52.9735292429055,76.3973480158033
2026,"Eurasian Coot","2026",NA,NA,NA,NA,NA,NA,NA,NA,NA,33.1091164659209,46.2279609384629,64.7030665233865,33.1091164659209,46.2279609384629,64.7030665233865
2027,"Eurasian Coot","2027",NA,NA,NA,NA,NA,NA,NA,NA,NA,30.5910302848063,44.7252239411796,65.2850796855873,30.5910302848063,44.7252239411796,65.2850796855873
2028,"Eurasian Coot","2028",NA,NA,NA,NA,NA,NA,NA,NA,NA,28.1417204802875,43.2633792495873,66.1337940166243,28.1417204802875,43.2633792495873,66.1337940166243
2029,"Eurasian Coot","2029",NA,NA,NA,NA,NA,NA,NA,NA,NA,26.0176507304758,41.7405233109515,66.86457258787,26.0176507304758,41.7405233109515,66.86457258787
2030,"Eurasian Coot","2030",NA,NA,NA,NA,NA,NA,NA,NA,NA,23.9981317818483,40.3219962945244,67.5679147259597,23.9981317818483,40.3219962945244,67.5679147259597
2031,"Eurasian Coot","2031",NA,NA,NA,NA,NA,NA,NA,NA,NA,22.1453868867858,38.936637491375,68.5773990480252,22.1453868867858,38.936637491375,68.5773990480252
2032,"Eurasian Coot","2032",NA,NA,NA,NA,NA,NA,NA,NA,NA,20.3707604328295,37.6344006384217,69.4772065909969,20.3707604328295,37.6344006384217,69.4772065909969
2033,"Eurasian Coot","2033",NA,NA,NA,NA,NA,NA,NA,NA,NA,18.7960381719723,36.3606991009216,70.3963034122914,18.7960381719723,36.3606991009216,70.3963034122914
1985,"Gray-headed Swamphen","before 2000",NA,NA,NA,NA,NA,NA,NA,NA,NA,NA,NA,NA,NA,NA,NA
2003,"Gray-headed Swamphen","2000-2006",NA,NA,NA,NA,NA,NA,NA,NA,NA,NA,NA,NA,NA,NA,NA
2009,"Gray-headed Swamphen","2007-2010",NA,NA,NA,NA,NA,NA,NA,NA,NA,NA,NA,NA,NA,NA,NA
2012,"Gray-headed Swamphen","2011-2012",NA,NA,NA,NA,NA,NA,NA,NA,NA,NA,NA,NA,NA,NA,NA
2013,"Gray-headed Swamphen","2013",NA,NA,NA,NA,NA,NA,NA,NA,NA,NA,NA,NA,NA,NA,NA
2014,"Gray-headed Swamphen","2014",NA,NA,NA,NA,NA,NA,NA,NA,NA,NA,NA,NA,NA,NA,NA
2015,"Gray-headed Swamphen","2015",0.00487451250704788,0.00896024046736651,0.015702393846343,NA,NA,NA,100,100,100,NA,NA,NA,100,100,100
2016,"Gray-headed Swamphen","2016",0.00511364687673433,0.00875373064737174,0.0144723269788157,NA,NA,NA,57.6019740691251,97.3095118831574,162.011542531188,NA,NA,NA,57.6019740691251,97.3095118831574,162.011542531188
2017,"Gray-headed Swamphen","2017",0.00719791623618726,0.0123165611380137,0.0193240462156051,NA,NA,NA,84.9879397814464,136.111179049934,219.103107061996,NA,NA,NA,84.9879397814464,136.111179049934,219.103107061996
2018,"Gray-headed Swamphen","2018",0.00879500155729739,0.0141925418332581,0.0227115311605976,NA,NA,NA,101.520712453047,159.171939184371,257.321134400173,NA,NA,NA,101.520712453047,159.171939184371,257.321134400173
2019,"Gray-headed Swamphen","2019",0.00866084080204852,0.0135497944253696,0.0211693502923608,NA,NA,NA,98.5759705933151,151.243353418539,244.416906781272,NA,NA,NA,98.5759705933151,151.243353418539,244.416906781272
2020,"Gray-headed Swamphen","2020",0.00950613728808431,0.0153385545608431,0.0233941333122581,NA,NA,NA,110.709177909873,171.630254082557,265.314377691384,NA,NA,NA,110.709177909873,171.630254082557,265.314377691384
2021,"Gray-headed Swamphen","2021",0.0119847882777493,0.0185839125965919,0.0288315294127896,NA,NA,NA,136.185491075293,207.241592574292,331.618115660443,NA,NA,NA,136.185491075293,207.241592574292,331.618115660443
2022,"Gray-headed Swamphen","2022",0.00981067823475702,0.0153287862707085,0.0235878493887481,NA,NA,NA,111.973687867087,171.84606571941,267.403456657472,NA,NA,NA,111.973687867087,171.84606571941,267.403456657472
2023,"Gray-headed Swamphen","2023",0.0115251114858576,0.0178059536244372,0.0273313769356487,NA,NA,NA,130.666646775489,200.406048055611,309.07657778654,NA,NA,NA,130.666646775489,200.406048055611,309.07657778654
2024,"Gray-headed Swamphen","2024",0.0113596327881436,0.0174420476754925,0.0266962234364053,NA,NA,NA,128.3322493971,195.898560847177,297.919007105797,NA,NA,NA,128.3322493971,195.898560847177,297.919007105797
2025,"Gray-headed Swamphen","2025",0.00979425978166673,0.0153460426174908,0.0234946978650823,NA,NA,NA,113.337919376432,171.727076367173,263.056663623866,NA,NA,NA,113.337919376432,171.727076367173,263.056663623866
2026,"Gray-headed Swamphen","2026",NA,NA,NA,NA,NA,NA,NA,NA,NA,186.610670558214,229.01882678712,282.253878993198,186.610670558214,229.01882678712,282.253878993198
2027,"Gray-headed Swamphen","2027",NA,NA,NA,NA,NA,NA,NA,NA,NA,193.949715219369,244.406283420725,310.084718280817,193.949715219369,244.406283420725,310.084718280817
2028,"Gray-headed Swamphen","2028",NA,NA,NA,NA,NA,NA,NA,NA,NA,201.166696921257,260.835009940852,341.068643320353,201.166696921257,260.835009940852,341.068643320353
2029,"Gray-headed Swamphen","2029",NA,NA,NA,NA,NA,NA,NA,NA,NA,208.847037847884,278.654975691502,374.027526014458,208.847037847884,278.654975691502,374.027526014458
2030,"Gray-headed Swamphen","2030",NA,NA,NA,NA,NA,NA,NA,NA,NA,216.534190157212,297.415194994796,411.039410566255,216.534190157212,297.415194994796,411.039410566255
2031,"Gray-headed Swamphen","2031",NA,NA,NA,NA,NA,NA,NA,NA,NA,223.598713833887,317.682362068131,453.365786957052,223.598713833887,317.682362068131,453.365786957052
2032,"Gray-headed Swamphen","2032",NA,NA,NA,NA,NA,NA,NA,NA,NA,231.365490868714,339.559094555933,499.355419495866,231.365490868714,339.559094555933,499.355419495866
2033,"Gray-headed Swamphen","2033",NA,NA,NA,NA,NA,NA,NA,NA,NA,240.136775644739,363.281465668042,549.239914260467,240.136775644739,363.281465668042,549.239914260467
1985,"White-breasted Waterhen","before 2000",NA,NA,NA,NA,NA,NA,NA,NA,NA,NA,NA,NA,NA,NA,NA
2003,"White-breasted Waterhen","2000-2006",NA,NA,NA,NA,NA,NA,NA,NA,NA,NA,NA,NA,NA,NA,NA
2009,"White-breasted Waterhen","2007-2010",NA,NA,NA,NA,NA,NA,NA,NA,NA,NA,NA,NA,NA,NA,NA
2012,"White-breasted Waterhen","2011-2012",NA,NA,NA,NA,NA,NA,NA,NA,NA,NA,NA,NA,NA,NA,NA
2013,"White-breasted Waterhen","2013",NA,NA,NA,NA,NA,NA,NA,NA,NA,NA,NA,NA,NA,NA,NA
2014,"White-breasted Waterhen","2014",NA,NA,NA,NA,NA,NA,NA,NA,NA,NA,NA,NA,NA,NA,NA
2015,"White-breasted Waterhen","2015",0.0848467042905345,0.121353081041702,0.171830451039209,NA,NA,NA,100,100,100,NA,NA,NA,100,100,100
2016,"White-breasted Waterhen","2016",0.0821071203525666,0.117216654880423,0.162486461375556,NA,NA,NA,79.6616444876381,96.7814658088807,114.765542609329,NA,NA,NA,79.6616444876381,96.7814658088807,114.765542609329
2017,"White-breasted Waterhen","2017",0.0760539945067915,0.109455170352486,0.156512237648543,NA,NA,NA,75.6590135862269,89.9093606179711,107.354362294396,NA,NA,NA,75.6590135862269,89.9093606179711,107.354362294396
2018,"White-breasted Waterhen","2018",0.0905019726946024,0.127384124820523,0.178058389737271,NA,NA,NA,88.9716192430298,104.941873136761,121.358271362456,NA,NA,NA,88.9716192430298,104.941873136761,121.358271362456
2019,"White-breasted Waterhen","2019",0.103016751232524,0.142741648018865,0.19905568064858,NA,NA,NA,100.838079526713,117.783200456015,135.756398957799,NA,NA,NA,100.838079526713,117.783200456015,135.756398957799
2020,"White-breasted Waterhen","2020",0.106813790931801,0.147024399776852,0.204044203142131,NA,NA,NA,103.772089807385,121.297288480096,139.447788378608,NA,NA,NA,103.772089807385,121.297288480096,139.447788378608
2021,"White-breasted Waterhen","2021",0.115953910269666,0.162213847439058,0.224076666789491,NA,NA,NA,114.605018636015,133.239332546098,152.999784180723,NA,NA,NA,114.605018636015,133.239332546098,152.999784180723
2022,"White-breasted Waterhen","2022",0.116098787342657,0.160868247893249,0.220789039591679,NA,NA,NA,113.95682920043,132.289056405946,151.772999258553,NA,NA,NA,113.95682920043,132.289056405946,151.772999258553
2023,"White-breasted Waterhen","2023",0.124534136356969,0.171461846631374,0.237136230094411,NA,NA,NA,122.02784674069,141.436097095599,162.333123665905,NA,NA,NA,122.02784674069,141.436097095599,162.333123665905
2024,"White-breasted Waterhen","2024",0.139654579939316,0.19286070958994,0.26207381522415,NA,NA,NA,137.609759843205,159.314350579654,182.55084093508,NA,NA,NA,137.609759843205,159.314350579654,182.55084093508
2025,"White-breasted Waterhen","2025",0.139320598372552,0.190409848948386,0.26080295089553,NA,NA,NA,135.606022580913,156.817568062264,179.954502422988,NA,NA,NA,135.606022580913,156.817568062264,179.954502422988
2026,"White-breasted Waterhen","2026",NA,NA,NA,NA,NA,NA,NA,NA,NA,156.049529297618,169.547791609717,183.894219718726,156.049529297618,169.547791609717,183.894219718726
2027,"White-breasted Waterhen","2027",NA,NA,NA,NA,NA,NA,NA,NA,NA,163.324084945247,179.371747189535,196.743936777991,163.324084945247,179.371747189535,196.743936777991
2028,"White-breasted Waterhen","2028",NA,NA,NA,NA,NA,NA,NA,NA,NA,170.866592888716,189.605580171417,210.613674646534,170.866592888716,189.605580171417,210.613674646534
2029,"White-breasted Waterhen","2029",NA,NA,NA,NA,NA,NA,NA,NA,NA,178.679042186847,200.586710109051,225.320511890398,178.679042186847,200.586710109051,225.320511890398
2030,"White-breasted Waterhen","2030",NA,NA,NA,NA,NA,NA,NA,NA,NA,186.619365059396,212.200276561884,241.141430391905,186.619365059396,212.200276561884,241.141430391905
2031,"White-breasted Waterhen","2031",NA,NA,NA,NA,NA,NA,NA,NA,NA,195.006204190007,224.339186934264,257.937192629329,195.006204190007,224.339186934264,257.937192629329
2032,"White-breasted Waterhen","2032",NA,NA,NA,NA,NA,NA,NA,NA,NA,203.789293476021,237.101725401887,276.574243912327,203.789293476021,237.101725401887,276.574243912327
2033,"White-breasted Waterhen","2033",NA,NA,NA,NA,NA,NA,NA,NA,NA,213.118686193262,251.035970475213,296.501398833344,213.118686193262,251.035970475213,296.501398833344
1985,"Black-tailed Crake","before 2000",NA,NA,NA,NA,NA,NA,NA,NA,NA,NA,NA,NA,NA,NA,NA
2003,"Black-tailed Crake","2000-2006",NA,NA,NA,NA,NA,NA,NA,NA,NA,NA,NA,NA,NA,NA,NA
2009,"Black-tailed Crake","2007-2010",NA,NA,NA,NA,NA,NA,NA,NA,NA,NA,NA,NA,NA,NA,NA
2012,"Black-tailed Crake","2011-2012",NA,NA,NA,NA,NA,NA,NA,NA,NA,NA,NA,NA,NA,NA,NA
2013,"Black-tailed Crake","2013",NA,NA,NA,NA,NA,NA,NA,NA,NA,NA,NA,NA,NA,NA,NA
2014,"Black-tailed Crake","2014",NA,NA,NA,NA,NA,NA,NA,NA,NA,NA,NA,NA,NA,NA,NA
2015,"Black-tailed Crake","2015",9.47164470750578e-10,0.0207367858181976,0.0702977910823067,NA,NA,NA,100,100,100,NA,NA,NA,100,100,100
2016,"Black-tailed Crake","2016",8.6252816656837e-10,0.0165666099847871,0.0553918141529924,NA,NA,NA,1.68338505805737e-06,82.572136104873,3716195989.87954,NA,NA,NA,1.68338505805737e-06,82.572136104873,3716195989.87954
2017,"Black-tailed Crake","2017",7.85343807211772e-10,0.0298880570828732,0.0848318515656443,NA,NA,NA,1.97736408863906e-06,143.378989515547,6073663212.43726,NA,NA,NA,1.97736408863906e-06,143.378989515547,6073663212.43726
2018,"Black-tailed Crake","2018",7.34837291844122e-10,0.0247836164365649,0.0633445859576498,NA,NA,NA,3.72543259910031e-06,122.4727748607,4502629307.52431,NA,NA,NA,3.72543259910031e-06,122.4727748607,4502629307.52431
2019,"Black-tailed Crake","2019",0.00744190667667951,0.0346695843439052,0.0753865291176225,NA,NA,NA,21.4945178749779,175.616127262225,5515292883.84524,NA,NA,NA,21.4945178749779,175.616127262225,5515292883.84524
2020,"Black-tailed Crake","2020",0.00503025122594102,0.0222541249880662,0.0486971692431118,NA,NA,NA,15.0792273261686,114.465761288549,3787684002.38739,NA,NA,NA,15.0792273261686,114.465761288549,3787684002.38739
2021,"Black-tailed Crake","2021",5.63419033436259e-10,0.00920437708641209,0.020755836605647,NA,NA,NA,2.74546223285415e-06,46.6361767555869,1482411077.90843,NA,NA,NA,2.74546223285415e-06,46.6361767555869,1482411077.90843
2022,"Black-tailed Crake","2022",0.0142918015557279,0.0331657915298334,0.0563003106328589,NA,NA,NA,35.1812843306254,166.820003406992,4600264761.53027,NA,NA,NA,35.1812843306254,166.820003406992,4600264761.53027
2023,"Black-tailed Crake","2023",0.0270256076744694,0.0473267058653802,0.0701263334567269,NA,NA,NA,57.5040997677222,230.947730788514,6039508277.40788,NA,NA,NA,57.5040997677222,230.947730788514,6039508277.40788
2024,"Black-tailed Crake","2024",0.014338873058928,0.0275556020100558,0.0429224947208049,NA,NA,NA,34.028051794863,136.042324668922,3755578279.52605,NA,NA,NA,34.028051794863,136.042324668922,3755578279.52605
2025,"Black-tailed Crake","2025",4.61401384750743e-10,5.45545519703425e-10,1.48460744934362e-09,NA,NA,NA,7.72199515096584e-07,2.66036680821159e-06,57.1801634067042,NA,NA,NA,7.72199515096584e-07,2.66036680821159e-06,57.1801634067042
2026,"Black-tailed Crake","2026",NA,NA,NA,NA,NA,NA,NA,NA,NA,0.000366634924566232,0.807234904261542,11205.0704103437,0.000366634924566232,0.807234904261542,11205.0704103437
2027,"Black-tailed Crake","2027",NA,NA,NA,NA,NA,NA,NA,NA,NA,7.22619638438702e-05,0.67835064975334,32198.4959740977,7.22619638438702e-05,0.67835064975334,32198.4959740977
2028,"Black-tailed Crake","2028",NA,NA,NA,NA,NA,NA,NA,NA,NA,1.44265422281626e-05,0.569917930410873,95628.597079324,1.44265422281626e-05,0.569917930410873,95628.597079324
2029,"Black-tailed Crake","2029",NA,NA,NA,NA,NA,NA,NA,NA,NA,2.84400536597721e-06,0.466252839796957,292709.190527923,2.84400536597721e-06,0.466252839796957,292709.190527923
2030,"Black-tailed Crake","2030",NA,NA,NA,NA,NA,NA,NA,NA,NA,5.6650569105643e-07,0.38815963391922,916794.28032097,5.6650569105643e-07,0.38815963391922,916794.28032097
2031,"Black-tailed Crake","2031",NA,NA,NA,NA,NA,NA,NA,NA,NA,1.13655921435859e-07,0.319056635577657,2831079.11846845,1.13655921435859e-07,0.319056635577657,2831079.11846845
2032,"Black-tailed Crake","2032",NA,NA,NA,NA,NA,NA,NA,NA,NA,2.32442394992563e-08,0.260218801939094,8850734.95928111,2.32442394992563e-08,0.260218801939094,8850734.95928111
2033,"Black-tailed Crake","2033",NA,NA,NA,NA,NA,NA,NA,NA,NA,4.7312715351529e-09,0.214216400851216,28711861.3478799,4.7312715351529e-09,0.214216400851216,28711861.3478799
1985,"Great Thick-knee","before 2000",NA,NA,NA,NA,NA,NA,NA,NA,NA,NA,NA,NA,NA,NA,NA
2003,"Great Thick-knee","2000-2006",NA,NA,NA,NA,NA,NA,NA,NA,NA,NA,NA,NA,NA,NA,NA
2009,"Great Thick-knee","2007-2010",NA,NA,NA,NA,NA,NA,NA,NA,NA,NA,NA,NA,NA,NA,NA
2012,"Great Thick-knee","2011-2012",NA,NA,NA,NA,NA,NA,NA,NA,NA,NA,NA,NA,NA,NA,NA
2013,"Great Thick-knee","2013",NA,NA,NA,NA,NA,NA,NA,NA,NA,NA,NA,NA,NA,NA,NA
2014,"Great Thick-knee","2014",NA,NA,NA,NA,NA,NA,NA,NA,NA,NA,NA,NA,NA,NA,NA
2015,"Great Thick-knee","2015",1.40186503971669e-11,0.00294785374777156,0.0135807572075021,NA,NA,NA,100,100,100,NA,NA,NA,100,100,100
2016,"Great Thick-knee","2016",0.00213428967370707,0.0103882328737604,0.0261453324698615,NA,NA,NA,63.9746487815934,335.099188671918,52208664653.7752,NA,NA,NA,63.9746487815934,335.099188671918,52208664653.7752
2017,"Great Thick-knee","2017",0.00139456168520892,0.00949186718071714,0.0253277235682229,NA,NA,NA,49.6871661375357,311.681703412798,41511741696.1609,NA,NA,NA,49.6871661375357,311.681703412798,41511741696.1609
2018,"Great Thick-knee","2018",0.00204277054387154,0.00894638866826318,0.0219447700246322,NA,NA,NA,53.1203956869827,306.07417679096,51939272266.9514,NA,NA,NA,53.1203956869827,306.07417679096,51939272266.9514
2019,"Great Thick-knee","2019",0.000900776689461896,0.00455066404266231,0.0103048061485101,NA,NA,NA,28.3439848310942,152.605358796318,21831490082.7614,NA,NA,NA,28.3439848310942,152.605358796318,21831490082.7614
2020,"Great Thick-knee","2020",1.39254117824849e-11,0.000872669032869321,0.00321620191724433,NA,NA,NA,4.74890104383652e-07,31.3881094927403,3995889903.3472,NA,NA,NA,4.74890104383652e-07,31.3881094927403,3995889903.3472
2021,"Great Thick-knee","2021",0.000683002724475115,0.00323999225562755,0.00769138673781205,NA,NA,NA,19.4718041353341,111.756232751308,15453752784.7897,NA,NA,NA,19.4718041353341,111.756232751308,15453752784.7897
2022,"Great Thick-knee","2022",0.000462743825395327,0.00258328306290651,0.00656165978167005,NA,NA,NA,13.570752609733,86.88166961882,13531680523.7584,NA,NA,NA,13.570752609733,86.88166961882,13531680523.7584
2023,"Great Thick-knee","2023",1.5089563043116e-11,0.000884955218117828,0.00273439854276464,NA,NA,NA,6.92106644317516e-07,29.6872450546463,3381437420.3166,NA,NA,NA,6.92106644317516e-07,29.6872450546463,3381437420.3166
2024,"Great Thick-knee","2024",0.00129498715073419,0.00427953341168528,0.00924165979308208,NA,NA,NA,31.9369370563335,145.226838432505,18453932045.9184,NA,NA,NA,31.9369370563335,145.226838432505,18453932045.9184
2025,"Great Thick-knee","2025",0.000574819770531735,0.00242109333597109,0.00586858765570268,NA,NA,NA,14.9950989086667,81.6896616760678,10706019172.2043,NA,NA,NA,14.9950989086667,81.6896616760678,10706019172.2043
2026,"Great Thick-knee","2026",NA,NA,NA,NA,NA,NA,NA,NA,NA,15.9826628893621,46.3484049256594,239.00237018307,15.9826628893621,46.3484049256594,239.00237018307
2027,"Great Thick-knee","2027",NA,NA,NA,NA,NA,NA,NA,NA,NA,12.1118983802471,41.2266550943008,257.721435067107,12.1118983802471,41.2266550943008,257.721435067107
2028,"Great Thick-knee","2028",NA,NA,NA,NA,NA,NA,NA,NA,NA,9.07583780603268,35.9224356177943,272.244737246067,9.07583780603268,35.9224356177943,272.244737246067
2029,"Great Thick-knee","2029",NA,NA,NA,NA,NA,NA,NA,NA,NA,6.89651480886445,32.2046500537378,285.325295803041,6.89651480886445,32.2046500537378,285.325295803041
2030,"Great Thick-knee","2030",NA,NA,NA,NA,NA,NA,NA,NA,NA,5.16958711398643,27.9790306410546,295.776642998766,5.16958711398643,27.9790306410546,295.776642998766
2031,"Great Thick-knee","2031",NA,NA,NA,NA,NA,NA,NA,NA,NA,3.86599638746855,24.4556858201317,304.066647078257,3.86599638746855,24.4556858201317,304.066647078257
2032,"Great Thick-knee","2032",NA,NA,NA,NA,NA,NA,NA,NA,NA,2.85313237775998,21.289384758154,323.772906560508,2.85313237775998,21.289384758154,323.772906560508
2033,"Great Thick-knee","2033",NA,NA,NA,NA,NA,NA,NA,NA,NA,2.14018104036263,18.7695100921737,341.398499498454,2.14018104036263,18.7695100921737,341.398499498454
1985,"Gray-headed Lapwing","before 2000",NA,NA,NA,NA,NA,NA,NA,NA,NA,NA,NA,NA,NA,NA,NA
2003,"Gray-headed Lapwing","2000-2006",NA,NA,NA,NA,NA,NA,NA,NA,NA,NA,NA,NA,NA,NA,NA
2009,"Gray-headed Lapwing","2007-2010",NA,NA,NA,NA,NA,NA,NA,NA,NA,NA,NA,NA,NA,NA,NA
2012,"Gray-headed Lapwing","2011-2012",NA,NA,NA,NA,NA,NA,NA,NA,NA,NA,NA,NA,NA,NA,NA
2013,"Gray-headed Lapwing","2013",NA,NA,NA,NA,NA,NA,NA,NA,NA,NA,NA,NA,NA,NA,NA
2014,"Gray-headed Lapwing","2014",NA,NA,NA,NA,NA,NA,NA,NA,NA,NA,NA,NA,NA,NA,NA
2015,"Gray-headed Lapwing","2015",0.0212267367276219,0.0341533722596856,0.0510131910171119,NA,NA,NA,100,100,100,NA,NA,NA,100,100,100
2016,"Gray-headed Lapwing","2016",0.0174616950988778,0.0266019073566897,0.0395006018491234,NA,NA,NA,55.5634720214814,77.9850373788405,111.937977899561,NA,NA,NA,55.5634720214814,77.9850373788405,111.937977899561
2017,"Gray-headed Lapwing","2017",0.0201689440799352,0.0297909811662281,0.0449587543398214,NA,NA,NA,65.515256227168,88.3382533627036,123.483076829043,NA,NA,NA,65.515256227168,88.3382533627036,123.483076829043
2018,"Gray-headed Lapwing","2018",0.021495939533308,0.0311853954395874,0.0446205082136067,NA,NA,NA,69.8944343336953,91.2445245250836,124.825739159476,NA,NA,NA,69.8944343336953,91.2445245250836,124.825739159476
2019,"Gray-headed Lapwing","2019",0.0195645556498761,0.0283241099226773,0.0396817456239108,NA,NA,NA,64.1478753125277,83.2822657687215,113.239580687599,NA,NA,NA,64.1478753125277,83.2822657687215,113.239580687599
2020,"Gray-headed Lapwing","2020",0.026668223730476,0.0382756023503309,0.0532690613902066,NA,NA,NA,87.6219347153907,112.338557079189,151.486927121,NA,NA,NA,87.6219347153907,112.338557079189,151.486927121
2021,"Gray-headed Lapwing","2021",0.023402954401668,0.033554293131326,0.047416820050949,NA,NA,NA,76.533718296821,98.1405427739711,131.862429493321,NA,NA,NA,76.533718296821,98.1405427739711,131.862429493321
2022,"Gray-headed Lapwing","2022",0.0260531518583795,0.0370675879633404,0.0524117559105675,NA,NA,NA,84.8225532152871,108.815141225701,147.333344735161,NA,NA,NA,84.8225532152871,108.815141225701,147.333344735161
2023,"Gray-headed Lapwing","2023",0.0215223018180878,0.0308670576945064,0.0431008669663359,NA,NA,NA,71.429244608607,90.2116396111991,121.291230882205,NA,NA,NA,71.429244608607,90.2116396111991,121.291230882205
2024,"Gray-headed Lapwing","2024",0.0252401301525805,0.0362521159226325,0.0509129192538911,NA,NA,NA,82.7106120369361,106.248226385644,140.372394175063,NA,NA,NA,82.7106120369361,106.248226385644,140.372394175063
2025,"Gray-headed Lapwing","2025",0.0213758752186971,0.0310752983504637,0.0436673345210563,NA,NA,NA,72.1565318758624,91.4043516995011,121.883751231986,NA,NA,NA,72.1565318758624,91.4043516995011,121.883751231986
2026,"Gray-headed Lapwing","2026",NA,NA,NA,NA,NA,NA,NA,NA,NA,86.6403164304384,101.962746501487,120.206342131587,86.6403164304384,101.962746501487,120.206342131587
2027,"Gray-headed Lapwing","2027",NA,NA,NA,NA,NA,NA,NA,NA,NA,85.8437209657957,103.287149674955,124.189836524384,85.8437209657957,103.287149674955,124.189836524384
2028,"Gray-headed Lapwing","2028",NA,NA,NA,NA,NA,NA,NA,NA,NA,85.0820648951415,104.702112337303,128.591950407339,85.0820648951415,104.702112337303,128.591950407339
2029,"Gray-headed Lapwing","2029",NA,NA,NA,NA,NA,NA,NA,NA,NA,84.2472164869923,106.157982217013,133.164946631004,84.2472164869923,106.157982217013,133.164946631004
2030,"Gray-headed Lapwing","2030",NA,NA,NA,NA,NA,NA,NA,NA,NA,83.4188572526971,107.621754848124,138.249018362903,83.4188572526971,107.621754848124,138.249018362903
2031,"Gray-headed Lapwing","2031",NA,NA,NA,NA,NA,NA,NA,NA,NA,82.5377429525161,108.948152554516,143.319735891355,82.5377429525161,108.948152554516,143.319735891355
2032,"Gray-headed Lapwing","2032",NA,NA,NA,NA,NA,NA,NA,NA,NA,81.7450605420984,110.306321755216,148.539785787004,81.7450605420984,110.306321755216,148.539785787004
2033,"Gray-headed Lapwing","2033",NA,NA,NA,NA,NA,NA,NA,NA,NA,80.9321886954441,111.783958240553,153.846911674309,80.9321886954441,111.783958240553,153.846911674309
1985,"Red-wattled Lapwing","before 2000",NA,NA,NA,NA,NA,NA,NA,NA,NA,NA,NA,NA,NA,NA,NA
2003,"Red-wattled Lapwing","2000-2006",NA,NA,NA,NA,NA,NA,NA,NA,NA,NA,NA,NA,NA,NA,NA
2009,"Red-wattled Lapwing","2007-2010",NA,NA,NA,NA,NA,NA,NA,NA,NA,NA,NA,NA,NA,NA,NA
2012,"Red-wattled Lapwing","2011-2012",NA,NA,NA,NA,NA,NA,NA,NA,NA,NA,NA,NA,NA,NA,NA
2013,"Red-wattled Lapwing","2013",NA,NA,NA,NA,NA,NA,NA,NA,NA,NA,NA,NA,NA,NA,NA
2014,"Red-wattled Lapwing","2014",NA,NA,NA,NA,NA,NA,NA,NA,NA,NA,NA,NA,NA,NA,NA
2015,"Red-wattled Lapwing","2015",0.0740877541198074,0.102519639388313,0.139074783907235,NA,NA,NA,100,100,100,NA,NA,NA,100,100,100
2016,"Red-wattled Lapwing","2016",0.0735295854426027,0.0991070070803599,0.135125221393998,NA,NA,NA,82.0305690077119,96.5173167598889,115.593063308975,NA,NA,NA,82.0305690077119,96.5173167598889,115.593063308975
2017,"Red-wattled Lapwing","2017",0.0778409553836757,0.10427618549456,0.141638039449633,NA,NA,NA,84.4853340668228,101.80540553866,121.687399873359,NA,NA,NA,84.4853340668228,101.80540553866,121.687399873359
2018,"Red-wattled Lapwing","2018",0.0817908887334933,0.109549096786095,0.147762235855665,NA,NA,NA,91.5388457341114,106.947682871972,126.395516598998,NA,NA,NA,91.5388457341114,106.947682871972,126.395516598998
2019,"Red-wattled Lapwing","2019",0.084594534886174,0.114315187876676,0.153045847335652,NA,NA,NA,96.5391191747375,111.359156273007,129.737336019185,NA,NA,NA,96.5391191747375,111.359156273007,129.737336019185
2020,"Red-wattled Lapwing","2020",0.0896984378918986,0.118879227513925,0.15780335825325,NA,NA,NA,100.640556164178,116.173451486667,136.097685963547,NA,NA,NA,100.640556164178,116.173451486667,136.097685963547
2021,"Red-wattled Lapwing","2021",0.08693632148569,0.114702606598224,0.154200509447252,NA,NA,NA,97.1022066413502,112.476283333905,131.16187487612,NA,NA,NA,97.1022066413502,112.476283333905,131.16187487612
2022,"Red-wattled Lapwing","2022",0.0901535024710935,0.119744621434643,0.160675701016842,NA,NA,NA,101.582816597298,117.086525701603,136.946655283573,NA,NA,NA,101.582816597298,117.086525701603,136.946655283573
2023,"Red-wattled Lapwing","2023",0.090150342790454,0.117720523097476,0.156905156979053,NA,NA,NA,100.118712327213,115.277276970835,133.514252396719,NA,NA,NA,100.118712327213,115.277276970835,133.514252396719
2024,"Red-wattled Lapwing","2024",0.0931421751169406,0.122604050596913,0.162648391494901,NA,NA,NA,103.465106691045,120.091700854404,138.607048403615,NA,NA,NA,103.465106691045,120.091700854404,138.607048403615
2025,"Red-wattled Lapwing","2025",0.0974682453481418,0.128174145871903,0.171927938315921,NA,NA,NA,108.281479582674,125.947700804891,145.666153934115,NA,NA,NA,108.281479582674,125.947700804891,145.666153934115
2026,"Red-wattled Lapwing","2026",NA,NA,NA,NA,NA,NA,NA,NA,NA,121.538782909134,127.725825980022,134.31047884076,121.538782909134,127.725825980022,134.31047884076
2027,"Red-wattled Lapwing","2027",NA,NA,NA,NA,NA,NA,NA,NA,NA,123.581440142306,130.777977368336,138.429228438459,123.581440142306,130.777977368336,138.429228438459
2028,"Red-wattled Lapwing","2028",NA,NA,NA,NA,NA,NA,NA,NA,NA,125.753871803385,133.92211834875,142.650759818401,125.753871803385,133.92211834875,142.650759818401
2029,"Red-wattled Lapwing","2029",NA,NA,NA,NA,NA,NA,NA,NA,NA,127.773850041769,136.987120854427,146.928692722387,127.773850041769,136.987120854427,146.928692722387
2030,"Red-wattled Lapwing","2030",NA,NA,NA,NA,NA,NA,NA,NA,NA,129.799873066944,140.100542443444,151.686710240744,129.799873066944,140.100542443444,151.686710240744
2031,"Red-wattled Lapwing","2031",NA,NA,NA,NA,NA,NA,NA,NA,NA,131.728068808275,143.356793749031,156.545148325163,131.728068808275,143.356793749031,156.545148325163
2032,"Red-wattled Lapwing","2032",NA,NA,NA,NA,NA,NA,NA,NA,NA,133.724774876956,146.774155135512,161.462187684037,133.724774876956,146.774155135512,161.462187684037
2033,"Red-wattled Lapwing","2033",NA,NA,NA,NA,NA,NA,NA,NA,NA,135.719925070317,150.038275652906,166.495279330701,135.719925070317,150.038275652906,166.495279330701
1985,"Kentish Plover","before 2000",NA,NA,NA,NA,NA,NA,NA,NA,NA,NA,NA,NA,NA,NA,NA
2003,"Kentish Plover","2000-2006",NA,NA,NA,NA,NA,NA,NA,NA,NA,NA,NA,NA,NA,NA,NA
2009,"Kentish Plover","2007-2010",NA,NA,NA,NA,NA,NA,NA,NA,NA,NA,NA,NA,NA,NA,NA
2012,"Kentish Plover","2011-2012",NA,NA,NA,NA,NA,NA,NA,NA,NA,NA,NA,NA,NA,NA,NA
2013,"Kentish Plover","2013",NA,NA,NA,NA,NA,NA,NA,NA,NA,NA,NA,NA,NA,NA,NA
2014,"Kentish Plover","2014",NA,NA,NA,NA,NA,NA,NA,NA,NA,NA,NA,NA,NA,NA,NA
2015,"Kentish Plover","2015",0.0161099489063253,0.0345609188144891,0.0649976046655156,NA,NA,NA,100,100,100,NA,NA,NA,100,100,100
2016,"Kentish Plover","2016",0.0124183474234417,0.0258428378747538,0.0478653408777265,NA,NA,NA,48.5270659391558,74.0703757692416,113.823316826245,NA,NA,NA,48.5270659391558,74.0703757692416,113.823316826245
2017,"Kentish Plover","2017",0.0146896231506568,0.0313290994075281,0.0562755968818124,NA,NA,NA,60.7966998639995,91.4375266528025,139.648594207648,NA,NA,NA,60.7966998639995,91.4375266528025,139.648594207648
2018,"Kentish Plover","2018",0.01590478094594,0.0306944228500594,0.0548754905165767,NA,NA,NA,60.1130455540451,88.6497471835002,135.173627527649,NA,NA,NA,60.1130455540451,88.6497471835002,135.173627527649
2019,"Kentish Plover","2019",0.013724625946137,0.0271744655747379,0.0495328278326145,NA,NA,NA,56.1119383063257,79.4086500901919,119.829136686719,NA,NA,NA,56.1119383063257,79.4086500901919,119.829136686719
2020,"Kentish Plover","2020",0.0134816191260232,0.0257461750477812,0.0465514982973238,NA,NA,NA,53.2766777869385,75.0353126967154,112.534449910431,NA,NA,NA,53.2766777869385,75.0353126967154,112.534449910431
2021,"Kentish Plover","2021",0.0112560218957864,0.0216982624245604,0.039210021647145,NA,NA,NA,44.8197671975005,62.9939788293985,93.390622233884,NA,NA,NA,44.8197671975005,62.9939788293985,93.390622233884
2022,"Kentish Plover","2022",0.0104533226578898,0.0206787940777163,0.0372320709467707,NA,NA,NA,42.1617386096506,60.3266466255247,88.9128465148544,NA,NA,NA,42.1617386096506,60.3266466255247,88.9128465148544
2023,"Kentish Plover","2023",0.0124221367279754,0.024506545687575,0.0439193051108769,NA,NA,NA,50.9218130568433,71.0020682251398,104.458299582857,NA,NA,NA,50.9218130568433,71.0020682251398,104.458299582857
2024,"Kentish Plover","2024",0.00996396825441311,0.0199083266873899,0.0353851338702774,NA,NA,NA,40.8014586728613,57.4854428538582,82.7530831513848,NA,NA,NA,40.8014586728613,57.4854428538582,82.7530831513848
2025,"Kentish Plover","2025",0.0123000339142912,0.0236193520821686,0.0422454509407868,NA,NA,NA,48.9070057569343,68.6102986532314,100.185437655053,NA,NA,NA,48.9070057569343,68.6102986532314,100.185437655053
2026,"Kentish Plover","2026",NA,NA,NA,NA,NA,NA,NA,NA,NA,48.8387631766987,57.945270124654,68.1134601692905,48.8387631766987,57.945270124654,68.1134601692905
2027,"Kentish Plover","2027",NA,NA,NA,NA,NA,NA,NA,NA,NA,45.9051728613972,55.5636623543587,66.7476480802748,45.9051728613972,55.5636623543587,66.7476480802748
2028,"Kentish Plover","2028",NA,NA,NA,NA,NA,NA,NA,NA,NA,43.007228009638,53.3353424831882,65.4028468477351,43.007228009638,53.3353424831882,65.4028468477351
2029,"Kentish Plover","2029",NA,NA,NA,NA,NA,NA,NA,NA,NA,40.1817672442416,50.9988748021932,64.1950132728892,40.1817672442416,50.9988748021932,64.1950132728892
2030,"Kentish Plover","2030",NA,NA,NA,NA,NA,NA,NA,NA,NA,37.6590552889032,48.9003878993184,62.9435893222769,37.6590552889032,48.9003878993184,62.9435893222769
2031,"Kentish Plover","2031",NA,NA,NA,NA,NA,NA,NA,NA,NA,35.23125157555,46.8460121781531,61.8542658690084,35.23125157555,46.8460121781531,61.8542658690084
2032,"Kentish Plover","2032",NA,NA,NA,NA,NA,NA,NA,NA,NA,32.9640266028748,44.9927588736789,60.717978120456,32.9640266028748,44.9927588736789,60.717978120456
2033,"Kentish Plover","2033",NA,NA,NA,NA,NA,NA,NA,NA,NA,30.879466159768,42.9992767672119,59.6434917383657,30.879466159768,42.9992767672119,59.6434917383657
1985,"Little Ringed Plover","before 2000",NA,NA,NA,NA,NA,NA,NA,NA,NA,NA,NA,NA,NA,NA,NA
2003,"Little Ringed Plover","2000-2006",NA,NA,NA,NA,NA,NA,NA,NA,NA,NA,NA,NA,NA,NA,NA
2009,"Little Ringed Plover","2007-2010",NA,NA,NA,NA,NA,NA,NA,NA,NA,NA,NA,NA,NA,NA,NA
2012,"Little Ringed Plover","2011-2012",NA,NA,NA,NA,NA,NA,NA,NA,NA,NA,NA,NA,NA,NA,NA
2013,"Little Ringed Plover","2013",NA,NA,NA,NA,NA,NA,NA,NA,NA,NA,NA,NA,NA,NA,NA
2014,"Little Ringed Plover","2014",NA,NA,NA,NA,NA,NA,NA,NA,NA,NA,NA,NA,NA,NA,NA
2015,"Little Ringed Plover","2015",0.0226558254893133,0.0352211186844945,0.0538698151273967,NA,NA,NA,100,100,100,NA,NA,NA,100,100,100
2016,"Little Ringed Plover","2016",0.0182046455284724,0.0286160650166654,0.0439192036453225,NA,NA,NA,61.4949788359804,81.2337392991348,104.012385524031,NA,NA,NA,61.4949788359804,81.2337392991348,104.012385524031
2017,"Little Ringed Plover","2017",0.0203505799957059,0.0320645021265983,0.0487745847450228,NA,NA,NA,71.5760854264243,90.7720809919164,115.48909573794,NA,NA,NA,71.5760854264243,90.7720809919164,115.48909573794
2018,"Little Ringed Plover","2018",0.0189787793691021,0.0296171464064558,0.0448160171804924,NA,NA,NA,66.7898685135155,84.5433546717179,105.615107849999,NA,NA,NA,66.7898685135155,84.5433546717179,105.615107849999
2019,"Little Ringed Plover","2019",0.0160039290569825,0.0250349674174401,0.0373113127951748,NA,NA,NA,56.6228440396726,70.9774315306478,89.2513812845751,NA,NA,NA,56.6228440396726,70.9774315306478,89.2513812845751
2020,"Little Ringed Plover","2020",0.0174690111431891,0.0263692928784913,0.0391445558195405,NA,NA,NA,61.035720948419,74.6684245075849,93.500802721953,NA,NA,NA,61.035720948419,74.6684245075849,93.500802721953
2021,"Little Ringed Plover","2021",0.0124151606991774,0.0191258691755276,0.0286251765546273,NA,NA,NA,43.9104433331575,54.3336725662272,67.039061670557,NA,NA,NA,43.9104433331575,54.3336725662272,67.039061670557
2022,"Little Ringed Plover","2022",0.0147696954807183,0.0226161265042625,0.0343029979869282,NA,NA,NA,52.4293085830251,64.6172017874602,79.7391986714045,NA,NA,NA,52.4293085830251,64.6172017874602,79.7391986714045
2023,"Little Ringed Plover","2023",0.0147379274048913,0.0222761755426698,0.0331893583657602,NA,NA,NA,51.2673409196004,62.9977899715998,77.5407768286766,NA,NA,NA,51.2673409196004,62.9977899715998,77.5407768286766
2024,"Little Ringed Plover","2024",0.0151896669694631,0.0231654867417699,0.0342329163782948,NA,NA,NA,53.0567656603765,65.2352828598687,81.1203054076842,NA,NA,NA,53.0567656603765,65.2352828598687,81.1203054076842
2025,"Little Ringed Plover","2025",0.0124509389317884,0.0191515494691853,0.0287298687573939,NA,NA,NA,43.6857776272002,54.3119053775884,67.1177558516174,NA,NA,NA,43.6857776272002,54.3119053775884,67.1177558516174
2026,"Little Ringed Plover","2026",NA,NA,NA,NA,NA,NA,NA,NA,NA,45.3328950002875,52.1865324303014,60.2976245409,45.3328950002875,52.1865324303014,60.2976245409
2027,"Little Ringed Plover","2027",NA,NA,NA,NA,NA,NA,NA,NA,NA,42.2038641295188,49.4943211880242,58.2717336027712,42.2038641295188,49.4943211880242,58.2717336027712
2028,"Little Ringed Plover","2028",NA,NA,NA,NA,NA,NA,NA,NA,NA,39.227164182524,47.0202359368943,56.377278649263,39.227164182524,47.0202359368943,56.377278649263
2029,"Little Ringed Plover","2029",NA,NA,NA,NA,NA,NA,NA,NA,NA,36.4506436080439,44.6362388233337,54.5194639285672,36.4506436080439,44.6362388233337,54.5194639285672
2030,"Little Ringed Plover","2030",NA,NA,NA,NA,NA,NA,NA,NA,NA,33.9319686554773,42.3437140923168,52.705051903042,33.9319686554773,42.3437140923168,52.705051903042
2031,"Little Ringed Plover","2031",NA,NA,NA,NA,NA,NA,NA,NA,NA,31.5207697500451,40.1222256004067,51.1313751432679,31.5207697500451,40.1222256004067,51.1313751432679
2032,"Little Ringed Plover","2032",NA,NA,NA,NA,NA,NA,NA,NA,NA,29.280660958852,38.0656530950228,49.4296943979843,29.280660958852,38.0656530950228,49.4296943979843
2033,"Little Ringed Plover","2033",NA,NA,NA,NA,NA,NA,NA,NA,NA,27.2296465497891,36.1200995626633,47.8983320793409,27.2296465497891,36.1200995626633,47.8983320793409
1985,"Pheasant-tailed Jacana","before 2000",NA,NA,NA,NA,NA,NA,NA,NA,NA,NA,NA,NA,NA,NA,NA
2003,"Pheasant-tailed Jacana","2000-2006",NA,NA,NA,NA,NA,NA,NA,NA,NA,NA,NA,NA,NA,NA,NA
2009,"Pheasant-tailed Jacana","2007-2010",NA,NA,NA,NA,NA,NA,NA,NA,NA,NA,NA,NA,NA,NA,NA
2012,"Pheasant-tailed Jacana","2011-2012",NA,NA,NA,NA,NA,NA,NA,NA,NA,NA,NA,NA,NA,NA,NA
2013,"Pheasant-tailed Jacana","2013",NA,NA,NA,NA,NA,NA,NA,NA,NA,NA,NA,NA,NA,NA,NA
2014,"Pheasant-tailed Jacana","2014",NA,NA,NA,NA,NA,NA,NA,NA,NA,NA,NA,NA,NA,NA,NA
2015,"Pheasant-tailed Jacana","2015",0.0255309066940942,0.0409073918208977,0.0643858804753855,NA,NA,NA,100,100,100,NA,NA,NA,100,100,100
2016,"Pheasant-tailed Jacana","2016",0.0187603561865387,0.0304046790633757,0.0482274031756517,NA,NA,NA,53.5181540704577,74.7165039199529,104.362471922535,NA,NA,NA,53.5181540704577,74.7165039199529,104.362471922535
2017,"Pheasant-tailed Jacana","2017",0.0162807471790905,0.0261776686494913,0.0399317157795825,NA,NA,NA,45.4390039745393,63.3616109203669,86.564784009978,NA,NA,NA,45.4390039745393,63.3616109203669,86.564784009978
2018,"Pheasant-tailed Jacana","2018",0.0250313004419424,0.0386355812859318,0.0592452273767694,NA,NA,NA,70.3930127253019,93.8698860205875,123.133573899621,NA,NA,NA,70.3930127253019,93.8698860205875,123.133573899621
2019,"Pheasant-tailed Jacana","2019",0.017413060694642,0.0272069264704987,0.0415039761351208,NA,NA,NA,48.5024828258387,66.4901993916518,87.6208459577144,NA,NA,NA,48.5024828258387,66.4901993916518,87.6208459577144
2020,"Pheasant-tailed Jacana","2020",0.019412167842784,0.0302625190259615,0.0462698898091845,NA,NA,NA,54.8482942515881,73.8908032895332,96.0860368407726,NA,NA,NA,54.8482942515881,73.8908032895332,96.0860368407726
2021,"Pheasant-tailed Jacana","2021",0.0222940166534099,0.0338497805507725,0.0512962053843053,NA,NA,NA,62.5605230511004,82.4448746918805,108.466720773008,NA,NA,NA,62.5605230511004,82.4448746918805,108.466720773008
2022,"Pheasant-tailed Jacana","2022",0.019246082806548,0.0297991657930924,0.0456645917886355,NA,NA,NA,55.512589156948,73.1646873972217,95.4160739124819,NA,NA,NA,55.512589156948,73.1646873972217,95.4160739124819
2023,"Pheasant-tailed Jacana","2023",0.021976929081888,0.0329797513008395,0.0498076846474498,NA,NA,NA,60.8854423887234,80.8368505622521,106.298561451709,NA,NA,NA,60.8854423887234,80.8368505622521,106.298561451709
2024,"Pheasant-tailed Jacana","2024",0.0248109759482977,0.0374108132453442,0.0556153691758817,NA,NA,NA,70.2700141011202,90.8652818164359,117.300479797715,NA,NA,NA,70.2700141011202,90.8652818164359,117.300479797715
2025,"Pheasant-tailed Jacana","2025",0.0228860858578536,0.0349193450400244,0.0524812580315914,NA,NA,NA,64.5300938328279,85.3627395310526,109.694762828118,NA,NA,NA,64.5300938328279,85.3627395310526,109.694762828118
2026,"Pheasant-tailed Jacana","2026",NA,NA,NA,NA,NA,NA,NA,NA,NA,66.9081281190287,81.5070453850076,99.7943500032683,66.9081281190287,81.5070453850076,99.7943500032683
2027,"Pheasant-tailed Jacana","2027",NA,NA,NA,NA,NA,NA,NA,NA,NA,65.3945380349212,81.9443049430132,102.802759325089,65.3945380349212,81.9443049430132,102.802759325089
2028,"Pheasant-tailed Jacana","2028",NA,NA,NA,NA,NA,NA,NA,NA,NA,63.7599710149494,82.2971898999427,106.021946629695,63.7599710149494,82.2971898999427,106.021946629695
2029,"Pheasant-tailed Jacana","2029",NA,NA,NA,NA,NA,NA,NA,NA,NA,62.0919202603231,82.6948869220038,109.509320757913,62.0919202603231,82.6948869220038,109.509320757913
2030,"Pheasant-tailed Jacana","2030",NA,NA,NA,NA,NA,NA,NA,NA,NA,60.6620238263266,83.047447134444,113.313731288989,60.6620238263266,83.047447134444,113.313731288989
2031,"Pheasant-tailed Jacana","2031",NA,NA,NA,NA,NA,NA,NA,NA,NA,59.1984287474927,83.4846555103884,117.25319671633,59.1984287474927,83.4846555103884,117.25319671633
2032,"Pheasant-tailed Jacana","2032",NA,NA,NA,NA,NA,NA,NA,NA,NA,57.7074254178645,83.7658460449139,120.867687689783,57.7074254178645,83.7658460449139,120.867687689783
2033,"Pheasant-tailed Jacana","2033",NA,NA,NA,NA,NA,NA,NA,NA,NA,56.1980859745318,84.0246907130614,124.789687891551,56.1980859745318,84.0246907130614,124.789687891551
1985,"Bronze-winged Jacana","before 2000",NA,NA,NA,NA,NA,NA,NA,NA,NA,NA,NA,NA,NA,NA,NA
2003,"Bronze-winged Jacana","2000-2006",NA,NA,NA,NA,NA,NA,NA,NA,NA,NA,NA,NA,NA,NA,NA
2009,"Bronze-winged Jacana","2007-2010",NA,NA,NA,NA,NA,NA,NA,NA,NA,NA,NA,NA,NA,NA,NA
2012,"Bronze-winged Jacana","2011-2012",NA,NA,NA,NA,NA,NA,NA,NA,NA,NA,NA,NA,NA,NA,NA
2013,"Bronze-winged Jacana","2013",NA,NA,NA,NA,NA,NA,NA,NA,NA,NA,NA,NA,NA,NA,NA
2014,"Bronze-winged Jacana","2014",NA,NA,NA,NA,NA,NA,NA,NA,NA,NA,NA,NA,NA,NA,NA
2015,"Bronze-winged Jacana","2015",0.0522612977928183,0.0769322626030524,0.105670438452592,NA,NA,NA,100,100,100,NA,NA,NA,100,100,100
2016,"Bronze-winged Jacana","2016",0.0487860975276761,0.0705789436477386,0.0975282268243158,NA,NA,NA,73.3705233916872,92.7048843015637,116.200500496657,NA,NA,NA,73.3705233916872,92.7048843015637,116.200500496657
2017,"Bronze-winged Jacana","2017",0.0470996662747687,0.065681795002344,0.0893899892704659,NA,NA,NA,69.1788003064016,85.8491526139591,109.349712325423,NA,NA,NA,69.1788003064016,85.8491526139591,109.349712325423
2018,"Bronze-winged Jacana","2018",0.0655910561447407,0.0930173061560202,0.123164676973168,NA,NA,NA,100.767210642011,120.748177442404,148.243556052439,NA,NA,NA,100.767210642011,120.748177442404,148.243556052439
2019,"Bronze-winged Jacana","2019",0.0528038444372612,0.074024247452842,0.0992237043531937,NA,NA,NA,79.9753316366891,96.4291502449451,118.60607509087,NA,NA,NA,79.9753316366891,96.4291502449451,118.60607509087
2020,"Bronze-winged Jacana","2020",0.0534946953071435,0.07443868941181,0.0986335531698883,NA,NA,NA,80.297915872219,97.2764700950501,118.455801329832,NA,NA,NA,80.297915872219,97.2764700950501,118.455801329832
2021,"Bronze-winged Jacana","2021",0.0599167854284223,0.0827647128244656,0.109433621213195,NA,NA,NA,89.102271470204,108.006391922758,131.261892802632,NA,NA,NA,89.102271470204,108.006391922758,131.261892802632
2022,"Bronze-winged Jacana","2022",0.0638022703161163,0.0873050459494096,0.117384476033229,NA,NA,NA,95.2952153755005,114.304118563512,140.727748006904,NA,NA,NA,95.2952153755005,114.304118563512,140.727748006904
2023,"Bronze-winged Jacana","2023",0.0596466263869893,0.0822842507694399,0.108401778736578,NA,NA,NA,90.4643113082211,107.377566613131,131.771247558118,NA,NA,NA,90.4643113082211,107.377566613131,131.771247558118
2024,"Bronze-winged Jacana","2024",0.0589286090764098,0.0829335817150544,0.110498763305268,NA,NA,NA,90.6887317432691,108.230279632802,132.023903551499,NA,NA,NA,90.6887317432691,108.230279632802,132.023903551499
2025,"Bronze-winged Jacana","2025",0.057997163278319,0.0802862501972229,0.106363072018226,NA,NA,NA,87.5260001673173,104.901568109112,127.580764759158,NA,NA,NA,87.5260001673173,104.901568109112,127.580764759158
2026,"Bronze-winged Jacana","2026",NA,NA,NA,NA,NA,NA,NA,NA,NA,98.3720174159077,111.559640930301,126.423905192113,98.3720174159077,111.559640930301,126.423905192113
2027,"Bronze-winged Jacana","2027",NA,NA,NA,NA,NA,NA,NA,NA,NA,98.1561547445041,113.132414898229,130.363864096949,98.1561547445041,113.132414898229,130.363864096949
2028,"Bronze-winged Jacana","2028",NA,NA,NA,NA,NA,NA,NA,NA,NA,97.7944746927142,114.695815353719,134.48475285566,97.7944746927142,114.695815353719,134.48475285566
2029,"Bronze-winged Jacana","2029",NA,NA,NA,NA,NA,NA,NA,NA,NA,97.4461701417069,116.385183723058,138.812474287512,97.4461701417069,116.385183723058,138.812474287512
2030,"Bronze-winged Jacana","2030",NA,NA,NA,NA,NA,NA,NA,NA,NA,97.0842891459176,117.99105192624,143.066623414345,97.0842891459176,117.99105192624,143.066623414345
2031,"Bronze-winged Jacana","2031",NA,NA,NA,NA,NA,NA,NA,NA,NA,96.7390180626318,119.552796018057,147.815428211993,96.7390180626318,119.552796018057,147.815428211993
2032,"Bronze-winged Jacana","2032",NA,NA,NA,NA,NA,NA,NA,NA,NA,96.2861373534251,121.167379173503,152.56697406874,96.2861373534251,121.167379173503,152.56697406874
2033,"Bronze-winged Jacana","2033",NA,NA,NA,NA,NA,NA,NA,NA,NA,95.9119996076017,122.9533227302,157.60597783794,95.9119996076017,122.9533227302,157.60597783794
1985,"Temminck's Stint","before 2000",NA,NA,NA,NA,NA,NA,NA,NA,NA,NA,NA,NA,NA,NA,NA
2003,"Temminck's Stint","2000-2006",NA,NA,NA,NA,NA,NA,NA,NA,NA,NA,NA,NA,NA,NA,NA
2009,"Temminck's Stint","2007-2010",NA,NA,NA,NA,NA,NA,NA,NA,NA,NA,NA,NA,NA,NA,NA
2012,"Temminck's Stint","2011-2012",NA,NA,NA,NA,NA,NA,NA,NA,NA,NA,NA,NA,NA,NA,NA
2013,"Temminck's Stint","2013",NA,NA,NA,NA,NA,NA,NA,NA,NA,NA,NA,NA,NA,NA,NA
2014,"Temminck's Stint","2014",NA,NA,NA,NA,NA,NA,NA,NA,NA,NA,NA,NA,NA,NA,NA
2015,"Temminck's Stint","2015",0.0227735779864776,0.0392158027849755,0.0619808236910406,NA,NA,NA,100,100,100,NA,NA,NA,100,100,100
2016,"Temminck's Stint","2016",0.017580032134685,0.0292016826253452,0.0468874227125689,NA,NA,NA,51.7262781291752,74.5949162994796,112.383293785417,NA,NA,NA,51.7262781291752,74.5949162994796,112.383293785417
2017,"Temminck's Stint","2017",0.0142284491578041,0.0233165878967199,0.0366709299652465,NA,NA,NA,41.801235400696,59.8576488413716,84.4910016073728,NA,NA,NA,41.801235400696,59.8576488413716,84.4910016073728
2018,"Temminck's Stint","2018",0.0172273790614954,0.0264211410447901,0.0408321938226323,NA,NA,NA,48.9762965791689,68.0969948987796,97.541514842644,NA,NA,NA,48.9762965791689,68.0969948987796,97.541514842644
2019,"Temminck's Stint","2019",0.0131047036543584,0.0203515714091411,0.0310294296724706,NA,NA,NA,38.5393874413869,52.4626151647119,73.5530898830047,NA,NA,NA,38.5393874413869,52.4626151647119,73.5530898830047
2020,"Temminck's Stint","2020",0.0188843156043396,0.0294584448407272,0.0443032223500963,NA,NA,NA,57.2991441694781,75.3743883136616,104.007711986676,NA,NA,NA,57.2991441694781,75.3743883136616,104.007711986676
2021,"Temminck's Stint","2021",0.0143572523346371,0.0220615939319466,0.0331303259125131,NA,NA,NA,42.798473455597,56.4829510990815,78.9923580438433,NA,NA,NA,42.798473455597,56.4829510990815,78.9923580438433
2022,"Temminck's Stint","2022",0.0159892512025431,0.024572996310794,0.0374138472514825,NA,NA,NA,47.6370163299696,62.7348565869611,86.6571634439683,NA,NA,NA,47.6370163299696,62.7348565869611,86.6571634439683
2023,"Temminck's Stint","2023",0.016229980868349,0.0248683532479293,0.0380480032483327,NA,NA,NA,48.6717533537978,63.5476466074915,89.2026237911601,NA,NA,NA,48.6717533537978,63.5476466074915,89.2026237911601
2024,"Temminck's Stint","2024",0.0158728381999821,0.0245006665832415,0.0370191827260943,NA,NA,NA,47.9986030710246,62.8976464352966,87.1450854261277,NA,NA,NA,47.9986030710246,62.8976464352966,87.1450854261277
2025,"Temminck's Stint","2025",0.0148786838251489,0.0230874916167984,0.0347610879932713,NA,NA,NA,44.8647049594198,58.9865513238408,81.7275766542922,NA,NA,NA,44.8647049594198,58.9865513238408,81.7275766542922
2026,"Temminck's Stint","2026",NA,NA,NA,NA,NA,NA,NA,NA,NA,44.2903598250342,55.2423931687668,68.4776686397547,44.2903598250342,55.2423931687668,68.4776686397547
2027,"Temminck's Stint","2027",NA,NA,NA,NA,NA,NA,NA,NA,NA,41.7815595836336,53.6298263674135,68.5930559038723,41.7815595836336,53.6298263674135,68.5930559038723
2028,"Temminck's Stint","2028",NA,NA,NA,NA,NA,NA,NA,NA,NA,39.3718757377647,51.986726256381,68.5933982586242,39.3718757377647,51.986726256381,68.5933982586242
2029,"Temminck's Stint","2029",NA,NA,NA,NA,NA,NA,NA,NA,NA,36.9979208203568,50.4836830903575,68.5942290663803,36.9979208203568,50.4836830903575,68.5942290663803
2030,"Temminck's Stint","2030",NA,NA,NA,NA,NA,NA,NA,NA,NA,34.8158998884516,49.0613216653026,68.6219572512777,34.8158998884516,49.0613216653026,68.6219572512777
2031,"Temminck's Stint","2031",NA,NA,NA,NA,NA,NA,NA,NA,NA,32.8055030347385,47.729178070835,68.7116734283544,32.8055030347385,47.729178070835,68.7116734283544
2032,"Temminck's Stint","2032",NA,NA,NA,NA,NA,NA,NA,NA,NA,30.9074167109198,46.2321089073466,68.8787949556938,30.9074167109198,46.2321089073466,68.8787949556938
2033,"Temminck's Stint","2033",NA,NA,NA,NA,NA,NA,NA,NA,NA,29.0558744121213,44.8852815215168,69.1861100168746,29.0558744121213,44.8852815215168,69.1861100168746
1985,"Little Stint","before 2000",NA,NA,NA,NA,NA,NA,NA,NA,NA,NA,NA,NA,NA,NA,NA
2003,"Little Stint","2000-2006",NA,NA,NA,NA,NA,NA,NA,NA,NA,NA,NA,NA,NA,NA,NA
2009,"Little Stint","2007-2010",NA,NA,NA,NA,NA,NA,NA,NA,NA,NA,NA,NA,NA,NA,NA
2012,"Little Stint","2011-2012",NA,NA,NA,NA,NA,NA,NA,NA,NA,NA,NA,NA,NA,NA,NA
2013,"Little Stint","2013",NA,NA,NA,NA,NA,NA,NA,NA,NA,NA,NA,NA,NA,NA,NA
2014,"Little Stint","2014",NA,NA,NA,NA,NA,NA,NA,NA,NA,NA,NA,NA,NA,NA,NA
2015,"Little Stint","2015",0.0163693951995489,0.0375434606075711,0.0750366632243111,NA,NA,NA,100,100,100,NA,NA,NA,100,100,100
2016,"Little Stint","2016",0.0138176511962355,0.0305805432510434,0.0607198861774232,NA,NA,NA,53.4851042792558,81.7577310862069,126.074868721828,NA,NA,NA,53.4851042792558,81.7577310862069,126.074868721828
2017,"Little Stint","2017",0.0108893633777344,0.0240031892318634,0.0492667191459083,NA,NA,NA,41.8303188369635,63.5131114078008,99.855288194717,NA,NA,NA,41.8303188369635,63.5131114078008,99.855288194717
2018,"Little Stint","2018",0.0115850087314046,0.0244049775230353,0.0487139824641022,NA,NA,NA,44.7408956410762,64.874203879739,98.3673342744659,NA,NA,NA,44.7408956410762,64.874203879739,98.3673342744659
2019,"Little Stint","2019",0.00954915239557727,0.0199217031446968,0.0388018331142933,NA,NA,NA,36.284644814742,53.512018010103,78.8966352640267,NA,NA,NA,36.284644814742,53.512018010103,78.8966352640267
2020,"Little Stint","2020",0.00998671613402457,0.0210899976640174,0.0418057945166002,NA,NA,NA,39.3993252472502,56.0658480311889,84.6822391218778,NA,NA,NA,39.3993252472502,56.0658480311889,84.6822391218778
2021,"Little Stint","2021",0.00765578170496449,0.0157135600080765,0.0316778530724407,NA,NA,NA,29.6654997700255,42.0335824952671,61.6158055541801,NA,NA,NA,29.6654997700255,42.0335824952671,61.6158055541801
2022,"Little Stint","2022",0.00979248889337731,0.0200576031925702,0.0395560207110824,NA,NA,NA,38.6486861070413,53.9033955861086,80.0812412907348,NA,NA,NA,38.6486861070413,53.9033955861086,80.0812412907348
2023,"Little Stint","2023",0.00512229835082557,0.0112069553810102,0.022330665210122,NA,NA,NA,21.0235950555492,29.8348387110495,43.7870522896605,NA,NA,NA,21.0235950555492,29.8348387110495,43.7870522896605
2024,"Little Stint","2024",0.00759204802055459,0.0158324541885665,0.0319733412456588,NA,NA,NA,29.6927626851154,42.6409028736341,63.0057646712847,NA,NA,NA,29.6927626851154,42.6409028736341,63.0057646712847
2025,"Little Stint","2025",0.0125501689549461,0.0252014198536267,0.0485146983917757,NA,NA,NA,47.6159914502243,67.4343033194561,99.0494581911503,NA,NA,NA,47.6159914502243,67.4343033194561,99.0494581911503
2026,"Little Stint","2026",NA,NA,NA,NA,NA,NA,NA,NA,NA,26.8583269770868,37.6397771121901,53.1518504471585,26.8583269770868,37.6397771121901,53.1518504471585
2027,"Little Stint","2027",NA,NA,NA,NA,NA,NA,NA,NA,NA,24.0132304893261,35.1305041464094,51.9775321693115,24.0132304893261,35.1305041464094,51.9775321693115
2028,"Little Stint","2028",NA,NA,NA,NA,NA,NA,NA,NA,NA,21.4384617221421,32.9288574780471,50.9387021047425,21.4384617221421,32.9288574780471,50.9387021047425
2029,"Little Stint","2029",NA,NA,NA,NA,NA,NA,NA,NA,NA,19.1261487208221,30.794689972489,49.9469489075972,19.1261487208221,30.794689972489,49.9469489075972
2030,"Little Stint","2030",NA,NA,NA,NA,NA,NA,NA,NA,NA,17.0314667618925,28.7502581667786,48.9563511449197,17.0314667618925,28.7502581667786,48.9563511449197
2031,"Little Stint","2031",NA,NA,NA,NA,NA,NA,NA,NA,NA,15.1356862999877,26.8678492477503,48.0773132256217,15.1356862999877,26.8678492477503,48.0773132256217
2032,"Little Stint","2032",NA,NA,NA,NA,NA,NA,NA,NA,NA,13.4598023594191,25.155770918425,47.199315718974,13.4598023594191,25.155770918425,47.199315718974
2033,"Little Stint","2033",NA,NA,NA,NA,NA,NA,NA,NA,NA,11.9564565651138,23.5076354542392,46.3169733410791,11.9564565651138,23.5076354542392,46.3169733410791
1985,"Common Snipe","before 2000",NA,NA,NA,NA,NA,NA,NA,NA,NA,NA,NA,NA,NA,NA,NA
2003,"Common Snipe","2000-2006",NA,NA,NA,NA,NA,NA,NA,NA,NA,NA,NA,NA,NA,NA,NA
2009,"Common Snipe","2007-2010",NA,NA,NA,NA,NA,NA,NA,NA,NA,NA,NA,NA,NA,NA,NA
2012,"Common Snipe","2011-2012",NA,NA,NA,NA,NA,NA,NA,NA,NA,NA,NA,NA,NA,NA,NA
2013,"Common Snipe","2013",NA,NA,NA,NA,NA,NA,NA,NA,NA,NA,NA,NA,NA,NA,NA
2014,"Common Snipe","2014",NA,NA,NA,NA,NA,NA,NA,NA,NA,NA,NA,NA,NA,NA,NA
2015,"Common Snipe","2015",0.00317895759220086,0.00563940606735523,0.00898087277285576,NA,NA,NA,100,100,100,NA,NA,NA,100,100,100
2016,"Common Snipe","2016",0.00554255758704063,0.00824520003999837,0.011906972854584,NA,NA,NA,86.6650414750307,147.821276014982,249.005531960644,NA,NA,NA,86.6650414750307,147.821276014982,249.005531960644
2017,"Common Snipe","2017",0.00492165647448997,0.00735722712582888,0.0107374071666099,NA,NA,NA,79.2697053254193,131.504636254849,218.92730729735,NA,NA,NA,79.2697053254193,131.504636254849,218.92730729735
2018,"Common Snipe","2018",0.0048064183512338,0.00680505472799666,0.00962951622194106,NA,NA,NA,73.595457581235,121.945213887181,202.398743890535,NA,NA,NA,73.595457581235,121.945213887181,202.398743890535
2019,"Common Snipe","2019",0.00447091118422588,0.00626392479332,0.00862421609766142,NA,NA,NA,68.3314283591986,112.069018044764,188.990684882664,NA,NA,NA,68.3314283591986,112.069018044764,188.990684882664
2020,"Common Snipe","2020",0.00811456220554139,0.0109685934033264,0.0146341922261442,NA,NA,NA,125.220527512152,193.601904273986,335.248788772147,NA,NA,NA,125.220527512152,193.601904273986,335.248788772147
2021,"Common Snipe","2021",0.00686855922431245,0.00909616037720709,0.0123872603924515,NA,NA,NA,104.48061789154,161.543094184,269.072730661948,NA,NA,NA,104.48061789154,161.543094184,269.072730661948
2022,"Common Snipe","2022",0.0083993260428928,0.0110892976942622,0.0147884166267116,NA,NA,NA,127.262324040167,198.577746349225,331.424276516851,NA,NA,NA,127.262324040167,198.577746349225,331.424276516851
2023,"Common Snipe","2023",0.00800297413460331,0.0107905354432659,0.0140728819626281,NA,NA,NA,122.982620640524,190.113101690877,319.443307992381,NA,NA,NA,122.982620640524,190.113101690877,319.443307992381
2024,"Common Snipe","2024",0.00811351080508346,0.010512449935402,0.0139119550703669,NA,NA,NA,122.570137853031,187.652168354039,308.357735235057,NA,NA,NA,122.570137853031,187.652168354039,308.357735235057
2025,"Common Snipe","2025",0.00740004949784857,0.00982473736042222,0.0128960494455966,NA,NA,NA,112.510693979125,175.24795988,288.288158108654,NA,NA,NA,112.510693979125,175.24795988,288.288158108654
2026,"Common Snipe","2026",NA,NA,NA,NA,NA,NA,NA,NA,NA,169.3642683353,214.302237414456,271.580184542641,169.3642683353,214.302237414456,271.580184542641
2027,"Common Snipe","2027",NA,NA,NA,NA,NA,NA,NA,NA,NA,174.266211136813,226.887072267169,296.997401678317,174.266211136813,226.887072267169,296.997401678317
2028,"Common Snipe","2028",NA,NA,NA,NA,NA,NA,NA,NA,NA,178.860215619574,240.369634145512,323.779851001498,178.860215619574,240.369634145512,323.779851001498
2029,"Common Snipe","2029",NA,NA,NA,NA,NA,NA,NA,NA,NA,183.402596077573,255.162358016565,353.257839724121,183.402596077573,255.162358016565,353.257839724121
2030,"Common Snipe","2030",NA,NA,NA,NA,NA,NA,NA,NA,NA,188.172107308184,271.106835068203,386.875558366142,188.172107308184,271.106835068203,386.875558366142
2031,"Common Snipe","2031",NA,NA,NA,NA,NA,NA,NA,NA,NA,192.724666656799,286.430809286908,423.630213447288,192.724666656799,286.430809286908,423.630213447288
2032,"Common Snipe","2032",NA,NA,NA,NA,NA,NA,NA,NA,NA,196.635121008041,302.867655018486,463.878506206754,196.635121008041,302.867655018486,463.878506206754
2033,"Common Snipe","2033",NA,NA,NA,NA,NA,NA,NA,NA,NA,201.70382468396,321.096552150051,508.1053112092,201.70382468396,321.096552150051,508.1053112092
1985,"Common Sandpiper","before 2000",NA,NA,NA,NA,NA,NA,NA,NA,NA,NA,NA,NA,NA,NA,NA
2003,"Common Sandpiper","2000-2006",NA,NA,NA,NA,NA,NA,NA,NA,NA,NA,NA,NA,NA,NA,NA
2009,"Common Sandpiper","2007-2010",NA,NA,NA,NA,NA,NA,NA,NA,NA,NA,NA,NA,NA,NA,NA
2012,"Common Sandpiper","2011-2012",NA,NA,NA,NA,NA,NA,NA,NA,NA,NA,NA,NA,NA,NA,NA
2013,"Common Sandpiper","2013",NA,NA,NA,NA,NA,NA,NA,NA,NA,NA,NA,NA,NA,NA,NA
2014,"Common Sandpiper","2014",NA,NA,NA,NA,NA,NA,NA,NA,NA,NA,NA,NA,NA,NA,NA
2015,"Common Sandpiper","2015",0.101691914042012,0.144668449385777,0.199930663020578,NA,NA,NA,100,100,100,NA,NA,NA,100,100,100
2016,"Common Sandpiper","2016",0.0973857187413162,0.138751317738304,0.192737558570273,NA,NA,NA,77.9947715759992,95.4022518368074,117.231267532318,NA,NA,NA,77.9947715759992,95.4022518368074,117.231267532318
2017,"Common Sandpiper","2017",0.0880170934015347,0.124657812341495,0.169769325366487,NA,NA,NA,70.1734666583145,85.9006614279146,104.493052438559,NA,NA,NA,70.1734666583145,85.9006614279146,104.493052438559
2018,"Common Sandpiper","2018",0.0804624112065678,0.114884733652175,0.159071104973331,NA,NA,NA,65.6888868638253,78.7459573949716,95.0470813265399,NA,NA,NA,65.6888868638253,78.7459573949716,95.0470813265399
2019,"Common Sandpiper","2019",0.0727916876819098,0.102343695547653,0.141495760482742,NA,NA,NA,59.3943690770193,70.4231026347567,85.054089214278,NA,NA,NA,59.3943690770193,70.4231026347567,85.054089214278
2020,"Common Sandpiper","2020",0.0821954727994062,0.114399486748516,0.15667483503397,NA,NA,NA,66.5835718515479,78.9459313921369,94.5596552407905,NA,NA,NA,66.5835718515479,78.9459313921369,94.5596552407905
2021,"Common Sandpiper","2021",0.0753349828399101,0.106451678205367,0.147111721782403,NA,NA,NA,62.0054169602496,73.6642858949078,87.5650107812985,NA,NA,NA,62.0054169602496,73.6642858949078,87.5650107812985
2022,"Common Sandpiper","2022",0.0707465788497793,0.0986075260067332,0.134663191850266,NA,NA,NA,57.3836570012476,68.2619538607524,80.4990232592101,NA,NA,NA,57.3836570012476,68.2619538607524,80.4990232592101
2023,"Common Sandpiper","2023",0.0664666487740443,0.0922171196913756,0.126151326263617,NA,NA,NA,53.7553234734211,63.3808128413783,75.8536139355581,NA,NA,NA,53.7553234734211,63.3808128413783,75.8536139355581
2024,"Common Sandpiper","2024",0.0724420695517621,0.101574767141791,0.140033238084417,NA,NA,NA,59.5706019289742,70.0444810860319,83.3915077843281,NA,NA,NA,59.5706019289742,70.0444810860319,83.3915077843281
2025,"Common Sandpiper","2025",0.0649890064386354,0.0910384976307133,0.125762524133276,NA,NA,NA,53.3491076891251,62.7669006611155,73.8264788567752,NA,NA,NA,53.3491076891251,62.7669006611155,73.8264788567752
2026,"Common Sandpiper","2026",NA,NA,NA,NA,NA,NA,NA,NA,NA,53.5413258978548,58.8692256959893,64.8105614387711,53.5413258978548,58.8692256959893,64.8105614387711
2027,"Common Sandpiper","2027",NA,NA,NA,NA,NA,NA,NA,NA,NA,50.7253590327392,56.3408665016735,62.7804706456396,50.7253590327392,56.3408665016735,62.7804706456396
2028,"Common Sandpiper","2028",NA,NA,NA,NA,NA,NA,NA,NA,NA,47.9416018340633,53.9056830359573,60.9741444160587,47.9416018340633,53.9056830359573,60.9741444160587
2029,"Common Sandpiper","2029",NA,NA,NA,NA,NA,NA,NA,NA,NA,45.3189722426297,51.6116499609508,59.1427392739371,45.3189722426297,51.6116499609508,59.1427392739371
2030,"Common Sandpiper","2030",NA,NA,NA,NA,NA,NA,NA,NA,NA,42.8072911599761,49.4787283632666,57.4154256036854,42.8072911599761,49.4787283632666,57.4154256036854
2031,"Common Sandpiper","2031",NA,NA,NA,NA,NA,NA,NA,NA,NA,40.425260984912,47.3604377923017,55.8173231511054,40.425260984912,47.3604377923017,55.8173231511054
2032,"Common Sandpiper","2032",NA,NA,NA,NA,NA,NA,NA,NA,NA,38.18129028573,45.4045273611573,54.2084204410883,38.18129028573,45.4045273611573,54.2084204410883
2033,"Common Sandpiper","2033",NA,NA,NA,NA,NA,NA,NA,NA,NA,36.1084998698656,43.5121525246904,52.6927416681742,36.1084998698656,43.5121525246904,52.6927416681742
1985,"Green Sandpiper","before 2000",NA,NA,NA,NA,NA,NA,NA,NA,NA,NA,NA,NA,NA,NA,NA
2003,"Green Sandpiper","2000-2006",NA,NA,NA,NA,NA,NA,NA,NA,NA,NA,NA,NA,NA,NA,NA
2009,"Green Sandpiper","2007-2010",NA,NA,NA,NA,NA,NA,NA,NA,NA,NA,NA,NA,NA,NA,NA
2012,"Green Sandpiper","2011-2012",NA,NA,NA,NA,NA,NA,NA,NA,NA,NA,NA,NA,NA,NA,NA
2013,"Green Sandpiper","2013",NA,NA,NA,NA,NA,NA,NA,NA,NA,NA,NA,NA,NA,NA,NA
2014,"Green Sandpiper","2014",NA,NA,NA,NA,NA,NA,NA,NA,NA,NA,NA,NA,NA,NA,NA
2015,"Green Sandpiper","2015",0.0169025970161306,0.0265338366936754,0.0397596648114765,NA,NA,NA,100,100,100,NA,NA,NA,100,100,100
2016,"Green Sandpiper","2016",0.019554812085757,0.0294056106612636,0.0422034905026123,NA,NA,NA,76.0537473225068,109.559229701906,163.4131898623,NA,NA,NA,76.0537473225068,109.559229701906,163.4131898623
2017,"Green Sandpiper","2017",0.0230251431007171,0.0331509871866916,0.0464617693169102,NA,NA,NA,87.3068098113533,123.876491389899,187.263500499197,NA,NA,NA,87.3068098113533,123.876491389899,187.263500499197
2018,"Green Sandpiper","2018",0.0154202136932255,0.0216800046703979,0.0305894012169563,NA,NA,NA,59.4979902742204,81.5471960699979,119.271275136244,NA,NA,NA,59.4979902742204,81.5471960699979,119.271275136244
2019,"Green Sandpiper","2019",0.013448836040121,0.0190869019703858,0.0264086300238293,NA,NA,NA,51.2586107890124,71.4803087423602,102.053888829183,NA,NA,NA,51.2586107890124,71.4803087423602,102.053888829183
2020,"Green Sandpiper","2020",0.0205196123723299,0.0275617552001922,0.0377223307265593,NA,NA,NA,77.7184476699847,104.062038451543,146.544843359547,NA,NA,NA,77.7184476699847,104.062038451543,146.544843359547
2021,"Green Sandpiper","2021",0.0206651375665494,0.0282416446048706,0.038325301629994,NA,NA,NA,78.4556237257603,106.37338624121,152.141893015356,NA,NA,NA,78.4556237257603,106.37338624121,152.141893015356
2022,"Green Sandpiper","2022",0.0175716841857743,0.0238523694632135,0.0327101983351726,NA,NA,NA,65.6325794518693,90.1892486183386,128.687048937419,NA,NA,NA,65.6325794518693,90.1892486183386,128.687048937419
2023,"Green Sandpiper","2023",0.0155006157569861,0.0209351128365045,0.0288284307301823,NA,NA,NA,57.846803276491,78.9636058979871,112.808008012211,NA,NA,NA,57.846803276491,78.9636058979871,112.808008012211
2024,"Green Sandpiper","2024",0.0199825254455346,0.0266483715700157,0.0358420124517943,NA,NA,NA,73.6219718939684,101.154656116194,143.592419372398,NA,NA,NA,73.6219718939684,101.154656116194,143.592419372398
2025,"Green Sandpiper","2025",0.0190706847658309,0.0258133746357408,0.0352181765707739,NA,NA,NA,71.9313770187271,98.3350927822137,140.041389297894,NA,NA,NA,71.9313770187271,98.3350927822137,140.041389297894
2026,"Green Sandpiper","2026",NA,NA,NA,NA,NA,NA,NA,NA,NA,71.8102085106344,89.5313969778365,112.204948441962,71.8102085106344,89.5313969778365,112.204948441962
2027,"Green Sandpiper","2027",NA,NA,NA,NA,NA,NA,NA,NA,NA,68.9780755771147,88.6022446639384,114.457336773118,68.9780755771147,88.6022446639384,114.457336773118
2028,"Green Sandpiper","2028",NA,NA,NA,NA,NA,NA,NA,NA,NA,66.1844493813247,87.7734541881131,116.608137575009,66.1844493813247,87.7734541881131,116.608137575009
2029,"Green Sandpiper","2029",NA,NA,NA,NA,NA,NA,NA,NA,NA,63.4763253435867,87.0069935763031,118.914000245369,63.4763253435867,87.0069935763031,118.914000245369
2030,"Green Sandpiper","2030",NA,NA,NA,NA,NA,NA,NA,NA,NA,60.7802113973586,86.1433196424681,121.339679234639,60.7802113973586,86.1433196424681,121.339679234639
2031,"Green Sandpiper","2031",NA,NA,NA,NA,NA,NA,NA,NA,NA,58.2463598695162,85.1780847555803,123.649518078155,58.2463598695162,85.1780847555803,123.649518078155
2032,"Green Sandpiper","2032",NA,NA,NA,NA,NA,NA,NA,NA,NA,55.7852130727105,84.2290427399612,126.218876786691,55.7852130727105,84.2290427399612,126.218876786691
2033,"Green Sandpiper","2033",NA,NA,NA,NA,NA,NA,NA,NA,NA,53.4704433088342,83.2512648594343,128.888376212176,53.4704433088342,83.2512648594343,128.888376212176
1985,"Common Greenshank","before 2000",NA,NA,NA,NA,NA,NA,NA,NA,NA,NA,NA,NA,NA,NA,NA
2003,"Common Greenshank","2000-2006",NA,NA,NA,NA,NA,NA,NA,NA,NA,NA,NA,NA,NA,NA,NA
2009,"Common Greenshank","2007-2010",NA,NA,NA,NA,NA,NA,NA,NA,NA,NA,NA,NA,NA,NA,NA
2012,"Common Greenshank","2011-2012",NA,NA,NA,NA,NA,NA,NA,NA,NA,NA,NA,NA,NA,NA,NA
2013,"Common Greenshank","2013",NA,NA,NA,NA,NA,NA,NA,NA,NA,NA,NA,NA,NA,NA,NA
2014,"Common Greenshank","2014",NA,NA,NA,NA,NA,NA,NA,NA,NA,NA,NA,NA,NA,NA,NA
2015,"Common Greenshank","2015",0.0188759043618214,0.0322400348180493,0.0523312940268211,NA,NA,NA,100,100,100,NA,NA,NA,100,100,100
2016,"Common Greenshank","2016",0.0307462479966599,0.0500057098207638,0.0771290611100383,NA,NA,NA,108.099059682762,154.956336752306,225.392836760584,NA,NA,NA,108.099059682762,154.956336752306,225.392836760584
2017,"Common Greenshank","2017",0.0237066169279156,0.0361584722532115,0.0561075568106031,NA,NA,NA,79.3019887854696,113.636213829646,167.659660607796,NA,NA,NA,79.3019887854696,113.636213829646,167.659660607796
2018,"Common Greenshank","2018",0.0181390480404303,0.0288485444899878,0.0429962120821093,NA,NA,NA,63.402550614527,89.1363399376512,129.837937351571,NA,NA,NA,63.402550614527,89.1363399376512,129.837937351571
2019,"Common Greenshank","2019",0.0177682827556686,0.0274319491684973,0.0417848208029935,NA,NA,NA,61.4631717995501,85.5918629127655,123.34938856034,NA,NA,NA,61.4631717995501,85.5918629127655,123.34938856034
2020,"Common Greenshank","2020",0.0205514252675255,0.0316755042264557,0.0471778066446146,NA,NA,NA,72.4657002885856,98.0851316705314,140.858568865845,NA,NA,NA,72.4657002885856,98.0851316705314,140.858568865845
2021,"Common Greenshank","2021",0.0145880397026829,0.0222354915866225,0.03374519001402,NA,NA,NA,50.4281677058575,69.2338416013184,99.2397223568485,NA,NA,NA,50.4281677058575,69.2338416013184,99.2397223568485
2022,"Common Greenshank","2022",0.0142574476404908,0.0222429758913925,0.0336349210895513,NA,NA,NA,51.2955458045149,69.1439716493301,100.174748782988,NA,NA,NA,51.2955458045149,69.1439716493301,100.174748782988
2023,"Common Greenshank","2023",0.0159694836881992,0.0246108721178249,0.0378377266638905,NA,NA,NA,57.0729588349305,76.4711369078332,109.767897243313,NA,NA,NA,57.0729588349305,76.4711369078332,109.767897243313
2024,"Common Greenshank","2024",0.0161049340207359,0.0244808425492031,0.037308357981221,NA,NA,NA,55.7669937223449,76.6943359060957,108.813300599823,NA,NA,NA,55.7669937223449,76.6943359060957,108.813300599823
2025,"Common Greenshank","2025",0.0169632973413313,0.0259790596809042,0.0388151953078085,NA,NA,NA,58.3712595721964,80.2970491808869,113.822570886705,NA,NA,NA,58.3712595721964,80.2970491808869,113.822570886705
2026,"Common Greenshank","2026",NA,NA,NA,NA,NA,NA,NA,NA,NA,51.9307290024412,65.0594268578506,81.998128043929,51.9307290024412,65.0594268578506,81.998128043929
2027,"Common Greenshank","2027",NA,NA,NA,NA,NA,NA,NA,NA,NA,47.7508704839476,61.7298713194035,80.1766355814904,47.7508704839476,61.7298713194035,80.1766355814904
2028,"Common Greenshank","2028",NA,NA,NA,NA,NA,NA,NA,NA,NA,43.7063093085824,58.5809764182435,78.501800789995,43.7063093085824,58.5809764182435,78.501800789995
2029,"Common Greenshank","2029",NA,NA,NA,NA,NA,NA,NA,NA,NA,40.1765941649986,55.6883928987107,77.001374390209,40.1765941649986,55.6883928987107,77.001374390209
2030,"Common Greenshank","2030",NA,NA,NA,NA,NA,NA,NA,NA,NA,36.9461883609614,52.850278110924,75.3024412601745,36.9461883609614,52.850278110924,75.3024412601745
2031,"Common Greenshank","2031",NA,NA,NA,NA,NA,NA,NA,NA,NA,33.9680096724865,50.1876088035497,73.9217507026017,33.9680096724865,50.1876088035497,73.9217507026017
2032,"Common Greenshank","2032",NA,NA,NA,NA,NA,NA,NA,NA,NA,31.1711144224725,47.6677116184049,72.4397369253767,31.1711144224725,47.6677116184049,72.4397369253767
2033,"Common Greenshank","2033",NA,NA,NA,NA,NA,NA,NA,NA,NA,28.5629187865263,45.1770401669301,71.0542810718324,28.5629187865263,45.1770401669301,71.0542810718324
1985,"Wood Sandpiper","before 2000",NA,NA,NA,NA,NA,NA,NA,NA,NA,NA,NA,NA,NA,NA,NA
2003,"Wood Sandpiper","2000-2006",NA,NA,NA,NA,NA,NA,NA,NA,NA,NA,NA,NA,NA,NA,NA
2009,"Wood Sandpiper","2007-2010",NA,NA,NA,NA,NA,NA,NA,NA,NA,NA,NA,NA,NA,NA,NA
2012,"Wood Sandpiper","2011-2012",NA,NA,NA,NA,NA,NA,NA,NA,NA,NA,NA,NA,NA,NA,NA
2013,"Wood Sandpiper","2013",NA,NA,NA,NA,NA,NA,NA,NA,NA,NA,NA,NA,NA,NA,NA
2014,"Wood Sandpiper","2014",NA,NA,NA,NA,NA,NA,NA,NA,NA,NA,NA,NA,NA,NA,NA
2015,"Wood Sandpiper","2015",0.0127095090537102,0.0211135396872584,0.032498497334401,NA,NA,NA,100,100,100,NA,NA,NA,100,100,100
2016,"Wood Sandpiper","2016",0.0107600307629765,0.0174329462996117,0.0263209383580178,NA,NA,NA,58.5815482610887,82.3538552713055,118.999789379708,NA,NA,NA,58.5815482610887,82.3538552713055,118.999789379708
2017,"Wood Sandpiper","2017",0.0115888995609131,0.0185603962175242,0.0278414160720492,NA,NA,NA,63.4621458106423,87.7153419428176,123.219881589753,NA,NA,NA,63.4621458106423,87.7153419428176,123.219881589753
2018,"Wood Sandpiper","2018",0.0123507629181688,0.0190144207616576,0.0280978844950801,NA,NA,NA,67.4986921526667,90.0039879724043,124.988568207808,NA,NA,NA,67.4986921526667,90.0039879724043,124.988568207808
2019,"Wood Sandpiper","2019",0.0074242259272656,0.0115321007708838,0.0169303724704712,NA,NA,NA,40.3767564092337,54.993202340344,76.3257027854971,NA,NA,NA,40.3767564092337,54.993202340344,76.3257027854971
2020,"Wood Sandpiper","2020",0.012196689291264,0.0186622003655191,0.0272374893663718,NA,NA,NA,66.2265828262303,87.8361110039198,118.376461454,NA,NA,NA,66.2265828262303,87.8361110039198,118.376461454
2021,"Wood Sandpiper","2021",0.00938439607301686,0.0145646885719858,0.0211475667612895,NA,NA,NA,51.7829088375562,68.5226931029054,93.9622868289399,NA,NA,NA,51.7829088375562,68.5226931029054,93.9622868289399
2022,"Wood Sandpiper","2022",0.0100493405310692,0.0156594873133858,0.0226901302649794,NA,NA,NA,55.1926751879344,73.7660328336158,100.589087073818,NA,NA,NA,55.1926751879344,73.7660328336158,100.589087073818
2023,"Wood Sandpiper","2023",0.00984586812650258,0.0152243188655075,0.0218416272951491,NA,NA,NA,54.9235256015055,71.7739034810881,96.9545918149448,NA,NA,NA,54.9235256015055,71.7739034810881,96.9545918149448
2024,"Wood Sandpiper","2024",0.01100112165569,0.0166356238391454,0.0237352074674678,NA,NA,NA,60.0628987407069,78.3116164181651,105.590538172159,NA,NA,NA,60.0628987407069,78.3116164181651,105.590538172159
2025,"Wood Sandpiper","2025",0.0115279398368733,0.0177617131197427,0.0254463064438438,NA,NA,NA,63.6391176837008,84.4271255162244,113.915280571977,NA,NA,NA,63.6391176837008,84.4271255162244,113.915280571977
2026,"Wood Sandpiper","2026",NA,NA,NA,NA,NA,NA,NA,NA,NA,57.067273438403,71.4490140539579,89.2302316921515,57.067273438403,71.4490140539579,89.2302316921515
2027,"Wood Sandpiper","2027",NA,NA,NA,NA,NA,NA,NA,NA,NA,54.5169245358365,70.3005338718755,90.414493721141,54.5169245358365,70.3005338718755,90.414493721141
2028,"Wood Sandpiper","2028",NA,NA,NA,NA,NA,NA,NA,NA,NA,51.9580574720159,69.081347422433,91.7127775208357,51.9580574720159,69.081347422433,91.7127775208357
2029,"Wood Sandpiper","2029",NA,NA,NA,NA,NA,NA,NA,NA,NA,49.6276280964998,67.9613904052729,93.0412765257209,49.6276280964998,67.9613904052729,93.0412765257209
2030,"Wood Sandpiper","2030",NA,NA,NA,NA,NA,NA,NA,NA,NA,47.3769579452442,66.9176714491364,94.5286460714475,47.3769579452442,66.9176714491364,94.5286460714475
2031,"Wood Sandpiper","2031",NA,NA,NA,NA,NA,NA,NA,NA,NA,45.1965526343914,65.7812024178276,96.0611358914542,45.1965526343914,65.7812024178276,96.0611358914542
2032,"Wood Sandpiper","2032",NA,NA,NA,NA,NA,NA,NA,NA,NA,43.175830473535,64.7723900605627,97.5096276587704,43.175830473535,64.7723900605627,97.5096276587704
2033,"Wood Sandpiper","2033",NA,NA,NA,NA,NA,NA,NA,NA,NA,41.0987215421656,63.6954955867885,98.9786629685289,41.0987215421656,63.6954955867885,98.9786629685289
1985,"Asian Openbill","before 2000",NA,NA,NA,NA,NA,NA,NA,NA,NA,NA,NA,NA,NA,NA,NA
2003,"Asian Openbill","2000-2006",NA,NA,NA,NA,NA,NA,NA,NA,NA,NA,NA,NA,NA,NA,NA
2009,"Asian Openbill","2007-2010",NA,NA,NA,NA,NA,NA,NA,NA,NA,NA,NA,NA,NA,NA,NA
2012,"Asian Openbill","2011-2012",NA,NA,NA,NA,NA,NA,NA,NA,NA,NA,NA,NA,NA,NA,NA
2013,"Asian Openbill","2013",NA,NA,NA,NA,NA,NA,NA,NA,NA,NA,NA,NA,NA,NA,NA
2014,"Asian Openbill","2014",NA,NA,NA,NA,NA,NA,NA,NA,NA,NA,NA,NA,NA,NA,NA
2015,"Asian Openbill","2015",0.137410351131118,0.187524938598762,0.249333559379283,NA,NA,NA,100,100,100,NA,NA,NA,100,100,100
2016,"Asian Openbill","2016",0.118715637064328,0.162581134880612,0.217670775861663,NA,NA,NA,72.5373407010791,86.7507534257252,103.99701729027,NA,NA,NA,72.5373407010791,86.7507534257252,103.99701729027
2017,"Asian Openbill","2017",0.125443407205014,0.171390763604903,0.230175156175484,NA,NA,NA,77.5299628828142,91.9861778207476,109.471664983773,NA,NA,NA,77.5299628828142,91.9861778207476,109.471664983773
2018,"Asian Openbill","2018",0.134081174577843,0.177888094012849,0.233688289624602,NA,NA,NA,81.3104724425907,95.3933982070499,112.396264809557,NA,NA,NA,81.3104724425907,95.3933982070499,112.396264809557
2019,"Asian Openbill","2019",0.134566705727252,0.179072619883086,0.236719227872024,NA,NA,NA,83.1990993659498,96.0419023878204,112.78674828357,NA,NA,NA,83.1990993659498,96.0419023878204,112.78674828357
2020,"Asian Openbill","2020",0.162024887396595,0.215953251448305,0.280405485545633,NA,NA,NA,99.9515483421231,115.35172793986,135.936650643949,NA,NA,NA,99.9515483421231,115.35172793986,135.936650643949
2021,"Asian Openbill","2021",0.164097322597903,0.216692020109607,0.285644570712077,NA,NA,NA,101.075730195684,115.687916483653,134.578750774857,NA,NA,NA,101.075730195684,115.687916483653,134.578750774857
2022,"Asian Openbill","2022",0.136310243737173,0.182641724876984,0.240526309645002,NA,NA,NA,84.8880350151975,97.745326844653,114.428683241797,NA,NA,NA,84.8880350151975,97.745326844653,114.428683241797
2023,"Asian Openbill","2023",0.133330118266452,0.178189684263661,0.233180509732047,NA,NA,NA,82.6494830493007,95.4881624348068,111.129540910579,NA,NA,NA,82.6494830493007,95.4881624348068,111.129540910579
2024,"Asian Openbill","2024",0.140504019461491,0.186739419463892,0.243772517985655,NA,NA,NA,87.0789283963204,99.9664401086568,115.715747072442,NA,NA,NA,87.0789283963204,99.9664401086568,115.715747072442
2025,"Asian Openbill","2025",0.155579667709231,0.205562044055047,0.268837743813341,NA,NA,NA,95.8799433486152,110.052441150159,128.050265521755,NA,NA,NA,95.8799433486152,110.052441150159,128.050265521755
2026,"Asian Openbill","2026",NA,NA,NA,NA,NA,NA,NA,NA,NA,96.1255880259928,107.971405780011,121.313883478178,96.1255880259928,107.971405780011,121.313883478178
2027,"Asian Openbill","2027",NA,NA,NA,NA,NA,NA,NA,NA,NA,95.8984480109379,109.280718459451,124.810819861345,95.8984480109379,109.280718459451,124.810819861345
2028,"Asian Openbill","2028",NA,NA,NA,NA,NA,NA,NA,NA,NA,95.5411766777025,110.830994774453,128.457106484373,95.5411766777025,110.830994774453,128.457106484373
2029,"Asian Openbill","2029",NA,NA,NA,NA,NA,NA,NA,NA,NA,95.2154465300079,112.22038832983,132.318554573359,95.2154465300079,112.22038832983,132.318554573359
2030,"Asian Openbill","2030",NA,NA,NA,NA,NA,NA,NA,NA,NA,94.8980605627087,113.666118126824,136.256716985031,94.8980605627087,113.666118126824,136.256716985031
2031,"Asian Openbill","2031",NA,NA,NA,NA,NA,NA,NA,NA,NA,94.4890426519294,115.142023072242,140.301619781588,94.4890426519294,115.142023072242,140.301619781588
2032,"Asian Openbill","2032",NA,NA,NA,NA,NA,NA,NA,NA,NA,94.0702931245774,116.598362264014,144.578557530493,94.0702931245774,116.598362264014,144.578557530493
2033,"Asian Openbill","2033",NA,NA,NA,NA,NA,NA,NA,NA,NA,93.6173039418761,118.075064304279,149.048213506176,93.6173039418761,118.075064304279,149.048213506176
1985,"Lesser Adjutant","before 2000",NA,NA,NA,NA,NA,NA,NA,NA,NA,NA,NA,NA,NA,NA,NA
2003,"Lesser Adjutant","2000-2006",NA,NA,NA,NA,NA,NA,NA,NA,NA,NA,NA,NA,NA,NA,NA
2009,"Lesser Adjutant","2007-2010",NA,NA,NA,NA,NA,NA,NA,NA,NA,NA,NA,NA,NA,NA,NA
2012,"Lesser Adjutant","2011-2012",NA,NA,NA,NA,NA,NA,NA,NA,NA,NA,NA,NA,NA,NA,NA
2013,"Lesser Adjutant","2013",NA,NA,NA,NA,NA,NA,NA,NA,NA,NA,NA,NA,NA,NA,NA
2014,"Lesser Adjutant","2014",NA,NA,NA,NA,NA,NA,NA,NA,NA,NA,NA,NA,NA,NA,NA
2015,"Lesser Adjutant","2015",0.0120908680063146,0.0310762149215323,0.0671785940589113,NA,NA,NA,100,100,100,NA,NA,NA,100,100,100
2016,"Lesser Adjutant","2016",0.0116876466004365,0.0280128520162181,0.0617425644453114,NA,NA,NA,58.2582728833717,90.5838535923344,143.827135211421,NA,NA,NA,58.2582728833717,90.5838535923344,143.827135211421
2017,"Lesser Adjutant","2017",0.0163951152218906,0.0385347187183624,0.0831831678295066,NA,NA,NA,84.1383990605389,125.908152703685,184.11414341588,NA,NA,NA,84.1383990605389,125.908152703685,184.11414341588
2018,"Lesser Adjutant","2018",0.0130961300013056,0.0299348283936129,0.066495557827612,NA,NA,NA,68.4222773580597,98.4075151634377,143.030002964608,NA,NA,NA,68.4222773580597,98.4075151634377,143.030002964608
2019,"Lesser Adjutant","2019",0.0140997562287971,0.0310622090519249,0.0668741139161551,NA,NA,NA,70.0561122960989,101.963356793139,145.638585771655,NA,NA,NA,70.0561122960989,101.963356793139,145.638585771655
2020,"Lesser Adjutant","2020",0.0135986668867286,0.031079045794846,0.0675450251229669,NA,NA,NA,71.654546312069,101.680046849308,143.309453311519,NA,NA,NA,71.654546312069,101.680046849308,143.309453311519
2021,"Lesser Adjutant","2021",0.010897232017637,0.0254746376708163,0.0558458845529381,NA,NA,NA,59.6166344478126,84.0773765652388,122.495424920111,NA,NA,NA,59.6166344478126,84.0773765652388,122.495424920111
2022,"Lesser Adjutant","2022",0.0137584292222477,0.0308263738488126,0.065428379750552,NA,NA,NA,71.9278012695707,101.343073389965,145.249026214783,NA,NA,NA,71.9278012695707,101.343073389965,145.249026214783
2023,"Lesser Adjutant","2023",0.0157867969095904,0.0355562748584173,0.0764526138580735,NA,NA,NA,81.7920893668103,115.965487740169,165.607108666262,NA,NA,NA,81.7920893668103,115.965487740169,165.607108666262
2024,"Lesser Adjutant","2024",0.0107393484406754,0.0244709444836921,0.0526329314439444,NA,NA,NA,56.8711844344133,80.5505391285863,115.477852991015,NA,NA,NA,56.8711844344133,80.5505391285863,115.477852991015
2025,"Lesser Adjutant","2025",0.00970706830524904,0.0217422253629885,0.0465693468137308,NA,NA,NA,50.4058467266171,71.6244652792126,101.515491505333,NA,NA,NA,50.4058467266171,71.6244652792126,101.515491505333
2026,"Lesser Adjutant","2026",NA,NA,NA,NA,NA,NA,NA,NA,NA,68.3597921558072,83.8622836127782,103.330227867184,68.3597921558072,83.8622836127782,103.330227867184
2027,"Lesser Adjutant","2027",NA,NA,NA,NA,NA,NA,NA,NA,NA,64.9362250508401,82.0944825909611,104.101042545,64.9362250508401,82.0944825909611,104.101042545
2028,"Lesser Adjutant","2028",NA,NA,NA,NA,NA,NA,NA,NA,NA,61.6548067656381,80.2917260709052,104.682772073514,61.6548067656381,80.2917260709052,104.682772073514
2029,"Lesser Adjutant","2029",NA,NA,NA,NA,NA,NA,NA,NA,NA,58.6659034895438,78.465805606951,105.289701473326,58.6659034895438,78.465805606951,105.289701473326
2030,"Lesser Adjutant","2030",NA,NA,NA,NA,NA,NA,NA,NA,NA,55.5401342718794,76.7651118995853,105.776228993506,55.5401342718794,76.7651118995853,105.776228993506
2031,"Lesser Adjutant","2031",NA,NA,NA,NA,NA,NA,NA,NA,NA,52.6720588370275,75.018943758317,106.447047753169,52.6720588370275,75.018943758317,106.447047753169
2032,"Lesser Adjutant","2032",NA,NA,NA,NA,NA,NA,NA,NA,NA,49.8432271678069,73.2805728877372,107.322815380138,49.8432271678069,73.2805728877372,107.322815380138
2033,"Lesser Adjutant","2033",NA,NA,NA,NA,NA,NA,NA,NA,NA,47.3634364185738,71.5800279821258,107.846888948648,47.3634364185738,71.5800279821258,107.846888948648
1985,"Little Cormorant","before 2000",NA,NA,NA,NA,NA,NA,NA,NA,NA,NA,NA,NA,NA,NA,NA
2003,"Little Cormorant","2000-2006",NA,NA,NA,NA,NA,NA,NA,NA,NA,NA,NA,NA,NA,NA,NA
2009,"Little Cormorant","2007-2010",NA,NA,NA,NA,NA,NA,NA,NA,NA,NA,NA,NA,NA,NA,NA
2012,"Little Cormorant","2011-2012",NA,NA,NA,NA,NA,NA,NA,NA,NA,NA,NA,NA,NA,NA,NA
2013,"Little Cormorant","2013",NA,NA,NA,NA,NA,NA,NA,NA,NA,NA,NA,NA,NA,NA,NA
2014,"Little Cormorant","2014",NA,NA,NA,NA,NA,NA,NA,NA,NA,NA,NA,NA,NA,NA,NA
2015,"Little Cormorant","2015",0.287023977265239,0.343117761714948,0.406094014953831,NA,NA,NA,100,100,100,NA,NA,NA,100,100,100
2016,"Little Cormorant","2016",0.304369334279086,0.357517356267878,0.414051065611465,NA,NA,NA,91.5426848139689,104.309782534347,118.413117017022,NA,NA,NA,91.5426848139689,104.309782534347,118.413117017022
2017,"Little Cormorant","2017",0.267810923925318,0.312625750019703,0.363285011342183,NA,NA,NA,80.5452136573989,91.2500398230515,104.183498296861,NA,NA,NA,80.5452136573989,91.2500398230515,104.183498296861
2018,"Little Cormorant","2018",0.29058611018467,0.334688388966649,0.384586209832971,NA,NA,NA,87.2368739986443,97.8032778826421,110.420572028298,NA,NA,NA,87.2368739986443,97.8032778826421,110.420572028298
2019,"Little Cormorant","2019",0.285322943285344,0.326887244932586,0.376184907059362,NA,NA,NA,85.5369314298155,95.2902620740447,106.807279437251,NA,NA,NA,85.5369314298155,95.2902620740447,106.807279437251
2020,"Little Cormorant","2020",0.335344751597207,0.381789018181892,0.435009756562738,NA,NA,NA,100.14118856353,111.25607967973,124.571859500391,NA,NA,NA,100.14118856353,111.25607967973,124.571859500391
2021,"Little Cormorant","2021",0.365991915908776,0.414821571288716,0.470101714596482,NA,NA,NA,109.350807767933,121.185590980534,135.021398138539,NA,NA,NA,109.350807767933,121.185590980534,135.021398138539
2022,"Little Cormorant","2022",0.303414229247782,0.347656419545497,0.395539815033426,NA,NA,NA,91.6949257113754,101.488868937362,113.144456844085,NA,NA,NA,91.6949257113754,101.488868937362,113.144456844085
2023,"Little Cormorant","2023",0.291300935408163,0.333629886003352,0.380529980774203,NA,NA,NA,88.3107674538152,97.3191294329997,108.742851198435,NA,NA,NA,88.3107674538152,97.3191294329997,108.742851198435
2024,"Little Cormorant","2024",0.307393104072539,0.349961518078792,0.39970252015577,NA,NA,NA,92.4845959773926,101.884869100574,113.954768852863,NA,NA,NA,92.4845959773926,101.884869100574,113.954768852863
2025,"Little Cormorant","2025",0.297686956595207,0.337882728963185,0.384036290500723,NA,NA,NA,88.983606053976,98.4916107760681,110.196973961502,NA,NA,NA,88.983606053976,98.4916107760681,110.196973961502
2026,"Little Cormorant","2026",NA,NA,NA,NA,NA,NA,NA,NA,NA,92.966812481156,103.48467570138,115.085469281908,92.966812481156,103.48467570138,115.085469281908
2027,"Little Cormorant","2027",NA,NA,NA,NA,NA,NA,NA,NA,NA,91.990272510328,103.813900395639,117.052769906526,91.990272510328,103.813900395639,117.052769906526
2028,"Little Cormorant","2028",NA,NA,NA,NA,NA,NA,NA,NA,NA,90.9672160958901,104.055889524353,119.08738024599,90.9672160958901,104.055889524353,119.08738024599
2029,"Little Cormorant","2029",NA,NA,NA,NA,NA,NA,NA,NA,NA,89.8802893837443,104.391923705887,121.229276940097,89.8802893837443,104.391923705887,121.229276940097
2030,"Little Cormorant","2030",NA,NA,NA,NA,NA,NA,NA,NA,NA,88.8093668455124,104.690272593819,123.526717727234,88.8093668455124,104.690272593819,123.526717727234
2031,"Little Cormorant","2031",NA,NA,NA,NA,NA,NA,NA,NA,NA,87.6954457038739,105.013662371519,125.710585992266,87.6954457038739,105.013662371519,125.710585992266
2032,"Little Cormorant","2032",NA,NA,NA,NA,NA,NA,NA,NA,NA,86.6104980897077,105.315014313533,128.048370937956,86.6104980897077,105.315014313533,128.048370937956
2033,"Little Cormorant","2033",NA,NA,NA,NA,NA,NA,NA,NA,NA,85.547867895736,105.657282873495,130.52884275062,85.547867895736,105.657282873495,130.52884275062
1985,"Great Cormorant","before 2000",NA,NA,NA,NA,NA,NA,NA,NA,NA,NA,NA,NA,NA,NA,NA
2003,"Great Cormorant","2000-2006",NA,NA,NA,NA,NA,NA,NA,NA,NA,NA,NA,NA,NA,NA,NA
2009,"Great Cormorant","2007-2010",NA,NA,NA,NA,NA,NA,NA,NA,NA,NA,NA,NA,NA,NA,NA
2012,"Great Cormorant","2011-2012",NA,NA,NA,NA,NA,NA,NA,NA,NA,NA,NA,NA,NA,NA,NA
2013,"Great Cormorant","2013",NA,NA,NA,NA,NA,NA,NA,NA,NA,NA,NA,NA,NA,NA,NA
2014,"Great Cormorant","2014",NA,NA,NA,NA,NA,NA,NA,NA,NA,NA,NA,NA,NA,NA,NA
2015,"Great Cormorant","2015",0.0394626319138842,0.0611088526855853,0.0895382723038478,NA,NA,NA,100,100,100,NA,NA,NA,100,100,100
2016,"Great Cormorant","2016",0.0330974304735569,0.0498904462856557,0.0751838656606197,NA,NA,NA,61.2884681144449,82.3378162023748,109.993092561381,NA,NA,NA,61.2884681144449,82.3378162023748,109.993092561381
2017,"Great Cormorant","2017",0.0273071469831684,0.0408852410133052,0.0589705974964462,NA,NA,NA,50.4242370080481,66.9945197603897,88.608679144523,NA,NA,NA,50.4242370080481,66.9945197603897,88.608679144523
2018,"Great Cormorant","2018",0.0296364895559689,0.0427726685973874,0.061888912569276,NA,NA,NA,53.727749230844,70.4427481240658,91.8889357333215,NA,NA,NA,53.727749230844,70.4427481240658,91.8889357333215
2019,"Great Cormorant","2019",0.0256802297567807,0.036611967148171,0.0517038117002673,NA,NA,NA,48.283310427757,60.7982342056513,77.6235430883512,NA,NA,NA,48.283310427757,60.7982342056513,77.6235430883512
2020,"Great Cormorant","2020",0.0260983840672448,0.0373673974513003,0.0521879197387406,NA,NA,NA,48.0929326434653,61.5003187468943,78.7691673462745,NA,NA,NA,48.0929326434653,61.5003187468943,78.7691673462745
2021,"Great Cormorant","2021",0.0252817044866124,0.0356638718078788,0.0501687573856275,NA,NA,NA,46.9366384043177,59.3943055846478,75.9134807787416,NA,NA,NA,46.9366384043177,59.3943055846478,75.9134807787416
2022,"Great Cormorant","2022",0.0251885476622646,0.0355001188986699,0.0500120095709932,NA,NA,NA,46.0886797944878,58.4964025864108,73.7892202685522,NA,NA,NA,46.0886797944878,58.4964025864108,73.7892202685522
2023,"Great Cormorant","2023",0.0198533584006665,0.0279729452265655,0.03976168668718,NA,NA,NA,36.3028246750774,46.3277635571569,58.1784615821181,NA,NA,NA,36.3028246750774,46.3277635571569,58.1784615821181
2024,"Great Cormorant","2024",0.0211404396910303,0.0300040015546781,0.0423595623825311,NA,NA,NA,39.2933164385047,49.6580603443519,63.094132257634,NA,NA,NA,39.2933164385047,49.6580603443519,63.094132257634
2025,"Great Cormorant","2025",0.0201337209485832,0.028395787046688,0.0397132754304467,NA,NA,NA,37.1962070071751,47.2289350983071,59.6023377860468,NA,NA,NA,37.1962070071751,47.2289350983071,59.6023377860468
2026,"Great Cormorant","2026",NA,NA,NA,NA,NA,NA,NA,NA,NA,36.8439877767445,41.845481473385,47.344042387613,36.8439877767445,41.845481473385,47.344042387613
2027,"Great Cormorant","2027",NA,NA,NA,NA,NA,NA,NA,NA,NA,33.882084725824,39.0629086481982,45.002878894064,33.882084725824,39.0629086481982,45.002878894064
2028,"Great Cormorant","2028",NA,NA,NA,NA,NA,NA,NA,NA,NA,31.1298470888806,36.5775687177645,42.8148558582608,31.1298470888806,36.5775687177645,42.8148558582608
2029,"Great Cormorant","2029",NA,NA,NA,NA,NA,NA,NA,NA,NA,28.6021429904667,34.2183753206787,40.7949494538996,28.6021429904667,34.2183753206787,40.7949494538996
2030,"Great Cormorant","2030",NA,NA,NA,NA,NA,NA,NA,NA,NA,26.2947206633222,31.9692254601711,38.8505158348018,26.2947206633222,31.9692254601711,38.8505158348018
2031,"Great Cormorant","2031",NA,NA,NA,NA,NA,NA,NA,NA,NA,24.153176442121,29.9369722620481,37.005681091799,24.153176442121,29.9369722620481,37.005681091799
2032,"Great Cormorant","2032",NA,NA,NA,NA,NA,NA,NA,NA,NA,22.2018751020478,27.96669326094,35.215927324817,22.2018751020478,27.96669326094,35.215927324817
2033,"Great Cormorant","2033",NA,NA,NA,NA,NA,NA,NA,NA,NA,20.3606445406315,26.1817282793554,33.6308628636677,20.3606445406315,26.1817282793554,33.6308628636677
1985,"Indian Cormorant","before 2000",NA,NA,NA,NA,NA,NA,NA,NA,NA,NA,NA,NA,NA,NA,NA
2003,"Indian Cormorant","2000-2006",NA,NA,NA,NA,NA,NA,NA,NA,NA,NA,NA,NA,NA,NA,NA
2009,"Indian Cormorant","2007-2010",NA,NA,NA,NA,NA,NA,NA,NA,NA,NA,NA,NA,NA,NA,NA
2012,"Indian Cormorant","2011-2012",NA,NA,NA,NA,NA,NA,NA,NA,NA,NA,NA,NA,NA,NA,NA
2013,"Indian Cormorant","2013",NA,NA,NA,NA,NA,NA,NA,NA,NA,NA,NA,NA,NA,NA,NA
2014,"Indian Cormorant","2014",NA,NA,NA,NA,NA,NA,NA,NA,NA,NA,NA,NA,NA,NA,NA
2015,"Indian Cormorant","2015",0.0431110334804107,0.0672115242118849,0.0993549189207471,NA,NA,NA,100,100,100,NA,NA,NA,100,100,100
2016,"Indian Cormorant","2016",0.0516041560399195,0.0760608671324002,0.114959354517867,NA,NA,NA,81.3949891552279,114.899369628192,164.029983002431,NA,NA,NA,81.3949891552279,114.899369628192,164.029983002431
2017,"Indian Cormorant","2017",0.0261530487445427,0.0411807906836647,0.0598233423462395,NA,NA,NA,42.6260467868549,62.05703975152,86.5004949930581,NA,NA,NA,42.6260467868549,62.05703975152,86.5004949930581
2018,"Indian Cormorant","2018",0.0329003466308735,0.0490952869441309,0.0706016669784666,NA,NA,NA,53.4290130304073,73.8865575562395,100.342952002744,NA,NA,NA,53.4290130304073,73.8865575562395,100.342952002744
2019,"Indian Cormorant","2019",0.0289875321733885,0.0422331791357528,0.0608271815236358,NA,NA,NA,46.0737253287902,63.39856085931,86.0582631927181,NA,NA,NA,46.0737253287902,63.39856085931,86.0582631927181
2020,"Indian Cormorant","2020",0.0343046124606967,0.0481930398583037,0.0689105405596358,NA,NA,NA,53.754391951765,72.6907090042492,97.14907038684,NA,NA,NA,53.754391951765,72.6907090042492,97.14907038684
2021,"Indian Cormorant","2021",0.0359950750575995,0.050628326819323,0.071431566689264,NA,NA,NA,57.1635752281035,76.1637088241472,101.382706418284,NA,NA,NA,57.1635752281035,76.1637088241472,101.382706418284
2022,"Indian Cormorant","2022",0.0309866531762284,0.0437907493019955,0.0623686701072201,NA,NA,NA,49.8971458697011,66.1435742838706,88.6222401805815,NA,NA,NA,49.8971458697011,66.1435742838706,88.6222401805815
2023,"Indian Cormorant","2023",0.0303980401635623,0.0432751705612661,0.0609001153348909,NA,NA,NA,49.1940035259823,64.5906953578133,89.3486473932334,NA,NA,NA,49.1940035259823,64.5906953578133,89.3486473932334
2024,"Indian Cormorant","2024",0.0249083678683006,0.0353556325192408,0.0506922151990021,NA,NA,NA,39.8277122771556,52.957957363605,70.6317497758622,NA,NA,NA,39.8277122771556,52.957957363605,70.6317497758622
2025,"Indian Cormorant","2025",0.0211232273998782,0.0301506234704834,0.0430864733559384,NA,NA,NA,34.2771197571815,45.0714573844962,60.2817279588062,NA,NA,NA,34.2771197571815,45.0714573844962,60.2817279588062
2026,"Indian Cormorant","2026",NA,NA,NA,NA,NA,NA,NA,NA,NA,38.0319347186207,47.453920444309,59.475285744864,38.0319347186207,47.453920444309,59.475285744864
2027,"Indian Cormorant","2027",NA,NA,NA,NA,NA,NA,NA,NA,NA,34.6553835688627,44.6033811083114,57.4993739302135,34.6553835688627,44.6033811083114,57.4993739302135
2028,"Indian Cormorant","2028",NA,NA,NA,NA,NA,NA,NA,NA,NA,31.4926757417197,41.8705770987419,55.7139882647585,31.4926757417197,41.8705770987419,55.7139882647585
2029,"Indian Cormorant","2029",NA,NA,NA,NA,NA,NA,NA,NA,NA,28.7012623633894,39.2809269237907,53.9712019835461,28.7012623633894,39.2809269237907,53.9712019835461
2030,"Indian Cormorant","2030",NA,NA,NA,NA,NA,NA,NA,NA,NA,26.1258405883118,36.8286965253352,52.2618287148121,26.1258405883118,36.8286965253352,52.2618287148121
2031,"Indian Cormorant","2031",NA,NA,NA,NA,NA,NA,NA,NA,NA,23.7305151651886,34.4822274685868,50.6975014815135,23.7305151651886,34.4822274685868,50.6975014815135
2032,"Indian Cormorant","2032",NA,NA,NA,NA,NA,NA,NA,NA,NA,21.5636992537231,32.3226067277839,49.2837982555712,21.5636992537231,32.3226067277839,49.2837982555712
2033,"Indian Cormorant","2033",NA,NA,NA,NA,NA,NA,NA,NA,NA,19.6117884815981,30.4151606244604,47.8200570521158,19.6117884815981,30.4151606244604,47.8200570521158
1985,"Yellow Bittern","before 2000",NA,NA,NA,NA,NA,NA,NA,NA,NA,NA,NA,NA,NA,NA,NA
2003,"Yellow Bittern","2000-2006",NA,NA,NA,NA,NA,NA,NA,NA,NA,NA,NA,NA,NA,NA,NA
2009,"Yellow Bittern","2007-2010",NA,NA,NA,NA,NA,NA,NA,NA,NA,NA,NA,NA,NA,NA,NA
2012,"Yellow Bittern","2011-2012",NA,NA,NA,NA,NA,NA,NA,NA,NA,NA,NA,NA,NA,NA,NA
2013,"Yellow Bittern","2013",NA,NA,NA,NA,NA,NA,NA,NA,NA,NA,NA,NA,NA,NA,NA
2014,"Yellow Bittern","2014",NA,NA,NA,NA,NA,NA,NA,NA,NA,NA,NA,NA,NA,NA,NA
2015,"Yellow Bittern","2015",0.00350851064671934,0.00735845630857187,0.0126712769807288,NA,NA,NA,100,100,100,NA,NA,NA,100,100,100
2016,"Yellow Bittern","2016",0.00701010275130422,0.0124670900517204,0.0196777153739859,NA,NA,NA,94.4787348040508,168.583967540209,321.323393956193,NA,NA,NA,94.4787348040508,168.583967540209,321.323393956193
2017,"Yellow Bittern","2017",0.00949676458822918,0.0153114671856863,0.0241586807743475,NA,NA,NA,127.233615445751,208.156462077606,392.410154079943,NA,NA,NA,127.233615445751,208.156462077606,392.410154079943
2018,"Yellow Bittern","2018",0.0129275784901998,0.0201678779244785,0.0311960579759975,NA,NA,NA,173.149527358587,273.842149651194,510.710046503231,NA,NA,NA,173.149527358587,273.842149651194,510.710046503231
2019,"Yellow Bittern","2019",0.0127645941462817,0.0188227315380098,0.0276874345636592,NA,NA,NA,160.286835907903,257.145706847062,472.624468234829,NA,NA,NA,160.286835907903,257.145706847062,472.624468234829
2020,"Yellow Bittern","2020",0.0138132680790184,0.0205153324598222,0.0300558903598107,NA,NA,NA,181.145741378451,276.975168762764,521.111940816895,NA,NA,NA,181.145741378451,276.975168762764,521.111940816895
2021,"Yellow Bittern","2021",0.0141099590256965,0.0205671375095676,0.0300563949302486,NA,NA,NA,173.505502227873,280.790734930143,514.487414285453,NA,NA,NA,173.505502227873,280.790734930143,514.487414285453
2022,"Yellow Bittern","2022",0.0128283404722482,0.0188381708865807,0.0275197254524859,NA,NA,NA,166.783601089658,257.395108712165,481.111231235471,NA,NA,NA,166.783601089658,257.395108712165,481.111231235471
2023,"Yellow Bittern","2023",0.0101333942943893,0.0143728576911882,0.0216701477290879,NA,NA,NA,126.142755826061,197.457737054707,370.195059047442,NA,NA,NA,126.142755826061,197.457737054707,370.195059047442
2024,"Yellow Bittern","2024",0.00987824799530014,0.0144068271121666,0.0210187750807235,NA,NA,NA,126.673943402902,196.984053506187,365.359323392316,NA,NA,NA,126.673943402902,196.984053506187,365.359323392316
2025,"Yellow Bittern","2025",0.00941339278797612,0.0138789655636091,0.0203389039832199,NA,NA,NA,120.765661206916,188.229833558285,348.090449131545,NA,NA,NA,120.765661206916,188.229833558285,348.090449131545
2026,"Yellow Bittern","2026",NA,NA,NA,NA,NA,NA,NA,NA,NA,173.051242524832,256.020455761079,379.449228259449,173.051242524832,256.020455761079,379.449228259449
2027,"Yellow Bittern","2027",NA,NA,NA,NA,NA,NA,NA,NA,NA,170.310457049977,264.787512585812,414.174682314955,170.310457049977,264.787512585812,414.174682314955
2028,"Yellow Bittern","2028",NA,NA,NA,NA,NA,NA,NA,NA,NA,166.994000893536,273.568394979874,454.094182978077,166.994000893536,273.568394979874,454.094182978077
2029,"Yellow Bittern","2029",NA,NA,NA,NA,NA,NA,NA,NA,NA,163.650990535283,282.851640866907,496.072195647762,163.650990535283,282.851640866907,496.072195647762
2030,"Yellow Bittern","2030",NA,NA,NA,NA,NA,NA,NA,NA,NA,160.408340872814,293.092836708216,542.422012506129,160.408340872814,293.092836708216,542.422012506129
2031,"Yellow Bittern","2031",NA,NA,NA,NA,NA,NA,NA,NA,NA,157.109760380979,303.247444444023,593.4896100093,157.109760380979,303.247444444023,593.4896100093
2032,"Yellow Bittern","2032",NA,NA,NA,NA,NA,NA,NA,NA,NA,153.44918768582,314.639399933426,650.106958977477,153.44918768582,314.639399933426,650.106958977477
2033,"Yellow Bittern","2033",NA,NA,NA,NA,NA,NA,NA,NA,NA,149.552918914406,324.751789769966,712.357844009485,149.552918914406,324.751789769966,712.357844009485
1985,"Cinnamon Bittern","before 2000",NA,NA,NA,NA,NA,NA,NA,NA,NA,NA,NA,NA,NA,NA,NA
2003,"Cinnamon Bittern","2000-2006",NA,NA,NA,NA,NA,NA,NA,NA,NA,NA,NA,NA,NA,NA,NA
2009,"Cinnamon Bittern","2007-2010",NA,NA,NA,NA,NA,NA,NA,NA,NA,NA,NA,NA,NA,NA,NA
2012,"Cinnamon Bittern","2011-2012",NA,NA,NA,NA,NA,NA,NA,NA,NA,NA,NA,NA,NA,NA,NA
2013,"Cinnamon Bittern","2013",NA,NA,NA,NA,NA,NA,NA,NA,NA,NA,NA,NA,NA,NA,NA
2014,"Cinnamon Bittern","2014",NA,NA,NA,NA,NA,NA,NA,NA,NA,NA,NA,NA,NA,NA,NA
2015,"Cinnamon Bittern","2015",0.00971070767526552,0.0180338330180326,0.0288612510132841,NA,NA,NA,100,100,100,NA,NA,NA,100,100,100
2016,"Cinnamon Bittern","2016",0.0119237564664864,0.020703191882402,0.031494636330695,NA,NA,NA,68.9812435970036,116.659214836625,193.621445035371,NA,NA,NA,68.9812435970036,116.659214836625,193.621445035371
2017,"Cinnamon Bittern","2017",0.0174493232778682,0.0282001485095278,0.0421994947482559,NA,NA,NA,97.0787264995944,159.111129773133,266.976175785645,NA,NA,NA,97.0787264995944,159.111129773133,266.976175785645
2018,"Cinnamon Bittern","2018",0.0133283031768014,0.0214634640199566,0.0320235846671959,NA,NA,NA,75.8364271947912,120.787829223651,195.250839582563,NA,NA,NA,75.8364271947912,120.787829223651,195.250839582563
2019,"Cinnamon Bittern","2019",0.0185487137049556,0.0282372710613567,0.0402012002097728,NA,NA,NA,102.193616097836,158.861566041992,259.380834358189,NA,NA,NA,102.193616097836,158.861566041992,259.380834358189
2020,"Cinnamon Bittern","2020",0.0186995386913644,0.0280988469136154,0.040007072162343,NA,NA,NA,105.468700131038,159.004128572301,254.795625907767,NA,NA,NA,105.468700131038,159.004128572301,254.795625907767
2021,"Cinnamon Bittern","2021",0.0160217357802642,0.0241067569078329,0.0341923396432927,NA,NA,NA,87.5429844543907,136.116114582839,215.878166545494,NA,NA,NA,87.5429844543907,136.116114582839,215.878166545494
2022,"Cinnamon Bittern","2022",0.0116188125271588,0.0170252424360969,0.0248178701729099,NA,NA,NA,62.7456278409858,96.0010595225061,153.043074609103,NA,NA,NA,62.7456278409858,96.0010595225061,153.043074609103
2023,"Cinnamon Bittern","2023",0.0124512902381277,0.0186995837844258,0.0265000475609019,NA,NA,NA,69.7381848789622,103.807366865489,172.918820606139,NA,NA,NA,69.7381848789622,103.807366865489,172.918820606139
2024,"Cinnamon Bittern","2024",0.0121053892647742,0.017494545398332,0.0249064844321431,NA,NA,NA,65.4557909445013,98.3605950548593,160.063749324317,NA,NA,NA,65.4557909445013,98.3605950548593,160.063749324317
2025,"Cinnamon Bittern","2025",0.0109357148871175,0.0162992170199644,0.0232102843707779,NA,NA,NA,59.2452106377656,90.6638644760528,144.760189628831,NA,NA,NA,59.2452106377656,90.6638644760528,144.760189628831
2026,"Cinnamon Bittern","2026",NA,NA,NA,NA,NA,NA,NA,NA,NA,76.2518691146444,100.631740908551,134.044710647485,76.2518691146444,100.631740908551,134.044710647485
2027,"Cinnamon Bittern","2027",NA,NA,NA,NA,NA,NA,NA,NA,NA,71.4633750110835,98.1761931505332,135.732535434257,71.4633750110835,98.1761931505332,135.732535434257
2028,"Cinnamon Bittern","2028",NA,NA,NA,NA,NA,NA,NA,NA,NA,66.9613222785431,95.6867644600263,137.163951965336,66.9613222785431,95.6867644600263,137.163951965336
2029,"Cinnamon Bittern","2029",NA,NA,NA,NA,NA,NA,NA,NA,NA,62.6519517470958,93.3708389859517,139.09721451919,62.6519517470958,93.3708389859517,139.09721451919
2030,"Cinnamon Bittern","2030",NA,NA,NA,NA,NA,NA,NA,NA,NA,58.6683155248111,91.060815268907,140.992233225559,58.6683155248111,91.060815268907,140.992233225559
2031,"Cinnamon Bittern","2031",NA,NA,NA,NA,NA,NA,NA,NA,NA,54.9580043134894,88.8905297418242,143.025742446032,54.9580043134894,88.8905297418242,143.025742446032
2032,"Cinnamon Bittern","2032",NA,NA,NA,NA,NA,NA,NA,NA,NA,51.3218546355545,86.4999672474575,145.229669609481,51.3218546355545,86.4999672474575,145.229669609481
2033,"Cinnamon Bittern","2033",NA,NA,NA,NA,NA,NA,NA,NA,NA,47.974682456462,84.3424338381386,147.112216577706,47.974682456462,84.3424338381386,147.112216577706
1985,"Gray Heron","before 2000",NA,NA,NA,NA,NA,NA,NA,NA,NA,NA,NA,NA,NA,NA,NA
2003,"Gray Heron","2000-2006",NA,NA,NA,NA,NA,NA,NA,NA,NA,NA,NA,NA,NA,NA,NA
2009,"Gray Heron","2007-2010",NA,NA,NA,NA,NA,NA,NA,NA,NA,NA,NA,NA,NA,NA,NA
2012,"Gray Heron","2011-2012",NA,NA,NA,NA,NA,NA,NA,NA,NA,NA,NA,NA,NA,NA,NA
2013,"Gray Heron","2013",NA,NA,NA,NA,NA,NA,NA,NA,NA,NA,NA,NA,NA,NA,NA
2014,"Gray Heron","2014",NA,NA,NA,NA,NA,NA,NA,NA,NA,NA,NA,NA,NA,NA,NA
2015,"Gray Heron","2015",0.0446351784865501,0.0715803144824386,0.118617391970907,NA,NA,NA,100,100,100,NA,NA,NA,100,100,100
2016,"Gray Heron","2016",0.0406233457051176,0.0653617409783948,0.105495634648016,NA,NA,NA,70.349516784647,90.5224653506865,118.632884332315,NA,NA,NA,70.349516784647,90.5224653506865,118.632884332315
2017,"Gray Heron","2017",0.0282052480983632,0.0457984826445975,0.0752193693676069,NA,NA,NA,50.6746139297597,64.0142863033232,82.9213641508873,NA,NA,NA,50.6746139297597,64.0142863033232,82.9213641508873
2018,"Gray Heron","2018",0.0325813613632177,0.0531581578107159,0.0840194133445442,NA,NA,NA,58.390760917634,73.981146954423,93.6075680797526,NA,NA,NA,58.390760917634,73.981146954423,93.6075680797526
2019,"Gray Heron","2019",0.0290152767681036,0.0453126455304682,0.0724298299548518,NA,NA,NA,50.703486717276,62.9301652806378,78.8233394748577,NA,NA,NA,50.703486717276,62.9301652806378,78.8233394748577
2020,"Gray Heron","2020",0.0286354770636822,0.0457082050333098,0.0712400418276082,NA,NA,NA,51.3951418107925,63.299360096017,78.5059652443591,NA,NA,NA,51.3951418107925,63.299360096017,78.5059652443591
2021,"Gray Heron","2021",0.0349688380825525,0.0544092885891487,0.0855830330267717,NA,NA,NA,61.2610844943943,75.527993207923,94.1973367169659,NA,NA,NA,61.2610844943943,75.527993207923,94.1973367169659
2022,"Gray Heron","2022",0.0311814240894543,0.049339747895313,0.0789361100964361,NA,NA,NA,55.1986932993912,68.265692512501,84.3706850225625,NA,NA,NA,55.1986932993912,68.265692512501,84.3706850225625
2023,"Gray Heron","2023",0.0323035096168033,0.0502694035529492,0.0805713620832329,NA,NA,NA,56.7729444587356,70.1486809538678,87.3167797728446,NA,NA,NA,56.7729444587356,70.1486809538678,87.3167797728446
2024,"Gray Heron","2024",0.0329019960154549,0.0507284037944153,0.0818498957324136,NA,NA,NA,57.5854560070532,71.1023813877581,87.474874390289,NA,NA,NA,57.5854560070532,71.1023813877581,87.474874390289
2025,"Gray Heron","2025",0.0287251157120226,0.044642741395784,0.071242896315084,NA,NA,NA,49.7562984270176,62.0062872413591,77.5358320840817,NA,NA,NA,49.7562984270176,62.0062872413591,77.5358320840817
2026,"Gray Heron","2026",NA,NA,NA,NA,NA,NA,NA,NA,NA,51.2357338427132,61.1048833852887,72.6059353156762,51.2357338427132,61.1048833852887,72.6059353156762
2027,"Gray Heron","2027",NA,NA,NA,NA,NA,NA,NA,NA,NA,48.7320136978332,59.4479252593366,72.2858813966153,48.7320136978332,59.4479252593366,72.2858813966153
2028,"Gray Heron","2028",NA,NA,NA,NA,NA,NA,NA,NA,NA,46.3307620481879,57.9254262343134,72.0041096337139,46.3307620481879,57.9254262343134,72.0041096337139
2029,"Gray Heron","2029",NA,NA,NA,NA,NA,NA,NA,NA,NA,44.0040371384351,56.2846071105337,71.8543858517458,44.0040371384351,56.2846071105337,71.8543858517458
2030,"Gray Heron","2030",NA,NA,NA,NA,NA,NA,NA,NA,NA,41.7469002936863,54.7625982650979,71.4995496098421,41.7469002936863,54.7625982650979,71.4995496098421
2031,"Gray Heron","2031",NA,NA,NA,NA,NA,NA,NA,NA,NA,39.6066679428451,53.2096676274494,71.3206340378941,39.6066679428451,53.2096676274494,71.3206340378941
2032,"Gray Heron","2032",NA,NA,NA,NA,NA,NA,NA,NA,NA,37.5151263888348,51.7105186476321,71.0233005693736,37.5151263888348,51.7105186476321,71.0233005693736
2033,"Gray Heron","2033",NA,NA,NA,NA,NA,NA,NA,NA,NA,35.5715350316377,50.238753138867,70.9344168276832,35.5715350316377,50.238753138867,70.9344168276832
1985,"Purple Heron","before 2000",NA,NA,NA,NA,NA,NA,NA,NA,NA,NA,NA,NA,NA,NA,NA
2003,"Purple Heron","2000-2006",NA,NA,NA,NA,NA,NA,NA,NA,NA,NA,NA,NA,NA,NA,NA
2009,"Purple Heron","2007-2010",NA,NA,NA,NA,NA,NA,NA,NA,NA,NA,NA,NA,NA,NA,NA
2012,"Purple Heron","2011-2012",NA,NA,NA,NA,NA,NA,NA,NA,NA,NA,NA,NA,NA,NA,NA
2013,"Purple Heron","2013",NA,NA,NA,NA,NA,NA,NA,NA,NA,NA,NA,NA,NA,NA,NA
2014,"Purple Heron","2014",NA,NA,NA,NA,NA,NA,NA,NA,NA,NA,NA,NA,NA,NA,NA
2015,"Purple Heron","2015",0.0118627843731404,0.0188160900459589,0.0278633578374797,NA,NA,NA,100,100,100,NA,NA,NA,100,100,100
2016,"Purple Heron","2016",0.0137762640376203,0.0207672966782606,0.0294536702290982,NA,NA,NA,78.2371771764846,110.738005481354,155.427230790559,NA,NA,NA,78.2371771764846,110.738005481354,155.427230790559
2017,"Purple Heron","2017",0.0144296428704594,0.0212050920080896,0.0298205951582315,NA,NA,NA,80.8383198726114,112.110055243023,156.86871463744,NA,NA,NA,80.8383198726114,112.110055243023,156.86871463744
2018,"Purple Heron","2018",0.0165826778236749,0.0232021203180103,0.0323015924845059,NA,NA,NA,92.607781732759,124.225262419181,169.084949210892,NA,NA,NA,92.607781732759,124.225262419181,169.084949210892
2019,"Purple Heron","2019",0.015152001546889,0.0214436179028661,0.0299647665224453,NA,NA,NA,88.2507048590637,114.813777472209,156.536554145258,NA,NA,NA,88.2507048590637,114.813777472209,156.536554145258
2020,"Purple Heron","2020",0.0163913676632424,0.022844170375769,0.0320451709357768,NA,NA,NA,91.6745937694144,121.660510701862,164.836695656268,NA,NA,NA,91.6745937694144,121.660510701862,164.836695656268
2021,"Purple Heron","2021",0.018803990084397,0.026558450185016,0.0365692828571049,NA,NA,NA,106.972269768871,143.243933503213,191.837482118449,NA,NA,NA,106.972269768871,143.243933503213,191.837482118449
2022,"Purple Heron","2022",0.0150232248094281,0.0213337100778962,0.0292271046588488,NA,NA,NA,86.3917641505209,114.268087216121,158.290666687431,NA,NA,NA,86.3917641505209,114.268087216121,158.290666687431
2023,"Purple Heron","2023",0.0164845310213228,0.0232221516977229,0.0317835149772257,NA,NA,NA,93.3333885470687,124.048750220005,168.064577223915,NA,NA,NA,93.3333885470687,124.048750220005,168.064577223915
2024,"Purple Heron","2024",0.0195350721756036,0.0273036065847794,0.0375026322293508,NA,NA,NA,112.626334564493,146.430522332696,197.536659987559,NA,NA,NA,112.626334564493,146.430522332696,197.536659987559
2025,"Purple Heron","2025",0.0157664454118992,0.0220635166669561,0.030544218809927,NA,NA,NA,90.0982750311752,118.259913103799,159.416776534426,NA,NA,NA,90.0982750311752,118.259913103799,159.416776534426
2026,"Purple Heron","2026",NA,NA,NA,NA,NA,NA,NA,NA,NA,118.985640019096,136.131014371278,156.597349896011,118.985640019096,136.131014371278,156.597349896011
2027,"Purple Heron","2027",NA,NA,NA,NA,NA,NA,NA,NA,NA,119.186953792702,138.955565465017,162.476173768957,119.186953792702,138.955565465017,162.476173768957
2028,"Purple Heron","2028",NA,NA,NA,NA,NA,NA,NA,NA,NA,119.299448472721,141.758486121153,168.818144529251,119.299448472721,141.758486121153,168.818144529251
2029,"Purple Heron","2029",NA,NA,NA,NA,NA,NA,NA,NA,NA,119.630952100664,144.470697171264,175.553665196404,119.630952100664,144.470697171264,175.553665196404
2030,"Purple Heron","2030",NA,NA,NA,NA,NA,NA,NA,NA,NA,119.701726370709,147.615610615333,182.3390681436,119.701726370709,147.615610615333,182.3390681436
2031,"Purple Heron","2031",NA,NA,NA,NA,NA,NA,NA,NA,NA,119.730815379845,150.937645377024,190.301900881535,119.730815379845,150.937645377024,190.301900881535
2032,"Purple Heron","2032",NA,NA,NA,NA,NA,NA,NA,NA,NA,119.751058397014,154.132404684923,198.254626313143,119.751058397014,154.132404684923,198.254626313143
2033,"Purple Heron","2033",NA,NA,NA,NA,NA,NA,NA,NA,NA,119.746665393706,156.998360502202,206.498990139538,119.746665393706,156.998360502202,206.498990139538
1985,"Great Egret","before 2000",NA,NA,NA,NA,NA,NA,NA,NA,NA,NA,NA,NA,NA,NA,NA
2003,"Great Egret","2000-2006",NA,NA,NA,NA,NA,NA,NA,NA,NA,NA,NA,NA,NA,NA,NA
2009,"Great Egret","2007-2010",NA,NA,NA,NA,NA,NA,NA,NA,NA,NA,NA,NA,NA,NA,NA
2012,"Great Egret","2011-2012",NA,NA,NA,NA,NA,NA,NA,NA,NA,NA,NA,NA,NA,NA,NA
2013,"Great Egret","2013",NA,NA,NA,NA,NA,NA,NA,NA,NA,NA,NA,NA,NA,NA,NA
2014,"Great Egret","2014",NA,NA,NA,NA,NA,NA,NA,NA,NA,NA,NA,NA,NA,NA,NA
2015,"Great Egret","2015",0.0523947515019207,0.0818085325057828,0.120996304947819,NA,NA,NA,100,100,100,NA,NA,NA,100,100,100
2016,"Great Egret","2016",0.0491537733985312,0.0747105135056189,0.109666396475084,NA,NA,NA,70.2752333346173,91.7375395974294,117.478422877363,NA,NA,NA,70.2752333346173,91.7375395974294,117.478422877363
2017,"Great Egret","2017",0.0488688494899482,0.0712771560298637,0.105702780514477,NA,NA,NA,71.4327838884954,87.9105975178092,113.792639287426,NA,NA,NA,71.4327838884954,87.9105975178092,113.792639287426
2018,"Great Egret","2018",0.0446887864152977,0.0657658951356038,0.0957677457836114,NA,NA,NA,64.6806116597648,80.9049612610647,102.621862928477,NA,NA,NA,64.6806116597648,80.9049612610647,102.621862928477
2019,"Great Egret","2019",0.0437662827779694,0.0638473447847358,0.0946538697059136,NA,NA,NA,63.6972657497711,78.7675192256371,99.3082358206578,NA,NA,NA,63.6972657497711,78.7675192256371,99.3082358206578
2020,"Great Egret","2020",0.0521408426954312,0.0761320756061721,0.111412166415491,NA,NA,NA,76.6604336283954,94.4222037395202,115.966413036617,NA,NA,NA,76.6604336283954,94.4222037395202,115.966413036617
2021,"Great Egret","2021",0.0544882512188819,0.0783759135672721,0.112735722424717,NA,NA,NA,80.3023307850675,97.1513041479426,119.545837469304,NA,NA,NA,80.3023307850675,97.1513041479426,119.545837469304
2022,"Great Egret","2022",0.0502995302357842,0.0740734604875817,0.10638277804157,NA,NA,NA,74.1848395970759,91.1667080297535,113.405312563459,NA,NA,NA,74.1848395970759,91.1667080297535,113.405312563459
2023,"Great Egret","2023",0.0485043052980711,0.0701989368677097,0.101174794625376,NA,NA,NA,71.003611472409,86.2227522917263,105.473250715271,NA,NA,NA,71.003611472409,86.2227522917263,105.473250715271
2024,"Great Egret","2024",0.0482592482421619,0.0700178584871309,0.101564194956222,NA,NA,NA,71.7361269652252,85.7782775416749,107.170805851024,NA,NA,NA,71.7361269652252,85.7782775416749,107.170805851024
2025,"Great Egret","2025",0.0488842438280142,0.0715040389912787,0.104230811113186,NA,NA,NA,72.7088654585344,88.4052758793346,109.03783030575,NA,NA,NA,72.7088654585344,88.4052758793346,109.03783030575
2026,"Great Egret","2026",NA,NA,NA,NA,NA,NA,NA,NA,NA,77.848484356082,86.7048321656227,96.4758741962967,77.848484356082,86.7048321656227,96.4758741962967
2027,"Great Egret","2027",NA,NA,NA,NA,NA,NA,NA,NA,NA,76.3259828560851,86.3041439918096,97.5683421393597,76.3259828560851,86.3041439918096,97.5683421393597
2028,"Great Egret","2028",NA,NA,NA,NA,NA,NA,NA,NA,NA,74.905759583608,86.0085906825984,98.6007281336795,74.905759583608,86.0085906825984,98.6007281336795
2029,"Great Egret","2029",NA,NA,NA,NA,NA,NA,NA,NA,NA,73.5190819379536,85.5498454759415,99.7086700284629,73.5190819379536,85.5498454759415,99.7086700284629
2030,"Great Egret","2030",NA,NA,NA,NA,NA,NA,NA,NA,NA,72.1371274252765,85.1601365083281,100.762069487724,72.1371274252765,85.1601365083281,100.762069487724
2031,"Great Egret","2031",NA,NA,NA,NA,NA,NA,NA,NA,NA,70.8642464650709,84.8921116690132,101.789428327548,70.8642464650709,84.8921116690132,101.789428327548
2032,"Great Egret","2032",NA,NA,NA,NA,NA,NA,NA,NA,NA,69.3885677323697,84.5648351860307,103.019765024935,69.3885677323697,84.5648351860307,103.019765024935
2033,"Great Egret","2033",NA,NA,NA,NA,NA,NA,NA,NA,NA,67.9656537677961,84.1992056534567,104.166268863101,67.9656537677961,84.1992056534567,104.166268863101
1985,"Medium Egret","before 2000",NA,NA,NA,NA,NA,NA,NA,NA,NA,NA,NA,NA,NA,NA,NA
2003,"Medium Egret","2000-2006",NA,NA,NA,NA,NA,NA,NA,NA,NA,NA,NA,NA,NA,NA,NA
2009,"Medium Egret","2007-2010",NA,NA,NA,NA,NA,NA,NA,NA,NA,NA,NA,NA,NA,NA,NA
2012,"Medium Egret","2011-2012",NA,NA,NA,NA,NA,NA,NA,NA,NA,NA,NA,NA,NA,NA,NA
2013,"Medium Egret","2013",NA,NA,NA,NA,NA,NA,NA,NA,NA,NA,NA,NA,NA,NA,NA
2014,"Medium Egret","2014",NA,NA,NA,NA,NA,NA,NA,NA,NA,NA,NA,NA,NA,NA,NA
2015,"Medium Egret","2015",0.0639423996366143,0.0851487774051044,0.114051246024261,NA,NA,NA,100,100,100,NA,NA,NA,100,100,100
2016,"Medium Egret","2016",0.0519920751626834,0.0689167457767209,0.0922607446814659,NA,NA,NA,64.7790272147436,80.9041632823818,100.804171740293,NA,NA,NA,64.7790272147436,80.9041632823818,100.804171740293
2017,"Medium Egret","2017",0.0579092858496357,0.0762718572436246,0.097777939540034,NA,NA,NA,71.4072975413029,88.5974129202541,111.03288220592,NA,NA,NA,71.4072975413029,88.5974129202541,111.03288220592
2018,"Medium Egret","2018",0.0642946336264613,0.0826367419635619,0.106693681038783,NA,NA,NA,78.7790587669945,96.9772190001869,118.582059066412,NA,NA,NA,78.7790587669945,96.9772190001869,118.582059066412
2019,"Medium Egret","2019",0.0669415814933018,0.0853746405754335,0.108257101041904,NA,NA,NA,82.5769701682116,99.7829715695552,120.933286568575,NA,NA,NA,82.5769701682116,99.7829715695552,120.933286568575
2020,"Medium Egret","2020",0.0691997515811772,0.088313051098341,0.111975524119417,NA,NA,NA,85.59890654235,103.075140512511,125.046292901056,NA,NA,NA,85.59890654235,103.075140512511,125.046292901056
2021,"Medium Egret","2021",0.0595047963255816,0.0751534675591053,0.0955785193801164,NA,NA,NA,73.2078644456706,88.3208224147203,107.204095744935,NA,NA,NA,73.2078644456706,88.3208224147203,107.204095744935
2022,"Medium Egret","2022",0.0568705445348458,0.0729637002745854,0.0935351936467738,NA,NA,NA,70.932870040412,85.4608862838763,104.424921138447,NA,NA,NA,70.932870040412,85.4608862838763,104.424921138447
2023,"Medium Egret","2023",0.0456653290910156,0.0576473179117291,0.0734649528272585,NA,NA,NA,56.0637636532984,67.5664340017536,81.8337278907914,NA,NA,NA,56.0637636532984,67.5664340017536,81.8337278907914
2024,"Medium Egret","2024",0.0521714016530451,0.0666153881058407,0.0841572018464842,NA,NA,NA,64.5732962950395,77.7670211881739,94.0683460696257,NA,NA,NA,64.5732962950395,77.7670211881739,94.0683460696257
2025,"Medium Egret","2025",0.0495284099689926,0.062736902286421,0.0785862896673672,NA,NA,NA,60.7698306039978,73.4072364909799,88.0461345997469,NA,NA,NA,60.7698306039978,73.4072364909799,88.0461345997469
2026,"Medium Egret","2026",NA,NA,NA,NA,NA,NA,NA,NA,NA,63.736568084795,74.0508016125603,86.2319211266477,63.736568084795,74.0508016125603,86.2319211266477
2027,"Medium Egret","2027",NA,NA,NA,NA,NA,NA,NA,NA,NA,60.8647433651954,72.1249689667321,85.6201552591002,60.8647433651954,72.1249689667321,85.6201552591002
2028,"Medium Egret","2028",NA,NA,NA,NA,NA,NA,NA,NA,NA,58.0815524750689,70.2661567257225,85.1961921844476,58.0815524750689,70.2661567257225,85.1961921844476
2029,"Medium Egret","2029",NA,NA,NA,NA,NA,NA,NA,NA,NA,55.3852953647115,68.4174253911073,84.8600641681828,55.3852953647115,68.4174253911073,84.8600641681828
2030,"Medium Egret","2030",NA,NA,NA,NA,NA,NA,NA,NA,NA,52.8113021068946,66.5870407208204,84.5000648012707,52.8113021068946,66.5870407208204,84.5000648012707
2031,"Medium Egret","2031",NA,NA,NA,NA,NA,NA,NA,NA,NA,50.2957857584953,64.8991321503284,84.1071304215393,50.2957857584953,64.8991321503284,84.1071304215393
2032,"Medium Egret","2032",NA,NA,NA,NA,NA,NA,NA,NA,NA,48.0254869894322,63.2192198508522,83.6681560730107,48.0254869894322,63.2192198508522,83.6681560730107
2033,"Medium Egret","2033",NA,NA,NA,NA,NA,NA,NA,NA,NA,45.8479361511159,61.5821414355009,83.2488207827011,45.8479361511159,61.5821414355009,83.2488207827011
1985,"Little Egret","before 2000",NA,NA,NA,NA,NA,NA,NA,NA,NA,NA,NA,NA,NA,NA,NA
2003,"Little Egret","2000-2006",NA,NA,NA,NA,NA,NA,NA,NA,NA,NA,NA,NA,NA,NA,NA
2009,"Little Egret","2007-2010",NA,NA,NA,NA,NA,NA,NA,NA,NA,NA,NA,NA,NA,NA,NA
2012,"Little Egret","2011-2012",NA,NA,NA,NA,NA,NA,NA,NA,NA,NA,NA,NA,NA,NA,NA
2013,"Little Egret","2013",NA,NA,NA,NA,NA,NA,NA,NA,NA,NA,NA,NA,NA,NA,NA
2014,"Little Egret","2014",NA,NA,NA,NA,NA,NA,NA,NA,NA,NA,NA,NA,NA,NA,NA
2015,"Little Egret","2015",0.22467553965415,0.271008253181559,0.3257853078184,NA,NA,NA,100,100,100,NA,NA,NA,100,100,100
2016,"Little Egret","2016",0.213995252689696,0.257277835900744,0.303655551070459,NA,NA,NA,81.5627943971483,94.3544880891989,109.431090292653,NA,NA,NA,81.5627943971483,94.3544880891989,109.431090292653
2017,"Little Egret","2017",0.17368121465051,0.208815011884658,0.246760729306956,NA,NA,NA,65.7366811807205,76.9028633089931,89.3263457082982,NA,NA,NA,65.7366811807205,76.9028633089931,89.3263457082982
2018,"Little Egret","2018",0.187015364299078,0.220268252343102,0.258159590093287,NA,NA,NA,70.6986542612746,81.0526477434034,93.2327117817776,NA,NA,NA,70.6986542612746,81.0526477434034,93.2327117817776
2019,"Little Egret","2019",0.193421406027738,0.225659952509773,0.263196002296362,NA,NA,NA,72.9066520263954,82.9896087395332,94.6753285834036,NA,NA,NA,72.9066520263954,82.9896087395332,94.6753285834036
2020,"Little Egret","2020",0.185962873628265,0.219341963590825,0.254539475200924,NA,NA,NA,71.260869520636,80.6195725656431,91.4107100306434,NA,NA,NA,71.260869520636,80.6195725656431,91.4107100306434
2021,"Little Egret","2021",0.180935957541426,0.210231364314981,0.244216576913145,NA,NA,NA,68.5924890832311,77.2811915443084,87.3833220711033,NA,NA,NA,68.5924890832311,77.2811915443084,87.3833220711033
2022,"Little Egret","2022",0.177531498665411,0.206621216895675,0.240883785310582,NA,NA,NA,67.5012430276252,75.9694338612701,85.8941782513726,NA,NA,NA,67.5012430276252,75.9694338612701,85.8941782513726
2023,"Little Egret","2023",0.173109595696265,0.202075272615028,0.235779771526339,NA,NA,NA,66.1646324682945,74.4075776490229,84.4302718418479,NA,NA,NA,66.1646324682945,74.4075776490229,84.4302718418479
2024,"Little Egret","2024",0.185261723816798,0.21559379397346,0.251140777654144,NA,NA,NA,70.1392702240133,79.3237183738466,89.8680139796391,NA,NA,NA,70.1392702240133,79.3237183738466,89.8680139796391
2025,"Little Egret","2025",0.194474952719755,0.226654951543999,0.26249665804142,NA,NA,NA,74.0763489394977,83.3340403951583,94.1061834331085,NA,NA,NA,74.0763489394977,83.3340403951583,94.1061834331085
2026,"Little Egret","2026",NA,NA,NA,NA,NA,NA,NA,NA,NA,66.9563306460679,73.9627008021046,81.7926004260148,66.9563306460679,73.9627008021046,81.7926004260148
2027,"Little Egret","2027",NA,NA,NA,NA,NA,NA,NA,NA,NA,64.9853936764723,72.6593414492555,81.5240705772021,64.9853936764723,72.6593414492555,81.5240705772021
2028,"Little Egret","2028",NA,NA,NA,NA,NA,NA,NA,NA,NA,62.9984239366969,71.4276373602954,81.2470923316265,62.9984239366969,71.4276373602954,81.2470923316265
2029,"Little Egret","2029",NA,NA,NA,NA,NA,NA,NA,NA,NA,61.0251916481241,70.2161528725175,80.958484177092,61.0251916481241,70.2161528725175,80.958484177092
2030,"Little Egret","2030",NA,NA,NA,NA,NA,NA,NA,NA,NA,59.1249666870587,69.0433985866557,80.7481676090221,59.1249666870587,69.0433985866557,80.7481676090221
2031,"Little Egret","2031",NA,NA,NA,NA,NA,NA,NA,NA,NA,57.2604756170552,67.9316738269722,80.4636584373148,57.2604756170552,67.9316738269722,80.4636584373148
2032,"Little Egret","2032",NA,NA,NA,NA,NA,NA,NA,NA,NA,55.4511957442901,66.7897760578953,80.2251554844997,55.4511957442901,66.7897760578953,80.2251554844997
2033,"Little Egret","2033",NA,NA,NA,NA,NA,NA,NA,NA,NA,53.7034305806259,65.653034442825,79.9913810836464,53.7034305806259,65.653034442825,79.9913810836464
1985,"Indian Pond-Heron","before 2000",0.324447864361691,0.436098593016672,0.563554771425703,100,100,100,NA,NA,NA,NA,NA,NA,NA,NA,NA
2003,"Indian Pond-Heron","2000-2006",0.25558529644651,0.370905864285956,0.502247129889259,63.5762076621677,85.4139059699079,109.822207149407,NA,NA,NA,NA,NA,NA,NA,NA,NA
2009,"Indian Pond-Heron","2007-2010",0.228668538157849,0.313270074370099,0.416707105597466,55.6520121509622,71.4084443298234,92.7112317746547,NA,NA,NA,NA,NA,NA,NA,NA,NA
2012,"Indian Pond-Heron","2011-2012",0.206152840510707,0.283554790810059,0.373372497328216,51.608361870221,65.0943995642542,81.6509057119358,NA,NA,NA,NA,NA,NA,NA,NA,NA
2013,"Indian Pond-Heron","2013",0.243550832789908,0.317064431598685,0.405371942724318,58.8856760112493,73.1438012619029,89.4530933227196,NA,NA,NA,NA,NA,NA,NA,NA,NA
2014,"Indian Pond-Heron","2014",0.264129751506309,0.344668022363853,0.433675488582128,64.1277424367359,79.033331999832,95.8969210078346,NA,NA,NA,NA,NA,NA,NA,NA,NA
2015,"Indian Pond-Heron","2015",0.293542869429054,0.383841723511422,0.481551909051782,73.389613697004,87.9053274538935,107.022247461642,100,100,100,NA,NA,NA,100,100,100
2016,"Indian Pond-Heron","2016",0.270663065085472,0.351841395044909,0.443494056235172,67.7901071671243,80.6736341149835,97.3581312333601,82.7805356303154,92.064845492663,103.13144881506,NA,NA,NA,82.7805356303154,92.064845492663,103.13144881506
2017,"Indian Pond-Heron","2017",0.242105353896428,0.310381305231192,0.397576104553307,60.0081852516173,71.5421271250291,85.6113776044684,73.1658380566327,81.5293192945041,90.8337674981213,NA,NA,NA,73.1658380566327,81.5293192945041,90.8337674981213
2018,"Indian Pond-Heron","2018",0.272340602332482,0.347168088296242,0.432854772933494,67.245812081091,79.5174327629402,95.0621732270454,82.8143829725444,90.8363618575975,99.7503171884165,NA,NA,NA,82.8143829725444,90.8363618575975,99.7503171884165
2019,"Indian Pond-Heron","2019",0.26437434794697,0.336547044660034,0.426481658798188,65.7334057910685,77.3926405949685,92.911117768442,80.0482193883584,88.3378133118214,96.6747951373826,NA,NA,NA,80.0482193883584,88.3378133118214,96.6747951373826
2020,"Indian Pond-Heron","2020",0.27978072363156,0.357377053124988,0.449236442486986,69.7182796518339,82.0390868451587,97.2051188909296,85.9957683874334,93.7850002078665,102.265938937916,NA,NA,NA,85.9957683874334,93.7850002078665,102.265938937916
2021,"Indian Pond-Heron","2021",0.330752122993845,0.41543296930815,0.513356101870655,80.8706035370112,95.3136884899176,113.676896225208,100.320473894919,108.718375582941,118.025242881914,NA,NA,NA,100.320473894919,108.718375582941,118.025242881914
2022,"Indian Pond-Heron","2022",0.266425744941325,0.340600795026806,0.428931038453021,66.8583776373024,78.357529990119,92.5718369454957,82.3486223721392,89.5899584301991,97.1274334843644,NA,NA,NA,82.3486223721392,89.5899584301991,97.1274334843644
2023,"Indian Pond-Heron","2023",0.256682991913719,0.326865159783168,0.408692599448498,64.0289970506657,74.8148718316744,88.8780311766681,78.2945410198142,85.5015354432002,92.6567485281748,NA,NA,NA,78.2945410198142,85.5015354432002,92.6567485281748
2024,"Indian Pond-Heron","2024",0.280601928196253,0.35374470625522,0.442893060073531,69.1281888860487,81.2393082379502,96.640250941117,85.0203873080521,92.764545681087,100.778833991243,NA,NA,NA,85.0203873080521,92.764545681087,100.778833991243
2025,"Indian Pond-Heron","2025",0.292768872997972,0.371032005610715,0.463654750160875,72.8456419687639,85.3375955413722,101.220165886275,89.2232397372558,97.3640046990722,105.876091191296,NA,NA,NA,89.2232397372558,97.3640046990722,105.876091191296
2026,"Indian Pond-Heron","2026",NA,NA,NA,NA,NA,NA,NA,NA,NA,84.2658952475423,93.6696891811629,104.15039073879,84.2658952475423,93.6696891811629,104.15039073879
2027,"Indian Pond-Heron","2027",NA,NA,NA,NA,NA,NA,NA,NA,NA,83.2781885858211,93.8850776232607,105.751747502211,83.2781885858211,93.8850776232607,105.751747502211
2028,"Indian Pond-Heron","2028",NA,NA,NA,NA,NA,NA,NA,NA,NA,82.2096283466118,94.0707452738414,107.470326443034,82.2096283466118,94.0707452738414,107.470326443034
2029,"Indian Pond-Heron","2029",NA,NA,NA,NA,NA,NA,NA,NA,NA,81.1201825940741,94.2312631419568,109.27338140415,81.1201825940741,94.2312631419568,109.27338140415
2030,"Indian Pond-Heron","2030",NA,NA,NA,NA,NA,NA,NA,NA,NA,80.0609790386896,94.3763560977696,111.135166730603,80.0609790386896,94.3763560977696,111.135166730603
2031,"Indian Pond-Heron","2031",NA,NA,NA,NA,NA,NA,NA,NA,NA,79.0014174540887,94.5326114342491,113.051904040146,79.0014174540887,94.5326114342491,113.051904040146
2032,"Indian Pond-Heron","2032",NA,NA,NA,NA,NA,NA,NA,NA,NA,77.9838613849221,94.7315802486817,115.060592730376,77.9838613849221,94.7315802486817,115.060592730376
2033,"Indian Pond-Heron","2033",NA,NA,NA,NA,NA,NA,NA,NA,NA,76.9459059711227,94.9362597311804,117.127136179463,76.9459059711227,94.9362597311804,117.127136179463
1985,"Black-crowned Night Heron","before 2000",NA,NA,NA,NA,NA,NA,NA,NA,NA,NA,NA,NA,NA,NA,NA
2003,"Black-crowned Night Heron","2000-2006",NA,NA,NA,NA,NA,NA,NA,NA,NA,NA,NA,NA,NA,NA,NA
2009,"Black-crowned Night Heron","2007-2010",NA,NA,NA,NA,NA,NA,NA,NA,NA,NA,NA,NA,NA,NA,NA
2012,"Black-crowned Night Heron","2011-2012",NA,NA,NA,NA,NA,NA,NA,NA,NA,NA,NA,NA,NA,NA,NA
2013,"Black-crowned Night Heron","2013",NA,NA,NA,NA,NA,NA,NA,NA,NA,NA,NA,NA,NA,NA,NA
2014,"Black-crowned Night Heron","2014",NA,NA,NA,NA,NA,NA,NA,NA,NA,NA,NA,NA,NA,NA,NA
2015,"Black-crowned Night Heron","2015",0.0377895228264807,0.0598044903782894,0.0849632892924325,NA,NA,NA,100,100,100,NA,NA,NA,100,100,100
2016,"Black-crowned Night Heron","2016",0.0321670716360953,0.0486603565597821,0.0686718076266098,NA,NA,NA,56.3852512512219,81.9296105483444,120.200206298473,NA,NA,NA,56.3852512512219,81.9296105483444,120.200206298473
2017,"Black-crowned Night Heron","2017",0.0305589922871594,0.0455082363375958,0.0641530195304418,NA,NA,NA,53.129226047236,76.6119711486121,114.463389834915,NA,NA,NA,53.129226047236,76.6119711486121,114.463389834915
2018,"Black-crowned Night Heron","2018",0.0285357045245596,0.0409095340472714,0.0572022021545519,NA,NA,NA,49.8317867872733,68.7533862074199,98.8883850151571,NA,NA,NA,49.8317867872733,68.7533862074199,98.8883850151571
2019,"Black-crowned Night Heron","2019",0.0487802783102837,0.0664093764390969,0.0885441517023941,NA,NA,NA,82.9093149049465,111.313106537438,158.404177487716,NA,NA,NA,82.9093149049465,111.313106537438,158.404177487716
2020,"Black-crowned Night Heron","2020",0.0619400909797689,0.0840552327304397,0.110789327533197,NA,NA,NA,107.914595745284,140.64583946307,196.970178884699,NA,NA,NA,107.914595745284,140.64583946307,196.970178884699
2021,"Black-crowned Night Heron","2021",0.0710980041463343,0.0951045338406567,0.12559893946964,NA,NA,NA,119.953154006669,160.220725276049,224.085184256472,NA,NA,NA,119.953154006669,160.220725276049,224.085184256472
2022,"Black-crowned Night Heron","2022",0.0338796039516144,0.046377169217834,0.0624322926059166,NA,NA,NA,58.489211475615,78.086966869336,111.1897466193,NA,NA,NA,58.489211475615,78.086966869336,111.1897466193
2023,"Black-crowned Night Heron","2023",0.0387024713734644,0.0536853309840115,0.0714943763730664,NA,NA,NA,67.0810955307067,90.1201272845096,125.784374666365,NA,NA,NA,67.0810955307067,90.1201272845096,125.784374666365
2024,"Black-crowned Night Heron","2024",0.040730218219967,0.0552411078974028,0.0725998250839314,NA,NA,NA,68.923466743532,91.8803610040561,129.911799747518,NA,NA,NA,68.923466743532,91.8803610040561,129.911799747518
2025,"Black-crowned Night Heron","2025",0.0473074487381804,0.0644721250085961,0.0844903578239877,NA,NA,NA,81.8027434694937,108.081643508437,152.249552235895,NA,NA,NA,81.8027434694937,108.081643508437,152.249552235895
2026,"Black-crowned Night Heron","2026",NA,NA,NA,NA,NA,NA,NA,NA,NA,76.6888174117756,108.524712901099,154.27622334923,76.6888174117756,108.524712901099,154.27622334923
2027,"Black-crowned Night Heron","2027",NA,NA,NA,NA,NA,NA,NA,NA,NA,74.603392898534,110.440549480069,164.777502722967,74.603392898534,110.440549480069,164.777502722967
2028,"Black-crowned Night Heron","2028",NA,NA,NA,NA,NA,NA,NA,NA,NA,72.2961059677853,112.364647897641,176.363447157504,72.2961059677853,112.364647897641,176.363447157504
2029,"Black-crowned Night Heron","2029",NA,NA,NA,NA,NA,NA,NA,NA,NA,70.0799074807871,114.39830031063,188.603082536348,70.0799074807871,114.39830031063,188.603082536348
2030,"Black-crowned Night Heron","2030",NA,NA,NA,NA,NA,NA,NA,NA,NA,68.0020980822779,116.812008785931,201.6268405003,68.0020980822779,116.812008785931,201.6268405003
2031,"Black-crowned Night Heron","2031",NA,NA,NA,NA,NA,NA,NA,NA,NA,65.9033251482255,119.004565380022,216.122331392383,65.9033251482255,119.004565380022,216.122331392383
2032,"Black-crowned Night Heron","2032",NA,NA,NA,NA,NA,NA,NA,NA,NA,63.8609988456707,121.596933268257,231.897319620363,63.8609988456707,121.596933268257,231.897319620363
2033,"Black-crowned Night Heron","2033",NA,NA,NA,NA,NA,NA,NA,NA,NA,61.8733765573769,124.060212939997,247.916705153033,61.8733765573769,124.060212939997,247.916705153033
1985,"Black-headed Ibis","before 2000",NA,NA,NA,NA,NA,NA,NA,NA,NA,NA,NA,NA,NA,NA,NA
2003,"Black-headed Ibis","2000-2006",NA,NA,NA,NA,NA,NA,NA,NA,NA,NA,NA,NA,NA,NA,NA
2009,"Black-headed Ibis","2007-2010",NA,NA,NA,NA,NA,NA,NA,NA,NA,NA,NA,NA,NA,NA,NA
2012,"Black-headed Ibis","2011-2012",NA,NA,NA,NA,NA,NA,NA,NA,NA,NA,NA,NA,NA,NA,NA
2013,"Black-headed Ibis","2013",NA,NA,NA,NA,NA,NA,NA,NA,NA,NA,NA,NA,NA,NA,NA
2014,"Black-headed Ibis","2014",NA,NA,NA,NA,NA,NA,NA,NA,NA,NA,NA,NA,NA,NA,NA
2015,"Black-headed Ibis","2015",0.0372259185906455,0.0607022323503192,0.0903194964406305,NA,NA,NA,100,100,100,NA,NA,NA,100,100,100
2016,"Black-headed Ibis","2016",0.0159811032902704,0.0267194482872218,0.0408821350225232,NA,NA,NA,31.0767586550583,44.1211012619943,63.1591824946696,NA,NA,NA,31.0767586550583,44.1211012619943,63.1591824946696
2017,"Black-headed Ibis","2017",0.0259803123520833,0.0406410343196531,0.0605758410664882,NA,NA,NA,48.7384309915567,67.2768193381258,95.7337844327174,NA,NA,NA,48.7384309915567,67.2768193381258,95.7337844327174
2018,"Black-headed Ibis","2018",0.0233765879126267,0.03615544384652,0.0528471625732973,NA,NA,NA,43.7529053959101,59.7626388638993,82.4633388395548,NA,NA,NA,43.7529053959101,59.7626388638993,82.4633388395548
2019,"Black-headed Ibis","2019",0.0167667907905466,0.0260970005743065,0.0379351511147485,NA,NA,NA,32.1457850769376,43.1118666749446,59.6438332784927,NA,NA,NA,32.1457850769376,43.1118666749446,59.6438332784927
2020,"Black-headed Ibis","2020",0.0209970946824338,0.0328746389968679,0.0471189146817371,NA,NA,NA,41.9568744725175,54.2114124945231,73.3608195969109,NA,NA,NA,41.9568744725175,54.2114124945231,73.3608195969109
2021,"Black-headed Ibis","2021",0.0188633568878912,0.0286998551052658,0.0418278894173557,NA,NA,NA,36.4982483680276,47.3977471947287,63.5627819573209,NA,NA,NA,36.4982483680276,47.3977471947287,63.5627819573209
2022,"Black-headed Ibis","2022",0.0147633506790833,0.0230282428921384,0.0326351056403228,NA,NA,NA,28.9687725082369,38.0102482069496,51.5347430143161,NA,NA,NA,28.9687725082369,38.0102482069496,51.5347430143161
2023,"Black-headed Ibis","2023",0.0177212289912814,0.0273841848926098,0.0393866987063635,NA,NA,NA,34.9763345631401,45.5239913220874,60.9310609793778,NA,NA,NA,34.9763345631401,45.5239913220874,60.9310609793778
2024,"Black-headed Ibis","2024",0.0216249056274151,0.0330608676411786,0.0475651975276424,NA,NA,NA,42.5086791518937,54.8714319291952,73.745768263141,NA,NA,NA,42.5086791518937,54.8714319291952,73.745768263141
2025,"Black-headed Ibis","2025",0.0245950306436881,0.0369834180215782,0.0526341138853248,NA,NA,NA,47.191322627384,61.4953284752365,82.0072089936722,NA,NA,NA,47.191322627384,61.4953284752365,82.0072089936722
2026,"Black-headed Ibis","2026",NA,NA,NA,NA,NA,NA,NA,NA,NA,31.6861645199132,44.5271322364521,62.4982699871754,31.6861645199132,44.5271322364521,62.4982699871754
2027,"Black-headed Ibis","2027",NA,NA,NA,NA,NA,NA,NA,NA,NA,29.410015166891,43.1398880454106,63.3294859213731,29.410015166891,43.1398880454106,63.3294859213731
2028,"Black-headed Ibis","2028",NA,NA,NA,NA,NA,NA,NA,NA,NA,27.1942226302763,41.8016860677692,64.2587130395509,27.1942226302763,41.8016860677692,64.2587130395509
2029,"Black-headed Ibis","2029",NA,NA,NA,NA,NA,NA,NA,NA,NA,25.1234963279618,40.3885640357277,65.0453175075947,25.1234963279618,40.3885640357277,65.0453175075947
2030,"Black-headed Ibis","2030",NA,NA,NA,NA,NA,NA,NA,NA,NA,23.1932158754121,39.0953662200152,65.935073495138,23.1932158754121,39.0953662200152,65.935073495138
2031,"Black-headed Ibis","2031",NA,NA,NA,NA,NA,NA,NA,NA,NA,21.419221773535,37.7615426094915,66.9774430058181,21.419221773535,37.7615426094915,66.9774430058181
2032,"Black-headed Ibis","2032",NA,NA,NA,NA,NA,NA,NA,NA,NA,19.7646113133486,36.5211581267089,68.1506867721635,19.7646113133486,36.5211581267089,68.1506867721635
2033,"Black-headed Ibis","2033",NA,NA,NA,NA,NA,NA,NA,NA,NA,18.2255472662603,35.434673449663,69.2914474001208,18.2255472662603,35.434673449663,69.2914474001208
1985,"Osprey","before 2000",NA,NA,NA,NA,NA,NA,NA,NA,NA,NA,NA,NA,NA,NA,NA
2003,"Osprey","2000-2006",NA,NA,NA,NA,NA,NA,NA,NA,NA,NA,NA,NA,NA,NA,NA
2009,"Osprey","2007-2010",NA,NA,NA,NA,NA,NA,NA,NA,NA,NA,NA,NA,NA,NA,NA
2012,"Osprey","2011-2012",NA,NA,NA,NA,NA,NA,NA,NA,NA,NA,NA,NA,NA,NA,NA
2013,"Osprey","2013",NA,NA,NA,NA,NA,NA,NA,NA,NA,NA,NA,NA,NA,NA,NA
2014,"Osprey","2014",NA,NA,NA,NA,NA,NA,NA,NA,NA,NA,NA,NA,NA,NA,NA
2015,"Osprey","2015",0.0129830171885339,0.0265646554598712,0.0455920843011008,NA,NA,NA,100,100,100,NA,NA,NA,100,100,100
2016,"Osprey","2016",0.016357012616724,0.0300572277746308,0.0520000612372784,NA,NA,NA,78.5651723077638,114.395231660534,174.160878018743,NA,NA,NA,78.5651723077638,114.395231660534,174.160878018743
2017,"Osprey","2017",0.0128503060993705,0.0241371371859047,0.039900648844796,NA,NA,NA,59.5332413090076,90.771557962415,135.37431614786,NA,NA,NA,59.5332413090076,90.771557962415,135.37431614786
2018,"Osprey","2018",0.0180798931566735,0.0327040529209334,0.0551806650921093,NA,NA,NA,87.3702879671598,124.306419321739,181.729943689837,NA,NA,NA,87.3702879671598,124.306419321739,181.729943689837
2019,"Osprey","2019",0.0175269540736627,0.0310592019594603,0.050934539537278,NA,NA,NA,82.6152276595027,116.162093571975,170.001893651675,NA,NA,NA,82.6152276595027,116.162093571975,170.001893651675
2020,"Osprey","2020",0.0162950755049807,0.02847067938552,0.0480366391638591,NA,NA,NA,75.6966415714192,108.027689646416,161.256393937928,NA,NA,NA,75.6966415714192,108.027689646416,161.256393937928
2021,"Osprey","2021",0.0109284545389412,0.0186657676040293,0.0318269889835482,NA,NA,NA,50.8526141592621,71.8672943160334,105.000323991726,NA,NA,NA,50.8526141592621,71.8672943160334,105.000323991726
2022,"Osprey","2022",0.0119528671262361,0.021166054477168,0.035248280186946,NA,NA,NA,56.5683932664298,80.227494928879,114.982375105226,NA,NA,NA,56.5683932664298,80.227494928879,114.982375105226
2023,"Osprey","2023",0.0124223718490467,0.0209796476698233,0.0356204872586116,NA,NA,NA,57.0766359758544,80.0466759671444,119.342805412239,NA,NA,NA,57.0766359758544,80.0466759671444,119.342805412239
2024,"Osprey","2024",0.0107988486752227,0.0184949347421888,0.0314080124820326,NA,NA,NA,51.0661655778788,70.6961195494713,104.615389598362,NA,NA,NA,51.0661655778788,70.6961195494713,104.615389598362
2025,"Osprey","2025",0.00839363874630724,0.0145502861790643,0.0243767299729961,NA,NA,NA,40.0375824273315,55.7642204692168,81.3423940855544,NA,NA,NA,40.0375824273315,55.7642204692168,81.3423940855544
2026,"Osprey","2026",NA,NA,NA,NA,NA,NA,NA,NA,NA,49.9179215100887,62.6930494724373,78.4178517278434,49.9179215100887,62.6930494724373,78.4178517278434
2027,"Osprey","2027",NA,NA,NA,NA,NA,NA,NA,NA,NA,45.6500561737008,59.1488810608042,76.1937811833192,45.6500561737008,59.1488810608042,76.1937811833192
2028,"Osprey","2028",NA,NA,NA,NA,NA,NA,NA,NA,NA,41.7097423150369,55.8328277351452,73.9752095893034,41.7097423150369,55.8328277351452,73.9752095893034
2029,"Osprey","2029",NA,NA,NA,NA,NA,NA,NA,NA,NA,38.1072010903638,52.5754614715907,71.9263788159942,38.1072010903638,52.5754614715907,71.9263788159942
2030,"Osprey","2030",NA,NA,NA,NA,NA,NA,NA,NA,NA,34.7893394399831,49.5825918823079,70.024858073517,34.7893394399831,49.5825918823079,70.024858073517
2031,"Osprey","2031",NA,NA,NA,NA,NA,NA,NA,NA,NA,31.7709270290313,46.6920251904898,68.1681610451703,31.7709270290313,46.6920251904898,68.1681610451703
2032,"Osprey","2032",NA,NA,NA,NA,NA,NA,NA,NA,NA,28.9911055026553,43.9347817567903,66.3468325774365,28.9911055026553,43.9347817567903,66.3468325774365
2033,"Osprey","2033",NA,NA,NA,NA,NA,NA,NA,NA,NA,26.4114834765162,41.3116414020078,64.6261966261341,26.4114834765162,41.3116414020078,64.6261966261341
1985,"Black-winged Kite","before 2000",NA,NA,NA,NA,NA,NA,NA,NA,NA,NA,NA,NA,NA,NA,NA
2003,"Black-winged Kite","2000-2006",NA,NA,NA,NA,NA,NA,NA,NA,NA,NA,NA,NA,NA,NA,NA
2009,"Black-winged Kite","2007-2010",NA,NA,NA,NA,NA,NA,NA,NA,NA,NA,NA,NA,NA,NA,NA
2012,"Black-winged Kite","2011-2012",NA,NA,NA,NA,NA,NA,NA,NA,NA,NA,NA,NA,NA,NA,NA
2013,"Black-winged Kite","2013",NA,NA,NA,NA,NA,NA,NA,NA,NA,NA,NA,NA,NA,NA,NA
2014,"Black-winged Kite","2014",NA,NA,NA,NA,NA,NA,NA,NA,NA,NA,NA,NA,NA,NA,NA
2015,"Black-winged Kite","2015",0.0295308763250073,0.0480804530298381,0.0749768865083768,NA,NA,NA,100,100,100,NA,NA,NA,100,100,100
2016,"Black-winged Kite","2016",0.0310115501262723,0.0499067789351516,0.078542542865823,NA,NA,NA,82.4274371656379,105.007731883428,131.882869821556,NA,NA,NA,82.4274371656379,105.007731883428,131.882869821556
2017,"Black-winged Kite","2017",0.0275913426864089,0.0446281314047818,0.0690089672454147,NA,NA,NA,75.4211739748643,93.4376317723744,118.552369338363,NA,NA,NA,75.4211739748643,93.4376317723744,118.552369338363
2018,"Black-winged Kite","2018",0.0384470958255801,0.060686289466658,0.0925281766663349,NA,NA,NA,103.595459733863,127.5052088069,154.163353966646,NA,NA,NA,103.595459733863,127.5052088069,154.163353966646
2019,"Black-winged Kite","2019",0.03046967519149,0.0482314852591562,0.0736585193816095,NA,NA,NA,81.8617485045422,100.353833188392,123.115438438469,NA,NA,NA,81.8617485045422,100.353833188392,123.115438438469
2020,"Black-winged Kite","2020",0.0274185601430569,0.0431877009958385,0.065854869365511,NA,NA,NA,74.3247383720093,90.2520946005524,110.307531277764,NA,NA,NA,74.3247383720093,90.2520946005524,110.307531277764
2021,"Black-winged Kite","2021",0.0217566955980737,0.0343698434156394,0.0526563814803474,NA,NA,NA,59.0517572137372,72.0686981115253,87.3916138222005,NA,NA,NA,59.0517572137372,72.0686981115253,87.3916138222005
2022,"Black-winged Kite","2022",0.0234815496759449,0.0369712109059884,0.0563116082933921,NA,NA,NA,63.9253974544527,78.0688377792721,94.5748866534473,NA,NA,NA,63.9253974544527,78.0688377792721,94.5748866534473
2023,"Black-winged Kite","2023",0.0240064910195303,0.0381157785230995,0.0585608263755535,NA,NA,NA,65.4761148235655,79.8835909763309,97.3140739079719,NA,NA,NA,65.4761148235655,79.8835909763309,97.3140739079719
2024,"Black-winged Kite","2024",0.0236609118480407,0.0375628139385739,0.0568111430897027,NA,NA,NA,64.7268106387798,78.5317377548326,95.6611467278038,NA,NA,NA,64.7268106387798,78.5317377548326,95.6611467278038
2025,"Black-winged Kite","2025",0.0255000750845715,0.0403366046634096,0.0624790945478284,NA,NA,NA,69.5590230387881,84.8948714666381,102.632996312775,NA,NA,NA,69.5590230387881,84.8948714666381,102.632996312775
2026,"Black-winged Kite","2026",NA,NA,NA,NA,NA,NA,NA,NA,NA,62.3627231961604,73.8922879553668,87.5083581593286,62.3627231961604,73.8922879553668,87.5083581593286
2027,"Black-winged Kite","2027",NA,NA,NA,NA,NA,NA,NA,NA,NA,58.94958287238,71.4825856558124,86.4263432055738,58.94958287238,71.4825856558124,86.4263432055738
2028,"Black-winged Kite","2028",NA,NA,NA,NA,NA,NA,NA,NA,NA,55.7312816756995,69.0605135049587,85.6778597076375,55.7312816756995,69.0605135049587,85.6778597076375
2029,"Black-winged Kite","2029",NA,NA,NA,NA,NA,NA,NA,NA,NA,52.6203908319066,66.7284828683231,84.768975480306,52.6203908319066,66.7284828683231,84.768975480306
2030,"Black-winged Kite","2030",NA,NA,NA,NA,NA,NA,NA,NA,NA,49.6910885050856,64.5513379118211,84.0079704480748,49.6910885050856,64.5513379118211,84.0079704480748
2031,"Black-winged Kite","2031",NA,NA,NA,NA,NA,NA,NA,NA,NA,46.8565676370764,62.4002438657975,83.1058099991912,46.8565676370764,62.4002438657975,83.1058099991912
2032,"Black-winged Kite","2032",NA,NA,NA,NA,NA,NA,NA,NA,NA,44.2211031715916,60.2940068581906,82.2892996442771,44.2211031715916,60.2940068581906,82.2892996442771
2033,"Black-winged Kite","2033",NA,NA,NA,NA,NA,NA,NA,NA,NA,41.7454429348989,58.2984061874792,81.4277755120206,41.7454429348989,58.2984061874792,81.4277755120206
1985,"Oriental Honey-buzzard","before 2000",NA,NA,NA,NA,NA,NA,NA,NA,NA,NA,NA,NA,NA,NA,NA
2003,"Oriental Honey-buzzard","2000-2006",NA,NA,NA,NA,NA,NA,NA,NA,NA,NA,NA,NA,NA,NA,NA
2009,"Oriental Honey-buzzard","2007-2010",NA,NA,NA,NA,NA,NA,NA,NA,NA,NA,NA,NA,NA,NA,NA
2012,"Oriental Honey-buzzard","2011-2012",NA,NA,NA,NA,NA,NA,NA,NA,NA,NA,NA,NA,NA,NA,NA
2013,"Oriental Honey-buzzard","2013",NA,NA,NA,NA,NA,NA,NA,NA,NA,NA,NA,NA,NA,NA,NA
2014,"Oriental Honey-buzzard","2014",NA,NA,NA,NA,NA,NA,NA,NA,NA,NA,NA,NA,NA,NA,NA
2015,"Oriental Honey-buzzard","2015",0.0310034053977411,0.0427392408128125,0.0563476616680062,NA,NA,NA,100,100,100,NA,NA,NA,100,100,100
2016,"Oriental Honey-buzzard","2016",0.0471312854840816,0.0613336243317207,0.0780692336768526,NA,NA,NA,111.692777440464,143.994926918751,185.160668714552,NA,NA,NA,111.692777440464,143.994926918751,185.160668714552
2017,"Oriental Honey-buzzard","2017",0.0473618820529818,0.0615288943273847,0.0772381895993246,NA,NA,NA,113.025513996127,143.222067205562,189.777051440621,NA,NA,NA,113.025513996127,143.222067205562,189.777051440621
2018,"Oriental Honey-buzzard","2018",0.0367820333718886,0.047332838857196,0.0593261891037956,NA,NA,NA,86.8302029174201,110.535221948047,144.297593756176,NA,NA,NA,86.8302029174201,110.535221948047,144.297593756176
2019,"Oriental Honey-buzzard","2019",0.0403958592798948,0.0512706431654815,0.063661657626638,NA,NA,NA,95.3680854186931,119.788618974006,154.364354581932,NA,NA,NA,95.3680854186931,119.788618974006,154.364354581932
2020,"Oriental Honey-buzzard","2020",0.0340178949508153,0.043333468011543,0.053951937886342,NA,NA,NA,81.1675707757911,101.195776271136,131.00959333798,NA,NA,NA,81.1675707757911,101.195776271136,131.00959333798
2021,"Oriental Honey-buzzard","2021",0.0282246402535587,0.0358823387158603,0.0445103742873946,NA,NA,NA,67.4777708938297,83.8120860293733,107.157181401708,NA,NA,NA,67.4777708938297,83.8120860293733,107.157181401708
2022,"Oriental Honey-buzzard","2022",0.0243271934770664,0.031144746272678,0.0382668487121066,NA,NA,NA,58.6345421409265,72.8627888989371,93.6147114900299,NA,NA,NA,58.6345421409265,72.8627888989371,93.6147114900299
2023,"Oriental Honey-buzzard","2023",0.0241131233536983,0.0301912929673134,0.0372731493264244,NA,NA,NA,56.3456468631521,70.7099647474716,90.9093046769975,NA,NA,NA,56.3456468631521,70.7099647474716,90.9093046769975
2024,"Oriental Honey-buzzard","2024",0.0254406785379097,0.0323951135463487,0.0395821787846816,NA,NA,NA,61.4254310247267,75.7560072882408,96.2263779382431,NA,NA,NA,61.4254310247267,75.7560072882408,96.2263779382431
2025,"Oriental Honey-buzzard","2025",0.0237393548963713,0.0299522476314425,0.0368089386581712,NA,NA,NA,55.8090955230221,69.8520931042665,89.6463808504519,NA,NA,NA,55.8090955230221,69.8520931042665,89.6463808504519
2026,"Oriental Honey-buzzard","2026",NA,NA,NA,NA,NA,NA,NA,NA,NA,51.7548637597408,63.1813772256376,77.1487782854135,51.7548637597408,63.1813772256376,77.1487782854135
2027,"Oriental Honey-buzzard","2027",NA,NA,NA,NA,NA,NA,NA,NA,NA,47.0341126940614,58.9319209058847,73.8457599245505,47.0341126940614,58.9319209058847,73.8457599245505
2028,"Oriental Honey-buzzard","2028",NA,NA,NA,NA,NA,NA,NA,NA,NA,42.7289972345471,55.0455811367159,70.7418000584884,42.7289972345471,55.0455811367159,70.7418000584884
2029,"Oriental Honey-buzzard","2029",NA,NA,NA,NA,NA,NA,NA,NA,NA,38.747033611261,51.3108046680915,67.7912764908683,38.747033611261,51.3108046680915,67.7912764908683
2030,"Oriental Honey-buzzard","2030",NA,NA,NA,NA,NA,NA,NA,NA,NA,35.1037057081499,47.8118207457623,65.0438814936035,35.1037057081499,47.8118207457623,65.0438814936035
2031,"Oriental Honey-buzzard","2031",NA,NA,NA,NA,NA,NA,NA,NA,NA,31.7895966197065,44.5355898643691,62.4675888680521,31.7895966197065,44.5355898643691,62.4675888680521
2032,"Oriental Honey-buzzard","2032",NA,NA,NA,NA,NA,NA,NA,NA,NA,28.8047799126082,41.5773275605936,59.9519345110191,28.8047799126082,41.5773275605936,59.9519345110191
2033,"Oriental Honey-buzzard","2033",NA,NA,NA,NA,NA,NA,NA,NA,NA,26.1148802704953,38.7600613174148,57.5518243040706,26.1148802704953,38.7600613174148,57.5518243040706
1985,"Jerdon's Baza","before 2000",NA,NA,NA,NA,NA,NA,NA,NA,NA,NA,NA,NA,NA,NA,NA
2003,"Jerdon's Baza","2000-2006",NA,NA,NA,NA,NA,NA,NA,NA,NA,NA,NA,NA,NA,NA,NA
2009,"Jerdon's Baza","2007-2010",NA,NA,NA,NA,NA,NA,NA,NA,NA,NA,NA,NA,NA,NA,NA
2012,"Jerdon's Baza","2011-2012",NA,NA,NA,NA,NA,NA,NA,NA,NA,NA,NA,NA,NA,NA,NA
2013,"Jerdon's Baza","2013",NA,NA,NA,NA,NA,NA,NA,NA,NA,NA,NA,NA,NA,NA,NA
2014,"Jerdon's Baza","2014",NA,NA,NA,NA,NA,NA,NA,NA,NA,NA,NA,NA,NA,NA,NA
2015,"Jerdon's Baza","2015",4.27835729863778e-10,0.00401216650865,0.0104565407692607,NA,NA,NA,100,100,100,NA,NA,NA,100,100,100
2016,"Jerdon's Baza","2016",2.91475744666264e-10,0.00201557698190237,0.00602379103516451,NA,NA,NA,1.15459575577932e-05,50.1699041301937,368708666.26271,NA,NA,NA,1.15459575577932e-05,50.1699041301937,368708666.26271
2017,"Jerdon's Baza","2017",0.00117548782962284,0.00443552939704286,0.0108629234218414,NA,NA,NA,26.944117333211,112.298022088737,750520621.464458,NA,NA,NA,26.944117333211,112.298022088737,750520621.464458
2018,"Jerdon's Baza","2018",0.00054748335738575,0.00238447849761492,0.00563170683763227,NA,NA,NA,14.2692285892513,58.9723243949599,404248222.051509,NA,NA,NA,14.2692285892513,58.9723243949599,404248222.051509
2019,"Jerdon's Baza","2019",0.000685479761234236,0.00293411132005229,0.00661348050440131,NA,NA,NA,17.5277673135432,70.8539308141478,554818697.005527,NA,NA,NA,17.5277673135432,70.8539308141478,554818697.005527
2020,"Jerdon's Baza","2020",9.47959112322881e-11,0.000720785430553672,0.00201553343461573,NA,NA,NA,3.61555067511198e-06,17.2835817685217,77762653.8068843,NA,NA,NA,3.61555067511198e-06,17.2835817685217,77762653.8068843
2021,"Jerdon's Baza","2021",0.00104170262808879,0.00293258250362676,0.00576471635606873,NA,NA,NA,23.758352907011,74.3111235170095,527856356.276339,NA,NA,NA,23.758352907011,74.3111235170095,527856356.276339
2022,"Jerdon's Baza","2022",0.0023710909913296,0.00536247264028908,0.00977133496650084,NA,NA,NA,52.3231786127475,130.652793593573,829936280.831647,NA,NA,NA,52.3231786127475,130.652793593573,829936280.831647
2023,"Jerdon's Baza","2023",0.00135049658051707,0.00316920782347025,0.00616009386424555,NA,NA,NA,30.7340703559406,77.6560231463379,583210794.763359,NA,NA,NA,30.7340703559406,77.6560231463379,583210794.763359
2024,"Jerdon's Baza","2024",0.00370903793078938,0.00805843493719469,0.0144826008465923,NA,NA,NA,87.0460901131937,197.472641599514,1535939084.74218,NA,NA,NA,87.0460901131937,197.472641599514,1535939084.74218
2025,"Jerdon's Baza","2025",0.00325485437366087,0.00684658679491168,0.0126986451869416,NA,NA,NA,71.1168974079725,166.920765169201,1269958229.45951,NA,NA,NA,71.1168974079725,166.920765169201,1269958229.45951
2026,"Jerdon's Baza","2026",NA,NA,NA,NA,NA,NA,NA,NA,NA,48.2654619314037,126.602667244917,349.607078911641,48.2654619314037,126.602667244917,349.607078911641
2027,"Jerdon's Baza","2027",NA,NA,NA,NA,NA,NA,NA,NA,NA,46.4349252494935,138.623329979454,431.777704211332,46.4349252494935,138.623329979454,431.777704211332
2028,"Jerdon's Baza","2028",NA,NA,NA,NA,NA,NA,NA,NA,NA,44.2599411566024,151.277655865371,534.827701973589,44.2599411566024,151.277655865371,534.827701973589
2029,"Jerdon's Baza","2029",NA,NA,NA,NA,NA,NA,NA,NA,NA,42.17436159166,164.189528360745,666.663388255546,42.17436159166,164.189528360745,666.663388255546
2030,"Jerdon's Baza","2030",NA,NA,NA,NA,NA,NA,NA,NA,NA,39.8598536109382,179.395241939605,829.097561469843,39.8598536109382,179.395241939605,829.097561469843
2031,"Jerdon's Baza","2031",NA,NA,NA,NA,NA,NA,NA,NA,NA,37.6376419918618,195.258171111303,1037.96935863198,37.6376419918618,195.258171111303,1037.96935863198
2032,"Jerdon's Baza","2032",NA,NA,NA,NA,NA,NA,NA,NA,NA,35.5898655232998,211.488453346771,1311.07121325729,35.5898655232998,211.488453346771,1311.07121325729
2033,"Jerdon's Baza","2033",NA,NA,NA,NA,NA,NA,NA,NA,NA,33.7150257917439,229.483519207951,1625.60015017229,33.7150257917439,229.483519207951,1625.60015017229
1985,"Crested Serpent-Eagle","before 2000",NA,NA,NA,NA,NA,NA,NA,NA,NA,NA,NA,NA,NA,NA,NA
2003,"Crested Serpent-Eagle","2000-2006",NA,NA,NA,NA,NA,NA,NA,NA,NA,NA,NA,NA,NA,NA,NA
2009,"Crested Serpent-Eagle","2007-2010",NA,NA,NA,NA,NA,NA,NA,NA,NA,NA,NA,NA,NA,NA,NA
2012,"Crested Serpent-Eagle","2011-2012",NA,NA,NA,NA,NA,NA,NA,NA,NA,NA,NA,NA,NA,NA,NA
2013,"Crested Serpent-Eagle","2013",NA,NA,NA,NA,NA,NA,NA,NA,NA,NA,NA,NA,NA,NA,NA
2014,"Crested Serpent-Eagle","2014",NA,NA,NA,NA,NA,NA,NA,NA,NA,NA,NA,NA,NA,NA,NA
2015,"Crested Serpent-Eagle","2015",0.0105449710065191,0.0211328678152725,0.0368007150771748,NA,NA,NA,100,100,100,NA,NA,NA,100,100,100
2016,"Crested Serpent-Eagle","2016",0.00940573131563249,0.0183602920483479,0.031594029363339,NA,NA,NA,61.2887368227598,87.579236421883,120.836114616828,NA,NA,NA,61.2887368227598,87.579236421883,120.836114616828
2017,"Crested Serpent-Eagle","2017",0.0114210495155347,0.0209653461863632,0.0365345682199745,NA,NA,NA,72.5138696678097,99.2267533748582,138.842220099133,NA,NA,NA,72.5138696678097,99.2267533748582,138.842220099133
2018,"Crested Serpent-Eagle","2018",0.0118011168175715,0.0212439938479024,0.035870486909735,NA,NA,NA,76.6427229382009,100.472861935341,137.733674153174,NA,NA,NA,76.6427229382009,100.472861935341,137.733674153174
2019,"Crested Serpent-Eagle","2019",0.0122210386964537,0.022266102531909,0.0373615507416168,NA,NA,NA,79.8604276416857,105.706516605817,141.43438825162,NA,NA,NA,79.8604276416857,105.706516605817,141.43438825162
2020,"Crested Serpent-Eagle","2020",0.00979162399546997,0.0177017052827606,0.0298105023890853,NA,NA,NA,63.9168987916712,84.2287870238618,114.096643407313,NA,NA,NA,63.9168987916712,84.2287870238618,114.096643407313
2021,"Crested Serpent-Eagle","2021",0.00755565396816176,0.0137637216558478,0.0230284801871124,NA,NA,NA,50.1328607987659,65.8000131759756,87.889872970116,NA,NA,NA,50.1328607987659,65.8000131759756,87.889872970116
2022,"Crested Serpent-Eagle","2022",0.0086556621399879,0.0156960280102222,0.0258117044344704,NA,NA,NA,57.6009662265029,74.5345663155355,100.409471579739,NA,NA,NA,57.6009662265029,74.5345663155355,100.409471579739
2023,"Crested Serpent-Eagle","2023",0.00972522750197071,0.0173027180993598,0.0288912246955614,NA,NA,NA,64.2656168854142,82.1420252622424,109.220882570766,NA,NA,NA,64.2656168854142,82.1420252622424,109.220882570766
2024,"Crested Serpent-Eagle","2024",0.0101358545753569,0.018219461962981,0.0308009156610542,NA,NA,NA,67.5504383825121,86.8249451550149,118.290698270195,NA,NA,NA,67.5504383825121,86.8249451550149,118.290698270195
2025,"Crested Serpent-Eagle","2025",0.00905961704871467,0.0161021318608069,0.0269590521557919,NA,NA,NA,58.9107494959681,76.5654944373642,102.863319280747,NA,NA,NA,58.9107494959681,76.5654944373642,102.863319280747
2026,"Crested Serpent-Eagle","2026",NA,NA,NA,NA,NA,NA,NA,NA,NA,62.0372942399007,73.6200637960703,87.5196840285582,62.0372942399007,73.6200637960703,87.5196840285582
2027,"Crested Serpent-Eagle","2027",NA,NA,NA,NA,NA,NA,NA,NA,NA,58.9099235266297,71.506797845385,87.0599746980542,58.9099235266297,71.506797845385,87.0599746980542
2028,"Crested Serpent-Eagle","2028",NA,NA,NA,NA,NA,NA,NA,NA,NA,55.91818543638,69.6224479049758,86.7809295370009,55.91818543638,69.6224479049758,86.7809295370009
2029,"Crested Serpent-Eagle","2029",NA,NA,NA,NA,NA,NA,NA,NA,NA,53.1301399806507,67.8004186050398,86.4414814098156,53.1301399806507,67.8004186050398,86.4414814098156
2030,"Crested Serpent-Eagle","2030",NA,NA,NA,NA,NA,NA,NA,NA,NA,50.4567715356559,65.9353182004883,86.1249755717916,50.4567715356559,65.9353182004883,86.1249755717916
2031,"Crested Serpent-Eagle","2031",NA,NA,NA,NA,NA,NA,NA,NA,NA,47.841424212206,64.1618936278581,85.9282455322361,47.841424212206,64.1618936278581,85.9282455322361
2032,"Crested Serpent-Eagle","2032",NA,NA,NA,NA,NA,NA,NA,NA,NA,45.3932022228129,62.3654078136643,85.7201391498491,45.3932022228129,62.3654078136643,85.7201391498491
2033,"Crested Serpent-Eagle","2033",NA,NA,NA,NA,NA,NA,NA,NA,NA,43.079838921828,60.6829001151795,85.596155693815,43.079838921828,60.6829001151795,85.596155693815
1985,"Pied Harrier","before 2000",NA,NA,NA,NA,NA,NA,NA,NA,NA,NA,NA,NA,NA,NA,NA
2003,"Pied Harrier","2000-2006",NA,NA,NA,NA,NA,NA,NA,NA,NA,NA,NA,NA,NA,NA,NA
2009,"Pied Harrier","2007-2010",NA,NA,NA,NA,NA,NA,NA,NA,NA,NA,NA,NA,NA,NA,NA
2012,"Pied Harrier","2011-2012",NA,NA,NA,NA,NA,NA,NA,NA,NA,NA,NA,NA,NA,NA,NA
2013,"Pied Harrier","2013",NA,NA,NA,NA,NA,NA,NA,NA,NA,NA,NA,NA,NA,NA,NA
2014,"Pied Harrier","2014",NA,NA,NA,NA,NA,NA,NA,NA,NA,NA,NA,NA,NA,NA,NA
2015,"Pied Harrier","2015",0.000783003840234573,0.00206259746759976,0.00393884408276054,NA,NA,NA,100,100,100,NA,NA,NA,100,100,100
2016,"Pied Harrier","2016",0.00145416982043481,0.00297619629716903,0.00523739698043713,NA,NA,NA,74.9857774253667,144.958920307436,309.526175501641,NA,NA,NA,74.9857774253667,144.958920307436,309.526175501641
2017,"Pied Harrier","2017",0.00128813594972863,0.0026556773915325,0.0048518661293346,NA,NA,NA,69.8985938885949,130.676925497571,275.190922169957,NA,NA,NA,69.8985938885949,130.676925497571,275.190922169957
2018,"Pied Harrier","2018",0.00200797601974827,0.00388083611309889,0.00651780184840344,NA,NA,NA,104.624089709636,188.165978966772,378.974030435704,NA,NA,NA,104.624089709636,188.165978966772,378.974030435704
2019,"Pied Harrier","2019",0.00146094960498537,0.00282488421942954,0.00489702602649435,NA,NA,NA,77.146284984895,138.082717534181,286.709026716911,NA,NA,NA,77.146284984895,138.082717534181,286.709026716911
2020,"Pied Harrier","2020",0.00237680820466014,0.00428708692116049,0.0070919057252628,NA,NA,NA,124.604813605039,209.105846756958,414.809492467948,NA,NA,NA,124.604813605039,209.105846756958,414.809492467948
2021,"Pied Harrier","2021",0.0014282887387141,0.0026293878144206,0.0044301590327439,NA,NA,NA,71.6617127022445,127.055466547944,253.221873387297,NA,NA,NA,71.6617127022445,127.055466547944,253.221873387297
2022,"Pied Harrier","2022",0.00176658932366982,0.00320212624431824,0.00535960839243293,NA,NA,NA,92.2384303557569,158.684266675517,312.046275139361,NA,NA,NA,92.2384303557569,158.684266675517,312.046275139361
2023,"Pied Harrier","2023",0.00136115579141486,0.00246722244264213,0.00407156119688945,NA,NA,NA,67.9337330292724,120.02886016229,248.743185475846,NA,NA,NA,67.9337330292724,120.02886016229,248.743185475846
2024,"Pied Harrier","2024",0.00239412695185082,0.00421557464081385,0.00689892025072885,NA,NA,NA,118.539873113713,207.447335121133,415.612388479788,NA,NA,NA,118.539873113713,207.447335121133,415.612388479788
2025,"Pied Harrier","2025",0.00239147850413734,0.00434190800662048,0.00722875236370452,NA,NA,NA,122.724504312635,213.371258903525,423.546243919227,NA,NA,NA,122.724504312635,213.371258903525,423.546243919227
2026,"Pied Harrier","2026",NA,NA,NA,NA,NA,NA,NA,NA,NA,143.34608313758,195.252088119933,269.403985652587,143.34608313758,195.252088119933,269.403985652587
2027,"Pied Harrier","2027",NA,NA,NA,NA,NA,NA,NA,NA,NA,143.142125168961,202.812907666922,291.933325460726,143.142125168961,202.812907666922,291.933325460726
2028,"Pied Harrier","2028",NA,NA,NA,NA,NA,NA,NA,NA,NA,143.031696381513,211.61016808229,317.48125656291,143.031696381513,211.61016808229,317.48125656291
2029,"Pied Harrier","2029",NA,NA,NA,NA,NA,NA,NA,NA,NA,142.725215346127,220.754410262534,345.00355991194,142.725215346127,220.754410262534,345.00355991194
2030,"Pied Harrier","2030",NA,NA,NA,NA,NA,NA,NA,NA,NA,142.38769862572,230.265737515288,376.776126256938,142.38769862572,230.265737515288,376.776126256938
2031,"Pied Harrier","2031",NA,NA,NA,NA,NA,NA,NA,NA,NA,141.673763228639,240.183765507069,411.895051463269,141.673763228639,240.183765507069,411.895051463269
2032,"Pied Harrier","2032",NA,NA,NA,NA,NA,NA,NA,NA,NA,141.292955851156,250.287933343482,449.076281645327,141.292955851156,250.287933343482,449.076281645327
2033,"Pied Harrier","2033",NA,NA,NA,NA,NA,NA,NA,NA,NA,140.091851099722,260.711500552711,490.048705025559,140.091851099722,260.711500552711,490.048705025559
1985,"Shikra","before 2000",NA,NA,NA,NA,NA,NA,NA,NA,NA,NA,NA,NA,NA,NA,NA
2003,"Shikra","2000-2006",NA,NA,NA,NA,NA,NA,NA,NA,NA,NA,NA,NA,NA,NA,NA
2009,"Shikra","2007-2010",NA,NA,NA,NA,NA,NA,NA,NA,NA,NA,NA,NA,NA,NA,NA
2012,"Shikra","2011-2012",NA,NA,NA,NA,NA,NA,NA,NA,NA,NA,NA,NA,NA,NA,NA
2013,"Shikra","2013",NA,NA,NA,NA,NA,NA,NA,NA,NA,NA,NA,NA,NA,NA,NA
2014,"Shikra","2014",NA,NA,NA,NA,NA,NA,NA,NA,NA,NA,NA,NA,NA,NA,NA
2015,"Shikra","2015",0.0737605739487607,0.0988382283849988,0.132122962868705,NA,NA,NA,100,100,100,NA,NA,NA,100,100,100
2016,"Shikra","2016",0.0773983645468197,0.104091007927975,0.139136032991081,NA,NA,NA,86.4202583629371,105.389214642479,128.044573231979,NA,NA,NA,86.4202583629371,105.389214642479,128.044573231979
2017,"Shikra","2017",0.083652731218889,0.114235370155258,0.148370044366214,NA,NA,NA,94.7251243277066,114.446406436085,139.751667565123,NA,NA,NA,94.7251243277066,114.446406436085,139.751667565123
2018,"Shikra","2018",0.0754869153745362,0.100083383721739,0.132795498086985,NA,NA,NA,85.075600963077,101.402401417814,120.449507740913,NA,NA,NA,85.075600963077,101.402401417814,120.449507740913
2019,"Shikra","2019",0.083057597358791,0.110056070534868,0.14449923170194,NA,NA,NA,93.5190474673604,110.8232437164,130.613381354531,NA,NA,NA,93.5190474673604,110.8232437164,130.613381354531
2020,"Shikra","2020",0.0816675397931527,0.106901159886109,0.141005775420111,NA,NA,NA,91.6144802879719,107.418539050841,127.427886640907,NA,NA,NA,91.6144802879719,107.418539050841,127.427886640907
2021,"Shikra","2021",0.0841642400243995,0.109869778286851,0.143679347311794,NA,NA,NA,95.4404082519896,110.237540562323,129.580682344451,NA,NA,NA,95.4404082519896,110.237540562323,129.580682344451
2022,"Shikra","2022",0.0775800774994847,0.103121027499794,0.135450556407086,NA,NA,NA,89.7017919551591,103.563352164603,123.307644604249,NA,NA,NA,89.7017919551591,103.563352164603,123.307644604249
2023,"Shikra","2023",0.0758838086589752,0.0988991476970134,0.129308280281594,NA,NA,NA,85.9399448909907,99.4703256969303,118.649078410558,NA,NA,NA,85.9399448909907,99.4703256969303,118.649078410558
2024,"Shikra","2024",0.0794340461475342,0.104309461485841,0.135665374359209,NA,NA,NA,90.6425190175891,105.328460711911,124.225137516271,NA,NA,NA,90.6425190175891,105.328460711911,124.225137516271
2025,"Shikra","2025",0.0835566576437757,0.109052329074075,0.143177540937556,NA,NA,NA,94.2204329200035,110.061174254487,130.177144859269,NA,NA,NA,94.2204329200035,110.061174254487,130.177144859269
2026,"Shikra","2026",NA,NA,NA,NA,NA,NA,NA,NA,NA,99.229417968351,106.721078706925,114.50716422955,99.229417968351,106.721078706925,114.50716422955
2027,"Shikra","2027",NA,NA,NA,NA,NA,NA,NA,NA,NA,98.4342946613382,106.796383180287,115.704045593343,98.4342946613382,106.796383180287,115.704045593343
2028,"Shikra","2028",NA,NA,NA,NA,NA,NA,NA,NA,NA,97.3827303031297,106.984477187955,116.979678140952,97.3827303031297,106.984477187955,116.979678140952
2029,"Shikra","2029",NA,NA,NA,NA,NA,NA,NA,NA,NA,96.391340825159,107.097626803642,118.257185293538,96.391340825159,107.097626803642,118.257185293538
2030,"Shikra","2030",NA,NA,NA,NA,NA,NA,NA,NA,NA,95.6038247901327,107.120639781316,119.551052984047,95.6038247901327,107.120639781316,119.551052984047
2031,"Shikra","2031",NA,NA,NA,NA,NA,NA,NA,NA,NA,94.7271867611374,107.14799172446,120.921613226382,94.7271867611374,107.14799172446,120.921613226382
2032,"Shikra","2032",NA,NA,NA,NA,NA,NA,NA,NA,NA,93.9029124062819,107.111635645757,122.227068222631,93.9029124062819,107.111635645757,122.227068222631
2033,"Shikra","2033",NA,NA,NA,NA,NA,NA,NA,NA,NA,93.0497845445934,107.182662423005,123.692142797781,93.0497845445934,107.182662423005,123.692142797781
1985,"Black Kite","before 2000",NA,NA,NA,NA,NA,NA,NA,NA,NA,NA,NA,NA,NA,NA,NA
2003,"Black Kite","2000-2006",NA,NA,NA,NA,NA,NA,NA,NA,NA,NA,NA,NA,NA,NA,NA
2009,"Black Kite","2007-2010",NA,NA,NA,NA,NA,NA,NA,NA,NA,NA,NA,NA,NA,NA,NA
2012,"Black Kite","2011-2012",NA,NA,NA,NA,NA,NA,NA,NA,NA,NA,NA,NA,NA,NA,NA
2013,"Black Kite","2013",NA,NA,NA,NA,NA,NA,NA,NA,NA,NA,NA,NA,NA,NA,NA
2014,"Black Kite","2014",NA,NA,NA,NA,NA,NA,NA,NA,NA,NA,NA,NA,NA,NA,NA
2015,"Black Kite","2015",0.0874349691206073,0.125432894624009,0.184720222418866,NA,NA,NA,100,100,100,NA,NA,NA,100,100,100
2016,"Black Kite","2016",0.087125677799553,0.124040801385009,0.178565410782858,NA,NA,NA,82.7970913056933,98.6681945063396,119.191700088553,NA,NA,NA,82.7970913056933,98.6681945063396,119.191700088553
2017,"Black Kite","2017",0.0941722974241914,0.133157182015528,0.19161363239864,NA,NA,NA,88.868595293123,106.345490782506,126.507982600072,NA,NA,NA,88.868595293123,106.345490782506,126.507982600072
2018,"Black Kite","2018",0.0951518343454531,0.132859924374265,0.189489331489832,NA,NA,NA,90.3340767426941,106.585816160938,125.764613029218,NA,NA,NA,90.3340767426941,106.585816160938,125.764613029218
2019,"Black Kite","2019",0.103255656571908,0.145048347911038,0.204894067053381,NA,NA,NA,99.9760141634485,115.971362316775,137.571494842458,NA,NA,NA,99.9760141634485,115.971362316775,137.571494842458
2020,"Black Kite","2020",0.0967442918176235,0.133599811673351,0.18887870905653,NA,NA,NA,92.1660911313089,106.724789655302,127.041693787605,NA,NA,NA,92.1660911313089,106.724789655302,127.041693787605
2021,"Black Kite","2021",0.104176387541282,0.145172307186472,0.20275040810382,NA,NA,NA,99.8645841901159,115.555020016928,136.428516116895,NA,NA,NA,99.8645841901159,115.555020016928,136.428516116895
2022,"Black Kite","2022",0.0934238740605574,0.129543759875593,0.185524789503281,NA,NA,NA,89.5444132974488,103.301959186679,122.191738980455,NA,NA,NA,89.5444132974488,103.301959186679,122.191738980455
2023,"Black Kite","2023",0.0927614536477239,0.129263400388086,0.183462435415256,NA,NA,NA,90.0791181344241,103.482388296125,121.306800992702,NA,NA,NA,90.0791181344241,103.482388296125,121.306800992702
2024,"Black Kite","2024",0.0922647505759379,0.129769481125256,0.184535841787986,NA,NA,NA,89.7552606727693,103.381039925429,121.366404635601,NA,NA,NA,89.7552606727693,103.381039925429,121.366404635601
2025,"Black Kite","2025",0.101024637076407,0.139608714263698,0.195874314287989,NA,NA,NA,96.3033414169614,110.961593566367,130.139136267084,NA,NA,NA,96.3033414169614,110.961593566367,130.139136267084
2026,"Black Kite","2026",NA,NA,NA,NA,NA,NA,NA,NA,NA,101.626434060746,109.678842778921,118.271236324618,101.626434060746,109.678842778921,118.271236324618
2027,"Black Kite","2027",NA,NA,NA,NA,NA,NA,NA,NA,NA,101.100403374488,110.143446468978,120.195986928227,101.100403374488,110.143446468978,120.195986928227
2028,"Black Kite","2028",NA,NA,NA,NA,NA,NA,NA,NA,NA,100.598432596726,110.758966702431,122.104480807406,100.598432596726,110.758966702431,122.104480807406
2029,"Black Kite","2029",NA,NA,NA,NA,NA,NA,NA,NA,NA,99.9599039640417,111.324389656387,124.01257973448,99.9599039640417,111.324389656387,124.01257973448
2030,"Black Kite","2030",NA,NA,NA,NA,NA,NA,NA,NA,NA,99.4408102422096,111.78731629343,126.011748070806,99.4408102422096,111.78731629343,126.011748070806
2031,"Black Kite","2031",NA,NA,NA,NA,NA,NA,NA,NA,NA,98.754838555377,112.424987842679,128.073926239907,98.754838555377,112.424987842679,128.073926239907
2032,"Black Kite","2032",NA,NA,NA,NA,NA,NA,NA,NA,NA,98.1715464807554,112.982145983743,130.224133921229,98.1715464807554,112.982145983743,130.224133921229
2033,"Black Kite","2033",NA,NA,NA,NA,NA,NA,NA,NA,NA,97.6317824955536,113.541199261254,132.417306171391,97.6317824955536,113.541199261254,132.417306171391
1985,"Brahminy Kite","before 2000",0.0479797454376345,0.101922046124169,0.192059270480144,100,100,100,NA,NA,NA,NA,NA,NA,NA,NA,NA
2003,"Brahminy Kite","2000-2006",0.0137687398623042,0.075367262218533,0.217060596969003,13.220610015859,74.1714293934096,230.452998562107,NA,NA,NA,NA,NA,NA,NA,NA,NA
2009,"Brahminy Kite","2007-2010",1.6420925721254e-09,0.00313272472393571,0.014031376105186,1.5417838529473e-06,3.06192294784836,15.840092320008,NA,NA,NA,NA,NA,NA,NA,NA,NA
2012,"Brahminy Kite","2011-2012",1.56712999200516e-08,0.00723107890600341,0.0186476475414886,1.53989895361198e-05,7.24634632062168,20.1702864780346,NA,NA,NA,NA,NA,NA,NA,NA,NA
2013,"Brahminy Kite","2013",0.00252012000199869,0.00781177572461931,0.015732401032274,2.59615029833597,7.56968186572321,18.2010986804171,NA,NA,NA,NA,NA,NA,NA,NA,NA
2014,"Brahminy Kite","2014",0.000879096230684458,0.00391092783237819,0.00898694216961355,0.904977132155982,3.86734296344507,9.78280626066585,NA,NA,NA,NA,NA,NA,NA,NA,NA
2015,"Brahminy Kite","2015",0.0015204857450281,0.00435418844829334,0.00892407664348335,1.44415690597401,4.32152373391459,9.93842000768195,100,100,100,NA,NA,NA,100,100,100
2016,"Brahminy Kite","2016",0.00340144513941472,0.00671626410040223,0.0117194054825024,2.94512265659961,6.59963619921611,13.7512662968197,70.1345848086301,152.002584511818,437.16572160696,NA,NA,NA,70.1345848086301,152.002584511818,437.16572160696
2017,"Brahminy Kite","2017",0.00586887289568367,0.0111597571364555,0.0179076500902825,5.73803970957216,10.9509233087974,20.5800399773619,126.035463926851,252.323938361062,703.210510272016,NA,NA,NA,126.035463926851,252.323938361062,703.210510272016
2018,"Brahminy Kite","2018",0.0048058152675242,0.00857634536192273,0.0142754410995189,4.59525806654125,8.59308975257814,16.6440087128682,101.824543030143,199.580022002679,512.666193128663,NA,NA,NA,101.824543030143,199.580022002679,512.666193128663
2019,"Brahminy Kite","2019",0.00312580593120562,0.0057524732053806,0.00916260864083305,3.17159485137069,5.62009900914533,10.4346585348304,67.4567597261597,129.678437413288,352.663941372752,NA,NA,NA,67.4567597261597,129.678437413288,352.663941372752
2020,"Brahminy Kite","2020",0.00570661736186075,0.00974658499734025,0.0152083770765324,5.56379070726067,9.62541823386079,17.8286172740462,122.166220838336,220.789989009328,577.52089935873,NA,NA,NA,122.166220838336,220.789989009328,577.52089935873
2021,"Brahminy Kite","2021",0.00546883781929512,0.00885175828655869,0.0139636849068984,5.00649750293362,8.77521253647054,15.6844804188581,106.715302721957,202.486468802812,551.179429440887,NA,NA,NA,106.715302721957,202.486468802812,551.179429440887
2022,"Brahminy Kite","2022",0.00465937084837205,0.00784236790345025,0.0122184388207409,4.45351744977607,7.71537233340415,14.1485872105985,97.8021213616246,176.710679782071,473.404226082886,NA,NA,NA,97.8021213616246,176.710679782071,473.404226082886
2023,"Brahminy Kite","2023",0.00475442061390628,0.00791433295378756,0.0123500942823025,4.36322963824679,7.78076442645577,13.788869651878,99.5849937677151,177.611918351468,454.119558491321,NA,NA,NA,99.5849937677151,177.611918351468,454.119558491321
2024,"Brahminy Kite","2024",0.00383504233304458,0.00642613218670854,0.00970601427843033,3.67957419135666,6.32513648090706,11.7003431569766,81.9092128477877,144.691763090875,371.090289055728,NA,NA,NA,81.9092128477877,144.691763090875,371.090289055728
2025,"Brahminy Kite","2025",0.00499022621234141,0.00838253089802396,0.0127292182089081,4.93340079386543,8.34311458197324,14.71032393208,106.19039499267,188.182456112449,503.299311427937,NA,NA,NA,106.19039499267,188.182456112449,503.299311427937
2026,"Brahminy Kite","2026",NA,NA,NA,NA,NA,NA,NA,NA,NA,134.941316565089,193.318759059303,276.289338859362,134.941316565089,193.318759059303,276.289338859362
2027,"Brahminy Kite","2027",NA,NA,NA,NA,NA,NA,NA,NA,NA,131.159207237162,197.10191364871,296.017155284425,131.159207237162,197.10191364871,296.017155284425
2028,"Brahminy Kite","2028",NA,NA,NA,NA,NA,NA,NA,NA,NA,127.369379107745,201.24881696339,317.794115430348,127.369379107745,201.24881696339,317.794115430348
2029,"Brahminy Kite","2029",NA,NA,NA,NA,NA,NA,NA,NA,NA,123.935379426551,205.476641089472,341.43081109022,123.935379426551,205.476641089472,341.43081109022
2030,"Brahminy Kite","2030",NA,NA,NA,NA,NA,NA,NA,NA,NA,120.539894580992,209.596487005568,366.882171834835,120.539894580992,209.596487005568,366.882171834835
2031,"Brahminy Kite","2031",NA,NA,NA,NA,NA,NA,NA,NA,NA,117.013060678962,213.767402543177,393.631208886019,117.013060678962,213.767402543177,393.631208886019
2032,"Brahminy Kite","2032",NA,NA,NA,NA,NA,NA,NA,NA,NA,113.148514024365,218.431298600345,422.725928903807,113.148514024365,218.431298600345,422.725928903807
2033,"Brahminy Kite","2033",NA,NA,NA,NA,NA,NA,NA,NA,NA,109.71807158644,222.915466257331,453.408885245336,109.71807158644,222.915466257331,453.408885245336
1985,"Red-headed Trogon","before 2000",1.48465898668625e-10,0.00299651148289237,0.0108959237888977,100,100,100,NA,NA,NA,NA,NA,NA,NA,NA,NA
2003,"Red-headed Trogon","2000-2006",8.24223410381364e-11,0.00215455307966658,0.0104752751749504,4.48850683355263e-06,72.0444825460076,302561147.418561,NA,NA,NA,NA,NA,NA,NA,NA,NA
2009,"Red-headed Trogon","2007-2010",1.90895693025369e-10,0.00428770584567445,0.0150964031230261,1.15175045462178e-05,138.579432511489,1260747986.42222,NA,NA,NA,NA,NA,NA,NA,NA,NA
2012,"Red-headed Trogon","2011-2012",3.77415526722304e-10,0.00731858429536282,0.0237374965593162,7.78117803383997e-05,238.819344351727,2826958112.23473,NA,NA,NA,NA,NA,NA,NA,NA,NA
2013,"Red-headed Trogon","2013",3.11549650572015e-10,0.00710973265681684,0.02469936088003,2.64439419322097e-05,223.605162700226,2363908882.26314,NA,NA,NA,NA,NA,NA,NA,NA,NA
2014,"Red-headed Trogon","2014",9.94941744531326e-11,0.00166824209228917,0.00738921950177534,5.73159248789764e-06,55.8024998423987,403774075.847607,NA,NA,NA,NA,NA,NA,NA,NA,NA
2015,"Red-headed Trogon","2015",2.73710174294218e-10,0.00318010483645377,0.0103454297789704,5.44509794722901e-05,102.533098904697,1311230898.41579,100,100,100,NA,NA,NA,100,100,100
2016,"Red-headed Trogon","2016",1.22054625987692e-10,0.00152511416388932,0.00479366377338459,6.6960659996334e-06,50.3482232792706,348994399.658183,8.08877478340278e-06,46.0356927417812,303.697164580034,NA,NA,NA,8.08877478340278e-06,46.0356927417812,303.697164580034
2017,"Red-headed Trogon","2017",0.000262349345990471,0.00268647136985161,0.00797835993144099,15.5593872605839,88.1244918654537,902899729.460083,17.1475418011878,81.8264657281374,269988483.447957,NA,NA,NA,17.1475418011878,81.8264657281374,269988483.447957
2018,"Red-headed Trogon","2018",0.000844116916448183,0.00346498112371548,0.00982603496672826,30.9278182406424,114.5728231533,1197421718.05548,39.1107701472915,107.411003246053,634034035.840384,NA,NA,NA,39.1107701472915,107.411003246053,634034035.840384
2019,"Red-headed Trogon","2019",0.00112618087026771,0.00450518524849658,0.0134054760229397,44.2527995785745,147.723069164689,1744438644.66204,49.460030477531,139.328879484127,775460233.131744,NA,NA,NA,49.460030477531,139.328879484127,775460233.131744
2020,"Red-headed Trogon","2020",0.000893008943114591,0.00347713977712013,0.00992567549260815,36.5718046574461,113.021954170789,1577285139.09489,43.1721751732103,106.913335346614,651195931.407423,NA,NA,NA,43.1721751732103,106.913335346614,651195931.407423
2021,"Red-headed Trogon","2021",0.00204340131955267,0.00666385495817436,0.0181032165453801,77.7358714811631,209.503469307109,2387121876.51149,92.9833014611211,201.106654685937,1520795280.04317,NA,NA,NA,92.9833014611211,201.106654685937,1520795280.04317
2022,"Red-headed Trogon","2022",0.00155590041422155,0.00506692948906941,0.0138377781234473,58.8514579081973,163.435857959058,2235291161.86212,67.3792273192951,152.951347864805,1485900897.3012,NA,NA,NA,67.3792273192951,152.951347864805,1485900897.3012
2023,"Red-headed Trogon","2023",0.00177153477439306,0.00546899426042341,0.0146034561645279,64.899388866579,175.117180229552,2390879585.9986,80.001649647746,168.55978791317,1199418374.74668,NA,NA,NA,80.001649647746,168.55978791317,1199418374.74668
2024,"Red-headed Trogon","2024",0.00150336179394751,0.00485386810248447,0.0133928150148014,55.9010231075237,158.093289577475,1987335811.66259,69.0441127899317,150.21360076544,1231113086.07191,NA,NA,NA,69.0441127899317,150.21360076544,1231113086.07191
2025,"Red-headed Trogon","2025",0.00151967753038325,0.00513017693302259,0.0136267773984247,60.2299594196329,165.896570681135,2011190755.92674,68.6448382576125,156.693121356525,1269446350.74219,NA,NA,NA,68.6448382576125,156.693121356525,1269446350.74219
2026,"Red-headed Trogon","2026",NA,NA,NA,NA,NA,NA,NA,NA,NA,129.722688649653,214.82332142488,331.143803716292,129.722688649653,214.82332142488,331.143803716292
2027,"Red-headed Trogon","2027",NA,NA,NA,NA,NA,NA,NA,NA,NA,134.674649793935,236.032990218166,388.028454118519,134.674649793935,236.032990218166,388.028454118519
2028,"Red-headed Trogon","2028",NA,NA,NA,NA,NA,NA,NA,NA,NA,139.231173696989,260.508242318274,451.738231394442,139.231173696989,260.508242318274,451.738231394442
2029,"Red-headed Trogon","2029",NA,NA,NA,NA,NA,NA,NA,NA,NA,143.392452232702,285.364225544059,527.853388590449,143.392452232702,285.364225544059,527.853388590449
2030,"Red-headed Trogon","2030",NA,NA,NA,NA,NA,NA,NA,NA,NA,147.657446101097,315.192880675166,617.384093954654,147.657446101097,315.192880675166,617.384093954654
2031,"Red-headed Trogon","2031",NA,NA,NA,NA,NA,NA,NA,NA,NA,151.890239030666,347.990082105365,719.041713620775,151.890239030666,347.990082105365,719.041713620775
2032,"Red-headed Trogon","2032",NA,NA,NA,NA,NA,NA,NA,NA,NA,156.977959755696,383.034132710377,844.507808716586,156.977959755696,383.034132710377,844.507808716586
2033,"Red-headed Trogon","2033",NA,NA,NA,NA,NA,NA,NA,NA,NA,161.363876804605,421.494264285293,992.214442025735,161.363876804605,421.494264285293,992.214442025735
1985,"Great Hornbill","before 2000",0.00127722138515495,0.00609307833925574,0.0160130429188243,100,100,100,NA,NA,NA,NA,NA,NA,NA,NA,NA
2003,"Great Hornbill","2000-2006",1.708349204246e-09,0.00500778416751173,0.0147092364519223,4.91491205020394e-05,82.9078475947816,329.579365832986,NA,NA,NA,NA,NA,NA,NA,NA,NA
2009,"Great Hornbill","2007-2010",3.74076994395895e-09,0.00764054258645903,0.019850016910247,0.000180232997532595,122.752586534507,525.868710198321,NA,NA,NA,NA,NA,NA,NA,NA,NA
2012,"Great Hornbill","2011-2012",3.29563277993579e-09,0.0074425360127494,0.02269856628081,5.70518149948531e-05,121.311017377955,552.005096288242,NA,NA,NA,NA,NA,NA,NA,NA,NA
2013,"Great Hornbill","2013",0.00817538060819929,0.0280980382137592,0.0609845276994546,157.536036158597,454.162701546765,1924.66557045689,NA,NA,NA,NA,NA,NA,NA,NA,NA
2014,"Great Hornbill","2014",0.00202955639440835,0.0101311466922147,0.0243660566073915,30.4314252147934,163.148391065151,649.032872507025,NA,NA,NA,NA,NA,NA,NA,NA,NA
2015,"Great Hornbill","2015",0.00265789176674988,0.00857825449568507,0.0201516436774225,48.2282485840987,138.959853350312,581.239385479218,100,100,100,NA,NA,NA,100,100,100
2016,"Great Hornbill","2016",0.00144666222840976,0.00522547072265683,0.0115202867864142,29.9258700541852,85.063170689721,338.882980809882,21.1058469690749,61.8764045558593,152.905200726718,NA,NA,NA,21.1058469690749,61.8764045558593,152.905200726718
2017,"Great Hornbill","2017",0.00310769236135598,0.00933725801237164,0.0193163926172547,63.2738689299476,149.442937776833,512.726316326068,47.3235854085349,109.037789408414,264.058082654396,NA,NA,NA,47.3235854085349,109.037789408414,264.058082654396
2018,"Great Hornbill","2018",0.00608011571160162,0.0148366213925599,0.0297002398127925,112.643388990548,238.28553854406,880.274244981553,88.8656822460995,175.577037906248,393.583152781498,NA,NA,NA,88.8656822460995,175.577037906248,393.583152781498
2019,"Great Hornbill","2019",0.00450287120456526,0.010904732870389,0.0225605266055046,84.0929558190242,178.424747237149,624.789328181044,63.1336168605203,129.306962450526,331.103517141795,NA,NA,NA,63.1336168605203,129.306962450526,331.103517141795
2020,"Great Hornbill","2020",0.0056352135255487,0.01451611562307,0.0291381811297039,110.241047072295,234.426965611183,845.762427674856,90.6978017384055,167.860614610693,404.221718821482,NA,NA,NA,90.6978017384055,167.860614610693,404.221718821482
2021,"Great Hornbill","2021",0.0055608269237236,0.0133030868368913,0.0258389608683346,100.898453806869,213.305353345334,814.831284545543,82.5420488748372,155.833268581215,372.015838932084,NA,NA,NA,82.5420488748372,155.833268581215,372.015838932084
2022,"Great Hornbill","2022",0.00495848257047248,0.0122413059311064,0.024788150516597,94.5608146060833,197.645899473527,716.938472964406,78.2148313229865,146.106947656495,345.070206304059,NA,NA,NA,78.2148313229865,146.106947656495,345.070206304059
2023,"Great Hornbill","2023",0.00826386970434949,0.0195287442151475,0.0379265237021243,153.442655892795,320.388983076562,1244.76901727795,127.980216240598,231.187911873262,539.275723735409,NA,NA,NA,127.980216240598,231.187911873262,539.275723735409
2024,"Great Hornbill","2024",0.00977979452267705,0.022804195211299,0.044901352173324,178.145927832527,371.740214638052,1372.77731215963,152.587214711104,269.536090516381,618.676714111633,NA,NA,NA,152.587214711104,269.536090516381,618.676714111633
2025,"Great Hornbill","2025",0.00815924583014535,0.018690427527175,0.0364279883784146,146.077914867698,304.724161323334,1097.58043603863,124.486523682163,222.216942462146,521.198947400693,NA,NA,NA,124.486523682163,222.216942462146,521.198947400693
2026,"Great Hornbill","2026",NA,NA,NA,NA,NA,NA,NA,NA,NA,203.819203866787,286.012082701105,411.299675913859,203.819203866787,286.012082701105,411.299675913859
2027,"Great Hornbill","2027",NA,NA,NA,NA,NA,NA,NA,NA,NA,217.282830702078,320.128266181945,480.99992325523,217.282830702078,320.128266181945,480.99992325523
2028,"Great Hornbill","2028",NA,NA,NA,NA,NA,NA,NA,NA,NA,231.717370397623,358.429639632665,561.825764282991,231.717370397623,358.429639632665,561.825764282991
2029,"Great Hornbill","2029",NA,NA,NA,NA,NA,NA,NA,NA,NA,247.527961212024,399.692282620609,655.528556370081,247.527961212024,399.692282620609,655.528556370081
2030,"Great Hornbill","2030",NA,NA,NA,NA,NA,NA,NA,NA,NA,262.298178219471,444.954565273108,766.911426170711,262.298178219471,444.954565273108,766.911426170711
2031,"Great Hornbill","2031",NA,NA,NA,NA,NA,NA,NA,NA,NA,278.147588169418,497.583531322465,900.200560545047,278.147588169418,497.583531322465,900.200560545047
2032,"Great Hornbill","2032",NA,NA,NA,NA,NA,NA,NA,NA,NA,295.309290335454,556.734709592083,1055.63866408698,295.309290335454,556.734709592083,1055.63866408698
2033,"Great Hornbill","2033",NA,NA,NA,NA,NA,NA,NA,NA,NA,314.670496965808,620.577469585995,1244.15494741185,314.670496965808,620.577469585995,1244.15494741185
1985,"Rufous-necked Hornbill","before 2000",NA,NA,NA,NA,NA,NA,NA,NA,NA,NA,NA,NA,NA,NA,NA
2003,"Rufous-necked Hornbill","2000-2006",NA,NA,NA,NA,NA,NA,NA,NA,NA,NA,NA,NA,NA,NA,NA
2009,"Rufous-necked Hornbill","2007-2010",NA,NA,NA,NA,NA,NA,NA,NA,NA,NA,NA,NA,NA,NA,NA
2012,"Rufous-necked Hornbill","2011-2012",NA,NA,NA,NA,NA,NA,NA,NA,NA,NA,NA,NA,NA,NA,NA
2013,"Rufous-necked Hornbill","2013",NA,NA,NA,NA,NA,NA,NA,NA,NA,NA,NA,NA,NA,NA,NA
2014,"Rufous-necked Hornbill","2014",NA,NA,NA,NA,NA,NA,NA,NA,NA,NA,NA,NA,NA,NA,NA
2015,"Rufous-necked Hornbill","2015",0.00169715555568657,0.0073631706848286,0.0233365137641797,NA,NA,NA,100,100,100,NA,NA,NA,100,100,100
2016,"Rufous-necked Hornbill","2016",0.0018376515428373,0.00742874188313688,0.0233097647875869,NA,NA,NA,44.8084179842293,102.863779628934,233.849568025872,NA,NA,NA,44.8084179842293,102.863779628934,233.849568025872
2017,"Rufous-necked Hornbill","2017",0.00190930470923297,0.00794732747747342,0.0232740055361006,NA,NA,NA,45.2125226068868,108.668247615743,252.85228652827,NA,NA,NA,45.2125226068868,108.668247615743,252.85228652827
2018,"Rufous-necked Hornbill","2018",0.00231692699573262,0.00828106384323436,0.0252460352765388,NA,NA,NA,59.0507038984744,116.177886978332,242.628036150713,NA,NA,NA,59.0507038984744,116.177886978332,242.628036150713
2019,"Rufous-necked Hornbill","2019",0.00187871531048937,0.00680999547536735,0.0200995262641082,NA,NA,NA,41.0340360058833,93.0902216526996,206.688648766621,NA,NA,NA,41.0340360058833,93.0902216526996,206.688648766621
2020,"Rufous-necked Hornbill","2020",0.000808448011185708,0.00320456655005891,0.00954032007847524,NA,NA,NA,19.1457127239495,43.3218464473926,91.9950886904713,NA,NA,NA,19.1457127239495,43.3218464473926,91.9950886904713
2021,"Rufous-necked Hornbill","2021",0.00139114624318383,0.00476107007279231,0.0134642939231404,NA,NA,NA,32.8242752681708,65.3155113843162,148.106961085788,NA,NA,NA,32.8242752681708,65.3155113843162,148.106961085788
2022,"Rufous-necked Hornbill","2022",0.0012279114276918,0.00391948304337802,0.0115733577799764,NA,NA,NA,26.7719004110573,54.6250944784081,115.660941599524,NA,NA,NA,26.7719004110573,54.6250944784081,115.660941599524
2023,"Rufous-necked Hornbill","2023",0.000934634932715062,0.00328436973868707,0.00935797968087131,NA,NA,NA,23.4553295022933,45.596920392574,99.705106428676,NA,NA,NA,23.4553295022933,45.596920392574,99.705106428676
2024,"Rufous-necked Hornbill","2024",0.000995503076985962,0.00342722002652124,0.0098226824736613,NA,NA,NA,25.5616908172439,47.5538716777805,103.394250410628,NA,NA,NA,25.5616908172439,47.5538716777805,103.394250410628
2025,"Rufous-necked Hornbill","2025",0.00115663452305933,0.00397142562548279,0.0119019647784318,NA,NA,NA,28.9486547294597,55.6854009494977,119.300350964871,NA,NA,NA,28.9486547294597,55.6854009494977,119.300350964871
2026,"Rufous-necked Hornbill","2026",NA,NA,NA,NA,NA,NA,NA,NA,NA,28.427944987426,39.7090631269507,56.2232561307822,28.427944987426,39.7090631269507,56.2232561307822
2027,"Rufous-necked Hornbill","2027",NA,NA,NA,NA,NA,NA,NA,NA,NA,24.7893507892823,36.1567566923304,53.563981149143,24.7893507892823,36.1567566923304,53.563981149143
2028,"Rufous-necked Hornbill","2028",NA,NA,NA,NA,NA,NA,NA,NA,NA,21.5541579423879,33.0568503057267,51.1668549260861,21.5541579423879,33.0568503057267,51.1668549260861
2029,"Rufous-necked Hornbill","2029",NA,NA,NA,NA,NA,NA,NA,NA,NA,18.738421364417,29.9371464833519,48.7239527648114,18.738421364417,29.9371464833519,48.7239527648114
2030,"Rufous-necked Hornbill","2030",NA,NA,NA,NA,NA,NA,NA,NA,NA,16.2644719306942,27.2453622621373,46.4144326571752,16.2644719306942,27.2453622621373,46.4144326571752
2031,"Rufous-necked Hornbill","2031",NA,NA,NA,NA,NA,NA,NA,NA,NA,14.1357049399437,24.7885602271364,44.4285799703594,14.1357049399437,24.7885602271364,44.4285799703594
2032,"Rufous-necked Hornbill","2032",NA,NA,NA,NA,NA,NA,NA,NA,NA,12.2752162911476,22.5461520310487,42.7195576298762,12.2752162911476,22.5461520310487,42.7195576298762
2033,"Rufous-necked Hornbill","2033",NA,NA,NA,NA,NA,NA,NA,NA,NA,10.6104421223958,20.6065297761108,41.04115589605,10.6104421223958,20.6065297761108,41.04115589605
1985,"Wreathed Hornbill","before 2000",NA,NA,NA,NA,NA,NA,NA,NA,NA,NA,NA,NA,NA,NA,NA
2003,"Wreathed Hornbill","2000-2006",NA,NA,NA,NA,NA,NA,NA,NA,NA,NA,NA,NA,NA,NA,NA
2009,"Wreathed Hornbill","2007-2010",NA,NA,NA,NA,NA,NA,NA,NA,NA,NA,NA,NA,NA,NA,NA
2012,"Wreathed Hornbill","2011-2012",NA,NA,NA,NA,NA,NA,NA,NA,NA,NA,NA,NA,NA,NA,NA
2013,"Wreathed Hornbill","2013",NA,NA,NA,NA,NA,NA,NA,NA,NA,NA,NA,NA,NA,NA,NA
2014,"Wreathed Hornbill","2014",NA,NA,NA,NA,NA,NA,NA,NA,NA,NA,NA,NA,NA,NA,NA
2015,"Wreathed Hornbill","2015",2.32422401699635e-09,0.0248013394221127,0.074816532061156,NA,NA,NA,100,100,100,NA,NA,NA,100,100,100
2016,"Wreathed Hornbill","2016",0.00888307997243809,0.0406227199606739,0.097181995153427,NA,NA,NA,30.7243623943806,176.128257928646,1567349496.65559,NA,NA,NA,30.7243623943806,176.128257928646,1567349496.65559
2017,"Wreathed Hornbill","2017",0.0117052051815405,0.0493267067578366,0.113128513139165,NA,NA,NA,33.5695605466226,202.461830798163,1365935318.02691,NA,NA,NA,33.5695605466226,202.461830798163,1365935318.02691
2018,"Wreathed Hornbill","2018",0.0316605121490492,0.0525198078382655,0.0805763928484884,NA,NA,NA,65.1252177233866,212.760620545133,1870653473.4617,NA,NA,NA,65.1252177233866,212.760620545133,1870653473.4617
2019,"Wreathed Hornbill","2019",0.0216271695381667,0.0515344664582099,0.0969683195310415,NA,NA,NA,54.1426701765294,215.374451197882,2262198350.81666,NA,NA,NA,54.1426701765294,215.374451197882,2262198350.81666
2020,"Wreathed Hornbill","2020",1.30606933833713e-09,0.00666032017653246,0.0178358849402692,NA,NA,NA,3.2248460429006e-06,26.913465960606,134272554.179322,NA,NA,NA,3.2248460429006e-06,26.913465960606,134272554.179322
2021,"Wreathed Hornbill","2021",0.0138357011081703,0.0350789633885704,0.0662966593947968,NA,NA,NA,36.3476542595325,149.169391780197,1353702275.87772,NA,NA,NA,36.3476542595325,149.169391780197,1353702275.87772
2022,"Wreathed Hornbill","2022",0.0194333594114028,0.0377898348207391,0.0675314078507013,NA,NA,NA,43.3001541190878,163.913507422678,1722462015.87685,NA,NA,NA,43.3001541190878,163.913507422678,1722462015.87685
2023,"Wreathed Hornbill","2023",0.0457933741364988,0.0678452392592332,0.0968847960977925,NA,NA,NA,85.6228248120189,274.503035899876,2756457610.01711,NA,NA,NA,85.6228248120189,274.503035899876,2756457610.01711
2024,"Wreathed Hornbill","2024",0.0308807505988763,0.0525151923155152,0.0817029794073417,NA,NA,NA,64.9579418461303,217.883135320204,2379472791.71826,NA,NA,NA,64.9579418461303,217.883135320204,2379472791.71826
2025,"Wreathed Hornbill","2025",0.0411250609982429,0.0637255365969197,0.0926362772865256,NA,NA,NA,77.6351419376925,255.685100721053,2496477775.26663,NA,NA,NA,77.6351419376925,255.685100721053,2496477775.26663
2026,"Wreathed Hornbill","2026",NA,NA,NA,NA,NA,NA,NA,NA,NA,78.6525959083874,198.565010419826,725.32738002304,78.6525959083874,198.565010419826,725.32738002304
2027,"Wreathed Hornbill","2027",NA,NA,NA,NA,NA,NA,NA,NA,NA,73.6563466427931,210.994464739345,890.120831681922,73.6563466427931,210.994464739345,890.120831681922
2028,"Wreathed Hornbill","2028",NA,NA,NA,NA,NA,NA,NA,NA,NA,68.4304632128622,223.399457386272,1084.05911530691,68.4304632128622,223.399457386272,1084.05911530691
2029,"Wreathed Hornbill","2029",NA,NA,NA,NA,NA,NA,NA,NA,NA,63.5814306367972,237.198537451541,1329.12633400382,63.5814306367972,237.198537451541,1329.12633400382
2030,"Wreathed Hornbill","2030",NA,NA,NA,NA,NA,NA,NA,NA,NA,59.9287686938286,251.729903976113,1627.28790178782,59.9287686938286,251.729903976113,1627.28790178782
2031,"Wreathed Hornbill","2031",NA,NA,NA,NA,NA,NA,NA,NA,NA,55.9565698008001,266.689186885207,1983.90283061552,55.9565698008001,266.689186885207,1983.90283061552
2032,"Wreathed Hornbill","2032",NA,NA,NA,NA,NA,NA,NA,NA,NA,51.7334747622505,283.744829201184,2441.22241957274,51.7334747622505,283.744829201184,2441.22241957274
2033,"Wreathed Hornbill","2033",NA,NA,NA,NA,NA,NA,NA,NA,NA,48.088658521433,299.523590372066,2956.16958982025,48.088658521433,299.523590372066,2956.16958982025
1985,"Common Kingfisher","before 2000",NA,NA,NA,NA,NA,NA,NA,NA,NA,NA,NA,NA,NA,NA,NA
2003,"Common Kingfisher","2000-2006",NA,NA,NA,NA,NA,NA,NA,NA,NA,NA,NA,NA,NA,NA,NA
2009,"Common Kingfisher","2007-2010",NA,NA,NA,NA,NA,NA,NA,NA,NA,NA,NA,NA,NA,NA,NA
2012,"Common Kingfisher","2011-2012",NA,NA,NA,NA,NA,NA,NA,NA,NA,NA,NA,NA,NA,NA,NA
2013,"Common Kingfisher","2013",NA,NA,NA,NA,NA,NA,NA,NA,NA,NA,NA,NA,NA,NA,NA
2014,"Common Kingfisher","2014",NA,NA,NA,NA,NA,NA,NA,NA,NA,NA,NA,NA,NA,NA,NA
2015,"Common Kingfisher","2015",0.170334778292171,0.212496540593274,0.261224392784929,NA,NA,NA,100,100,100,NA,NA,NA,100,100,100
2016,"Common Kingfisher","2016",0.172460549807751,0.210736302298758,0.254714949141579,NA,NA,NA,84.5196217623843,99.4829735512515,116.529317326672,NA,NA,NA,84.5196217623843,99.4829735512515,116.529317326672
2017,"Common Kingfisher","2017",0.145016771769402,0.17942825052107,0.218812377666126,NA,NA,NA,72.2395007140318,84.2638821948804,99.5039848525618,NA,NA,NA,72.2395007140318,84.2638821948804,99.5039848525618
2018,"Common Kingfisher","2018",0.171834438467484,0.207189022192909,0.252327109166196,NA,NA,NA,85.3511680591705,98.4122528884703,113.560263136093,NA,NA,NA,85.3511680591705,98.4122528884703,113.560263136093
2019,"Common Kingfisher","2019",0.121595765993814,0.147945946576363,0.180255495117314,NA,NA,NA,60.7068678263221,70.3779543299042,80.6101486029517,NA,NA,NA,60.7068678263221,70.3779543299042,80.6101486029517
2020,"Common Kingfisher","2020",0.12453249586791,0.151938799259917,0.183738611363515,NA,NA,NA,62.6212181505891,71.8216261956891,82.5246007362308,NA,NA,NA,62.6212181505891,71.8216261956891,82.5246007362308
2021,"Common Kingfisher","2021",0.112280255473374,0.136965943633462,0.166933345823814,NA,NA,NA,56.6492675009452,65.1346254885593,74.5757635775343,NA,NA,NA,56.6492675009452,65.1346254885593,74.5757635775343
2022,"Common Kingfisher","2022",0.0926495782979765,0.112645457813157,0.136602779364001,NA,NA,NA,46.3463618812346,53.3340881975617,61.342998913135,NA,NA,NA,46.3463618812346,53.3340881975617,61.342998913135
2023,"Common Kingfisher","2023",0.0980140055612354,0.119549510918703,0.145278047531863,NA,NA,NA,48.8899477747985,56.3706964552781,65.166089648774,NA,NA,NA,48.8899477747985,56.3706964552781,65.166089648774
2024,"Common Kingfisher","2024",0.085302092763819,0.104473054183899,0.127190250709548,NA,NA,NA,42.8205459959007,49.5285581058927,56.522986322496,NA,NA,NA,42.8205459959007,49.5285581058927,56.522986322496
2025,"Common Kingfisher","2025",0.0948614704476409,0.115017174382624,0.138380311020342,NA,NA,NA,47.4808661738708,54.5416986981067,61.8393184963111,NA,NA,NA,47.4808661738708,54.5416986981067,61.8393184963111
2026,"Common Kingfisher","2026",NA,NA,NA,NA,NA,NA,NA,NA,NA,39.6588598295433,45.0064810551229,50.9435213155657,39.6588598295433,45.0064810551229,50.9435213155657
2027,"Common Kingfisher","2027",NA,NA,NA,NA,NA,NA,NA,NA,NA,36.1533381856422,41.7417696709196,48.0463255073087,36.1533381856422,41.7417696709196,48.0463255073087
2028,"Common Kingfisher","2028",NA,NA,NA,NA,NA,NA,NA,NA,NA,32.9278093193834,38.6939717133384,45.3451818171045,32.9278093193834,38.6939717133384,45.3451818171045
2029,"Common Kingfisher","2029",NA,NA,NA,NA,NA,NA,NA,NA,NA,30.0442494400068,35.8792743138272,42.7367779055889,30.0442494400068,35.8792743138272,42.7367779055889
2030,"Common Kingfisher","2030",NA,NA,NA,NA,NA,NA,NA,NA,NA,27.3437169730827,33.2575048622181,40.3265162353371,27.3437169730827,33.2575048622181,40.3265162353371
2031,"Common Kingfisher","2031",NA,NA,NA,NA,NA,NA,NA,NA,NA,24.9167435693628,30.8193787879357,38.0337473567446,24.9167435693628,30.8193787879357,38.0337473567446
2032,"Common Kingfisher","2032",NA,NA,NA,NA,NA,NA,NA,NA,NA,22.7012526814602,28.5460781719032,35.8933230941535,22.7012526814602,28.5460781719032,35.8933230941535
2033,"Common Kingfisher","2033",NA,NA,NA,NA,NA,NA,NA,NA,NA,20.6636559247147,26.4620128639274,33.87713119568,20.6636559247147,26.4620128639274,33.87713119568
1985,"Brown-winged Kingfisher","before 2000",NA,NA,NA,NA,NA,NA,NA,NA,NA,NA,NA,NA,NA,NA,NA
2003,"Brown-winged Kingfisher","2000-2006",NA,NA,NA,NA,NA,NA,NA,NA,NA,NA,NA,NA,NA,NA,NA
2009,"Brown-winged Kingfisher","2007-2010",NA,NA,NA,NA,NA,NA,NA,NA,NA,NA,NA,NA,NA,NA,NA
2012,"Brown-winged Kingfisher","2011-2012",NA,NA,NA,NA,NA,NA,NA,NA,NA,NA,NA,NA,NA,NA,NA
2013,"Brown-winged Kingfisher","2013",NA,NA,NA,NA,NA,NA,NA,NA,NA,NA,NA,NA,NA,NA,NA
2014,"Brown-winged Kingfisher","2014",NA,NA,NA,NA,NA,NA,NA,NA,NA,NA,NA,NA,NA,NA,NA
2015,"Brown-winged Kingfisher","2015",0.00614877592071691,0.0156750479400594,0.0291535954027109,NA,NA,NA,100,100,100,NA,NA,NA,100,100,100
2016,"Brown-winged Kingfisher","2016",0.00939832812164292,0.0192197216623654,0.0320032220522497,NA,NA,NA,48.6566632565975,120.300095242169,368.367997482941,NA,NA,NA,48.6566632565975,120.300095242169,368.367997482941
2017,"Brown-winged Kingfisher","2017",0.00599316493437625,0.0126956002592137,0.0214405221781349,NA,NA,NA,30.4012944674539,82.6757856398041,229.252411627897,NA,NA,NA,30.4012944674539,82.6757856398041,229.252411627897
2018,"Brown-winged Kingfisher","2018",0.00472561227946091,0.00947379542270989,0.0153966520865465,NA,NA,NA,24.4945335166211,59.1122570614532,165.189151177153,NA,NA,NA,24.4945335166211,59.1122570614532,165.189151177153
2019,"Brown-winged Kingfisher","2019",0.00392749772815389,0.00697618649597414,0.0106716745261947,NA,NA,NA,20.4171085305541,44.4109052920217,117.714154843819,NA,NA,NA,20.4171085305541,44.4109052920217,117.714154843819
2020,"Brown-winged Kingfisher","2020",0.00447450839666552,0.00683512470039712,0.00943173203313078,NA,NA,NA,21.498366245888,43.9103573108011,117.266301188235,NA,NA,NA,21.498366245888,43.9103573108011,117.266301188235
2021,"Brown-winged Kingfisher","2021",0.00291496676850897,0.00472664035903644,0.00683633133634022,NA,NA,NA,14.1685217994718,30.6435291974479,82.1883335601552,NA,NA,NA,14.1685217994718,30.6435291974479,82.1883335601552
2022,"Brown-winged Kingfisher","2022",0.00467229539762466,0.0069378065910422,0.00937558942281152,NA,NA,NA,22.4721297049795,43.6377557284777,114.41737019807,NA,NA,NA,22.4721297049795,43.6377557284777,114.41737019807
2023,"Brown-winged Kingfisher","2023",0.0075560601031345,0.0102548250766492,0.0133466515208794,NA,NA,NA,33.4381803936717,65.563704733941,176.793009629211,NA,NA,NA,33.4381803936717,65.563704733941,176.793009629211
2024,"Brown-winged Kingfisher","2024",0.00434441162183817,0.0060069420255423,0.00791680920919216,NA,NA,NA,20.3169565472245,38.384604248969,98.4449847793195,NA,NA,NA,20.3169565472245,38.384604248969,98.4449847793195
2025,"Brown-winged Kingfisher","2025",0.00450861960033596,0.00624898048310531,0.00812062316877232,NA,NA,NA,20.523394013493,39.7036420166653,103.522618983129,NA,NA,NA,20.523394013493,39.7036420166653,103.522618983129
2026,"Brown-winged Kingfisher","2026",NA,NA,NA,NA,NA,NA,NA,NA,NA,19.1577737082016,30.6920910761875,49.2345771150082,19.1577737082016,30.6920910761875,49.2345771150082
2027,"Brown-winged Kingfisher","2027",NA,NA,NA,NA,NA,NA,NA,NA,NA,16.3332272545526,27.7807585518066,47.7096779156715,16.3332272545526,27.7807585518066,47.7096779156715
2028,"Brown-winged Kingfisher","2028",NA,NA,NA,NA,NA,NA,NA,NA,NA,13.8991437645017,25.4190450606527,46.4742682671619,13.8991437645017,25.4190450606527,46.4742682671619
2029,"Brown-winged Kingfisher","2029",NA,NA,NA,NA,NA,NA,NA,NA,NA,11.8714579806263,23.183008444672,45.3092469160665,11.8714579806263,23.183008444672,45.3092469160665
2030,"Brown-winged Kingfisher","2030",NA,NA,NA,NA,NA,NA,NA,NA,NA,10.1327012342527,21.1044081767804,43.9848421654307,10.1327012342527,21.1044081767804,43.9848421654307
2031,"Brown-winged Kingfisher","2031",NA,NA,NA,NA,NA,NA,NA,NA,NA,8.62442905975198,19.1854691724714,42.6887086679587,8.62442905975198,19.1854691724714,42.6887086679587
2032,"Brown-winged Kingfisher","2032",NA,NA,NA,NA,NA,NA,NA,NA,NA,7.32376972717709,17.451634074541,41.5533228921985,7.32376972717709,17.451634074541,41.5533228921985
2033,"Brown-winged Kingfisher","2033",NA,NA,NA,NA,NA,NA,NA,NA,NA,6.23791705686327,15.8813029811808,40.6513910234598,6.23791705686327,15.8813029811808,40.6513910234598
1985,"Stork-billed Kingfisher","before 2000",NA,NA,NA,NA,NA,NA,NA,NA,NA,NA,NA,NA,NA,NA,NA
2003,"Stork-billed Kingfisher","2000-2006",NA,NA,NA,NA,NA,NA,NA,NA,NA,NA,NA,NA,NA,NA,NA
2009,"Stork-billed Kingfisher","2007-2010",NA,NA,NA,NA,NA,NA,NA,NA,NA,NA,NA,NA,NA,NA,NA
2012,"Stork-billed Kingfisher","2011-2012",NA,NA,NA,NA,NA,NA,NA,NA,NA,NA,NA,NA,NA,NA,NA
2013,"Stork-billed Kingfisher","2013",NA,NA,NA,NA,NA,NA,NA,NA,NA,NA,NA,NA,NA,NA,NA
2014,"Stork-billed Kingfisher","2014",NA,NA,NA,NA,NA,NA,NA,NA,NA,NA,NA,NA,NA,NA,NA
2015,"Stork-billed Kingfisher","2015",0.0569030079385461,0.0819433569615662,0.111542504479718,NA,NA,NA,100,100,100,NA,NA,NA,100,100,100
2016,"Stork-billed Kingfisher","2016",0.0632654277926689,0.0852808378618933,0.114940418302654,NA,NA,NA,79.5299273101623,103.235123005213,138.849171223995,NA,NA,NA,79.5299273101623,103.235123005213,138.849171223995
2017,"Stork-billed Kingfisher","2017",0.0690449038682586,0.0948671695601023,0.125920485057017,NA,NA,NA,88.6160256017679,116.202416395256,151.866556822778,NA,NA,NA,88.6160256017679,116.202416395256,151.866556822778
2018,"Stork-billed Kingfisher","2018",0.0673226047548904,0.0900875594000003,0.118388488111643,NA,NA,NA,87.1995889524996,109.671371480843,142.764380941885,NA,NA,NA,87.1995889524996,109.671371480843,142.764380941885
2019,"Stork-billed Kingfisher","2019",0.0577174685036657,0.0767028721411619,0.0985638122729761,NA,NA,NA,73.7100508085569,92.860079297558,121.903709877732,NA,NA,NA,73.7100508085569,92.860079297558,121.903709877732
2020,"Stork-billed Kingfisher","2020",0.0735079647250959,0.0956557272425518,0.123693562700122,NA,NA,NA,93.0773334704204,116.166258113303,150.66599907165,NA,NA,NA,93.0773334704204,116.166258113303,150.66599907165
2021,"Stork-billed Kingfisher","2021",0.0756672494497101,0.0995765087128105,0.126762921514189,NA,NA,NA,96.5032567059828,120.071842408892,155.519155962718,NA,NA,NA,96.5032567059828,120.071842408892,155.519155962718
2022,"Stork-billed Kingfisher","2022",0.0612533103540978,0.0795412410715003,0.102964541400969,NA,NA,NA,77.0418820329691,96.998325420005,126.986573889177,NA,NA,NA,77.0418820329691,96.998325420005,126.986573889177
2023,"Stork-billed Kingfisher","2023",0.079249670466029,0.102423976069682,0.130336214207306,NA,NA,NA,100.343817312747,124.721102678638,162.627217674885,NA,NA,NA,100.343817312747,124.721102678638,162.627217674885
2024,"Stork-billed Kingfisher","2024",0.0742443151670648,0.0982663867650225,0.124892227131924,NA,NA,NA,95.3135667928528,119.365295770184,154.737025511875,NA,NA,NA,95.3135667928528,119.365295770184,154.737025511875
2025,"Stork-billed Kingfisher","2025",0.0955208477705879,0.123234288365962,0.157603723100198,NA,NA,NA,119.503866721928,149.650311165721,191.117611704441,NA,NA,NA,119.503866721928,149.650311165721,191.117611704441
2026,"Stork-billed Kingfisher","2026",NA,NA,NA,NA,NA,NA,NA,NA,NA,112.541978658831,131.273433847339,152.725790570412,112.541978658831,131.273433847339,152.725790570412
2027,"Stork-billed Kingfisher","2027",NA,NA,NA,NA,NA,NA,NA,NA,NA,113.3462174367,134.591537514298,159.806002625213,113.3462174367,134.591537514298,159.806002625213
2028,"Stork-billed Kingfisher","2028",NA,NA,NA,NA,NA,NA,NA,NA,NA,113.929923753426,138.107808075916,167.266736995371,113.929923753426,138.107808075916,167.266736995371
2029,"Stork-billed Kingfisher","2029",NA,NA,NA,NA,NA,NA,NA,NA,NA,114.51507311124,141.760378080162,175.394521587139,114.51507311124,141.760378080162,175.394521587139
2030,"Stork-billed Kingfisher","2030",NA,NA,NA,NA,NA,NA,NA,NA,NA,115.142798788057,145.442930475518,183.565694512833,115.142798788057,145.442930475518,183.565694512833
2031,"Stork-billed Kingfisher","2031",NA,NA,NA,NA,NA,NA,NA,NA,NA,115.540747560485,148.978140623657,192.423516990494,115.540747560485,148.978140623657,192.423516990494
2032,"Stork-billed Kingfisher","2032",NA,NA,NA,NA,NA,NA,NA,NA,NA,115.840752124934,152.741079324569,201.54244479408,115.840752124934,152.741079324569,201.54244479408
2033,"Stork-billed Kingfisher","2033",NA,NA,NA,NA,NA,NA,NA,NA,NA,115.985076856802,156.72609502573,211.14011358684,115.985076856802,156.72609502573,211.14011358684
1985,"White-throated Kingfisher","before 2000",NA,NA,NA,NA,NA,NA,NA,NA,NA,NA,NA,NA,NA,NA,NA
2003,"White-throated Kingfisher","2000-2006",NA,NA,NA,NA,NA,NA,NA,NA,NA,NA,NA,NA,NA,NA,NA
2009,"White-throated Kingfisher","2007-2010",NA,NA,NA,NA,NA,NA,NA,NA,NA,NA,NA,NA,NA,NA,NA
2012,"White-throated Kingfisher","2011-2012",NA,NA,NA,NA,NA,NA,NA,NA,NA,NA,NA,NA,NA,NA,NA
2013,"White-throated Kingfisher","2013",NA,NA,NA,NA,NA,NA,NA,NA,NA,NA,NA,NA,NA,NA,NA
2014,"White-throated Kingfisher","2014",NA,NA,NA,NA,NA,NA,NA,NA,NA,NA,NA,NA,NA,NA,NA
2015,"White-throated Kingfisher","2015",0.290782516868433,0.365292416863455,0.443303815462197,NA,NA,NA,100,100,100,NA,NA,NA,100,100,100
2016,"White-throated Kingfisher","2016",0.3212915889544,0.400669238200111,0.483509722924364,NA,NA,NA,99.6972452053774,109.66601960589,120.756657064569,NA,NA,NA,99.6972452053774,109.66601960589,120.756657064569
2017,"White-throated Kingfisher","2017",0.276171156686915,0.343441745923307,0.422812269356831,NA,NA,NA,85.4600912180316,94.0992785184661,103.825761014858,NA,NA,NA,85.4600912180316,94.0992785184661,103.825761014858
2018,"White-throated Kingfisher","2018",0.302627834326123,0.377204340430345,0.45467562297336,NA,NA,NA,94.8710596506304,103.122020581353,112.257832386641,NA,NA,NA,94.8710596506304,103.122020581353,112.257832386641
2019,"White-throated Kingfisher","2019",0.321648558549092,0.397622021848373,0.478956794525228,NA,NA,NA,100.599472866486,108.967410491742,118.518440802085,NA,NA,NA,100.599472866486,108.967410491742,118.518440802085
2020,"White-throated Kingfisher","2020",0.314141821670551,0.387255735744273,0.466116832961613,NA,NA,NA,97.3000414724419,105.811467271229,114.671041032846,NA,NA,NA,97.3000414724419,105.811467271229,114.671041032846
2021,"White-throated Kingfisher","2021",0.340428647789236,0.415357823989519,0.498742133725629,NA,NA,NA,104.591469979905,113.316139462161,123.783112400748,NA,NA,NA,104.591469979905,113.316139462161,123.783112400748
2022,"White-throated Kingfisher","2022",0.313377317744916,0.385771516271304,0.464607716404127,NA,NA,NA,96.9383577659562,105.317347148176,114.374507695945,NA,NA,NA,96.9383577659562,105.317347148176,114.374507695945
2023,"White-throated Kingfisher","2023",0.314864074279367,0.387285441094691,0.465405900608812,NA,NA,NA,98.4139032387464,105.91743815722,114.960342030953,NA,NA,NA,98.4139032387464,105.91743815722,114.960342030953
2024,"White-throated Kingfisher","2024",0.325980394186022,0.399490643095942,0.479729461149208,NA,NA,NA,101.345251184628,109.436604972787,118.695035703614,NA,NA,NA,101.345251184628,109.436604972787,118.695035703614
2025,"White-throated Kingfisher","2025",0.340819582513969,0.417025342823977,0.498271149577018,NA,NA,NA,105.134763938909,113.899787004974,123.809810059581,NA,NA,NA,105.134763938909,113.899787004974,123.809810059581
2026,"White-throated Kingfisher","2026",NA,NA,NA,NA,NA,NA,NA,NA,NA,105.58901176832,112.642373620565,120.087918934346,105.58901176832,112.642373620565,120.087918934346
2027,"White-throated Kingfisher","2027",NA,NA,NA,NA,NA,NA,NA,NA,NA,105.665106558157,113.73932512317,122.158641162758,105.665106558157,113.73932512317,122.158641162758
2028,"White-throated Kingfisher","2028",NA,NA,NA,NA,NA,NA,NA,NA,NA,105.798530063266,114.877345564433,124.478071706357,105.798530063266,114.877345564433,124.478071706357
2029,"White-throated Kingfisher","2029",NA,NA,NA,NA,NA,NA,NA,NA,NA,105.941916694883,115.95327767146,126.776436362462,105.941916694883,115.95327767146,126.776436362462
2030,"White-throated Kingfisher","2030",NA,NA,NA,NA,NA,NA,NA,NA,NA,105.997282585407,117.063783121566,129.148500248641,105.997282585407,117.063783121566,129.148500248641
2031,"White-throated Kingfisher","2031",NA,NA,NA,NA,NA,NA,NA,NA,NA,106.091065724869,118.114092826957,131.569610760082,106.091065724869,118.114092826957,131.569610760082
2032,"White-throated Kingfisher","2032",NA,NA,NA,NA,NA,NA,NA,NA,NA,106.222848171339,119.237206960257,134.090634869278,106.222848171339,119.237206960257,134.090634869278
2033,"White-throated Kingfisher","2033",NA,NA,NA,NA,NA,NA,NA,NA,NA,106.365757195239,120.40557130975,136.62575250209,106.365757195239,120.40557130975,136.62575250209
1985,"Pied Kingfisher","before 2000",NA,NA,NA,NA,NA,NA,NA,NA,NA,NA,NA,NA,NA,NA,NA
2003,"Pied Kingfisher","2000-2006",NA,NA,NA,NA,NA,NA,NA,NA,NA,NA,NA,NA,NA,NA,NA
2009,"Pied Kingfisher","2007-2010",NA,NA,NA,NA,NA,NA,NA,NA,NA,NA,NA,NA,NA,NA,NA
2012,"Pied Kingfisher","2011-2012",NA,NA,NA,NA,NA,NA,NA,NA,NA,NA,NA,NA,NA,NA,NA
2013,"Pied Kingfisher","2013",NA,NA,NA,NA,NA,NA,NA,NA,NA,NA,NA,NA,NA,NA,NA
2014,"Pied Kingfisher","2014",NA,NA,NA,NA,NA,NA,NA,NA,NA,NA,NA,NA,NA,NA,NA
2015,"Pied Kingfisher","2015",0.0638454628347862,0.0912107618754374,0.129808915539852,NA,NA,NA,100,100,100,NA,NA,NA,100,100,100
2016,"Pied Kingfisher","2016",0.0567511884510487,0.0813031882236409,0.112159560002282,NA,NA,NA,69.8004355774657,88.9087758412365,115.639541031005,NA,NA,NA,69.8004355774657,88.9087758412365,115.639541031005
2017,"Pied Kingfisher","2017",0.0700788119860617,0.0976427698461644,0.13634337362776,NA,NA,NA,84.385556402067,107.141646264326,135.506010522817,NA,NA,NA,84.385556402067,107.141646264326,135.506010522817
2018,"Pied Kingfisher","2018",0.0752338916351534,0.107226357629583,0.144545141956053,NA,NA,NA,95.7676035956787,117.453418109654,147.120273826511,NA,NA,NA,95.7676035956787,117.453418109654,147.120273826511
2019,"Pied Kingfisher","2019",0.0527023340404685,0.0732742504853374,0.101862681931171,NA,NA,NA,64.9718942298031,80.7871278416545,100.579097827951,NA,NA,NA,64.9718942298031,80.7871278416545,100.579097827951
2020,"Pied Kingfisher","2020",0.0569663722304673,0.0786912047053793,0.108612861523924,NA,NA,NA,70.5665033014152,86.7411349566837,107.796353251633,NA,NA,NA,70.5665033014152,86.7411349566837,107.796353251633
2021,"Pied Kingfisher","2021",0.0474844760841281,0.0659961875436108,0.0910290554397544,NA,NA,NA,59.4271462381866,72.8837401741521,89.8006352930355,NA,NA,NA,59.4271462381866,72.8837401741521,89.8006352930355
2022,"Pied Kingfisher","2022",0.0558152812204509,0.0769289183274278,0.106307859710694,NA,NA,NA,69.1185798632808,84.4806598482954,104.271401528258,NA,NA,NA,69.1185798632808,84.4806598482954,104.271401528258
2023,"Pied Kingfisher","2023",0.0565393176342882,0.078497989481612,0.106156378815228,NA,NA,NA,70.7673620818344,85.8983609339255,106.023715742839,NA,NA,NA,70.7673620818344,85.8983609339255,106.023715742839
2024,"Pied Kingfisher","2024",0.0465817441085643,0.0640573074503295,0.0882417922695936,NA,NA,NA,57.9998548326322,70.3201476731885,86.1046310403675,NA,NA,NA,57.9998548326322,70.3201476731885,86.1046310403675
2025,"Pied Kingfisher","2025",0.0458284942092185,0.0640621589247359,0.0878018155805321,NA,NA,NA,57.815867944919,70.3592381729265,87.4369154497324,NA,NA,NA,57.815867944919,70.3592381729265,87.4369154497324
2026,"Pied Kingfisher","2026",NA,NA,NA,NA,NA,NA,NA,NA,NA,59.1450843989415,69.2843784836436,80.964041626508,59.1450843989415,69.2843784836436,80.964041626508
2027,"Pied Kingfisher","2027",NA,NA,NA,NA,NA,NA,NA,NA,NA,55.7990004321109,66.6373998637679,79.583677295045,55.7990004321109,66.6373998637679,79.583677295045
2028,"Pied Kingfisher","2028",NA,NA,NA,NA,NA,NA,NA,NA,NA,52.5858767763422,64.0624209974721,78.3934389998348,52.5858767763422,64.0624209974721,78.3934389998348
2029,"Pied Kingfisher","2029",NA,NA,NA,NA,NA,NA,NA,NA,NA,49.5349561271581,61.735020829536,77.2364162858007,49.5349561271581,61.735020829536,77.2364162858007
2030,"Pied Kingfisher","2030",NA,NA,NA,NA,NA,NA,NA,NA,NA,46.7146884840955,59.4711500641124,76.1576124646282,46.7146884840955,59.4711500641124,76.1576124646282
2031,"Pied Kingfisher","2031",NA,NA,NA,NA,NA,NA,NA,NA,NA,43.9918938336793,57.3504896265538,75.17420280689,43.9918938336793,57.3504896265538,75.17420280689
2032,"Pied Kingfisher","2032",NA,NA,NA,NA,NA,NA,NA,NA,NA,41.3931313616341,55.2419804371012,74.0779489563697,41.3931313616341,55.2419804371012,74.0779489563697
2033,"Pied Kingfisher","2033",NA,NA,NA,NA,NA,NA,NA,NA,NA,38.9278253250152,53.2078120112017,73.0577376224624,38.9278253250152,53.2078120112017,73.0577376224624
1985,"Asian Green Bee-eater","before 2000",NA,NA,NA,NA,NA,NA,NA,NA,NA,NA,NA,NA,NA,NA,NA
2003,"Asian Green Bee-eater","2000-2006",NA,NA,NA,NA,NA,NA,NA,NA,NA,NA,NA,NA,NA,NA,NA
2009,"Asian Green Bee-eater","2007-2010",NA,NA,NA,NA,NA,NA,NA,NA,NA,NA,NA,NA,NA,NA,NA
2012,"Asian Green Bee-eater","2011-2012",NA,NA,NA,NA,NA,NA,NA,NA,NA,NA,NA,NA,NA,NA,NA
2013,"Asian Green Bee-eater","2013",NA,NA,NA,NA,NA,NA,NA,NA,NA,NA,NA,NA,NA,NA,NA
2014,"Asian Green Bee-eater","2014",NA,NA,NA,NA,NA,NA,NA,NA,NA,NA,NA,NA,NA,NA,NA
2015,"Asian Green Bee-eater","2015",0.149424800280619,0.218932807037222,0.312899575421988,NA,NA,NA,100,100,100,NA,NA,NA,100,100,100
2016,"Asian Green Bee-eater","2016",0.139122722530891,0.199601436390097,0.291310733252565,NA,NA,NA,80.5423115739235,91.7805923525977,105.297119541005,NA,NA,NA,80.5423115739235,91.7805923525977,105.297119541005
2017,"Asian Green Bee-eater","2017",0.147233185924714,0.20981875325782,0.299375105828139,NA,NA,NA,84.4876891552115,96.5731373971059,111.087666371483,NA,NA,NA,84.4876891552115,96.5731373971059,111.087666371483
2018,"Asian Green Bee-eater","2018",0.14823830470704,0.210674602014131,0.302861912892018,NA,NA,NA,86.5398592808618,96.9392198830489,109.676293848802,NA,NA,NA,86.5398592808618,96.9392198830489,109.676293848802
2019,"Asian Green Bee-eater","2019",0.135265309438882,0.194416286442684,0.276603306946539,NA,NA,NA,79.4291837858738,89.2963140725928,100.91203233363,NA,NA,NA,79.4291837858738,89.2963140725928,100.91203233363
2020,"Asian Green Bee-eater","2020",0.132518376210669,0.189975281595025,0.275906181950783,NA,NA,NA,78.446168097806,87.5967400755238,97.5905673388253,NA,NA,NA,78.446168097806,87.5967400755238,97.5905673388253
2021,"Asian Green Bee-eater","2021",0.127771242835551,0.183116564956318,0.263982203986831,NA,NA,NA,75.3623225080935,84.4734622656438,94.4732884426198,NA,NA,NA,75.3623225080935,84.4734622656438,94.4732884426198
2022,"Asian Green Bee-eater","2022",0.105971218011048,0.15277947825508,0.223413839443361,NA,NA,NA,63.0152726126702,70.4666968198364,78.6512684323848,NA,NA,NA,63.0152726126702,70.4666968198364,78.6512684323848
2023,"Asian Green Bee-eater","2023",0.128855433488608,0.185232834222732,0.265786076749365,NA,NA,NA,76.1325784050087,85.1167379712909,95.2543431179431,NA,NA,NA,76.1325784050087,85.1167379712909,95.2543431179431
2024,"Asian Green Bee-eater","2024",0.139760494101546,0.198015973728562,0.286198824355358,NA,NA,NA,82.0072417007791,91.5062511876051,102.024751712258,NA,NA,NA,82.0072417007791,91.5062511876051,102.024751712258
2025,"Asian Green Bee-eater","2025",0.135533984157812,0.193818334376177,0.280755869896209,NA,NA,NA,79.9257772340193,89.3388132652306,99.4166535068382,NA,NA,NA,79.9257772340193,89.3388132652306,99.4166535068382
2026,"Asian Green Bee-eater","2026",NA,NA,NA,NA,NA,NA,NA,NA,NA,73.0192087345824,81.4593665048618,90.9938003606595,73.0192087345824,81.4593665048618,90.9938003606595
2027,"Asian Green Bee-eater","2027",NA,NA,NA,NA,NA,NA,NA,NA,NA,70.8549716571781,80.2792924759333,91.0009977361303,70.8549716571781,80.2792924759333,91.0009977361303
2028,"Asian Green Bee-eater","2028",NA,NA,NA,NA,NA,NA,NA,NA,NA,68.7904797233105,79.1243839415197,91.0740770490377,68.7904797233105,79.1243839415197,91.0740770490377
2029,"Asian Green Bee-eater","2029",NA,NA,NA,NA,NA,NA,NA,NA,NA,66.7174013718209,77.9922315995706,91.0846259873451,66.7174013718209,77.9922315995706,91.0846259873451
2030,"Asian Green Bee-eater","2030",NA,NA,NA,NA,NA,NA,NA,NA,NA,64.7081501393349,76.8537481388177,91.1616628901874,64.7081501393349,76.8537481388177,91.1616628901874
2031,"Asian Green Bee-eater","2031",NA,NA,NA,NA,NA,NA,NA,NA,NA,62.667701690566,75.7273545592932,91.2025730028913,62.667701690566,75.7273545592932,91.2025730028913
2032,"Asian Green Bee-eater","2032",NA,NA,NA,NA,NA,NA,NA,NA,NA,60.7072120331121,74.6277298250143,91.303085880974,60.7072120331121,74.6277298250143,91.303085880974
2033,"Asian Green Bee-eater","2033",NA,NA,NA,NA,NA,NA,NA,NA,NA,58.8434448959935,73.5012483430949,91.4404062600288,58.8434448959935,73.5012483430949,91.4404062600288
1985,"Blue-tailed Bee-eater","before 2000",NA,NA,NA,NA,NA,NA,NA,NA,NA,NA,NA,NA,NA,NA,NA
2003,"Blue-tailed Bee-eater","2000-2006",NA,NA,NA,NA,NA,NA,NA,NA,NA,NA,NA,NA,NA,NA,NA
2009,"Blue-tailed Bee-eater","2007-2010",NA,NA,NA,NA,NA,NA,NA,NA,NA,NA,NA,NA,NA,NA,NA
2012,"Blue-tailed Bee-eater","2011-2012",NA,NA,NA,NA,NA,NA,NA,NA,NA,NA,NA,NA,NA,NA,NA
2013,"Blue-tailed Bee-eater","2013",NA,NA,NA,NA,NA,NA,NA,NA,NA,NA,NA,NA,NA,NA,NA
2014,"Blue-tailed Bee-eater","2014",NA,NA,NA,NA,NA,NA,NA,NA,NA,NA,NA,NA,NA,NA,NA
2015,"Blue-tailed Bee-eater","2015",0.0101323434033852,0.0194046818353077,0.0345950408903748,NA,NA,NA,100,100,100,NA,NA,NA,100,100,100
2016,"Blue-tailed Bee-eater","2016",0.00804007538331487,0.0148560171601151,0.0248378806897995,NA,NA,NA,51.2024414828047,76.4623447727199,120.098810585049,NA,NA,NA,51.2024414828047,76.4623447727199,120.098810585049
2017,"Blue-tailed Bee-eater","2017",0.0130063262519837,0.0233535850017167,0.0379567565628979,NA,NA,NA,81.6577459069545,119.078814421045,181.297249409134,NA,NA,NA,81.6577459069545,119.078814421045,181.297249409134
2018,"Blue-tailed Bee-eater","2018",0.0165489281472463,0.0289230450222645,0.0455778179425942,NA,NA,NA,106.227959713118,148.892916402775,225.153963222732,NA,NA,NA,106.227959713118,148.892916402775,225.153963222732
2019,"Blue-tailed Bee-eater","2019",0.0130743872384806,0.022604826325402,0.0360913591467802,NA,NA,NA,82.7671093068803,116.975070316685,181.375607643973,NA,NA,NA,82.7671093068803,116.975070316685,181.375607643973
2020,"Blue-tailed Bee-eater","2020",0.0164081377283658,0.0282220546198285,0.0446873012007991,NA,NA,NA,105.05710158451,144.82966984808,217.006884329334,NA,NA,NA,105.05710158451,144.82966984808,217.006884329334
2021,"Blue-tailed Bee-eater","2021",0.0170211244343181,0.0291706538902444,0.0467383116698614,NA,NA,NA,109.962312732298,149.71728686954,224.43330467382,NA,NA,NA,109.962312732298,149.71728686954,224.43330467382
2022,"Blue-tailed Bee-eater","2022",0.0181315663860033,0.031263427602185,0.0496583899109368,NA,NA,NA,118.067552303621,160.27891514711,245.266993137494,NA,NA,NA,118.067552303621,160.27891514711,245.266993137494
2023,"Blue-tailed Bee-eater","2023",0.0159657126335343,0.0276149619678818,0.0436664614302289,NA,NA,NA,105.368614258332,141.403345673927,210.535100007597,NA,NA,NA,105.368614258332,141.403345673927,210.535100007597
2024,"Blue-tailed Bee-eater","2024",0.0226253780206457,0.0390473637335845,0.0622546740713193,NA,NA,NA,147.358058067873,200.461968109046,294.973054331403,NA,NA,NA,147.358058067873,200.461968109046,294.973054331403
2025,"Blue-tailed Bee-eater","2025",0.0208083719300625,0.0349890989999086,0.0555803565823891,NA,NA,NA,130.44251760282,180.300730666514,265.113781000816,NA,NA,NA,130.44251760282,180.300730666514,265.113781000816
2026,"Blue-tailed Bee-eater","2026",NA,NA,NA,NA,NA,NA,NA,NA,NA,167.991798917784,206.074263389395,253.101266212931,167.991798917784,206.074263389395,253.101266212931
2027,"Blue-tailed Bee-eater","2027",NA,NA,NA,NA,NA,NA,NA,NA,NA,175.887376873447,220.861160731185,278.82656523703,175.887376873447,220.861160731185,278.82656523703
2028,"Blue-tailed Bee-eater","2028",NA,NA,NA,NA,NA,NA,NA,NA,NA,183.168521853734,237.124385412836,307.568691091838,183.168521853734,237.124385412836,307.568691091838
2029,"Blue-tailed Bee-eater","2029",NA,NA,NA,NA,NA,NA,NA,NA,NA,190.410340666261,254.589782213594,338.733007228153,190.410340666261,254.589782213594,338.733007228153
2030,"Blue-tailed Bee-eater","2030",NA,NA,NA,NA,NA,NA,NA,NA,NA,198.165930206986,272.60139772009,374.070966276804,198.165930206986,272.60139772009,374.070966276804
2031,"Blue-tailed Bee-eater","2031",NA,NA,NA,NA,NA,NA,NA,NA,NA,206.205476333836,292.151670950159,413.118878423986,206.205476333836,292.151670950159,413.118878423986
2032,"Blue-tailed Bee-eater","2032",NA,NA,NA,NA,NA,NA,NA,NA,NA,214.741159600813,313.357284762653,455.240889060241,214.741159600813,313.357284762653,455.240889060241
2033,"Blue-tailed Bee-eater","2033",NA,NA,NA,NA,NA,NA,NA,NA,NA,223.749989119418,336.036839970837,501.898044186669,223.749989119418,336.036839970837,501.898044186669
1985,"Coppersmith Barbet","before 2000",NA,NA,NA,NA,NA,NA,NA,NA,NA,NA,NA,NA,NA,NA,NA
2003,"Coppersmith Barbet","2000-2006",NA,NA,NA,NA,NA,NA,NA,NA,NA,NA,NA,NA,NA,NA,NA
2009,"Coppersmith Barbet","2007-2010",NA,NA,NA,NA,NA,NA,NA,NA,NA,NA,NA,NA,NA,NA,NA
2012,"Coppersmith Barbet","2011-2012",NA,NA,NA,NA,NA,NA,NA,NA,NA,NA,NA,NA,NA,NA,NA
2013,"Coppersmith Barbet","2013",NA,NA,NA,NA,NA,NA,NA,NA,NA,NA,NA,NA,NA,NA,NA
2014,"Coppersmith Barbet","2014",NA,NA,NA,NA,NA,NA,NA,NA,NA,NA,NA,NA,NA,NA,NA
2015,"Coppersmith Barbet","2015",0.0871187468404947,0.12731876217226,0.178927456558172,NA,NA,NA,100,100,100,NA,NA,NA,100,100,100
2016,"Coppersmith Barbet","2016",0.0998389380107175,0.146720993979088,0.206916048569351,NA,NA,NA,96.1074002316333,115.153620993492,139.491002939976,NA,NA,NA,96.1074002316333,115.153620993492,139.491002939976
2017,"Coppersmith Barbet","2017",0.0905585452975097,0.131190031768619,0.183920233375943,NA,NA,NA,86.8595968920052,102.810280446408,125.391069479594,NA,NA,NA,86.8595968920052,102.810280446408,125.391069479594
2018,"Coppersmith Barbet","2018",0.0826040179531574,0.118765260000157,0.166056038557264,NA,NA,NA,78.6616069882557,92.8390812182786,111.071007432456,NA,NA,NA,78.6616069882557,92.8390812182786,111.071007432456
2019,"Coppersmith Barbet","2019",0.0961528215038894,0.13790508745983,0.191310779134527,NA,NA,NA,92.5737139312126,108.386754399736,128.225167689487,NA,NA,NA,92.5737139312126,108.386754399736,128.225167689487
2020,"Coppersmith Barbet","2020",0.0930307855120271,0.131469209497287,0.181429243857964,NA,NA,NA,88.6519090704118,102.966419240091,122.518093789712,NA,NA,NA,88.6519090704118,102.966419240091,122.518093789712
2021,"Coppersmith Barbet","2021",0.0832259012843557,0.118634264133421,0.165821126444443,NA,NA,NA,79.9725124707546,92.9103060232861,109.827007847686,NA,NA,NA,79.9725124707546,92.9103060232861,109.827007847686
2022,"Coppersmith Barbet","2022",0.0843954879635095,0.11988134743591,0.167042688932921,NA,NA,NA,81.3310464988168,93.9601065814797,110.820477130646,NA,NA,NA,81.3310464988168,93.9601065814797,110.820477130646
2023,"Coppersmith Barbet","2023",0.076534944591555,0.108965594463538,0.150446486308957,NA,NA,NA,74.2283701868977,85.4767758624462,101.232308061134,NA,NA,NA,74.2283701868977,85.4767758624462,101.232308061134
2024,"Coppersmith Barbet","2024",0.0683834515871431,0.0975852404811422,0.135483649304263,NA,NA,NA,65.6847462732178,76.1101425797586,89.9380315967909,NA,NA,NA,65.6847462732178,76.1101425797586,89.9380315967909
2025,"Coppersmith Barbet","2025",0.0650548734876814,0.0940756948024785,0.130695779777571,NA,NA,NA,63.5715169124701,73.6349837329253,86.9847970170093,NA,NA,NA,63.5715169124701,73.6349837329253,86.9847970170093
2026,"Coppersmith Barbet","2026",NA,NA,NA,NA,NA,NA,NA,NA,NA,68.194557538186,76.1992268645942,84.8895628178943,68.194557538186,76.1992268645942,84.8895628178943
2027,"Coppersmith Barbet","2027",NA,NA,NA,NA,NA,NA,NA,NA,NA,64.900675589336,73.5044753327618,83.1298608175316,64.900675589336,73.5044753327618,83.1298608175316
2028,"Coppersmith Barbet","2028",NA,NA,NA,NA,NA,NA,NA,NA,NA,61.778382011718,71.0115137746601,81.4341934249526,61.778382011718,71.0115137746601,81.4341934249526
2029,"Coppersmith Barbet","2029",NA,NA,NA,NA,NA,NA,NA,NA,NA,58.7421837918493,68.5250943130642,79.8377126831868,58.7421837918493,68.5250943130642,79.8377126831868
2030,"Coppersmith Barbet","2030",NA,NA,NA,NA,NA,NA,NA,NA,NA,55.9031649962578,66.0691051140364,78.2099468414195,55.9031649962578,66.0691051140364,78.2099468414195
2031,"Coppersmith Barbet","2031",NA,NA,NA,NA,NA,NA,NA,NA,NA,53.1245802004566,63.7610532610911,76.6943356096944,53.1245802004566,63.7610532610911,76.6943356096944
2032,"Coppersmith Barbet","2032",NA,NA,NA,NA,NA,NA,NA,NA,NA,50.6199536382158,61.5615125355421,75.1842926860029,50.6199536382158,61.5615125355421,75.1842926860029
2033,"Coppersmith Barbet","2033",NA,NA,NA,NA,NA,NA,NA,NA,NA,48.0513887464208,59.4692561207757,73.7117777904756,48.0513887464208,59.4692561207757,73.7117777904756
1985,"Lineated Barbet","before 2000",NA,NA,NA,NA,NA,NA,NA,NA,NA,NA,NA,NA,NA,NA,NA
2003,"Lineated Barbet","2000-2006",NA,NA,NA,NA,NA,NA,NA,NA,NA,NA,NA,NA,NA,NA,NA
2009,"Lineated Barbet","2007-2010",NA,NA,NA,NA,NA,NA,NA,NA,NA,NA,NA,NA,NA,NA,NA
2012,"Lineated Barbet","2011-2012",NA,NA,NA,NA,NA,NA,NA,NA,NA,NA,NA,NA,NA,NA,NA
2013,"Lineated Barbet","2013",NA,NA,NA,NA,NA,NA,NA,NA,NA,NA,NA,NA,NA,NA,NA
2014,"Lineated Barbet","2014",NA,NA,NA,NA,NA,NA,NA,NA,NA,NA,NA,NA,NA,NA,NA
2015,"Lineated Barbet","2015",0.020491175515989,0.0345200199327364,0.0545776408804818,NA,NA,NA,100,100,100,NA,NA,NA,100,100,100
2016,"Lineated Barbet","2016",0.0295474407926784,0.0472066902981686,0.0738165196844912,NA,NA,NA,104.264068603373,136.082135355515,182.865877369604,NA,NA,NA,104.264068603373,136.082135355515,182.865877369604
2017,"Lineated Barbet","2017",0.0326836505590568,0.0513168499708011,0.0799561519515884,NA,NA,NA,115.836952147815,148.238506282432,201.164278453881,NA,NA,NA,115.836952147815,148.238506282432,201.164278453881
2018,"Lineated Barbet","2018",0.0292551182692216,0.0455476322065097,0.0688530409463688,NA,NA,NA,105.277401421533,132.021427245901,176.794155054947,NA,NA,NA,105.277401421533,132.021427245901,176.794155054947
2019,"Lineated Barbet","2019",0.0259152145080557,0.0394690239976294,0.0613392260895155,NA,NA,NA,92.0413840199798,114.568834446931,155.310261958929,NA,NA,NA,92.0413840199798,114.568834446931,155.310261958929
2020,"Lineated Barbet","2020",0.0245279004226868,0.0379355402216483,0.0587995071132641,NA,NA,NA,87.9926866103667,110.043503789007,146.144380982629,NA,NA,NA,87.9926866103667,110.043503789007,146.144380982629
2021,"Lineated Barbet","2021",0.0305078349762152,0.0463491459755593,0.0725345653886224,NA,NA,NA,107.56049996122,135.529059144344,177.409989907993,NA,NA,NA,107.56049996122,135.529059144344,177.409989907993
2022,"Lineated Barbet","2022",0.0287210495753885,0.0443505772653158,0.0684549408208429,NA,NA,NA,103.741014930099,128.750079155236,168.214403719026,NA,NA,NA,103.741014930099,128.750079155236,168.214403719026
2023,"Lineated Barbet","2023",0.030052044275692,0.0462219297160965,0.0722713712312896,NA,NA,NA,107.87117560455,134.199766015692,177.889015389255,NA,NA,NA,107.87117560455,134.199766015692,177.889015389255
2024,"Lineated Barbet","2024",0.0313825976124658,0.0480646735706965,0.0746305401058746,NA,NA,NA,111.387593134926,139.432132721243,183.314209634893,NA,NA,NA,111.387593134926,139.432132721243,183.314209634893
2025,"Lineated Barbet","2025",0.0313357886743585,0.0477829904092141,0.0737999481219611,NA,NA,NA,111.344640647738,138.586225221817,183.831708811192,NA,NA,NA,111.344640647738,138.586225221817,183.831708811192
2026,"Lineated Barbet","2026",NA,NA,NA,NA,NA,NA,NA,NA,NA,119.312475549391,138.838770936826,162.313654793663,119.312475549391,138.838770936826,162.313654793663
2027,"Lineated Barbet","2027",NA,NA,NA,NA,NA,NA,NA,NA,NA,118.592727103926,140.823693423699,168.192402918804,118.592727103926,140.823693423699,168.192402918804
2028,"Lineated Barbet","2028",NA,NA,NA,NA,NA,NA,NA,NA,NA,117.84104040094,143.01807242791,174.311507763477,117.84104040094,143.01807242791,174.311507763477
2029,"Lineated Barbet","2029",NA,NA,NA,NA,NA,NA,NA,NA,NA,117.083971345038,145.115884451294,180.822725569674,117.083971345038,145.115884451294,180.822725569674
2030,"Lineated Barbet","2030",NA,NA,NA,NA,NA,NA,NA,NA,NA,116.184986534798,147.330863664185,187.180161458852,116.184986534798,147.330863664185,187.180161458852
2031,"Lineated Barbet","2031",NA,NA,NA,NA,NA,NA,NA,NA,NA,115.234697713995,149.35553559901,194.154530482419,115.234697713995,149.35553559901,194.154530482419
2032,"Lineated Barbet","2032",NA,NA,NA,NA,NA,NA,NA,NA,NA,114.260316899483,151.299930483938,201.173510972047,114.260316899483,151.299930483938,201.173510972047
2033,"Lineated Barbet","2033",NA,NA,NA,NA,NA,NA,NA,NA,NA,113.368831731855,153.462141205627,208.519513717166,113.368831731855,153.462141205627,208.519513717166
1985,"Blue-throated Barbet","before 2000",NA,NA,NA,NA,NA,NA,NA,NA,NA,NA,NA,NA,NA,NA,NA
2003,"Blue-throated Barbet","2000-2006",NA,NA,NA,NA,NA,NA,NA,NA,NA,NA,NA,NA,NA,NA,NA
2009,"Blue-throated Barbet","2007-2010",NA,NA,NA,NA,NA,NA,NA,NA,NA,NA,NA,NA,NA,NA,NA
2012,"Blue-throated Barbet","2011-2012",NA,NA,NA,NA,NA,NA,NA,NA,NA,NA,NA,NA,NA,NA,NA
2013,"Blue-throated Barbet","2013",NA,NA,NA,NA,NA,NA,NA,NA,NA,NA,NA,NA,NA,NA,NA
2014,"Blue-throated Barbet","2014",NA,NA,NA,NA,NA,NA,NA,NA,NA,NA,NA,NA,NA,NA,NA
2015,"Blue-throated Barbet","2015",0.145232117296247,0.21424782475754,0.306400889869063,NA,NA,NA,100,100,100,NA,NA,NA,100,100,100
2016,"Blue-throated Barbet","2016",0.145127560475592,0.212513325970421,0.296507055050387,NA,NA,NA,85.994210493278,98.7521443240329,112.802046843125,NA,NA,NA,85.994210493278,98.7521443240329,112.802046843125
2017,"Blue-throated Barbet","2017",0.126657355932702,0.185247834588947,0.264567741211571,NA,NA,NA,75.5089507647155,86.1086690771405,99.5488073674283,NA,NA,NA,75.5089507647155,86.1086690771405,99.5488073674283
2018,"Blue-throated Barbet","2018",0.121718684926747,0.177722260207777,0.250074515134876,NA,NA,NA,71.7817192221051,82.276602992073,93.0362979727545,NA,NA,NA,71.7817192221051,82.276602992073,93.0362979727545
2019,"Blue-throated Barbet","2019",0.138931282481294,0.203232942593008,0.285497916276451,NA,NA,NA,82.9056886938424,94.1328779539046,106.148853034684,NA,NA,NA,82.9056886938424,94.1328779539046,106.148853034684
2020,"Blue-throated Barbet","2020",0.134304356846419,0.19580957241302,0.274371526607831,NA,NA,NA,80.729817949739,91.1221033908168,102.381195303334,NA,NA,NA,80.729817949739,91.1221033908168,102.381195303334
2021,"Blue-throated Barbet","2021",0.131625122786722,0.192475171191359,0.268281135705121,NA,NA,NA,79.6765305979971,89.6022101783524,99.9875124718886,NA,NA,NA,79.6765305979971,89.6022101783524,99.9875124718886
2022,"Blue-throated Barbet","2022",0.13706890897671,0.199077053231435,0.280268837763507,NA,NA,NA,82.473825799277,92.7848495605511,103.996072328169,NA,NA,NA,82.473825799277,92.7848495605511,103.996072328169
2023,"Blue-throated Barbet","2023",0.140057605502717,0.203507719692332,0.284568415078385,NA,NA,NA,84.4298867267352,94.6318531355779,105.661016099639,NA,NA,NA,84.4298867267352,94.6318531355779,105.661016099639
2024,"Blue-throated Barbet","2024",0.141883236616955,0.20462846800183,0.286329137806926,NA,NA,NA,85.1225544458907,95.1367849347766,106.420286641674,NA,NA,NA,85.1225544458907,95.1367849347766,106.420286641674
2025,"Blue-throated Barbet","2025",0.152066343194752,0.220830581007721,0.304416672095166,NA,NA,NA,91.6350123409168,102.329507099733,114.943585598063,NA,NA,NA,91.6350123409168,102.329507099733,114.943585598063
2026,"Blue-throated Barbet","2026",NA,NA,NA,NA,NA,NA,NA,NA,NA,87.2342178218449,95.415844014067,104.360816768033,87.2342178218449,95.415844014067,104.360816768033
2027,"Blue-throated Barbet","2027",NA,NA,NA,NA,NA,NA,NA,NA,NA,86.4491407562617,95.7788224963654,105.935033171704,86.4491407562617,95.7788224963654,105.935033171704
2028,"Blue-throated Barbet","2028",NA,NA,NA,NA,NA,NA,NA,NA,NA,85.7251265813317,96.1366063430082,107.602964458061,85.7251265813317,96.1366063430082,107.602964458061
2029,"Blue-throated Barbet","2029",NA,NA,NA,NA,NA,NA,NA,NA,NA,85.025121012174,96.503957116691,109.38579064384,85.025121012174,96.503957116691,109.38579064384
2030,"Blue-throated Barbet","2030",NA,NA,NA,NA,NA,NA,NA,NA,NA,84.2909121539636,96.8869770470795,111.162363277839,84.2909121539636,96.8869770470795,111.162363277839
2031,"Blue-throated Barbet","2031",NA,NA,NA,NA,NA,NA,NA,NA,NA,83.5070131692574,97.3293810659099,112.967212677677,83.5070131692574,97.3293810659099,112.967212677677
2032,"Blue-throated Barbet","2032",NA,NA,NA,NA,NA,NA,NA,NA,NA,82.8141341863098,97.746055403024,114.822938285082,82.8141341863098,97.746055403024,114.822938285082
2033,"Blue-throated Barbet","2033",NA,NA,NA,NA,NA,NA,NA,NA,NA,82.0823243989939,98.191909094373,116.732304707547,82.0823243989939,98.191909094373,116.732304707547
1985,"Eurasian Wryneck","before 2000",NA,NA,NA,NA,NA,NA,NA,NA,NA,NA,NA,NA,NA,NA,NA
2003,"Eurasian Wryneck","2000-2006",NA,NA,NA,NA,NA,NA,NA,NA,NA,NA,NA,NA,NA,NA,NA
2009,"Eurasian Wryneck","2007-2010",NA,NA,NA,NA,NA,NA,NA,NA,NA,NA,NA,NA,NA,NA,NA
2012,"Eurasian Wryneck","2011-2012",NA,NA,NA,NA,NA,NA,NA,NA,NA,NA,NA,NA,NA,NA,NA
2013,"Eurasian Wryneck","2013",NA,NA,NA,NA,NA,NA,NA,NA,NA,NA,NA,NA,NA,NA,NA
2014,"Eurasian Wryneck","2014",NA,NA,NA,NA,NA,NA,NA,NA,NA,NA,NA,NA,NA,NA,NA
2015,"Eurasian Wryneck","2015",0.00192958250765839,0.00368860129607042,0.00626688259632335,NA,NA,NA,100,100,100,NA,NA,NA,100,100,100
2016,"Eurasian Wryneck","2016",0.00381311998167216,0.00618829848074032,0.00934842442056139,NA,NA,NA,100.689590461511,165.090277025992,299.914900461796,NA,NA,NA,100.689590461511,165.090277025992,299.914900461796
2017,"Eurasian Wryneck","2017",0.00231717335581133,0.00400808380072957,0.00631594505614617,NA,NA,NA,60.245949409484,108.189916036453,184.259618695217,NA,NA,NA,60.245949409484,108.189916036453,184.259618695217
2018,"Eurasian Wryneck","2018",0.00247898769738484,0.00401248432407894,0.00603899909288553,NA,NA,NA,65.062672356355,107.521576629173,184.458432637065,NA,NA,NA,65.062672356355,107.521576629173,184.458432637065
2019,"Eurasian Wryneck","2019",0.00266023411522971,0.00424616760259786,0.00639431813206724,NA,NA,NA,70.4129097026469,114.092938112982,196.754282547371,NA,NA,NA,70.4129097026469,114.092938112982,196.754282547371
2020,"Eurasian Wryneck","2020",0.00200708209445386,0.00312870109178023,0.00462641040115857,NA,NA,NA,53.1217466909001,84.0469721571425,142.433605505252,NA,NA,NA,53.1217466909001,84.0469721571425,142.433605505252
2021,"Eurasian Wryneck","2021",0.00250469647073472,0.00389288078883302,0.00567501811795737,NA,NA,NA,67.0200993544341,104.591754949601,171.889394597386,NA,NA,NA,67.0200993544341,104.591754949601,171.889394597386
2022,"Eurasian Wryneck","2022",0.00308210594927061,0.00465620955025667,0.00684066495176954,NA,NA,NA,79.4756566537262,124.674094204352,205.166047831908,NA,NA,NA,79.4756566537262,124.674094204352,205.166047831908
2023,"Eurasian Wryneck","2023",0.00271504089657395,0.00408459132671365,0.00585528100867614,NA,NA,NA,70.9751455480701,108.815006884266,180.216120725333,NA,NA,NA,70.9751455480701,108.815006884266,180.216120725333
2024,"Eurasian Wryneck","2024",0.00408826580460136,0.00604500023536879,0.0087689848847843,NA,NA,NA,104.698185910596,161.914304739301,267.602799310291,NA,NA,NA,104.698185910596,161.914304739301,267.602799310291
2025,"Eurasian Wryneck","2025",0.00314190770810631,0.00470449068496973,0.00683660689995982,NA,NA,NA,79.6652764408834,125.988251667668,208.150358194245,NA,NA,NA,79.6652764408834,125.988251667668,208.150358194245
2026,"Eurasian Wryneck","2026",NA,NA,NA,NA,NA,NA,NA,NA,NA,92.6241328425183,124.236224097942,167.112757664795,92.6241328425183,124.236224097942,167.112757664795
2027,"Eurasian Wryneck","2027",NA,NA,NA,NA,NA,NA,NA,NA,NA,90.3290671676493,126.077259563209,176.139972062094,90.3290671676493,126.077259563209,176.139972062094
2028,"Eurasian Wryneck","2028",NA,NA,NA,NA,NA,NA,NA,NA,NA,87.5990281097971,127.588820934455,185.662541373899,87.5990281097971,127.588820934455,185.662541373899
2029,"Eurasian Wryneck","2029",NA,NA,NA,NA,NA,NA,NA,NA,NA,85.1317464369874,129.054618519071,195.418244447286,85.1317464369874,129.054618519071,195.418244447286
2030,"Eurasian Wryneck","2030",NA,NA,NA,NA,NA,NA,NA,NA,NA,82.9019572315348,130.643795164685,205.823651862383,82.9019572315348,130.643795164685,205.823651862383
2031,"Eurasian Wryneck","2031",NA,NA,NA,NA,NA,NA,NA,NA,NA,80.7137376104637,132.162545263728,216.657501145866,80.7137376104637,132.162545263728,216.657501145866
2032,"Eurasian Wryneck","2032",NA,NA,NA,NA,NA,NA,NA,NA,NA,78.625357385892,133.606712981744,227.936484707346,78.625357385892,133.606712981744,227.936484707346
2033,"Eurasian Wryneck","2033",NA,NA,NA,NA,NA,NA,NA,NA,NA,76.3795580019947,135.484957641642,241.28156895187,76.3795580019947,135.484957641642,241.28156895187
1985,"White-browed Piculet","before 2000",NA,NA,NA,NA,NA,NA,NA,NA,NA,NA,NA,NA,NA,NA,NA
2003,"White-browed Piculet","2000-2006",NA,NA,NA,NA,NA,NA,NA,NA,NA,NA,NA,NA,NA,NA,NA
2009,"White-browed Piculet","2007-2010",NA,NA,NA,NA,NA,NA,NA,NA,NA,NA,NA,NA,NA,NA,NA
2012,"White-browed Piculet","2011-2012",NA,NA,NA,NA,NA,NA,NA,NA,NA,NA,NA,NA,NA,NA,NA
2013,"White-browed Piculet","2013",NA,NA,NA,NA,NA,NA,NA,NA,NA,NA,NA,NA,NA,NA,NA
2014,"White-browed Piculet","2014",NA,NA,NA,NA,NA,NA,NA,NA,NA,NA,NA,NA,NA,NA,NA
2015,"White-browed Piculet","2015",2.08166937582021e-10,0.00266874694827122,0.0091203415374589,NA,NA,NA,100,100,100,NA,NA,NA,100,100,100
2016,"White-browed Piculet","2016",1.69476255170476e-10,0.00270668903271403,0.00778244771927759,NA,NA,NA,1.11865914025021e-05,94.324963434977,958333364.612209,NA,NA,NA,1.11865914025021e-05,94.324963434977,958333364.612209
2017,"White-browed Piculet","2017",1.30047154005117e-10,0.00273450807531822,0.00744334243184009,NA,NA,NA,7.2600686560028e-06,95.2481706690946,1254309397.03785,NA,NA,NA,7.2600686560028e-06,95.2481706690946,1254309397.03785
2018,"White-browed Piculet","2018",9.63480022792895e-11,0.00106490172614632,0.00334435889171708,NA,NA,NA,3.36819721021443e-06,39.5123993630173,397247593.570951,NA,NA,NA,3.36819721021443e-06,39.5123993630173,397247593.570951
2019,"White-browed Piculet","2019",0.000662083556601779,0.00335610715543128,0.00828549968205045,NA,NA,NA,21.7557684067907,121.395146938795,1251906127.48722,NA,NA,NA,21.7557684067907,121.395146938795,1251906127.48722
2020,"White-browed Piculet","2020",0.00037687778532103,0.00187448842545061,0.00431925378903894,NA,NA,NA,12.9752545122939,67.2968915094247,775762692.788494,NA,NA,NA,12.9752545122939,67.2968915094247,775762692.788494
2021,"White-browed Piculet","2021",0.000527520815797413,0.00196875991659377,0.00438348015272283,NA,NA,NA,16.9793436312846,72.8520148984356,707424861.968776,NA,NA,NA,16.9793436312846,72.8520148984356,707424861.968776
2022,"White-browed Piculet","2022",0.00236192880189696,0.00540748312375683,0.0109881472196955,NA,NA,NA,61.6272361475006,194.381891910444,2469785192.99468,NA,NA,NA,61.6272361475006,194.381891910444,2469785192.99468
2023,"White-browed Piculet","2023",0.00117017412061988,0.00288652660511465,0.0056942346730675,NA,NA,NA,31.1800277764045,104.102045900621,1185928340.58923,NA,NA,NA,31.1800277764045,104.102045900621,1185928340.58923
2024,"White-browed Piculet","2024",0.00152823116535165,0.00340913087510891,0.00663509786059792,NA,NA,NA,38.6786177125177,122.58323066602,1421893805.21239,NA,NA,NA,38.6786177125177,122.58323066602,1421893805.21239
2025,"White-browed Piculet","2025",0.00129502438008176,0.00303215134459775,0.00619534186237994,NA,NA,NA,33.1117887364747,109.855414906278,1354966811.88791,NA,NA,NA,33.1117887364747,109.855414906278,1354966811.88791
2026,"White-browed Piculet","2026",NA,NA,NA,NA,NA,NA,NA,NA,NA,51.1074974746644,139.30552801136,333.889540606203,51.1074974746644,139.30552801136,333.889540606203
2027,"White-browed Piculet","2027",NA,NA,NA,NA,NA,NA,NA,NA,NA,47.9673033584987,149.41359147072,390.266914994416,47.9673033584987,149.41359147072,390.266914994416
2028,"White-browed Piculet","2028",NA,NA,NA,NA,NA,NA,NA,NA,NA,45.0230030711076,163.24518485317,454.10007571869,45.0230030711076,163.24518485317,454.10007571869
2029,"White-browed Piculet","2029",NA,NA,NA,NA,NA,NA,NA,NA,NA,42.0912312726183,176.976035124122,525.989042878294,42.0912312726183,176.976035124122,525.989042878294
2030,"White-browed Piculet","2030",NA,NA,NA,NA,NA,NA,NA,NA,NA,39.2165256112597,189.544686507417,613.697519343206,39.2165256112597,189.544686507417,613.697519343206
2031,"White-browed Piculet","2031",NA,NA,NA,NA,NA,NA,NA,NA,NA,36.5779643938132,203.594324975179,717.557154199037,36.5779643938132,203.594324975179,717.557154199037
2032,"White-browed Piculet","2032",NA,NA,NA,NA,NA,NA,NA,NA,NA,34.1271171097881,220.08533440801,843.229982319783,34.1271171097881,220.08533440801,843.229982319783
2033,"White-browed Piculet","2033",NA,NA,NA,NA,NA,NA,NA,NA,NA,31.9376813628986,239.669750800705,989.60980332098,31.9376813628986,239.669750800705,989.60980332098
1985,"Yellow-crowned Woodpecker","before 2000",NA,NA,NA,NA,NA,NA,NA,NA,NA,NA,NA,NA,NA,NA,NA
2003,"Yellow-crowned Woodpecker","2000-2006",NA,NA,NA,NA,NA,NA,NA,NA,NA,NA,NA,NA,NA,NA,NA
2009,"Yellow-crowned Woodpecker","2007-2010",NA,NA,NA,NA,NA,NA,NA,NA,NA,NA,NA,NA,NA,NA,NA
2012,"Yellow-crowned Woodpecker","2011-2012",NA,NA,NA,NA,NA,NA,NA,NA,NA,NA,NA,NA,NA,NA,NA
2013,"Yellow-crowned Woodpecker","2013",NA,NA,NA,NA,NA,NA,NA,NA,NA,NA,NA,NA,NA,NA,NA
2014,"Yellow-crowned Woodpecker","2014",NA,NA,NA,NA,NA,NA,NA,NA,NA,NA,NA,NA,NA,NA,NA
2015,"Yellow-crowned Woodpecker","2015",0.00312758314602976,0.0162339569624232,0.0389670916894116,NA,NA,NA,100,100,100,NA,NA,NA,100,100,100
2016,"Yellow-crowned Woodpecker","2016",0.00430595218373881,0.0137888149115926,0.0295841250641014,NA,NA,NA,25.0787226120162,86.8990908562345,395.781562479471,NA,NA,NA,25.0787226120162,86.8990908562345,395.781562479471
2017,"Yellow-crowned Woodpecker","2017",0.00558279664772488,0.0158314440237375,0.0333738846919855,NA,NA,NA,31.9439441621884,98.7928601581184,426.489377279096,NA,NA,NA,31.9439441621884,98.7928601581184,426.489377279096
2018,"Yellow-crowned Woodpecker","2018",0.00717323893683281,0.0164955839387001,0.0324604119102219,NA,NA,NA,40.2608730121934,105.765213865843,441.54245701332,NA,NA,NA,40.2608730121934,105.765213865843,441.54245701332
2019,"Yellow-crowned Woodpecker","2019",0.00824477771299409,0.0191197703010906,0.0370199751968203,NA,NA,NA,48.7870573361835,119.481683282731,484.380975287068,NA,NA,NA,48.7870573361835,119.481683282731,484.380975287068
2020,"Yellow-crowned Woodpecker","2020",0.00734147612337729,0.0155200374059608,0.0280825966252824,NA,NA,NA,40.9425024858114,99.4535021205646,383.071078402057,NA,NA,NA,40.9425024858114,99.4535021205646,383.071078402057
2021,"Yellow-crowned Woodpecker","2021",0.00708437230689944,0.0144234459052923,0.0272548793886341,NA,NA,NA,37.3460016319969,91.2898746122495,379.620970735263,NA,NA,NA,37.3460016319969,91.2898746122495,379.620970735263
2022,"Yellow-crowned Woodpecker","2022",0.00612690420036648,0.0121895303169377,0.0221004769324986,NA,NA,NA,33.496839082933,76.7358014479138,325.61566604792,NA,NA,NA,33.496839082933,76.7358014479138,325.61566604792
2023,"Yellow-crowned Woodpecker","2023",0.00475936107423315,0.00941385610130751,0.0164117930272918,NA,NA,NA,26.3595089472632,58.3279369791767,243.889433628092,NA,NA,NA,26.3595089472632,58.3279369791767,243.889433628092
2024,"Yellow-crowned Woodpecker","2024",0.00526100065033598,0.00997219649087974,0.0177679918423334,NA,NA,NA,27.3908282364285,63.0111989779986,234.307194286998,NA,NA,NA,27.3908282364285,63.0111989779986,234.307194286998
2025,"Yellow-crowned Woodpecker","2025",0.00541505473565135,0.0101823482355122,0.0176607648447265,NA,NA,NA,28.5200203689852,64.1685082066601,236.478022936185,NA,NA,NA,28.5200203689852,64.1685082066601,236.478022936185
2026,"Yellow-crowned Woodpecker","2026",NA,NA,NA,NA,NA,NA,NA,NA,NA,44.1659008639735,62.2022848368532,85.6785055310238,44.1659008639735,62.2022848368532,85.6785055310238
2027,"Yellow-crowned Woodpecker","2027",NA,NA,NA,NA,NA,NA,NA,NA,NA,40.1036405783267,59.1240440415042,85.2310842684162,40.1036405783267,59.1240440415042,85.2310842684162
2028,"Yellow-crowned Woodpecker","2028",NA,NA,NA,NA,NA,NA,NA,NA,NA,36.6697282122309,55.9069711339734,84.2997987029632,36.6697282122309,55.9069711339734,84.2997987029632
2029,"Yellow-crowned Woodpecker","2029",NA,NA,NA,NA,NA,NA,NA,NA,NA,33.3932745326162,52.9747818219265,83.9261110152193,33.3932745326162,52.9747818219265,83.9261110152193
2030,"Yellow-crowned Woodpecker","2030",NA,NA,NA,NA,NA,NA,NA,NA,NA,30.1337003304494,50.1950704321813,83.0100939134578,30.1337003304494,50.1950704321813,83.0100939134578
2031,"Yellow-crowned Woodpecker","2031",NA,NA,NA,NA,NA,NA,NA,NA,NA,27.197929705733,47.447994386222,82.5056584453598,27.197929705733,47.447994386222,82.5056584453598
2032,"Yellow-crowned Woodpecker","2032",NA,NA,NA,NA,NA,NA,NA,NA,NA,24.6515630582847,44.9074322532587,82.1132331527074,24.6515630582847,44.9074322532587,82.1132331527074
2033,"Yellow-crowned Woodpecker","2033",NA,NA,NA,NA,NA,NA,NA,NA,NA,22.303597687358,42.6806464131732,81.6320979277949,22.303597687358,42.6806464131732,81.6320979277949
1985,"Fulvous-breasted Woodpecker","before 2000",NA,NA,NA,NA,NA,NA,NA,NA,NA,NA,NA,NA,NA,NA,NA
2003,"Fulvous-breasted Woodpecker","2000-2006",NA,NA,NA,NA,NA,NA,NA,NA,NA,NA,NA,NA,NA,NA,NA
2009,"Fulvous-breasted Woodpecker","2007-2010",NA,NA,NA,NA,NA,NA,NA,NA,NA,NA,NA,NA,NA,NA,NA
2012,"Fulvous-breasted Woodpecker","2011-2012",NA,NA,NA,NA,NA,NA,NA,NA,NA,NA,NA,NA,NA,NA,NA
2013,"Fulvous-breasted Woodpecker","2013",NA,NA,NA,NA,NA,NA,NA,NA,NA,NA,NA,NA,NA,NA,NA
2014,"Fulvous-breasted Woodpecker","2014",NA,NA,NA,NA,NA,NA,NA,NA,NA,NA,NA,NA,NA,NA,NA
2015,"Fulvous-breasted Woodpecker","2015",0.0337075017030979,0.0548490442515482,0.0858971457161107,NA,NA,NA,100,100,100,NA,NA,NA,100,100,100
2016,"Fulvous-breasted Woodpecker","2016",0.0311362615612643,0.0506531395905529,0.0794644354958603,NA,NA,NA,72.2314411346383,92.6268933286886,117.48630903168,NA,NA,NA,72.2314411346383,92.6268933286886,117.48630903168
2017,"Fulvous-breasted Woodpecker","2017",0.0298927739105632,0.047755324491798,0.0729272352716745,NA,NA,NA,69.9286955837623,86.692814136481,110.958939302143,NA,NA,NA,69.9286955837623,86.692814136481,110.958939302143
2018,"Fulvous-breasted Woodpecker","2018",0.0276359835868482,0.0439884815054095,0.0673297468356226,NA,NA,NA,65.1482359320089,79.7832869823167,100.599491614148,NA,NA,NA,65.1482359320089,79.7832869823167,100.599491614148
2019,"Fulvous-breasted Woodpecker","2019",0.0285889233534444,0.0447423244107913,0.0686785779373036,NA,NA,NA,66.1501633696859,81.6987580646579,101.287687000603,NA,NA,NA,66.1501633696859,81.6987580646579,101.287687000603
2020,"Fulvous-breasted Woodpecker","2020",0.0206579795687201,0.032578078338644,0.0504788122149704,NA,NA,NA,48.5059161263962,59.4704901869543,73.2710047864103,NA,NA,NA,48.5059161263962,59.4704901869543,73.2710047864103
2021,"Fulvous-breasted Woodpecker","2021",0.0205883331596182,0.0321727107059816,0.048497167892693,NA,NA,NA,48.2923009473034,58.6450675797349,71.5610357406772,NA,NA,NA,48.2923009473034,58.6450675797349,71.5610357406772
2022,"Fulvous-breasted Woodpecker","2022",0.0205162854440952,0.0324951015157592,0.0495209233016973,NA,NA,NA,48.6545761342833,59.3439070304956,73.0034811451318,NA,NA,NA,48.6545761342833,59.3439070304956,73.0034811451318
2023,"Fulvous-breasted Woodpecker","2023",0.019864929737948,0.0310513837607162,0.0470088943154305,NA,NA,NA,46.640333891345,56.5691043479121,68.6799001310836,NA,NA,NA,46.640333891345,56.5691043479121,68.6799001310836
2024,"Fulvous-breasted Woodpecker","2024",0.0182404885729473,0.028489686951075,0.0438456631002472,NA,NA,NA,43.0533293958678,52.0425400987425,64.3231573145572,NA,NA,NA,43.0533293958678,52.0425400987425,64.3231573145572
2025,"Fulvous-breasted Woodpecker","2025",0.0167876990220978,0.0268425346039883,0.0407913790884635,NA,NA,NA,40.3452013336855,48.8077970284394,59.5197797858527,NA,NA,NA,40.3452013336855,48.8077970284394,59.5197797858527
2026,"Fulvous-breasted Woodpecker","2026",NA,NA,NA,NA,NA,NA,NA,NA,NA,39.8554972978991,44.1575551897511,48.8704913778319,39.8554972978991,44.1575551897511,48.8704913778319
2027,"Fulvous-breasted Woodpecker","2027",NA,NA,NA,NA,NA,NA,NA,NA,NA,36.5320707705364,40.9957796054817,46.0364268909685,36.5320707705364,40.9957796054817,46.0364268909685
2028,"Fulvous-breasted Woodpecker","2028",NA,NA,NA,NA,NA,NA,NA,NA,NA,33.4695340727967,38.1331349975136,43.32757854482,33.4695340727967,38.1331349975136,43.32757854482
2029,"Fulvous-breasted Woodpecker","2029",NA,NA,NA,NA,NA,NA,NA,NA,NA,30.634725273259,35.3430043990183,40.8133002354524,30.634725273259,35.3430043990183,40.8133002354524
2030,"Fulvous-breasted Woodpecker","2030",NA,NA,NA,NA,NA,NA,NA,NA,NA,28.0524432743734,32.859897046124,38.5362206870691,28.0524432743734,32.859897046124,38.5362206870691
2031,"Fulvous-breasted Woodpecker","2031",NA,NA,NA,NA,NA,NA,NA,NA,NA,25.6583691878408,30.5522843057061,36.3297384169611,25.6583691878408,30.5522843057061,36.3297384169611
2032,"Fulvous-breasted Woodpecker","2032",NA,NA,NA,NA,NA,NA,NA,NA,NA,23.4802598562059,28.3811049518312,34.2443635378089,23.4802598562059,28.3811049518312,34.2443635378089
2033,"Fulvous-breasted Woodpecker","2033",NA,NA,NA,NA,NA,NA,NA,NA,NA,21.5106730252665,26.3518934945386,32.2815089831369,21.5106730252665,26.3518934945386,32.2815089831369
1985,"Darjeeling Woodpecker","before 2000",0.0244211219513903,0.0441869302148566,0.0699839385264816,100,100,100,NA,NA,NA,NA,NA,NA,NA,NA,NA
2003,"Darjeeling Woodpecker","2000-2006",0.00337861805145039,0.0148492214602545,0.0319772607241317,7.6609880844328,33.6953174982698,80.989677425104,NA,NA,NA,NA,NA,NA,NA,NA,NA
2009,"Darjeeling Woodpecker","2007-2010",0.00915257430453974,0.0288065165269965,0.0598452878889566,18.228346591121,65.8158283666307,159.345142647979,NA,NA,NA,NA,NA,NA,NA,NA,NA
2012,"Darjeeling Woodpecker","2011-2012",0.00868889317968994,0.0258925307681343,0.0513660666283366,17.7065795855625,58.3133319171442,138.508785959493,NA,NA,NA,NA,NA,NA,NA,NA,NA
2013,"Darjeeling Woodpecker","2013",0.0133493136956217,0.0333090216940642,0.0612027968287303,28.4071464582257,72.2880307188637,159.834560430023,NA,NA,NA,NA,NA,NA,NA,NA,NA
2014,"Darjeeling Woodpecker","2014",0.0147790706131513,0.0310300024598204,0.0489795846918289,28.7046552198536,68.3498812759177,142.685156952635,NA,NA,NA,NA,NA,NA,NA,NA,NA
2015,"Darjeeling Woodpecker","2015",0.00545109537368053,0.014538721732644,0.0276661523720728,11.2848357644045,32.6898300081964,80.5672068457913,100,100,100,NA,NA,NA,100,100,100
2016,"Darjeeling Woodpecker","2016",0.0115038362211662,0.0189612759593833,0.0283887550535083,23.3418330063517,43.0368075649304,83.7753333778007,59.1811549155402,130.921703449077,383.831696683952,NA,NA,NA,59.1811549155402,130.921703449077,383.831696683952
2017,"Darjeeling Woodpecker","2017",0.00633190976872305,0.0124192884618523,0.0193109198783417,13.7025063647862,28.3204859954579,55.7617899820894,37.2072619733153,86.8336964057316,253.358259088722,NA,NA,NA,37.2072619733153,86.8336964057316,253.358259088722
2018,"Darjeeling Woodpecker","2018",0.00342495997049102,0.00676752776672444,0.0107203459019916,7.01782996730179,15.1620541055028,30.8612276675201,18.2988957143232,46.1571446343024,140.462711475141,NA,NA,NA,18.2988957143232,46.1571446343024,140.462711475141
2019,"Darjeeling Woodpecker","2019",0.00300590387883474,0.00740815537724109,0.0131074297033068,6.25832976463834,17.0276474393948,34.8888885355849,17.3077803632176,51.7836595346175,166.232586154545,NA,NA,NA,17.3077803632176,51.7836595346175,166.232586154545
2020,"Darjeeling Woodpecker","2020",0.00683129345842574,0.0103898560203503,0.0150556661012471,13.3366595845529,23.5442765951179,46.7901243931403,33.8965190759695,72.5694536486972,205.079021265835,NA,NA,NA,33.8965190759695,72.5694536486972,205.079021265835
2021,"Darjeeling Woodpecker","2021",0.0103556654292453,0.0138842385644092,0.017797358729996,19.1188946264741,31.0226463926006,59.6486175755913,48.2293434542016,95.8281148560171,266.912526224641,NA,NA,NA,48.2293434542016,95.8281148560171,266.912526224641
2022,"Darjeeling Woodpecker","2022",0.00937314396456048,0.0125203367728941,0.0156451704688925,17.1199203239796,28.1311915288467,50.2910903164362,43.5524375678812,85.9901570341765,225.748777535688,NA,NA,NA,43.5524375678812,85.9901570341765,225.748777535688
2023,"Darjeeling Woodpecker","2023",0.0138366062286131,0.0167661881520156,0.0203188535781638,23.8884917806237,37.9823804411056,68.6214475270925,59.9772906685434,115.425968727659,304.761732465692,NA,NA,NA,59.9772906685434,115.425968727659,304.761732465692
2024,"Darjeeling Woodpecker","2024",0.00825690550060844,0.0103571246297285,0.0127262508114532,14.3078467963928,23.5334928707349,43.6648027515739,37.0839820042651,71.3868101108826,198.994892560679,NA,NA,NA,37.0839820042651,71.3868101108826,198.994892560679
2025,"Darjeeling Woodpecker","2025",0.00961985490193496,0.0122510898458523,0.0149912981319866,16.7340498994978,27.6958703168159,51.0728412019033,44.4987982151537,84.190298436127,227.314935175924,NA,NA,NA,44.4987982151537,84.190298436127,227.314935175924
2026,"Darjeeling Woodpecker","2026",NA,NA,NA,NA,NA,NA,NA,NA,NA,48.6997619591791,79.222824186664,128.346563756681,48.6997619591791,79.222824186664,128.346563756681
2027,"Darjeeling Woodpecker","2027",NA,NA,NA,NA,NA,NA,NA,NA,NA,45.8814075854801,79.1296110383199,136.804281111327,45.8814075854801,79.1296110383199,136.804281111327
2028,"Darjeeling Woodpecker","2028",NA,NA,NA,NA,NA,NA,NA,NA,NA,42.7259866752034,79.2077238672055,145.649939068734,42.7259866752034,79.2077238672055,145.649939068734
2029,"Darjeeling Woodpecker","2029",NA,NA,NA,NA,NA,NA,NA,NA,NA,39.8430292764216,78.9190352727863,156.055736181053,39.8430292764216,78.9190352727863,156.055736181053
2030,"Darjeeling Woodpecker","2030",NA,NA,NA,NA,NA,NA,NA,NA,NA,37.0766691554676,78.9095416520302,167.521576694646,37.0766691554676,78.9095416520302,167.521576694646
2031,"Darjeeling Woodpecker","2031",NA,NA,NA,NA,NA,NA,NA,NA,NA,34.5324543154218,78.1782361438585,179.195406750424,34.5324543154218,78.1782361438585,179.195406750424
2032,"Darjeeling Woodpecker","2032",NA,NA,NA,NA,NA,NA,NA,NA,NA,32.2521597003574,78.1102977164371,191.439455901985,32.2521597003574,78.1102977164371,191.439455901985
2033,"Darjeeling Woodpecker","2033",NA,NA,NA,NA,NA,NA,NA,NA,NA,29.9671744545897,77.6232469555942,205.288396301096,29.9671744545897,77.6232469555942,205.288396301096
1985,"Black-rumped Flameback","before 2000",NA,NA,NA,NA,NA,NA,NA,NA,NA,NA,NA,NA,NA,NA,NA
2003,"Black-rumped Flameback","2000-2006",NA,NA,NA,NA,NA,NA,NA,NA,NA,NA,NA,NA,NA,NA,NA
2009,"Black-rumped Flameback","2007-2010",NA,NA,NA,NA,NA,NA,NA,NA,NA,NA,NA,NA,NA,NA,NA
2012,"Black-rumped Flameback","2011-2012",NA,NA,NA,NA,NA,NA,NA,NA,NA,NA,NA,NA,NA,NA,NA
2013,"Black-rumped Flameback","2013",NA,NA,NA,NA,NA,NA,NA,NA,NA,NA,NA,NA,NA,NA,NA
2014,"Black-rumped Flameback","2014",NA,NA,NA,NA,NA,NA,NA,NA,NA,NA,NA,NA,NA,NA,NA
2015,"Black-rumped Flameback","2015",0.088810568557852,0.134320362203796,0.197416637385508,NA,NA,NA,100,100,100,NA,NA,NA,100,100,100
2016,"Black-rumped Flameback","2016",0.110818063143755,0.162430470693007,0.235017257303018,NA,NA,NA,101.510571955417,121.088869694259,142.741967038793,NA,NA,NA,101.510571955417,121.088869694259,142.741967038793
2017,"Black-rumped Flameback","2017",0.0967016712187052,0.140716063324442,0.202837449119984,NA,NA,NA,88.6052882951375,104.504437602208,122.801519813827,NA,NA,NA,88.6052882951375,104.504437602208,122.801519813827
2018,"Black-rumped Flameback","2018",0.0860178996250128,0.122893720857207,0.177649848037746,NA,NA,NA,78.1009486792425,91.9514142774507,107.114428051347,NA,NA,NA,78.1009486792425,91.9514142774507,107.114428051347
2019,"Black-rumped Flameback","2019",0.0990555006705978,0.144337186018501,0.209573496728328,NA,NA,NA,91.8931718093268,107.592787274988,123.179723227824,NA,NA,NA,91.8931718093268,107.592787274988,123.179723227824
2020,"Black-rumped Flameback","2020",0.104174256968963,0.148463990416895,0.216050819715251,NA,NA,NA,95.9226877713286,110.83197914167,128.952557074478,NA,NA,NA,95.9226877713286,110.83197914167,128.952557074478
2021,"Black-rumped Flameback","2021",0.105972474418066,0.153198537950612,0.218843150376665,NA,NA,NA,98.4873906364777,114.083148439938,131.118869554303,NA,NA,NA,98.4873906364777,114.083148439938,131.118869554303
2022,"Black-rumped Flameback","2022",0.101817268012293,0.147653074909876,0.213717386696112,NA,NA,NA,95.292536900579,110.184313295575,127.966531030703,NA,NA,NA,95.292536900579,110.184313295575,127.966531030703
2023,"Black-rumped Flameback","2023",0.108956375008172,0.157500916056177,0.226932828345327,NA,NA,NA,101.542501287559,117.580009255698,136.587718196322,NA,NA,NA,101.542501287559,117.580009255698,136.587718196322
2024,"Black-rumped Flameback","2024",0.100229162354042,0.145501580821462,0.210609561248642,NA,NA,NA,94.3828462051566,108.236553015862,124.007863576759,NA,NA,NA,94.3828462051566,108.236553015862,124.007863576759
2025,"Black-rumped Flameback","2025",0.099151119105598,0.143772741079067,0.207326909111291,NA,NA,NA,92.4264173222505,106.993484527827,123.380898949191,NA,NA,NA,92.4264173222505,106.993484527827,123.380898949191
2026,"Black-rumped Flameback","2026",NA,NA,NA,NA,NA,NA,NA,NA,NA,101.183753846376,111.91295754757,124.334521853335,101.183753846376,111.91295754757,124.334521853335
2027,"Black-rumped Flameback","2027",NA,NA,NA,NA,NA,NA,NA,NA,NA,100.409631653296,112.593933828366,126.830973392897,100.409631653296,112.593933828366,126.830973392897
2028,"Black-rumped Flameback","2028",NA,NA,NA,NA,NA,NA,NA,NA,NA,99.678526874648,113.225340011156,129.162937569047,99.678526874648,113.225340011156,129.162937569047
2029,"Black-rumped Flameback","2029",NA,NA,NA,NA,NA,NA,NA,NA,NA,98.757946815084,113.912855240962,131.825774712948,98.757946815084,113.912855240962,131.825774712948
2030,"Black-rumped Flameback","2030",NA,NA,NA,NA,NA,NA,NA,NA,NA,97.9781162510601,114.605379052583,134.656331112086,97.9781162510601,114.605379052583,134.656331112086
2031,"Black-rumped Flameback","2031",NA,NA,NA,NA,NA,NA,NA,NA,NA,97.203640023882,115.30041599163,137.385672865757,97.203640023882,115.30041599163,137.385672865757
2032,"Black-rumped Flameback","2032",NA,NA,NA,NA,NA,NA,NA,NA,NA,96.2803012366895,116.046515789694,140.282414683475,96.2803012366895,116.046515789694,140.282414683475
2033,"Black-rumped Flameback","2033",NA,NA,NA,NA,NA,NA,NA,NA,NA,95.3905095832936,116.833866335216,143.23838309942,95.3905095832936,116.833866335216,143.23838309942
1985,"Streak-throated Woodpecker","before 2000",NA,NA,NA,NA,NA,NA,NA,NA,NA,NA,NA,NA,NA,NA,NA
2003,"Streak-throated Woodpecker","2000-2006",NA,NA,NA,NA,NA,NA,NA,NA,NA,NA,NA,NA,NA,NA,NA
2009,"Streak-throated Woodpecker","2007-2010",NA,NA,NA,NA,NA,NA,NA,NA,NA,NA,NA,NA,NA,NA,NA
2012,"Streak-throated Woodpecker","2011-2012",NA,NA,NA,NA,NA,NA,NA,NA,NA,NA,NA,NA,NA,NA,NA
2013,"Streak-throated Woodpecker","2013",NA,NA,NA,NA,NA,NA,NA,NA,NA,NA,NA,NA,NA,NA,NA
2014,"Streak-throated Woodpecker","2014",NA,NA,NA,NA,NA,NA,NA,NA,NA,NA,NA,NA,NA,NA,NA
2015,"Streak-throated Woodpecker","2015",0.00920526950288435,0.0215295432603664,0.0454246939454133,NA,NA,NA,100,100,100,NA,NA,NA,100,100,100
2016,"Streak-throated Woodpecker","2016",0.0108604294465695,0.0235818571770182,0.0494314294401264,NA,NA,NA,78.7944454175795,110.320340037752,151.72419164296,NA,NA,NA,78.7944454175795,110.320340037752,151.72419164296
2017,"Streak-throated Woodpecker","2017",0.00910207660057628,0.0213307754766048,0.0435982719368052,NA,NA,NA,70.6967945961292,98.5926575684275,139.734399987523,NA,NA,NA,70.6967945961292,98.5926575684275,139.734399987523
2018,"Streak-throated Woodpecker","2018",0.0100162170219521,0.0224444791710751,0.0463021942188339,NA,NA,NA,76.2491032979165,103.681549795236,147.541633756172,NA,NA,NA,76.2491032979165,103.681549795236,147.541633756172
2019,"Streak-throated Woodpecker","2019",0.00809088935201654,0.0180709123934503,0.0366475596492996,NA,NA,NA,60.2397684189108,82.6389118408617,113.538153342695,NA,NA,NA,60.2397684189108,82.6389118408617,113.538153342695
2020,"Streak-throated Woodpecker","2020",0.00594642295524548,0.0129753331476169,0.0272395995181656,NA,NA,NA,44.5003874268455,60.607273904754,83.2806735072823,NA,NA,NA,44.5003874268455,60.607273904754,83.2806735072823
2021,"Streak-throated Woodpecker","2021",0.0065215019097465,0.0142645611864466,0.0294198896487193,NA,NA,NA,48.6148389289859,66.0991944582615,91.3986749157823,NA,NA,NA,48.6148389289859,66.0991944582615,91.3986749157823
2022,"Streak-throated Woodpecker","2022",0.00679018109282623,0.0148769248847745,0.0308882675654482,NA,NA,NA,52.3229859292425,69.4811792566475,97.0729225458198,NA,NA,NA,52.3229859292425,69.4811792566475,97.0729225458198
2023,"Streak-throated Woodpecker","2023",0.00757709183106013,0.0162747504980197,0.0337637132062935,NA,NA,NA,57.2403720853865,75.7365263758536,104.975528042594,NA,NA,NA,57.2403720853865,75.7365263758536,104.975528042594
2024,"Streak-throated Woodpecker","2024",0.0071175628804741,0.0153422776522165,0.0314386348194885,NA,NA,NA,53.4589052247919,71.1261896375398,96.0334345462509,NA,NA,NA,53.4589052247919,71.1261896375398,96.0334345462509
2025,"Streak-throated Woodpecker","2025",0.00683678842318192,0.0146760305234113,0.030419018228981,NA,NA,NA,52.372557928682,68.435095820858,94.0924551149561,NA,NA,NA,52.372557928682,68.435095820858,94.0924551149561
2026,"Streak-throated Woodpecker","2026",NA,NA,NA,NA,NA,NA,NA,NA,NA,49.6967847722781,60.2235859516199,72.3320710598101,49.6967847722781,60.2235859516199,72.3320710598101
2027,"Streak-throated Woodpecker","2027",NA,NA,NA,NA,NA,NA,NA,NA,NA,46.0862925148722,57.2900910341184,70.612296211333,46.0862925148722,57.2900910341184,70.612296211333
2028,"Streak-throated Woodpecker","2028",NA,NA,NA,NA,NA,NA,NA,NA,NA,42.7331501715191,54.5985865893746,68.8823896876578,42.7331501715191,54.5985865893746,68.8823896876578
2029,"Streak-throated Woodpecker","2029",NA,NA,NA,NA,NA,NA,NA,NA,NA,39.616566092481,51.8891027332903,67.2440580657717,39.616566092481,51.8891027332903,67.2440580657717
2030,"Streak-throated Woodpecker","2030",NA,NA,NA,NA,NA,NA,NA,NA,NA,36.652971612483,49.3143049914857,65.8322996104149,36.652971612483,49.3143049914857,65.8322996104149
2031,"Streak-throated Woodpecker","2031",NA,NA,NA,NA,NA,NA,NA,NA,NA,34.0074960923558,46.9376571133382,64.3329275864339,34.0074960923558,46.9376571133382,64.3329275864339
2032,"Streak-throated Woodpecker","2032",NA,NA,NA,NA,NA,NA,NA,NA,NA,31.551872289801,44.5946144350172,63.0075322720786,31.551872289801,44.5946144350172,63.0075322720786
2033,"Streak-throated Woodpecker","2033",NA,NA,NA,NA,NA,NA,NA,NA,NA,29.2933205787054,42.4174665257722,61.6071037874864,29.2933205787054,42.4174665257722,61.6071037874864
1985,"Collared Falconet","before 2000",0.00218780543101939,0.00954442821297356,0.0239846235164156,100,100,100,NA,NA,NA,NA,NA,NA,NA,NA,NA
2003,"Collared Falconet","2000-2006",7.21819559293707e-09,0.00738750449878296,0.0212913034608828,0.000136141618838195,78.6452724271509,267.888326445255,NA,NA,NA,NA,NA,NA,NA,NA,NA
2009,"Collared Falconet","2007-2010",0.00312578320421397,0.0136463308418963,0.0345110205819198,41.1581094673093,144.84196671201,480.975655432095,NA,NA,NA,NA,NA,NA,NA,NA,NA
2012,"Collared Falconet","2011-2012",0.00968842839984575,0.0317026572203618,0.0744388010955568,107.517485766895,330.755342846851,1022.6953936354,NA,NA,NA,NA,NA,NA,NA,NA,NA
2013,"Collared Falconet","2013",0.00191737354785529,0.012270046104353,0.032205803052776,20.7627373810176,126.817639218504,496.8407201907,NA,NA,NA,NA,NA,NA,NA,NA,NA
2014,"Collared Falconet","2014",0.00621855802863503,0.0196614460910272,0.0453874996144522,74.4618140850497,200.863323051527,633.286199138128,NA,NA,NA,NA,NA,NA,NA,NA,NA
2015,"Collared Falconet","2015",0.00132918714222294,0.00563395472391719,0.0144548808136765,16.5696647254319,58.3132899167298,206.236283935094,100,100,100,NA,NA,NA,100,100,100
2016,"Collared Falconet","2016",0.00149754337255658,0.00533816211094574,0.0122861872772254,18.523820063154,55.3136086545133,163.096943311599,31.9423428822714,93.4352755268719,330.504407775009,NA,NA,NA,31.9423428822714,93.4352755268719,330.504407775009
2017,"Collared Falconet","2017",0.00180942096333683,0.00629353563647564,0.0151017164984021,20.3264663015715,66.5404452947961,208.147505035897,40.0688314204156,111.716079966334,376.950521253395,NA,NA,NA,40.0688314204156,111.716079966334,376.950521253395
2018,"Collared Falconet","2018",0.00222430510676464,0.00536786066460378,0.0123772458536966,25.7974547733882,57.5481018947947,161.410155608537,40.8663449052068,97.2934502990425,291.495065754066,NA,NA,NA,40.8663449052068,97.2934502990425,291.495065754066
2019,"Collared Falconet","2019",0.00466238847432431,0.0117893350763282,0.0241973379767635,58.3965418349381,123.979792927311,357.062569749887,102.110854064779,210.925482592798,632.54322882233,NA,NA,NA,102.110854064779,210.925482592798,632.54322882233
2020,"Collared Falconet","2020",0.00263738187833759,0.00662403740282569,0.0139137347114154,33.5734373254639,67.8619048606165,198.21151970815,53.5048222235886,117.294796306338,367.213207819124,NA,NA,NA,53.5048222235886,117.294796306338,367.213207819124
2021,"Collared Falconet","2021",0.00257651376848022,0.00589956931414586,0.0130307021502047,29.6745604323533,61.9792878673719,173.0174112044,48.846629944775,104.883525746293,332.45978117254,NA,NA,NA,48.846629944775,104.883525746293,332.45978117254
2022,"Collared Falconet","2022",0.00332536538778937,0.00767037882431842,0.0157710067220724,40.8097582826632,80.0191051457701,242.354366678469,65.6976061816639,137.799888576631,382.959136165297,NA,NA,NA,65.6976061816639,137.799888576631,382.959136165297
2023,"Collared Falconet","2023",0.00602394710693055,0.0126618730838371,0.026204198628769,67.1295540595149,134.202192094743,388.204811742247,115.599397721067,229.219231597548,656.369311372857,NA,NA,NA,115.599397721067,229.219231597548,656.369311372857
2024,"Collared Falconet","2024",0.00521229062046498,0.0110031240246643,0.0225931871727336,60.1870965291353,114.732204443189,336.762682636623,98.3544553909395,195.395784268182,580.249072557944,NA,NA,NA,98.3544553909395,195.395784268182,580.249072557944
2025,"Collared Falconet","2025",0.00688993386476698,0.0147789434116964,0.0314326882025794,80.6065428449502,155.25306916823,434.389117268873,136.209656416433,266.671419964163,764.807215232047,NA,NA,NA,136.209656416433,266.671419964163,764.807215232047
2026,"Collared Falconet","2026",NA,NA,NA,NA,NA,NA,NA,NA,NA,162.553514945738,244.130787107465,366.000926781055,162.553514945738,244.130787107465,366.000926781055
2027,"Collared Falconet","2027",NA,NA,NA,NA,NA,NA,NA,NA,NA,167.366282509656,267.776004111278,423.937283060609,167.366282509656,267.776004111278,423.937283060609
2028,"Collared Falconet","2028",NA,NA,NA,NA,NA,NA,NA,NA,NA,173.307037483676,293.946732127862,492.434823137719,173.307037483676,293.946732127862,492.434823137719
2029,"Collared Falconet","2029",NA,NA,NA,NA,NA,NA,NA,NA,NA,179.341753849802,322.481572153914,569.667103896262,179.341753849802,322.481572153914,569.667103896262
2030,"Collared Falconet","2030",NA,NA,NA,NA,NA,NA,NA,NA,NA,185.663409433984,352.981475933034,660.51189556285,185.663409433984,352.981475933034,660.51189556285
2031,"Collared Falconet","2031",NA,NA,NA,NA,NA,NA,NA,NA,NA,192.754918039555,387.591943384112,766.25912374036,192.754918039555,387.591943384112,766.25912374036
2032,"Collared Falconet","2032",NA,NA,NA,NA,NA,NA,NA,NA,NA,200.280728238026,425.442286557122,887.103807824868,200.280728238026,425.442286557122,887.103807824868
2033,"Collared Falconet","2033",NA,NA,NA,NA,NA,NA,NA,NA,NA,207.646620127056,467.725556042218,1028.58853509111,207.646620127056,467.725556042218,1028.58853509111
1985,"Eurasian Kestrel","before 2000",NA,NA,NA,NA,NA,NA,NA,NA,NA,NA,NA,NA,NA,NA,NA
2003,"Eurasian Kestrel","2000-2006",NA,NA,NA,NA,NA,NA,NA,NA,NA,NA,NA,NA,NA,NA,NA
2009,"Eurasian Kestrel","2007-2010",NA,NA,NA,NA,NA,NA,NA,NA,NA,NA,NA,NA,NA,NA,NA
2012,"Eurasian Kestrel","2011-2012",NA,NA,NA,NA,NA,NA,NA,NA,NA,NA,NA,NA,NA,NA,NA
2013,"Eurasian Kestrel","2013",NA,NA,NA,NA,NA,NA,NA,NA,NA,NA,NA,NA,NA,NA,NA
2014,"Eurasian Kestrel","2014",NA,NA,NA,NA,NA,NA,NA,NA,NA,NA,NA,NA,NA,NA,NA
2015,"Eurasian Kestrel","2015",0.0321649334691321,0.0506180817117312,0.0753472802789791,NA,NA,NA,100,100,100,NA,NA,NA,100,100,100
2016,"Eurasian Kestrel","2016",0.0348897370573764,0.0551736528959788,0.0824763737506599,NA,NA,NA,83.9002998851068,108.886548330271,145.932581316868,NA,NA,NA,83.9002998851068,108.886548330271,145.932581316868
2017,"Eurasian Kestrel","2017",0.0240588255160483,0.0387130458756662,0.0577923134955499,NA,NA,NA,55.7071100705751,76.7458089205887,103.954185663005,NA,NA,NA,55.7071100705751,76.7458089205887,103.954185663005
2018,"Eurasian Kestrel","2018",0.0277765023250919,0.0426941306346085,0.0633619763572885,NA,NA,NA,65.9014834765456,84.4284430390672,111.193738012042,NA,NA,NA,65.9014834765456,84.4284430390672,111.193738012042
2019,"Eurasian Kestrel","2019",0.02877833443586,0.0436781255364028,0.0627760310587931,NA,NA,NA,66.6502722222222,86.090075360299,111.445830688498,NA,NA,NA,66.6502722222222,86.090075360299,111.445830688498
2020,"Eurasian Kestrel","2020",0.0178803061923452,0.0264864886158358,0.0392020318798979,NA,NA,NA,41.0704127694534,52.3698647329087,68.8252097487461,NA,NA,NA,41.0704127694534,52.3698647329087,68.8252097487461
2021,"Eurasian Kestrel","2021",0.0182780944101247,0.0277074894505149,0.0410305393055091,NA,NA,NA,42.7066992538692,55.0289376213158,70.6896543537629,NA,NA,NA,42.7066992538692,55.0289376213158,70.6896543537629
2022,"Eurasian Kestrel","2022",0.0114559168213019,0.0174206677421395,0.0255842294839892,NA,NA,NA,26.8603249616992,34.4044253246377,45.15832898179,NA,NA,NA,26.8603249616992,34.4044253246377,45.15832898179
2023,"Eurasian Kestrel","2023",0.0156022440102471,0.0234070419448495,0.0341780992115541,NA,NA,NA,36.1247950708851,46.5199419015652,61.0442933814625,NA,NA,NA,36.1247950708851,46.5199419015652,61.0442933814625
2024,"Eurasian Kestrel","2024",0.0114758738565116,0.0172933370850394,0.0254751567623658,NA,NA,NA,26.9996724466198,34.1887265907959,44.7909528811442,NA,NA,NA,26.9996724466198,34.1887265907959,44.7909528811442
2025,"Eurasian Kestrel","2025",0.0156245081496167,0.0233777505006531,0.0344037646782172,NA,NA,NA,36.6420185095395,46.6056221914972,60.1168246371839,NA,NA,NA,36.6420185095395,46.6056221914972,60.1168246371839
2026,"Eurasian Kestrel","2026",NA,NA,NA,NA,NA,NA,NA,NA,NA,24.19907829086,31.455603500628,40.8721562245915,24.19907829086,31.455603500628,40.8721562245915
2027,"Eurasian Kestrel","2027",NA,NA,NA,NA,NA,NA,NA,NA,NA,20.9246690289151,28.1267824656373,37.8540849856542,20.9246690289151,28.1267824656373,37.8540849856542
2028,"Eurasian Kestrel","2028",NA,NA,NA,NA,NA,NA,NA,NA,NA,18.1002191332924,25.1910759099767,35.0672217344395,18.1002191332924,25.1910759099767,35.0672217344395
2029,"Eurasian Kestrel","2029",NA,NA,NA,NA,NA,NA,NA,NA,NA,15.6323957850719,22.5653071464226,32.5152560559335,15.6323957850719,22.5653071464226,32.5152560559335
2030,"Eurasian Kestrel","2030",NA,NA,NA,NA,NA,NA,NA,NA,NA,13.4830707331798,20.1929451169513,30.2479005619862,13.4830707331798,20.1929451169513,30.2479005619862
2031,"Eurasian Kestrel","2031",NA,NA,NA,NA,NA,NA,NA,NA,NA,11.6331974165663,18.057442251948,28.1043025199998,11.6331974165663,18.057442251948,28.1043025199998
2032,"Eurasian Kestrel","2032",NA,NA,NA,NA,NA,NA,NA,NA,NA,10.0469159084014,16.1759305380975,26.0720049475922,10.0469159084014,16.1759305380975,26.0720049475922
2033,"Eurasian Kestrel","2033",NA,NA,NA,NA,NA,NA,NA,NA,NA,8.6694519944068,14.4942744469054,24.2828299689621,8.6694519944068,14.4942744469054,24.2828299689621
1985,"Alexandrine Parakeet","before 2000",NA,NA,NA,NA,NA,NA,NA,NA,NA,NA,NA,NA,NA,NA,NA
2003,"Alexandrine Parakeet","2000-2006",NA,NA,NA,NA,NA,NA,NA,NA,NA,NA,NA,NA,NA,NA,NA
2009,"Alexandrine Parakeet","2007-2010",NA,NA,NA,NA,NA,NA,NA,NA,NA,NA,NA,NA,NA,NA,NA
2012,"Alexandrine Parakeet","2011-2012",NA,NA,NA,NA,NA,NA,NA,NA,NA,NA,NA,NA,NA,NA,NA
2013,"Alexandrine Parakeet","2013",NA,NA,NA,NA,NA,NA,NA,NA,NA,NA,NA,NA,NA,NA,NA
2014,"Alexandrine Parakeet","2014",NA,NA,NA,NA,NA,NA,NA,NA,NA,NA,NA,NA,NA,NA,NA
2015,"Alexandrine Parakeet","2015",0.0156732698388568,0.0308740456922176,0.0538692581457409,NA,NA,NA,100,100,100,NA,NA,NA,100,100,100
2016,"Alexandrine Parakeet","2016",0.0190583861636657,0.0352053456566236,0.0605656360947037,NA,NA,NA,84.8032298867356,114.370018764484,153.408859110372,NA,NA,NA,84.8032298867356,114.370018764484,153.408859110372
2017,"Alexandrine Parakeet","2017",0.0161349909312229,0.0300468524532675,0.0521995805390426,NA,NA,NA,73.3998173353705,96.0794602246353,132.67694799345,NA,NA,NA,73.3998173353705,96.0794602246353,132.67694799345
2018,"Alexandrine Parakeet","2018",0.0134091620157624,0.024420518445663,0.0423273124463691,NA,NA,NA,59.6216075805915,79.4418662269088,105.797562814759,NA,NA,NA,59.6216075805915,79.4418662269088,105.797562814759
2019,"Alexandrine Parakeet","2019",0.0167055361190897,0.0301168304476185,0.0508435992204444,NA,NA,NA,75.6830135233243,97.1759285341703,128.669181246147,NA,NA,NA,75.6830135233243,97.1759285341703,128.669181246147
2020,"Alexandrine Parakeet","2020",0.0174210337532869,0.0308027191600496,0.0538016426582765,NA,NA,NA,78.6783500648915,100.002973634017,131.56872335158,NA,NA,NA,78.6783500648915,100.002973634017,131.56872335158
2021,"Alexandrine Parakeet","2021",0.0227998629252907,0.0402259196357407,0.0696645341751023,NA,NA,NA,102.701447072966,130.531346077388,170.386208423149,NA,NA,NA,102.701447072966,130.531346077388,170.386208423149
2022,"Alexandrine Parakeet","2022",0.0202820350762674,0.0363201509920987,0.0633244214851294,NA,NA,NA,91.7210557398194,116.817360963912,152.861730558449,NA,NA,NA,91.7210557398194,116.817360963912,152.861730558449
2023,"Alexandrine Parakeet","2023",0.0166990720197851,0.0296555628969236,0.0516090893645719,NA,NA,NA,76.0908202159373,96.4265976437915,126.097853234371,NA,NA,NA,76.0908202159373,96.4265976437915,126.097853234371
2024,"Alexandrine Parakeet","2024",0.0195603233934364,0.0352154722838635,0.0610271237241259,NA,NA,NA,89.5325505235448,113.823440284124,149.439901188915,NA,NA,NA,89.5325505235448,113.823440284124,149.439901188915
2025,"Alexandrine Parakeet","2025",0.0217490949503571,0.0380827256145404,0.0660568942501489,NA,NA,NA,98.2092371545809,123.81709140753,161.197074514303,NA,NA,NA,98.2092371545809,123.81709140753,161.197074514303
2026,"Alexandrine Parakeet","2026",NA,NA,NA,NA,NA,NA,NA,NA,NA,98.7339208378515,118.025190276884,141.73711106561,98.7339208378515,118.025190276884,141.73711106561
2027,"Alexandrine Parakeet","2027",NA,NA,NA,NA,NA,NA,NA,NA,NA,98.3060230770685,120.515313353236,147.994542463817,98.3060230770685,120.515313353236,147.994542463817
2028,"Alexandrine Parakeet","2028",NA,NA,NA,NA,NA,NA,NA,NA,NA,97.6632489835401,122.842498285495,154.723247350027,97.6632489835401,122.842498285495,154.723247350027
2029,"Alexandrine Parakeet","2029",NA,NA,NA,NA,NA,NA,NA,NA,NA,97.0823494217241,125.345612279881,161.648371106126,97.0823494217241,125.345612279881,161.648371106126
2030,"Alexandrine Parakeet","2030",NA,NA,NA,NA,NA,NA,NA,NA,NA,96.4782726573469,128.003985971928,169.185044055308,96.4782726573469,128.003985971928,169.185044055308
2031,"Alexandrine Parakeet","2031",NA,NA,NA,NA,NA,NA,NA,NA,NA,95.8388741716411,130.495615167227,176.987108385596,95.8388741716411,130.495615167227,176.987108385596
2032,"Alexandrine Parakeet","2032",NA,NA,NA,NA,NA,NA,NA,NA,NA,95.3120689884004,133.098661252223,185.060243085232,95.3120689884004,133.098661252223,185.060243085232
2033,"Alexandrine Parakeet","2033",NA,NA,NA,NA,NA,NA,NA,NA,NA,94.6465363769699,135.81096520926,193.775774351546,94.6465363769699,135.81096520926,193.775774351546
1985,"Rose-ringed Parakeet","before 2000",NA,NA,NA,NA,NA,NA,NA,NA,NA,NA,NA,NA,NA,NA,NA
2003,"Rose-ringed Parakeet","2000-2006",NA,NA,NA,NA,NA,NA,NA,NA,NA,NA,NA,NA,NA,NA,NA
2009,"Rose-ringed Parakeet","2007-2010",NA,NA,NA,NA,NA,NA,NA,NA,NA,NA,NA,NA,NA,NA,NA
2012,"Rose-ringed Parakeet","2011-2012",NA,NA,NA,NA,NA,NA,NA,NA,NA,NA,NA,NA,NA,NA,NA
2013,"Rose-ringed Parakeet","2013",NA,NA,NA,NA,NA,NA,NA,NA,NA,NA,NA,NA,NA,NA,NA
2014,"Rose-ringed Parakeet","2014",NA,NA,NA,NA,NA,NA,NA,NA,NA,NA,NA,NA,NA,NA,NA
2015,"Rose-ringed Parakeet","2015",0.12781949156874,0.167091379430563,0.220592709624363,NA,NA,NA,100,100,100,NA,NA,NA,100,100,100
2016,"Rose-ringed Parakeet","2016",0.14715494218018,0.189237838135226,0.241534963675553,NA,NA,NA,97.6555848481251,113.090413628701,131.346638796575,NA,NA,NA,97.6555848481251,113.090413628701,131.346638796575
2017,"Rose-ringed Parakeet","2017",0.133111686893334,0.17346920664209,0.221646636797198,NA,NA,NA,89.6988793009849,103.54664523026,120.156964658123,NA,NA,NA,89.6988793009849,103.54664523026,120.156964658123
2018,"Rose-ringed Parakeet","2018",0.135357462714143,0.173596664822459,0.22158775998016,NA,NA,NA,90.2812407535587,103.842514086166,119.439549739214,NA,NA,NA,90.2812407535587,103.842514086166,119.439549739214
2019,"Rose-ringed Parakeet","2019",0.146495280172324,0.188009584640461,0.238983621040603,NA,NA,NA,98.4943975507765,112.349692418356,128.364975744083,NA,NA,NA,98.4943975507765,112.349692418356,128.364975744083
2020,"Rose-ringed Parakeet","2020",0.16456016157144,0.21074107052831,0.266193085083741,NA,NA,NA,110.833539607721,126.307751993038,143.100417354165,NA,NA,NA,110.833539607721,126.307751993038,143.100417354165
2021,"Rose-ringed Parakeet","2021",0.171100051537221,0.218092529690682,0.276447460801372,NA,NA,NA,114.252397715617,130.615876164146,148.989738678174,NA,NA,NA,114.252397715617,130.615876164146,148.989738678174
2022,"Rose-ringed Parakeet","2022",0.144552883931695,0.184457408019674,0.231853861909862,NA,NA,NA,97.4592866374853,110.259116389415,124.900578217957,NA,NA,NA,97.4592866374853,110.259116389415,124.900578217957
2023,"Rose-ringed Parakeet","2023",0.14346682677373,0.184190038955092,0.232535231130155,NA,NA,NA,96.3260975899039,109.819191122497,125.277297946733,NA,NA,NA,96.3260975899039,109.819191122497,125.277297946733
2024,"Rose-ringed Parakeet","2024",0.140849809359781,0.180591320753147,0.227938946183752,NA,NA,NA,94.6643360269804,108.127113224614,122.216776940553,NA,NA,NA,94.6643360269804,108.127113224614,122.216776940553
2025,"Rose-ringed Parakeet","2025",0.157719699992712,0.201411239740408,0.253960526086145,NA,NA,NA,105.835334087834,120.427681703657,136.920412662504,NA,NA,NA,105.835334087834,120.427681703657,136.920412662504
2026,"Rose-ringed Parakeet","2026",NA,NA,NA,NA,NA,NA,NA,NA,NA,107.925728919292,119.766090327916,132.766932166269,107.925728919292,119.766090327916,132.766932166269
2027,"Rose-ringed Parakeet","2027",NA,NA,NA,NA,NA,NA,NA,NA,NA,107.583905535713,121.094331162536,136.044102958523,107.583905535713,121.094331162536,136.044102958523
2028,"Rose-ringed Parakeet","2028",NA,NA,NA,NA,NA,NA,NA,NA,NA,107.151728545711,122.388405930218,139.378685800966,107.151728545711,122.388405930218,139.378685800966
2029,"Rose-ringed Parakeet","2029",NA,NA,NA,NA,NA,NA,NA,NA,NA,106.65476196016,123.72769424303,142.870533188302,106.65476196016,123.72769424303,142.870533188302
2030,"Rose-ringed Parakeet","2030",NA,NA,NA,NA,NA,NA,NA,NA,NA,106.294368808013,125.086485789813,146.599425031421,106.294368808013,125.086485789813,146.599425031421
2031,"Rose-ringed Parakeet","2031",NA,NA,NA,NA,NA,NA,NA,NA,NA,105.87500720028,126.368993986107,150.361298610145,105.87500720028,126.368993986107,150.361298610145
2032,"Rose-ringed Parakeet","2032",NA,NA,NA,NA,NA,NA,NA,NA,NA,105.330278305145,127.732288704995,154.134139605294,105.330278305145,127.732288704995,154.134139605294
2033,"Rose-ringed Parakeet","2033",NA,NA,NA,NA,NA,NA,NA,NA,NA,104.98160573806,129.101929456874,158.173854703905,104.98160573806,129.101929456874,158.173854703905
1985,"Long-tailed Broadbill","before 2000",1.73896410636396e-09,0.0047139110256388,0.0141228229352481,100,100,100,NA,NA,NA,NA,NA,NA,NA,NA,NA
2003,"Long-tailed Broadbill","2000-2006",0.00151591682734636,0.00977637769746276,0.0269113465779581,31.6839212745644,200.554635534036,436179422.550601,NA,NA,NA,NA,NA,NA,NA,NA,NA
2009,"Long-tailed Broadbill","2007-2010",3.60428810644473e-09,0.0107011195889928,0.0288158166692615,0.000105203078011026,217.258847187,464871620.09587,NA,NA,NA,NA,NA,NA,NA,NA,NA
2012,"Long-tailed Broadbill","2011-2012",5.51963288010209e-09,0.01097285360163,0.0283677937013956,0.000489079639382755,224.01522812095,425867407.207812,NA,NA,NA,NA,NA,NA,NA,NA,NA
2013,"Long-tailed Broadbill","2013",3.46720430425981e-09,0.00967142196851007,0.0278925550224778,0.000151479624572305,202.323744239973,409174071.543793,NA,NA,NA,NA,NA,NA,NA,NA,NA
2014,"Long-tailed Broadbill","2014",0.00530467983743178,0.0179728104682688,0.0392891087081728,103.551950851443,377.047141533772,998207530.305941,NA,NA,NA,NA,NA,NA,NA,NA,NA
2015,"Long-tailed Broadbill","2015",0.00235913706929822,0.00866028757483023,0.0194669914900493,50.1574980867129,181.393312598084,392321965.105244,100,100,100,NA,NA,NA,100,100,100
2016,"Long-tailed Broadbill","2016",0.00324654580400374,0.00917654993389526,0.0201733366124643,64.4326378135551,193.095468088725,407161344.075403,43.7817188755197,107.371216373124,288.351672385767,NA,NA,NA,43.7817188755197,107.371216373124,288.351672385767
2017,"Long-tailed Broadbill","2017",0.00569986938509335,0.0142214537121905,0.0290225191962755,102.954158977107,303.530325125442,659511167.104605,76.7311184473777,169.070347081771,491.479528377902,NA,NA,NA,76.7311184473777,169.070347081771,491.479528377902
2018,"Long-tailed Broadbill","2018",0.00511354775153126,0.0111724094446766,0.0220318713667823,85.7862661312291,236.849340775331,504196183.507382,64.9321627738863,131.404981975358,375.626525622447,NA,NA,NA,64.9321627738863,131.404981975358,375.626525622447
2019,"Long-tailed Broadbill","2019",0.00467982061545827,0.0106512887199089,0.0224941332002653,83.9776880257923,226.791381882313,482451293.089399,57.1516258787725,128.238683832341,344.861417545754,NA,NA,NA,57.1516258787725,128.238683832341,344.861417545754
2020,"Long-tailed Broadbill","2020",0.00578299395187852,0.0126414992455013,0.0243693147274396,95.1184661887772,265.057075091113,555406375.764942,73.8540114053644,145.870552305278,406.837367844988,NA,NA,NA,73.8540114053644,145.870552305278,406.837367844988
2021,"Long-tailed Broadbill","2021",0.00608264083385235,0.0125678580993223,0.0251008574405225,103.421444873892,268.695203373331,560234748.552786,78.1957159655414,148.909674004756,440.368805323941,NA,NA,NA,78.1957159655414,148.909674004756,440.368805323941
2022,"Long-tailed Broadbill","2022",0.00540191903338884,0.011308538594698,0.0218861590651228,95.0062957551737,243.58280120615,521965329.988385,69.0651288311212,133.476039347007,379.790711057699,NA,NA,NA,69.0651288311212,133.476039347007,379.790711057699
2023,"Long-tailed Broadbill","2023",0.00608869474209865,0.0117072842010921,0.0230106804109002,98.9935217126858,256.094842054157,531219211.845449,72.8779731184739,140.650140754895,396.885268911667,NA,NA,NA,72.8779731184739,140.650140754895,396.885268911667
2024,"Long-tailed Broadbill","2024",0.00629478737369618,0.0130912820649385,0.0257594401030968,110.771631498434,280.565014004902,637250723.406771,79.2097125083343,155.357172776729,410.135533534353,NA,NA,NA,79.2097125083343,155.357172776729,410.135533534353
2025,"Long-tailed Broadbill","2025",0.00657484263762451,0.0130073462919807,0.024794903293271,104.265550105781,275.929753116615,569642665.419916,79.5458848273427,152.433736042513,425.09354109999,NA,NA,NA,79.5458848273427,152.433736042513,425.09354109999
2026,"Long-tailed Broadbill","2026",NA,NA,NA,NA,NA,NA,NA,NA,NA,126.754331890277,162.200896203629,206.415013479561,126.754331890277,162.200896203629,206.415013479561
2027,"Long-tailed Broadbill","2027",NA,NA,NA,NA,NA,NA,NA,NA,NA,126.433623068147,167.494914988627,221.108185105292,126.433623068147,167.494914988627,221.108185105292
2028,"Long-tailed Broadbill","2028",NA,NA,NA,NA,NA,NA,NA,NA,NA,126.330671215842,173.145340116121,235.43466512913,126.330671215842,173.145340116121,235.43466512913
2029,"Long-tailed Broadbill","2029",NA,NA,NA,NA,NA,NA,NA,NA,NA,126.363239654409,177.692779197226,250.744070385419,126.363239654409,177.692779197226,250.744070385419
2030,"Long-tailed Broadbill","2030",NA,NA,NA,NA,NA,NA,NA,NA,NA,126.148668364461,182.78317306941,267.903628818388,126.148668364461,182.78317306941,267.903628818388
2031,"Long-tailed Broadbill","2031",NA,NA,NA,NA,NA,NA,NA,NA,NA,125.453593953105,187.890555966508,285.777870905195,125.453593953105,187.890555966508,285.777870905195
2032,"Long-tailed Broadbill","2032",NA,NA,NA,NA,NA,NA,NA,NA,NA,124.809321840968,193.59997227824,304.315630897349,124.809321840968,193.59997227824,304.315630897349
2033,"Long-tailed Broadbill","2033",NA,NA,NA,NA,NA,NA,NA,NA,NA,124.473191377484,199.496473342134,325.664281131953,124.473191377484,199.496473342134,325.664281131953
1985,"Indian Golden Oriole","before 2000",NA,NA,NA,NA,NA,NA,NA,NA,NA,NA,NA,NA,NA,NA,NA
2003,"Indian Golden Oriole","2000-2006",NA,NA,NA,NA,NA,NA,NA,NA,NA,NA,NA,NA,NA,NA,NA
2009,"Indian Golden Oriole","2007-2010",NA,NA,NA,NA,NA,NA,NA,NA,NA,NA,NA,NA,NA,NA,NA
2012,"Indian Golden Oriole","2011-2012",NA,NA,NA,NA,NA,NA,NA,NA,NA,NA,NA,NA,NA,NA,NA
2013,"Indian Golden Oriole","2013",NA,NA,NA,NA,NA,NA,NA,NA,NA,NA,NA,NA,NA,NA,NA
2014,"Indian Golden Oriole","2014",NA,NA,NA,NA,NA,NA,NA,NA,NA,NA,NA,NA,NA,NA,NA
2015,"Indian Golden Oriole","2015",0.0273698419174285,0.0504745149043854,0.0890932438573807,NA,NA,NA,100,100,100,NA,NA,NA,100,100,100
2016,"Indian Golden Oriole","2016",0.023521674761604,0.0436644794806705,0.078808497896028,NA,NA,NA,63.7595726113519,86.6004441671409,115.392823115884,NA,NA,NA,63.7595726113519,86.6004441671409,115.392823115884
2017,"Indian Golden Oriole","2017",0.0216410077720723,0.039002316354016,0.0678364418107585,NA,NA,NA,57.763100016985,77.0064471157379,104.525628968529,NA,NA,NA,57.763100016985,77.0064471157379,104.525628968529
2018,"Indian Golden Oriole","2018",0.0211309401220085,0.0375162793957749,0.0653033821205445,NA,NA,NA,58.4966698839878,74.1136141525918,101.050449673182,NA,NA,NA,58.4966698839878,74.1136141525918,101.050449673182
2019,"Indian Golden Oriole","2019",0.0196033450230271,0.0348590907257482,0.060736789135464,NA,NA,NA,54.3736514755478,69.1007841475868,90.2744176423504,NA,NA,NA,54.3736514755478,69.1007841475868,90.2744176423504
2020,"Indian Golden Oriole","2020",0.02134164249927,0.0383748966388383,0.0665306280686472,NA,NA,NA,59.8679255232023,75.8646644317801,98.231370618484,NA,NA,NA,59.8679255232023,75.8646644317801,98.231370618484
2021,"Indian Golden Oriole","2021",0.0191698038707325,0.0334748943146948,0.0573763647636866,NA,NA,NA,52.8635026414955,66.6114898486851,85.8983417931953,NA,NA,NA,52.8635026414955,66.6114898486851,85.8983417931953
2022,"Indian Golden Oriole","2022",0.0239311122682414,0.0422786804094706,0.0704493930263106,NA,NA,NA,65.0510494758363,83.4503940040967,106.79221893643,NA,NA,NA,65.0510494758363,83.4503940040967,106.79221893643
2023,"Indian Golden Oriole","2023",0.0210250364469175,0.0365228525533458,0.0624671385271763,NA,NA,NA,58.1835237917658,72.9127707537931,92.5272818837345,NA,NA,NA,58.1835237917658,72.9127707537931,92.5272818837345
2024,"Indian Golden Oriole","2024",0.0215385722085496,0.0372556880354128,0.0635477010846602,NA,NA,NA,59.5793016204069,74.1034469096146,94.2391888481336,NA,NA,NA,59.5793016204069,74.1034469096146,94.2391888481336
2025,"Indian Golden Oriole","2025",0.0181862510998834,0.0319011958288977,0.0547517594205778,NA,NA,NA,50.8056285986315,63.2130813990017,81.4894893021324,NA,NA,NA,50.8056285986315,63.2130813990017,81.4894893021324
2026,"Indian Golden Oriole","2026",NA,NA,NA,NA,NA,NA,NA,NA,NA,56.3502357160682,65.0105053898223,75.0830106478597,56.3502357160682,65.0105053898223,75.0830106478597
2027,"Indian Golden Oriole","2027",NA,NA,NA,NA,NA,NA,NA,NA,NA,53.9108679147496,63.3373711109906,74.626260012102,53.9108679147496,63.3373711109906,74.626260012102
2028,"Indian Golden Oriole","2028",NA,NA,NA,NA,NA,NA,NA,NA,NA,51.4750262103501,61.7960351861599,74.2160455644244,51.4750262103501,61.7960351861599,74.2160455644244
2029,"Indian Golden Oriole","2029",NA,NA,NA,NA,NA,NA,NA,NA,NA,49.1400421859024,60.165752959019,73.8381753615666,49.1400421859024,60.165752959019,73.8381753615666
2030,"Indian Golden Oriole","2030",NA,NA,NA,NA,NA,NA,NA,NA,NA,46.9227385694477,58.6049469030754,73.3576298974781,46.9227385694477,58.6049469030754,73.3576298974781
2031,"Indian Golden Oriole","2031",NA,NA,NA,NA,NA,NA,NA,NA,NA,44.7756298319181,57.1946414543837,72.938383668238,44.7756298319181,57.1946414543837,72.938383668238
2032,"Indian Golden Oriole","2032",NA,NA,NA,NA,NA,NA,NA,NA,NA,42.7490638898472,55.7233562885748,72.6305666261009,42.7490638898472,55.7233562885748,72.6305666261009
2033,"Indian Golden Oriole","2033",NA,NA,NA,NA,NA,NA,NA,NA,NA,40.7449652257299,54.3088830192843,72.2380685332812,40.7449652257299,54.3088830192843,72.2380685332812
1985,"Black-hooded Oriole","before 2000",NA,NA,NA,NA,NA,NA,NA,NA,NA,NA,NA,NA,NA,NA,NA
2003,"Black-hooded Oriole","2000-2006",NA,NA,NA,NA,NA,NA,NA,NA,NA,NA,NA,NA,NA,NA,NA
2009,"Black-hooded Oriole","2007-2010",NA,NA,NA,NA,NA,NA,NA,NA,NA,NA,NA,NA,NA,NA,NA
2012,"Black-hooded Oriole","2011-2012",NA,NA,NA,NA,NA,NA,NA,NA,NA,NA,NA,NA,NA,NA,NA
2013,"Black-hooded Oriole","2013",NA,NA,NA,NA,NA,NA,NA,NA,NA,NA,NA,NA,NA,NA,NA
2014,"Black-hooded Oriole","2014",NA,NA,NA,NA,NA,NA,NA,NA,NA,NA,NA,NA,NA,NA,NA
2015,"Black-hooded Oriole","2015",0.212608861228569,0.272639976341042,0.345321250986178,NA,NA,NA,100,100,100,NA,NA,NA,100,100,100
2016,"Black-hooded Oriole","2016",0.22726664697429,0.286199336705852,0.361304044823457,NA,NA,NA,93.3954855959617,104.701362657856,117.837765769076,NA,NA,NA,93.3954855959617,104.701362657856,117.837765769076
2017,"Black-hooded Oriole","2017",0.201406288523868,0.255102954377563,0.320157781382779,NA,NA,NA,83.478052084741,93.5053056902777,105.700546439994,NA,NA,NA,83.478052084741,93.5053056902777,105.700546439994
2018,"Black-hooded Oriole","2018",0.216127336688787,0.270139234444608,0.338205861449387,NA,NA,NA,90.1768521098897,99.3086495822258,110.349391368166,NA,NA,NA,90.1768521098897,99.3086495822258,110.349391368166
2019,"Black-hooded Oriole","2019",0.227290217711096,0.281301434220446,0.352488855158164,NA,NA,NA,93.9938383484028,103.460214112184,114.525989490477,NA,NA,NA,93.9938383484028,103.460214112184,114.525989490477
2020,"Black-hooded Oriole","2020",0.228449743495849,0.283417015515802,0.353509878936442,NA,NA,NA,94.7773148415027,103.785977929555,114.34390296473,NA,NA,NA,94.7773148415027,103.785977929555,114.34390296473
2021,"Black-hooded Oriole","2021",0.223231305639352,0.274787411828889,0.342354312362338,NA,NA,NA,91.9641252413876,100.805600188388,111.493149794732,NA,NA,NA,91.9641252413876,100.805600188388,111.493149794732
2022,"Black-hooded Oriole","2022",0.200430275460797,0.250487827836714,0.312671197833723,NA,NA,NA,83.7711922082175,91.8148598629908,101.485110679991,NA,NA,NA,83.7711922082175,91.8148598629908,101.485110679991
2023,"Black-hooded Oriole","2023",0.21784203133866,0.267096258874244,0.333713891809869,NA,NA,NA,90.1124097828485,98.2996867448365,108.199072280379,NA,NA,NA,90.1124097828485,98.2996867448365,108.199072280379
2024,"Black-hooded Oriole","2024",0.201845653800359,0.250958301389357,0.311208521257808,NA,NA,NA,83.7017997577017,91.9703888854566,101.242299224444,NA,NA,NA,83.7017997577017,91.9703888854566,101.242299224444
2025,"Black-hooded Oriole","2025",0.238970966012649,0.293451151681969,0.364707701772302,NA,NA,NA,98.5528876940237,107.679377851412,118.75930184563,NA,NA,NA,98.5528876940237,107.679377851412,118.75930184563
2026,"Black-hooded Oriole","2026",NA,NA,NA,NA,NA,NA,NA,NA,NA,91.2184195928397,98.3200437066037,106.211106341986,91.2184195928397,98.3200437066037,106.211106341986
2027,"Black-hooded Oriole","2027",NA,NA,NA,NA,NA,NA,NA,NA,NA,90.1515466836286,98.1296337918504,107.055971137435,90.1515466836286,98.1296337918504,107.055971137435
2028,"Black-hooded Oriole","2028",NA,NA,NA,NA,NA,NA,NA,NA,NA,89.1412395775407,98.0035808279448,107.93490530721,89.1412395775407,98.0035808279448,107.93490530721
2029,"Black-hooded Oriole","2029",NA,NA,NA,NA,NA,NA,NA,NA,NA,88.0194587511387,97.8984015066753,108.98108060437,88.0194587511387,97.8984015066753,108.98108060437
2030,"Black-hooded Oriole","2030",NA,NA,NA,NA,NA,NA,NA,NA,NA,86.9288720516263,97.6723288997035,110.061259350826,86.9288720516263,97.6723288997035,110.061259350826
2031,"Black-hooded Oriole","2031",NA,NA,NA,NA,NA,NA,NA,NA,NA,85.8184511663081,97.4937657556498,111.077747576522,85.8184511663081,97.4937657556498,111.077747576522
2032,"Black-hooded Oriole","2032",NA,NA,NA,NA,NA,NA,NA,NA,NA,84.8147461609598,97.4140146388326,112.099767988682,84.8147461609598,97.4140146388326,112.099767988682
2033,"Black-hooded Oriole","2033",NA,NA,NA,NA,NA,NA,NA,NA,NA,83.7554682388791,97.3056217120734,113.129803850051,83.7554682388791,97.3056217120734,113.129803850051
1985,"Ashy Woodswallow","before 2000",NA,NA,NA,NA,NA,NA,NA,NA,NA,NA,NA,NA,NA,NA,NA
2003,"Ashy Woodswallow","2000-2006",NA,NA,NA,NA,NA,NA,NA,NA,NA,NA,NA,NA,NA,NA,NA
2009,"Ashy Woodswallow","2007-2010",NA,NA,NA,NA,NA,NA,NA,NA,NA,NA,NA,NA,NA,NA,NA
2012,"Ashy Woodswallow","2011-2012",NA,NA,NA,NA,NA,NA,NA,NA,NA,NA,NA,NA,NA,NA,NA
2013,"Ashy Woodswallow","2013",NA,NA,NA,NA,NA,NA,NA,NA,NA,NA,NA,NA,NA,NA,NA
2014,"Ashy Woodswallow","2014",NA,NA,NA,NA,NA,NA,NA,NA,NA,NA,NA,NA,NA,NA,NA
2015,"Ashy Woodswallow","2015",0.0315099933116572,0.0499573820219349,0.0748470498732111,NA,NA,NA,100,100,100,NA,NA,NA,100,100,100
2016,"Ashy Woodswallow","2016",0.0304686294638609,0.0461108467395403,0.0696187817004766,NA,NA,NA,74.2997674438753,93.0835749931203,119.481146559881,NA,NA,NA,74.2997674438753,93.0835749931203,119.481146559881
2017,"Ashy Woodswallow","2017",0.0261741757779673,0.0402178161658009,0.0602156479561612,NA,NA,NA,63.6836386155628,81.1993244277672,103.905007146547,NA,NA,NA,63.6836386155628,81.1993244277672,103.905007146547
2018,"Ashy Woodswallow","2018",0.0289988303980171,0.043798765804055,0.0648351134838755,NA,NA,NA,70.5398902227401,88.8574335971057,110.521372433975,NA,NA,NA,70.5398902227401,88.8574335971057,110.521372433975
2019,"Ashy Woodswallow","2019",0.0334913935421338,0.0503016348538375,0.0736787776846247,NA,NA,NA,81.7957296783748,101.08342389419,126.423836048202,NA,NA,NA,81.7957296783748,101.08342389419,126.423836048202
2020,"Ashy Woodswallow","2020",0.0356116581947606,0.0523941421143932,0.0762361199264717,NA,NA,NA,87.1110551094264,105.829974609363,132.910141310256,NA,NA,NA,87.1110551094264,105.829974609363,132.910141310256
2021,"Ashy Woodswallow","2021",0.0338469833266626,0.049369266538055,0.0731367836019231,NA,NA,NA,82.8329616361029,99.7947469965812,124.124770047357,NA,NA,NA,82.8329616361029,99.7947469965812,124.124770047357
2022,"Ashy Woodswallow","2022",0.028990328535005,0.0429629206995135,0.062970221343379,NA,NA,NA,70.5605762944291,86.4153146602167,106.259782403818,NA,NA,NA,70.5605762944291,86.4153146602167,106.259782403818
2023,"Ashy Woodswallow","2023",0.0336518749518941,0.0496392520847209,0.0725691242516808,NA,NA,NA,83.0462611754552,100.668879833412,126.417026810063,NA,NA,NA,83.0462611754552,100.668879833412,126.417026810063
2024,"Ashy Woodswallow","2024",0.032328310402944,0.0471261419341242,0.0694738889896949,NA,NA,NA,78.6520767023866,95.0660213371308,118.351426286436,NA,NA,NA,78.6520767023866,95.0660213371308,118.351426286436
2025,"Ashy Woodswallow","2025",0.0298102656292539,0.0434461542603255,0.0638973387528465,NA,NA,NA,72.5222817969172,88.17798270347,109.584323987903,NA,NA,NA,72.5222817969172,88.17798270347,109.584323987903
2026,"Ashy Woodswallow","2026",NA,NA,NA,NA,NA,NA,NA,NA,NA,83.6554998448559,94.5102680699692,106.734584394108,83.6554998448559,94.5102680699692,106.734584394108
2027,"Ashy Woodswallow","2027",NA,NA,NA,NA,NA,NA,NA,NA,NA,82.2872189252386,94.5736300557775,108.564227953071,82.2872189252386,94.5736300557775,108.564227953071
2028,"Ashy Woodswallow","2028",NA,NA,NA,NA,NA,NA,NA,NA,NA,80.8963736540462,94.5331182582643,110.593012806196,80.8963736540462,94.5331182582643,110.593012806196
2029,"Ashy Woodswallow","2029",NA,NA,NA,NA,NA,NA,NA,NA,NA,79.4992796258749,94.6724936924356,112.660911884479,79.4992796258749,94.6724936924356,112.660911884479
2030,"Ashy Woodswallow","2030",NA,NA,NA,NA,NA,NA,NA,NA,NA,78.0766161631645,94.8496280053467,114.797753456807,78.0766161631645,94.8496280053467,114.797753456807
2031,"Ashy Woodswallow","2031",NA,NA,NA,NA,NA,NA,NA,NA,NA,76.847905102529,94.878171617641,116.940866933286,76.847905102529,94.878171617641,116.940866933286
2032,"Ashy Woodswallow","2032",NA,NA,NA,NA,NA,NA,NA,NA,NA,75.5809142346016,94.9298868778524,119.262268597873,75.5809142346016,94.9298868778524,119.262268597873
2033,"Ashy Woodswallow","2033",NA,NA,NA,NA,NA,NA,NA,NA,NA,74.3920449634986,95.0235935232186,121.377254069766,74.3920449634986,95.0235935232186,121.377254069766
1985,"Common Woodshrike","before 2000",NA,NA,NA,NA,NA,NA,NA,NA,NA,NA,NA,NA,NA,NA,NA
2003,"Common Woodshrike","2000-2006",NA,NA,NA,NA,NA,NA,NA,NA,NA,NA,NA,NA,NA,NA,NA
2009,"Common Woodshrike","2007-2010",NA,NA,NA,NA,NA,NA,NA,NA,NA,NA,NA,NA,NA,NA,NA
2012,"Common Woodshrike","2011-2012",NA,NA,NA,NA,NA,NA,NA,NA,NA,NA,NA,NA,NA,NA,NA
2013,"Common Woodshrike","2013",NA,NA,NA,NA,NA,NA,NA,NA,NA,NA,NA,NA,NA,NA,NA
2014,"Common Woodshrike","2014",NA,NA,NA,NA,NA,NA,NA,NA,NA,NA,NA,NA,NA,NA,NA
2015,"Common Woodshrike","2015",0.0034195718353101,0.00856808536841409,0.0181961048360097,NA,NA,NA,100,100,100,NA,NA,NA,100,100,100
2016,"Common Woodshrike","2016",0.00357138450370087,0.00848475465041606,0.0180910856604399,NA,NA,NA,61.3841790187767,100.843721275878,167.052748220422,NA,NA,NA,61.3841790187767,100.843721275878,167.052748220422
2017,"Common Woodshrike","2017",0.00497573372809033,0.0110849468282804,0.0227460795049814,NA,NA,NA,84.4703031625099,131.90547607368,215.495225455115,NA,NA,NA,84.4703031625099,131.90547607368,215.495225455115
2018,"Common Woodshrike","2018",0.00415053814644894,0.00928059809731687,0.0193169644966931,NA,NA,NA,73.3795984805153,110.410877806301,171.931149952899,NA,NA,NA,73.3795984805153,110.410877806301,171.931149952899
2019,"Common Woodshrike","2019",0.00398219317291126,0.00865320900248002,0.0179187875799986,NA,NA,NA,67.7607610002965,101.898640103662,168.773581726645,NA,NA,NA,67.7607610002965,101.898640103662,168.773581726645
2020,"Common Woodshrike","2020",0.00396074209253189,0.0083338070534439,0.0170575011739742,NA,NA,NA,66.8633999744598,99.2153160632204,160.717218949527,NA,NA,NA,66.8633999744598,99.2153160632204,160.717218949527
2021,"Common Woodshrike","2021",0.00365462886505244,0.00760434695468074,0.0159449763111799,NA,NA,NA,61.0389852559475,90.856305174754,143.886562830092,NA,NA,NA,61.0389852559475,90.856305174754,143.886562830092
2022,"Common Woodshrike","2022",0.00312637141741952,0.0067176068008241,0.0141566362315961,NA,NA,NA,53.8063774804452,79.9051855190134,130.856420475526,NA,NA,NA,53.8063774804452,79.9051855190134,130.856420475526
2023,"Common Woodshrike","2023",0.00402985791605011,0.00835185799309397,0.0169336066846847,NA,NA,NA,67.355808407305,99.0229294176758,160.368327923783,NA,NA,NA,67.355808407305,99.0229294176758,160.368327923783
2024,"Common Woodshrike","2024",0.00379345649796504,0.00814167566441856,0.0167978966020722,NA,NA,NA,67.8543665046727,96.1660765540933,155.596517256355,NA,NA,NA,67.8543665046727,96.1660765540933,155.596517256355
2025,"Common Woodshrike","2025",0.00300291658632596,0.00643015082547627,0.013488362319274,NA,NA,NA,53.2398440896401,76.6893880139129,120.543738406497,NA,NA,NA,53.2398440896401,76.6893880139129,120.543738406497
2026,"Common Woodshrike","2026",NA,NA,NA,NA,NA,NA,NA,NA,NA,69.0680471151951,82.3730279571131,97.8938468177463,69.0680471151951,82.3730279571131,97.8938468177463
2027,"Common Woodshrike","2027",NA,NA,NA,NA,NA,NA,NA,NA,NA,65.7531109335078,80.0587163573742,97.3266147240363,65.7531109335078,80.0587163573742,97.3266147240363
2028,"Common Woodshrike","2028",NA,NA,NA,NA,NA,NA,NA,NA,NA,62.6152724038781,77.8055894538878,97.0211033883649,62.6152724038781,77.8055894538878,97.0211033883649
2029,"Common Woodshrike","2029",NA,NA,NA,NA,NA,NA,NA,NA,NA,59.4627826511093,75.6698272720599,96.521666555777,59.4627826511093,75.6698272720599,96.521666555777
2030,"Common Woodshrike","2030",NA,NA,NA,NA,NA,NA,NA,NA,NA,56.4903722659602,73.5998929707027,96.3163864956544,56.4903722659602,73.5998929707027,96.3163864956544
2031,"Common Woodshrike","2031",NA,NA,NA,NA,NA,NA,NA,NA,NA,53.522715195447,71.4405524158751,95.9474886205556,53.522715195447,71.4405524158751,95.9474886205556
2032,"Common Woodshrike","2032",NA,NA,NA,NA,NA,NA,NA,NA,NA,50.7826525519865,69.4683347651184,95.4313416143554,50.7826525519865,69.4683347651184,95.4313416143554
2033,"Common Woodshrike","2033",NA,NA,NA,NA,NA,NA,NA,NA,NA,48.1613022839686,67.4512752349993,95.2886538049187,48.1613022839686,67.4512752349993,95.2886538049187
1985,"Common Iora","before 2000",NA,NA,NA,NA,NA,NA,NA,NA,NA,NA,NA,NA,NA,NA,NA
2003,"Common Iora","2000-2006",NA,NA,NA,NA,NA,NA,NA,NA,NA,NA,NA,NA,NA,NA,NA
2009,"Common Iora","2007-2010",NA,NA,NA,NA,NA,NA,NA,NA,NA,NA,NA,NA,NA,NA,NA
2012,"Common Iora","2011-2012",NA,NA,NA,NA,NA,NA,NA,NA,NA,NA,NA,NA,NA,NA,NA
2013,"Common Iora","2013",NA,NA,NA,NA,NA,NA,NA,NA,NA,NA,NA,NA,NA,NA,NA
2014,"Common Iora","2014",NA,NA,NA,NA,NA,NA,NA,NA,NA,NA,NA,NA,NA,NA,NA
2015,"Common Iora","2015",0.0691986339996982,0.0968030429826021,0.131894891485397,NA,NA,NA,100,100,100,NA,NA,NA,100,100,100
2016,"Common Iora","2016",0.089671315453588,0.122505083611122,0.164047209125104,NA,NA,NA,103.644843749263,126.555941238396,152.360372778929,NA,NA,NA,103.644843749263,126.555941238396,152.360372778929
2017,"Common Iora","2017",0.100015174007924,0.135810896975986,0.180396585144156,NA,NA,NA,116.626612497351,140.8520004754,170.398045217429,NA,NA,NA,116.626612497351,140.8520004754,170.398045217429
2018,"Common Iora","2018",0.0828455703201043,0.112239034021969,0.148690148209047,NA,NA,NA,95.7666189692359,115.758906137985,137.183421893337,NA,NA,NA,95.7666189692359,115.758906137985,137.183421893337
2019,"Common Iora","2019",0.0912759961587422,0.124806797608384,0.165464448896765,NA,NA,NA,108.376618987387,128.767434798038,151.652958044484,NA,NA,NA,108.376618987387,128.767434798038,151.652958044484
2020,"Common Iora","2020",0.0849637797710902,0.11562775592767,0.151996578821078,NA,NA,NA,100.488243607541,119.196956553144,140.793769105007,NA,NA,NA,100.488243607541,119.196956553144,140.793769105007
2021,"Common Iora","2021",0.096486164975788,0.12879742497368,0.170146908960993,NA,NA,NA,112.838340842657,133.335566367669,157.403901177255,NA,NA,NA,112.838340842657,133.335566367669,157.403901177255
2022,"Common Iora","2022",0.0900769876561823,0.121816221875996,0.1617517920355,NA,NA,NA,106.1602598961,125.852798002443,148.22302087925,NA,NA,NA,106.1602598961,125.852798002443,148.22302087925
2023,"Common Iora","2023",0.0876488507297208,0.117909454334912,0.155559776658779,NA,NA,NA,102.731485150523,121.607186674555,142.509611034132,NA,NA,NA,102.731485150523,121.607186674555,142.509611034132
2024,"Common Iora","2024",0.076850299974549,0.104329845914958,0.138247880301918,NA,NA,NA,91.2816671939313,107.677645627302,126.341571571232,NA,NA,NA,91.2816671939313,107.677645627302,126.341571571232
2025,"Common Iora","2025",0.0697645938265554,0.0938170687798383,0.123782041286572,NA,NA,NA,81.9816229120025,96.6219124212596,113.619961561179,NA,NA,NA,81.9816229120025,96.6219124212596,113.619961561179
2026,"Common Iora","2026",NA,NA,NA,NA,NA,NA,NA,NA,NA,96.1379255388179,112.552815491711,131.621371400229,96.1379255388179,112.552815491711,131.621371400229
2027,"Common Iora","2027",NA,NA,NA,NA,NA,NA,NA,NA,NA,93.3232425049058,111.50611812913,133.25943927941,93.3232425049058,111.50611812913,133.25943927941
2028,"Common Iora","2028",NA,NA,NA,NA,NA,NA,NA,NA,NA,90.4537930561038,110.401506244741,134.731411882686,90.4537930561038,110.401506244741,134.731411882686
2029,"Common Iora","2029",NA,NA,NA,NA,NA,NA,NA,NA,NA,87.5977471655462,109.532385232935,136.411457717,87.5977471655462,109.532385232935,136.411457717
2030,"Common Iora","2030",NA,NA,NA,NA,NA,NA,NA,NA,NA,84.7790633401549,108.513663807768,138.159612260099,84.7790633401549,108.513663807768,138.159612260099
2031,"Common Iora","2031",NA,NA,NA,NA,NA,NA,NA,NA,NA,82.1361325607096,107.399054558851,140.043608557247,82.1361325607096,107.399054558851,140.043608557247
2032,"Common Iora","2032",NA,NA,NA,NA,NA,NA,NA,NA,NA,79.5531106789442,106.396217957078,141.83847278866,79.5531106789442,106.396217957078,141.83847278866
2033,"Common Iora","2033",NA,NA,NA,NA,NA,NA,NA,NA,NA,77.1083326694469,105.480086047338,143.700010816326,77.1083326694469,105.480086047338,143.700010816326
1985,"White-throated Fantail","before 2000",NA,NA,NA,NA,NA,NA,NA,NA,NA,NA,NA,NA,NA,NA,NA
2003,"White-throated Fantail","2000-2006",NA,NA,NA,NA,NA,NA,NA,NA,NA,NA,NA,NA,NA,NA,NA
2009,"White-throated Fantail","2007-2010",NA,NA,NA,NA,NA,NA,NA,NA,NA,NA,NA,NA,NA,NA,NA
2012,"White-throated Fantail","2011-2012",NA,NA,NA,NA,NA,NA,NA,NA,NA,NA,NA,NA,NA,NA,NA
2013,"White-throated Fantail","2013",NA,NA,NA,NA,NA,NA,NA,NA,NA,NA,NA,NA,NA,NA,NA
2014,"White-throated Fantail","2014",NA,NA,NA,NA,NA,NA,NA,NA,NA,NA,NA,NA,NA,NA,NA
2015,"White-throated Fantail","2015",0.0274996446716337,0.0507452670616918,0.0909148894640017,NA,NA,NA,100,100,100,NA,NA,NA,100,100,100
2016,"White-throated Fantail","2016",0.0319630384498665,0.0569480393410554,0.0962331126875422,NA,NA,NA,86.7017168794663,112.276817318512,145.882358192365,NA,NA,NA,86.7017168794663,112.276817318512,145.882358192365
2017,"White-throated Fantail","2017",0.0301840856201133,0.0561366028954302,0.0947018369350058,NA,NA,NA,85.540819694054,109.73843127735,144.04902573639,NA,NA,NA,85.540819694054,109.73843127735,144.04902573639
2018,"White-throated Fantail","2018",0.029334247662807,0.0523763715734663,0.0884346057993328,NA,NA,NA,80.7445139978011,102.432709042068,128.539046223694,NA,NA,NA,80.7445139978011,102.432709042068,128.539046223694
2019,"White-throated Fantail","2019",0.0234712722888569,0.0419137607957659,0.0719951377809889,NA,NA,NA,64.6043725376508,82.1192956030319,107.318818171838,NA,NA,NA,64.6043725376508,82.1192956030319,107.318818171838
2020,"White-throated Fantail","2020",0.0273097181361786,0.0487322016666139,0.0823657922186558,NA,NA,NA,77.5695644312656,95.5547048704694,119.790093596809,NA,NA,NA,77.5695644312656,95.5547048704694,119.790093596809
2021,"White-throated Fantail","2021",0.0346548144385015,0.0612853540957498,0.103320096747223,NA,NA,NA,96.8829161508859,120.397842005779,148.961591900306,NA,NA,NA,96.8829161508859,120.397842005779,148.961591900306
2022,"White-throated Fantail","2022",0.0333983497166855,0.0595354103761462,0.100018554010114,NA,NA,NA,94.113970725531,116.894176986828,145.151955918241,NA,NA,NA,94.113970725531,116.894176986828,145.151955918241
2023,"White-throated Fantail","2023",0.0354295803648514,0.062228208745082,0.103550849041479,NA,NA,NA,98.7968858332479,121.799445147145,151.451878133049,NA,NA,NA,98.7968858332479,121.799445147145,151.451878133049
2024,"White-throated Fantail","2024",0.0303297155504497,0.053055153429293,0.0892104621107256,NA,NA,NA,84.203574146321,104.374295104715,128.581342891585,NA,NA,NA,84.203574146321,104.374295104715,128.581342891585
2025,"White-throated Fantail","2025",0.0339959292750363,0.0593831106458329,0.0991232661330998,NA,NA,NA,94.2679513134831,116.223378536644,144.696907469403,NA,NA,NA,94.2679513134831,116.223378536644,144.696907469403
2026,"White-throated Fantail","2026",NA,NA,NA,NA,NA,NA,NA,NA,NA,98.9087507093128,115.400079624135,134.463668694769,98.9087507093128,115.400079624135,134.463668694769
2027,"White-throated Fantail","2027",NA,NA,NA,NA,NA,NA,NA,NA,NA,97.9654910738732,116.784520905848,139.052155073609,97.9654910738732,116.784520905848,139.052155073609
2028,"White-throated Fantail","2028",NA,NA,NA,NA,NA,NA,NA,NA,NA,97.0710804294208,118.120007095836,143.892817737473,97.0710804294208,118.120007095836,143.892817737473
2029,"White-throated Fantail","2029",NA,NA,NA,NA,NA,NA,NA,NA,NA,96.1489077663484,119.537999253286,149.055908955108,96.1489077663484,119.537999253286,149.055908955108
2030,"White-throated Fantail","2030",NA,NA,NA,NA,NA,NA,NA,NA,NA,95.3457579850286,121.136831829437,154.491726620283,95.3457579850286,121.136831829437,154.491726620283
2031,"White-throated Fantail","2031",NA,NA,NA,NA,NA,NA,NA,NA,NA,94.4577553907606,122.764675552589,159.779523908486,94.4577553907606,122.764675552589,159.779523908486
2032,"White-throated Fantail","2032",NA,NA,NA,NA,NA,NA,NA,NA,NA,93.6927482050227,124.389528818375,165.44234658792,93.6927482050227,124.389528818375,165.44234658792
2033,"White-throated Fantail","2033",NA,NA,NA,NA,NA,NA,NA,NA,NA,92.854607062959,126.228500917545,171.317850655452,92.854607062959,126.228500917545,171.317850655452
1985,"Black Drongo","before 2000",NA,NA,NA,NA,NA,NA,NA,NA,NA,NA,NA,NA,NA,NA,NA
2003,"Black Drongo","2000-2006",NA,NA,NA,NA,NA,NA,NA,NA,NA,NA,NA,NA,NA,NA,NA
2009,"Black Drongo","2007-2010",NA,NA,NA,NA,NA,NA,NA,NA,NA,NA,NA,NA,NA,NA,NA
2012,"Black Drongo","2011-2012",NA,NA,NA,NA,NA,NA,NA,NA,NA,NA,NA,NA,NA,NA,NA
2013,"Black Drongo","2013",NA,NA,NA,NA,NA,NA,NA,NA,NA,NA,NA,NA,NA,NA,NA
2014,"Black Drongo","2014",NA,NA,NA,NA,NA,NA,NA,NA,NA,NA,NA,NA,NA,NA,NA
2015,"Black Drongo","2015",0.364543378594623,0.461922037402178,0.576275031655351,NA,NA,NA,100,100,100,NA,NA,NA,100,100,100
2016,"Black Drongo","2016",0.358353279551078,0.45562250671312,0.565653579310186,NA,NA,NA,90.3340351065657,98.488024607588,107.508759210816,NA,NA,NA,90.3340351065657,98.488024607588,107.508759210816
2017,"Black Drongo","2017",0.328046819715949,0.417381372672754,0.526032401994911,NA,NA,NA,82.4667924925204,90.4625439370545,98.8454791493956,NA,NA,NA,82.4667924925204,90.4625439370545,98.8454791493956
2018,"Black Drongo","2018",0.373686706958584,0.470497498057013,0.582119268722504,NA,NA,NA,94.3095900220733,102.07443000911,110.917118345636,NA,NA,NA,94.3095900220733,102.07443000911,110.917118345636
2019,"Black Drongo","2019",0.370909891515572,0.462512048503164,0.575399856042051,NA,NA,NA,93.5333306278717,100.618976670644,108.78434729634,NA,NA,NA,93.5333306278717,100.618976670644,108.78434729634
2020,"Black Drongo","2020",0.363982044299885,0.454615616568381,0.564294893834813,NA,NA,NA,91.3618733645074,98.6815903845782,106.348000668707,NA,NA,NA,91.3618733645074,98.6815903845782,106.348000668707
2021,"Black Drongo","2021",0.398684882315426,0.495591221782482,0.604913664694455,NA,NA,NA,99.815411115949,107.319879444641,115.926405408612,NA,NA,NA,99.815411115949,107.319879444641,115.926405408612
2022,"Black Drongo","2022",0.346786518624055,0.438965875159262,0.545514154284995,NA,NA,NA,88.0507470168389,95.1493641625553,102.034172342223,NA,NA,NA,88.0507470168389,95.1493641625553,102.034172342223
2023,"Black Drongo","2023",0.343869942684801,0.431534475516635,0.537005766742301,NA,NA,NA,86.8962336308488,93.8509179064065,101.203794507432,NA,NA,NA,86.8962336308488,93.8509179064065,101.203794507432
2024,"Black Drongo","2024",0.329673258402029,0.418636768322272,0.522611890136767,NA,NA,NA,84.7961422381597,90.9365673383719,97.7833913751781,NA,NA,NA,84.7961422381597,90.9365673383719,97.7833913751781
2025,"Black Drongo","2025",0.335918106876276,0.426164779164499,0.530552759810013,NA,NA,NA,86.0265576321222,92.3153147200765,98.8531805491448,NA,NA,NA,86.0265576321222,92.3153147200765,98.8531805491448
2026,"Black Drongo","2026",NA,NA,NA,NA,NA,NA,NA,NA,NA,87.3073384469714,93.6015740909755,100.248464114512,87.3073384469714,93.6015740909755,100.248464114512
2027,"Black Drongo","2027",NA,NA,NA,NA,NA,NA,NA,NA,NA,85.9851196927277,93.0455286197609,100.55229350576,85.9851196927277,93.0455286197609,100.55229350576
2028,"Black Drongo","2028",NA,NA,NA,NA,NA,NA,NA,NA,NA,84.694750800624,92.4734593682519,100.928919352397,84.694750800624,92.4734593682519,100.928919352397
2029,"Black Drongo","2029",NA,NA,NA,NA,NA,NA,NA,NA,NA,83.3787401587071,91.8574581080567,101.284704285553,83.3787401587071,91.8574581080567,101.284704285553
2030,"Black Drongo","2030",NA,NA,NA,NA,NA,NA,NA,NA,NA,82.110944785819,91.2782794513952,101.705917054001,82.110944785819,91.2782794513952,101.705917054001
2031,"Black Drongo","2031",NA,NA,NA,NA,NA,NA,NA,NA,NA,80.844788384506,90.7470060221689,102.058199453953,80.844788384506,90.7470060221689,102.058199453953
2032,"Black Drongo","2032",NA,NA,NA,NA,NA,NA,NA,NA,NA,79.5659271206641,90.1637993909032,102.360367370225,79.5659271206641,90.1637993909032,102.360367370225
2033,"Black Drongo","2033",NA,NA,NA,NA,NA,NA,NA,NA,NA,78.293817613908,89.5969729621971,102.747713397358,78.293817613908,89.5969729621971,102.747713397358
1985,"Ashy Drongo","before 2000",NA,NA,NA,NA,NA,NA,NA,NA,NA,NA,NA,NA,NA,NA,NA
2003,"Ashy Drongo","2000-2006",NA,NA,NA,NA,NA,NA,NA,NA,NA,NA,NA,NA,NA,NA,NA
2009,"Ashy Drongo","2007-2010",NA,NA,NA,NA,NA,NA,NA,NA,NA,NA,NA,NA,NA,NA,NA
2012,"Ashy Drongo","2011-2012",NA,NA,NA,NA,NA,NA,NA,NA,NA,NA,NA,NA,NA,NA,NA
2013,"Ashy Drongo","2013",NA,NA,NA,NA,NA,NA,NA,NA,NA,NA,NA,NA,NA,NA,NA
2014,"Ashy Drongo","2014",NA,NA,NA,NA,NA,NA,NA,NA,NA,NA,NA,NA,NA,NA,NA
2015,"Ashy Drongo","2015",0.0183505449619826,0.0297690379301079,0.0454880173772724,NA,NA,NA,100,100,100,NA,NA,NA,100,100,100
2016,"Ashy Drongo","2016",0.0139001445516623,0.02298647536132,0.0348597627055857,NA,NA,NA,52.2608770430895,76.7548258936207,114.324839897364,NA,NA,NA,52.2608770430895,76.7548258936207,114.324839897364
2017,"Ashy Drongo","2017",0.0135825680052197,0.0219820732806013,0.0343844935072316,NA,NA,NA,50.1932387785735,74.65171579559,110.493672429796,NA,NA,NA,50.1932387785735,74.65171579559,110.493672429796
2018,"Ashy Drongo","2018",0.0179116597202334,0.0267744239345771,0.0395140201794039,NA,NA,NA,65.1452166134654,91.1490678323716,128.642951924297,NA,NA,NA,65.1452166134654,91.1490678323716,128.642951924297
2019,"Ashy Drongo","2019",0.0166623482553262,0.024988146657932,0.0361974681797866,NA,NA,NA,61.3896241978502,84.3759853441276,116.933458168596,NA,NA,NA,61.3896241978502,84.3759853441276,116.933458168596
2020,"Ashy Drongo","2020",0.0149770426566169,0.0218884337753283,0.0322734892212362,NA,NA,NA,54.6902425476884,74.4748794896486,101.581078017892,NA,NA,NA,54.6902425476884,74.4748794896486,101.581078017892
2021,"Ashy Drongo","2021",0.0143408218312075,0.0215181075773009,0.031771123102441,NA,NA,NA,53.8783037544575,72.7767980276537,98.2305592814951,NA,NA,NA,53.8783037544575,72.7767980276537,98.2305592814951
2022,"Ashy Drongo","2022",0.0135502267344569,0.0198121260508974,0.029271859906584,NA,NA,NA,49.1112311321231,67.8393602535611,92.1399398670524,NA,NA,NA,49.1112311321231,67.8393602535611,92.1399398670524
2023,"Ashy Drongo","2023",0.0130486942231211,0.0190660878706987,0.0279763871177851,NA,NA,NA,46.9348374081828,64.6942213411896,87.7101386869687,NA,NA,NA,46.9348374081828,64.6942213411896,87.7101386869687
2024,"Ashy Drongo","2024",0.0155214518871086,0.0229230471948418,0.0334234124100624,NA,NA,NA,57.7266965167734,77.6688769022304,105.760921183798,NA,NA,NA,57.7266965167734,77.6688769022304,105.760921183798
2025,"Ashy Drongo","2025",0.0147969125939384,0.0219173153095354,0.0319180746601215,NA,NA,NA,54.5040603525662,73.9756620018751,100.670275114396,NA,NA,NA,54.5040603525662,73.9756620018751,100.670275114396
2026,"Ashy Drongo","2026",NA,NA,NA,NA,NA,NA,NA,NA,NA,57.21777080538,67.1194992503818,78.6855301503606,57.21777080538,67.1194992503818,78.6855301503606
2027,"Ashy Drongo","2027",NA,NA,NA,NA,NA,NA,NA,NA,NA,54.7185721925847,65.5680431078295,78.3017574766958,54.7185721925847,65.5680431078295,78.3017574766958
2028,"Ashy Drongo","2028",NA,NA,NA,NA,NA,NA,NA,NA,NA,52.1729508915304,63.9906841531477,77.99255645391,52.1729508915304,63.9906841531477,77.99255645391
2029,"Ashy Drongo","2029",NA,NA,NA,NA,NA,NA,NA,NA,NA,49.8493198162735,62.5009172858739,77.8555500813984,49.8493198162735,62.5009172858739,77.8555500813984
2030,"Ashy Drongo","2030",NA,NA,NA,NA,NA,NA,NA,NA,NA,47.6237202410501,61.0978766863183,77.6244728080551,47.6237202410501,61.0978766863183,77.6244728080551
2031,"Ashy Drongo","2031",NA,NA,NA,NA,NA,NA,NA,NA,NA,45.4595465586536,59.5666048160872,77.4845112598228,45.4595465586536,59.5666048160872,77.4845112598228
2032,"Ashy Drongo","2032",NA,NA,NA,NA,NA,NA,NA,NA,NA,43.2846240325707,58.1318267143057,77.3845068323787,43.2846240325707,58.1318267143057,77.3845068323787
2033,"Ashy Drongo","2033",NA,NA,NA,NA,NA,NA,NA,NA,NA,41.2536897339985,56.7429120785323,77.3495778649581,41.2536897339985,56.7429120785323,77.3495778649581
1985,"Bronzed Drongo","before 2000",NA,NA,NA,NA,NA,NA,NA,NA,NA,NA,NA,NA,NA,NA,NA
2003,"Bronzed Drongo","2000-2006",NA,NA,NA,NA,NA,NA,NA,NA,NA,NA,NA,NA,NA,NA,NA
2009,"Bronzed Drongo","2007-2010",NA,NA,NA,NA,NA,NA,NA,NA,NA,NA,NA,NA,NA,NA,NA
2012,"Bronzed Drongo","2011-2012",NA,NA,NA,NA,NA,NA,NA,NA,NA,NA,NA,NA,NA,NA,NA
2013,"Bronzed Drongo","2013",NA,NA,NA,NA,NA,NA,NA,NA,NA,NA,NA,NA,NA,NA,NA
2014,"Bronzed Drongo","2014",NA,NA,NA,NA,NA,NA,NA,NA,NA,NA,NA,NA,NA,NA,NA
2015,"Bronzed Drongo","2015",0.0401955728586606,0.0642972408012919,0.102533056186609,NA,NA,NA,100,100,100,NA,NA,NA,100,100,100
2016,"Bronzed Drongo","2016",0.0485000506627413,0.0764734277625699,0.117726051520551,NA,NA,NA,97.5300370857571,119.038812620925,144.289871743163,NA,NA,NA,97.5300370857571,119.038812620925,144.289871743163
2017,"Bronzed Drongo","2017",0.0412989172908612,0.0647786377694973,0.101528312118757,NA,NA,NA,81.4391573493883,101.528556301207,123.960647805098,NA,NA,NA,81.4391573493883,101.528556301207,123.960647805098
2018,"Bronzed Drongo","2018",0.0401976105557928,0.0644489700904594,0.100091649585873,NA,NA,NA,82.7834548796277,100.052633547465,120.520374306719,NA,NA,NA,82.7834548796277,100.052633547465,120.520374306719
2019,"Bronzed Drongo","2019",0.0385625684023194,0.061940248925492,0.0956749851407975,NA,NA,NA,79.8274186001748,96.5296992190763,116.089824931169,NA,NA,NA,79.8274186001748,96.5296992190763,116.089824931169
2020,"Bronzed Drongo","2020",0.032603660299876,0.0510681546794334,0.0794549549973559,NA,NA,NA,66.548620998858,79.7612091116318,95.2715693194906,NA,NA,NA,66.548620998858,79.7612091116318,95.2715693194906
2021,"Bronzed Drongo","2021",0.0324458832889147,0.0516616728144879,0.0791484672206359,NA,NA,NA,67.1189225096105,80.6194610943344,95.6525256931228,NA,NA,NA,67.1189225096105,80.6194610943344,95.6525256931228
2022,"Bronzed Drongo","2022",0.0264110975782627,0.0411894027722228,0.0649833584767605,NA,NA,NA,54.2543037811632,64.2500469978057,76.1293092090826,NA,NA,NA,54.2543037811632,64.2500469978057,76.1293092090826
2023,"Bronzed Drongo","2023",0.0300811081617365,0.0470657610448375,0.0734201735705226,NA,NA,NA,61.7116054076383,73.2672915568376,86.6862242532061,NA,NA,NA,61.7116054076383,73.2672915568376,86.6862242532061
2024,"Bronzed Drongo","2024",0.0296589975753001,0.0472092055496963,0.0741148666775118,NA,NA,NA,62.2225210893663,74.0833066813443,86.741155124311,NA,NA,NA,62.2225210893663,74.0833066813443,86.741155124311
2025,"Bronzed Drongo","2025",0.0332575654273628,0.0514735496928774,0.0794475255696111,NA,NA,NA,67.3512415995326,80.3256001431894,94.3541481636983,NA,NA,NA,67.3512415995326,80.3256001431894,94.3541481636983
2026,"Bronzed Drongo","2026",NA,NA,NA,NA,NA,NA,NA,NA,NA,57.0848583548805,66.0082137589167,76.4061561590606,57.0848583548805,66.0082137589167,76.4061561590606
2027,"Bronzed Drongo","2027",NA,NA,NA,NA,NA,NA,NA,NA,NA,53.4200209148137,63.0605299554486,74.5191630500907,53.4200209148137,63.0605299554486,74.5191630500907
2028,"Bronzed Drongo","2028",NA,NA,NA,NA,NA,NA,NA,NA,NA,49.9518509410803,60.1613187225535,72.651494970956,49.9518509410803,60.1613187225535,72.651494970956
2029,"Bronzed Drongo","2029",NA,NA,NA,NA,NA,NA,NA,NA,NA,46.7130988484262,57.5225484450552,70.856316491243,46.7130988484262,57.5225484450552,70.856316491243
2030,"Bronzed Drongo","2030",NA,NA,NA,NA,NA,NA,NA,NA,NA,43.6507308900565,54.9844069179086,69.077692426529,43.6507308900565,54.9844069179086,69.077692426529
2031,"Bronzed Drongo","2031",NA,NA,NA,NA,NA,NA,NA,NA,NA,40.81260853209,52.5120497829735,67.3773336428481,40.81260853209,52.5120497829735,67.3773336428481
2032,"Bronzed Drongo","2032",NA,NA,NA,NA,NA,NA,NA,NA,NA,38.2220622439892,50.1701403421273,65.7967529824757,38.2220622439892,50.1701403421273,65.7967529824757
2033,"Bronzed Drongo","2033",NA,NA,NA,NA,NA,NA,NA,NA,NA,35.7971249821262,47.9203884028595,64.2696262669277,35.7971249821262,47.9203884028595,64.2696262669277
1985,"Hair-crested Drongo","before 2000",NA,NA,NA,NA,NA,NA,NA,NA,NA,NA,NA,NA,NA,NA,NA
2003,"Hair-crested Drongo","2000-2006",NA,NA,NA,NA,NA,NA,NA,NA,NA,NA,NA,NA,NA,NA,NA
2009,"Hair-crested Drongo","2007-2010",NA,NA,NA,NA,NA,NA,NA,NA,NA,NA,NA,NA,NA,NA,NA
2012,"Hair-crested Drongo","2011-2012",NA,NA,NA,NA,NA,NA,NA,NA,NA,NA,NA,NA,NA,NA,NA
2013,"Hair-crested Drongo","2013",NA,NA,NA,NA,NA,NA,NA,NA,NA,NA,NA,NA,NA,NA,NA
2014,"Hair-crested Drongo","2014",NA,NA,NA,NA,NA,NA,NA,NA,NA,NA,NA,NA,NA,NA,NA
2015,"Hair-crested Drongo","2015",0.0142641931054233,0.0327178261112173,0.0752693556219684,NA,NA,NA,100,100,100,NA,NA,NA,100,100,100
2016,"Hair-crested Drongo","2016",0.0109953438387055,0.026018989208579,0.0576604745026881,NA,NA,NA,55.1207366173889,78.9119182263629,110.34493797918,NA,NA,NA,55.1207366173889,78.9119182263629,110.34493797918
2017,"Hair-crested Drongo","2017",0.0121336715113513,0.028046045632827,0.0633097852953384,NA,NA,NA,63.5494170612673,86.1458778126697,121.267367255799,NA,NA,NA,63.5494170612673,86.1458778126697,121.267367255799
2018,"Hair-crested Drongo","2018",0.0128340650413293,0.0289082506077116,0.063766918159467,NA,NA,NA,67.3333038863936,88.8252370848864,119.818233522602,NA,NA,NA,67.3333038863936,88.8252370848864,119.818233522602
2019,"Hair-crested Drongo","2019",0.0111216826726727,0.0254697640990365,0.0566458295342758,NA,NA,NA,58.7971530641583,77.8047688804196,107.75154490138,NA,NA,NA,58.7971530641583,77.8047688804196,107.75154490138
2020,"Hair-crested Drongo","2020",0.0126478689626187,0.0292473538322541,0.0642278016030069,NA,NA,NA,69.3828950622786,88.7918727955317,120.074499156763,NA,NA,NA,69.3828950622786,88.7918727955317,120.074499156763
2021,"Hair-crested Drongo","2021",0.0125969892457852,0.0282112779367145,0.0621404280723718,NA,NA,NA,67.3927335378421,86.8657264582371,117.01505333767,NA,NA,NA,67.3927335378421,86.8657264582371,117.01505333767
2022,"Hair-crested Drongo","2022",0.0109653183113458,0.0243082690770955,0.05357718042801,NA,NA,NA,56.6189850181659,74.3200672133347,100.453891426705,NA,NA,NA,56.6189850181659,74.3200672133347,100.453891426705
2023,"Hair-crested Drongo","2023",0.0115447700609414,0.0261748441266888,0.0569338924978479,NA,NA,NA,61.7053176478169,79.1092535016849,105.147742790408,NA,NA,NA,61.7053176478169,79.1092535016849,105.147742790408
2024,"Hair-crested Drongo","2024",0.0112994342856079,0.0252839962870147,0.0551177818492498,NA,NA,NA,59.5952161264665,77.3203725256,101.658636508104,NA,NA,NA,59.5952161264665,77.3203725256,101.658636508104
2025,"Hair-crested Drongo","2025",0.011147918987372,0.024640573659979,0.0530119795595562,NA,NA,NA,58.1022834523578,75.4454030288018,100.230112393785,NA,NA,NA,58.1022834523578,75.4454030288018,100.230112393785
2026,"Hair-crested Drongo","2026",NA,NA,NA,NA,NA,NA,NA,NA,NA,66.3985450755077,74.3437292876075,82.9069996831726,66.3985450755077,74.3437292876075,82.9069996831726
2027,"Hair-crested Drongo","2027",NA,NA,NA,NA,NA,NA,NA,NA,NA,64.2513850600998,73.0389024588845,82.7222984985019,64.2513850600998,73.0389024588845,82.7222984985019
2028,"Hair-crested Drongo","2028",NA,NA,NA,NA,NA,NA,NA,NA,NA,62.1181550873179,71.6913204463675,82.5438003971647,62.1181550873179,71.6913204463675,82.5438003971647
2029,"Hair-crested Drongo","2029",NA,NA,NA,NA,NA,NA,NA,NA,NA,60.0815814737312,70.4509564541846,82.46332645431,60.0815814737312,70.4509564541846,82.46332645431
2030,"Hair-crested Drongo","2030",NA,NA,NA,NA,NA,NA,NA,NA,NA,58.041216392653,69.1699491988551,82.3385259033466,58.041216392653,69.1699491988551,82.3385259033466
2031,"Hair-crested Drongo","2031",NA,NA,NA,NA,NA,NA,NA,NA,NA,56.1093101887476,67.9804587868392,82.2676913706727,56.1093101887476,67.9804587868392,82.2676913706727
2032,"Hair-crested Drongo","2032",NA,NA,NA,NA,NA,NA,NA,NA,NA,54.2673131191313,66.8087075520522,82.0947463327332,54.2673131191313,66.8087075520522,82.0947463327332
2033,"Hair-crested Drongo","2033",NA,NA,NA,NA,NA,NA,NA,NA,NA,52.3528622072065,65.6298312470037,82.0185129856483,52.3528622072065,65.6298312470037,82.0185129856483
1985,"Black-naped Monarch","before 2000",NA,NA,NA,NA,NA,NA,NA,NA,NA,NA,NA,NA,NA,NA,NA
2003,"Black-naped Monarch","2000-2006",NA,NA,NA,NA,NA,NA,NA,NA,NA,NA,NA,NA,NA,NA,NA
2009,"Black-naped Monarch","2007-2010",NA,NA,NA,NA,NA,NA,NA,NA,NA,NA,NA,NA,NA,NA,NA
2012,"Black-naped Monarch","2011-2012",NA,NA,NA,NA,NA,NA,NA,NA,NA,NA,NA,NA,NA,NA,NA
2013,"Black-naped Monarch","2013",NA,NA,NA,NA,NA,NA,NA,NA,NA,NA,NA,NA,NA,NA,NA
2014,"Black-naped Monarch","2014",NA,NA,NA,NA,NA,NA,NA,NA,NA,NA,NA,NA,NA,NA,NA
2015,"Black-naped Monarch","2015",0.018114966855565,0.0298958122548313,0.0469867283529868,NA,NA,NA,100,100,100,NA,NA,NA,100,100,100
2016,"Black-naped Monarch","2016",0.0115524303977977,0.0192124897554654,0.0307733001094495,NA,NA,NA,47.3739264453804,63.6918270795294,88.3601810009295,NA,NA,NA,47.3739264453804,63.6918270795294,88.3601810009295
2017,"Black-naped Monarch","2017",0.0154689687649422,0.0249362835577204,0.0385305598919453,NA,NA,NA,63.7307424106397,82.9006021373651,109.887447146186,NA,NA,NA,63.7307424106397,82.9006021373651,109.887447146186
2018,"Black-naped Monarch","2018",0.0121684753463521,0.0194111822709606,0.0300013036341908,NA,NA,NA,50.9685625499789,64.2566285483746,84.6051349791508,NA,NA,NA,50.9685625499789,64.2566285483746,84.6051349791508
2019,"Black-naped Monarch","2019",0.00908644270245741,0.0145429365309192,0.022614915670774,NA,NA,NA,37.9129907447877,49.0693008489133,63.5530637147566,NA,NA,NA,37.9129907447877,49.0693008489133,63.5530637147566
2020,"Black-naped Monarch","2020",0.0074695735844214,0.0116900846310503,0.0179631208229791,NA,NA,NA,30.8188850990002,38.8859264375075,50.5175731109456,NA,NA,NA,30.8188850990002,38.8859264375075,50.5175731109456
2021,"Black-naped Monarch","2021",0.0147996297818162,0.0233661416530623,0.0354069972245862,NA,NA,NA,62.9038369383058,77.9570945570674,100.117673953776,NA,NA,NA,62.9038369383058,77.9570945570674,100.117673953776
2022,"Black-naped Monarch","2022",0.0129708377470643,0.0206894091027686,0.0316508911457843,NA,NA,NA,54.9396114325146,68.496656385105,90.3102325891633,NA,NA,NA,54.9396114325146,68.496656385105,90.3102325891633
2023,"Black-naped Monarch","2023",0.0122112215310426,0.0188999366006714,0.0287836189397736,NA,NA,NA,51.4233296906761,62.5546572148041,81.4954697666781,NA,NA,NA,51.4233296906761,62.5546572148041,81.4954697666781
2024,"Black-naped Monarch","2024",0.00972568009113561,0.0151811229841257,0.0233147974486237,NA,NA,NA,40.733945464315,50.4799022639283,66.5494105527445,NA,NA,NA,40.733945464315,50.4799022639283,66.5494105527445
2025,"Black-naped Monarch","2025",0.0121102356986647,0.0190958729353125,0.0289788509098169,NA,NA,NA,51.5122582407091,63.5960701903607,82.6639543136338,NA,NA,NA,51.5122582407091,63.5960701903607,82.6639543136338
2026,"Black-naped Monarch","2026",NA,NA,NA,NA,NA,NA,NA,NA,NA,38.0187638455846,52.8496756591355,73.6229430355261,38.0187638455846,52.8496756591355,73.6229430355261
2027,"Black-naped Monarch","2027",NA,NA,NA,NA,NA,NA,NA,NA,NA,35.2616241047568,51.234270857616,74.6164815831987,35.2616241047568,51.234270857616,74.6164815831987
2028,"Black-naped Monarch","2028",NA,NA,NA,NA,NA,NA,NA,NA,NA,32.6717979314725,49.7250718173072,75.6762262377656,32.6717979314725,49.7250718173072,75.6762262377656
2029,"Black-naped Monarch","2029",NA,NA,NA,NA,NA,NA,NA,NA,NA,30.2696713070114,48.2463807702707,76.6469226801048,30.2696713070114,48.2463807702707,76.6469226801048
2030,"Black-naped Monarch","2030",NA,NA,NA,NA,NA,NA,NA,NA,NA,27.9956888850759,46.7599687420625,77.8023645701897,27.9956888850759,46.7599687420625,77.8023645701897
2031,"Black-naped Monarch","2031",NA,NA,NA,NA,NA,NA,NA,NA,NA,25.8933129325947,45.3640252183146,78.9823082963603,25.8933129325947,45.3640252183146,78.9823082963603
2032,"Black-naped Monarch","2032",NA,NA,NA,NA,NA,NA,NA,NA,NA,23.9490968333218,44.0305914983681,80.1927710582047,23.9490968333218,44.0305914983681,80.1927710582047
2033,"Black-naped Monarch","2033",NA,NA,NA,NA,NA,NA,NA,NA,NA,22.1176943806149,42.6633976924961,81.675333927875,22.1176943806149,42.6633976924961,81.675333927875
1985,"Brown Shrike","before 2000",NA,NA,NA,NA,NA,NA,NA,NA,NA,NA,NA,NA,NA,NA,NA
2003,"Brown Shrike","2000-2006",NA,NA,NA,NA,NA,NA,NA,NA,NA,NA,NA,NA,NA,NA,NA
2009,"Brown Shrike","2007-2010",NA,NA,NA,NA,NA,NA,NA,NA,NA,NA,NA,NA,NA,NA,NA
2012,"Brown Shrike","2011-2012",NA,NA,NA,NA,NA,NA,NA,NA,NA,NA,NA,NA,NA,NA,NA
2013,"Brown Shrike","2013",NA,NA,NA,NA,NA,NA,NA,NA,NA,NA,NA,NA,NA,NA,NA
2014,"Brown Shrike","2014",NA,NA,NA,NA,NA,NA,NA,NA,NA,NA,NA,NA,NA,NA,NA
2015,"Brown Shrike","2015",0.106054677490247,0.131173802656452,0.16313024341085,NA,NA,NA,100,100,100,NA,NA,NA,100,100,100
2016,"Brown Shrike","2016",0.0961944220795526,0.11878642231045,0.146646322511738,NA,NA,NA,77.4446663763147,90.4897399319981,107.014940419679,NA,NA,NA,77.4446663763147,90.4897399319981,107.014940419679
2017,"Brown Shrike","2017",0.0890113883873416,0.109873314190626,0.134593132783171,NA,NA,NA,71.3819581391371,83.7277399975509,97.6354224312505,NA,NA,NA,71.3819581391371,83.7277399975509,97.6354224312505
2018,"Brown Shrike","2018",0.0929310731872646,0.112140207002795,0.136550996588798,NA,NA,NA,74.4706460415679,85.659465527373,98.4950439460189,NA,NA,NA,74.4706460415679,85.659465527373,98.4950439460189
2019,"Brown Shrike","2019",0.094948912325411,0.113994112226189,0.139987116954243,NA,NA,NA,76.290635907389,87.4611152085943,99.3356594513669,NA,NA,NA,76.290635907389,87.4611152085943,99.3356594513669
2020,"Brown Shrike","2020",0.0948661298607718,0.113188776113399,0.137966289744115,NA,NA,NA,76.0477315113148,86.6055098730221,99.564148965243,NA,NA,NA,76.0477315113148,86.6055098730221,99.564148965243
2021,"Brown Shrike","2021",0.0919721522678401,0.109428945247574,0.133513353223346,NA,NA,NA,73.5136250725681,84.0548349302443,95.7810813370229,NA,NA,NA,73.5136250725681,84.0548349302443,95.7810813370229
2022,"Brown Shrike","2022",0.0700089048585165,0.0847789555417877,0.1037996528446,NA,NA,NA,56.8207174384837,64.9161662589399,73.8787150373805,NA,NA,NA,56.8207174384837,64.9161662589399,73.8787150373805
2023,"Brown Shrike","2023",0.0733241799837756,0.0883806883270401,0.107794266008789,NA,NA,NA,58.8725199613599,67.4770510319454,76.3896227784287,NA,NA,NA,58.8725199613599,67.4770510319454,76.3896227784287
2024,"Brown Shrike","2024",0.0736437978871481,0.0887445326191813,0.108047034839538,NA,NA,NA,59.3584042277014,67.8577218768975,77.3748830335696,NA,NA,NA,59.3584042277014,67.8577218768975,77.3748830335696
2025,"Brown Shrike","2025",0.0666439938959982,0.0805095589844603,0.0981838027841894,NA,NA,NA,53.8011865213916,61.6001328298263,70.1885604197071,NA,NA,NA,53.8011865213916,61.6001328298263,70.1885604197071
2026,"Brown Shrike","2026",NA,NA,NA,NA,NA,NA,NA,NA,NA,55.1627467252151,60.8798333219999,67.0458091967936,55.1627467252151,60.8798333219999,67.0458091967936
2027,"Brown Shrike","2027",NA,NA,NA,NA,NA,NA,NA,NA,NA,52.1335234595227,58.2819608196568,65.0377436780185,52.1335234595227,58.2819608196568,65.0377436780185
2028,"Brown Shrike","2028",NA,NA,NA,NA,NA,NA,NA,NA,NA,49.2851742079297,55.792957448936,63.1032774309835,49.2851742079297,55.792957448936,63.1032774309835
2029,"Brown Shrike","2029",NA,NA,NA,NA,NA,NA,NA,NA,NA,46.5443660445039,53.4232570948163,61.1945878551492,46.5443660445039,53.4232570948163,61.1945878551492
2030,"Brown Shrike","2030",NA,NA,NA,NA,NA,NA,NA,NA,NA,43.9502551947528,51.1702530795375,59.3119164012497,43.9502551947528,51.1702530795375,59.3119164012497
2031,"Brown Shrike","2031",NA,NA,NA,NA,NA,NA,NA,NA,NA,41.5178292197168,48.9613131890845,57.5798986855657,41.5178292197168,48.9613131890845,57.5798986855657
2032,"Brown Shrike","2032",NA,NA,NA,NA,NA,NA,NA,NA,NA,39.2001626263181,46.8577808544469,55.8299108908977,39.2001626263181,46.8577808544469,55.8299108908977
2033,"Brown Shrike","2033",NA,NA,NA,NA,NA,NA,NA,NA,NA,37.0051441189231,44.841241124311,54.1984769023772,37.0051441189231,44.841241124311,54.1984769023772
1985,"Long-tailed Shrike","before 2000",NA,NA,NA,NA,NA,NA,NA,NA,NA,NA,NA,NA,NA,NA,NA
2003,"Long-tailed Shrike","2000-2006",NA,NA,NA,NA,NA,NA,NA,NA,NA,NA,NA,NA,NA,NA,NA
2009,"Long-tailed Shrike","2007-2010",NA,NA,NA,NA,NA,NA,NA,NA,NA,NA,NA,NA,NA,NA,NA
2012,"Long-tailed Shrike","2011-2012",NA,NA,NA,NA,NA,NA,NA,NA,NA,NA,NA,NA,NA,NA,NA
2013,"Long-tailed Shrike","2013",NA,NA,NA,NA,NA,NA,NA,NA,NA,NA,NA,NA,NA,NA,NA
2014,"Long-tailed Shrike","2014",NA,NA,NA,NA,NA,NA,NA,NA,NA,NA,NA,NA,NA,NA,NA
2015,"Long-tailed Shrike","2015",0.0302725734582525,0.0441538447234863,0.0610070706228901,NA,NA,NA,100,100,100,NA,NA,NA,100,100,100
2016,"Long-tailed Shrike","2016",0.0294217185522798,0.0412728990037108,0.0562225412214984,NA,NA,NA,76.3736253572284,94.2435506834436,115.351715522522,NA,NA,NA,76.3736253572284,94.2435506834436,115.351715522522
2017,"Long-tailed Shrike","2017",0.0353567090166637,0.0484032279685778,0.0646593907910147,NA,NA,NA,88.8976497135956,110.396756056399,135.670083271243,NA,NA,NA,88.8976497135956,110.396756056399,135.670083271243
2018,"Long-tailed Shrike","2018",0.035565153124258,0.0482304990839342,0.0647231604888006,NA,NA,NA,90.6498139936379,110.421241508791,132.540096559365,NA,NA,NA,90.6498139936379,110.421241508791,132.540096559365
2019,"Long-tailed Shrike","2019",0.0366727513112406,0.049349912235942,0.0661742105884516,NA,NA,NA,92.6020526782808,112.24853009712,133.541505353837,NA,NA,NA,92.6020526782808,112.24853009712,133.541505353837
2020,"Long-tailed Shrike","2020",0.0296082928296466,0.0397504140139651,0.0539130656630092,NA,NA,NA,75.9753903610213,91.1038837533065,107.719042197549,NA,NA,NA,75.9753903610213,91.1038837533065,107.719042197549
2021,"Long-tailed Shrike","2021",0.0350668943333562,0.0476314510952482,0.0635895318861114,NA,NA,NA,90.5195831691159,108.857767344631,129.899832394087,NA,NA,NA,90.5195831691159,108.857767344631,129.899832394087
2022,"Long-tailed Shrike","2022",0.0277084770253991,0.0373616128916375,0.0498635518643184,NA,NA,NA,71.0600325588733,85.3867883484811,101.229387225444,NA,NA,NA,71.0600325588733,85.3867883484811,101.229387225444
2023,"Long-tailed Shrike","2023",0.0324744399606801,0.0438497393953821,0.0579506808713399,NA,NA,NA,83.9371829402685,100.075805953456,118.423534489316,NA,NA,NA,83.9371829402685,100.075805953456,118.423534489316
2024,"Long-tailed Shrike","2024",0.0335826607865646,0.0450485445507042,0.0596323377333264,NA,NA,NA,85.6096477763701,102.739390007427,121.623382298231,NA,NA,NA,85.6096477763701,102.739390007427,121.623382298231
2025,"Long-tailed Shrike","2025",0.0314961590684259,0.0423436908462101,0.0556290668393088,NA,NA,NA,80.0855324430844,96.3025594292326,114.116425346382,NA,NA,NA,80.0855324430844,96.3025594292326,114.116425346382
2026,"Long-tailed Shrike","2026",NA,NA,NA,NA,NA,NA,NA,NA,NA,85.6427624920089,97.0776250675029,110.051268463674,85.6427624920089,97.0776250675029,110.051268463674
2027,"Long-tailed Shrike","2027",NA,NA,NA,NA,NA,NA,NA,NA,NA,83.78617159447,96.4306689595673,111.312167589272,83.78617159447,96.4306689595673,111.312167589272
2028,"Long-tailed Shrike","2028",NA,NA,NA,NA,NA,NA,NA,NA,NA,81.9130087279335,95.8415573434275,112.340660723674,81.9130087279335,95.8415573434275,112.340660723674
2029,"Long-tailed Shrike","2029",NA,NA,NA,NA,NA,NA,NA,NA,NA,79.9468693185036,95.3266919837497,113.747818587586,79.9468693185036,95.3266919837497,113.747818587586
2030,"Long-tailed Shrike","2030",NA,NA,NA,NA,NA,NA,NA,NA,NA,78.0209796393154,94.5638861840149,115.16086891255,78.0209796393154,94.5638861840149,115.16086891255
2031,"Long-tailed Shrike","2031",NA,NA,NA,NA,NA,NA,NA,NA,NA,76.2540276626665,94.1435576534127,116.343232270474,76.2540276626665,94.1435576534127,116.343232270474
2032,"Long-tailed Shrike","2032",NA,NA,NA,NA,NA,NA,NA,NA,NA,74.3964777215948,93.6718827675785,117.539922964716,74.3964777215948,93.6718827675785,117.539922964716
2033,"Long-tailed Shrike","2033",NA,NA,NA,NA,NA,NA,NA,NA,NA,72.6464309401914,93.1549487412322,118.873178679699,72.6464309401914,93.1549487412322,118.873178679699
1985,"Yellow-billed Blue-Magpie","before 2000",0.103708874717261,0.15749654286543,0.219071286183223,100,100,100,NA,NA,NA,NA,NA,NA,NA,NA,NA
2003,"Yellow-billed Blue-Magpie","2000-2006",0.0574589114254724,0.104788529202588,0.159915647590096,31.6219202797303,66.4678011881142,123.194913231614,NA,NA,NA,NA,NA,NA,NA,NA,NA
2009,"Yellow-billed Blue-Magpie","2007-2010",0.0568270549824865,0.112118837091963,0.178065926189939,32.7997068466623,72.5908887892751,137.57197139802,NA,NA,NA,NA,NA,NA,NA,NA,NA
2012,"Yellow-billed Blue-Magpie","2011-2012",0.0354371805926879,0.084033540894997,0.140398518375086,22.8359027620252,52.4609617773232,100.868035373992,NA,NA,NA,NA,NA,NA,NA,NA,NA
2013,"Yellow-billed Blue-Magpie","2013",0.059522694348776,0.107577497177087,0.162353418118495,34.8662291373386,68.7280809087849,120.684296913502,NA,NA,NA,NA,NA,NA,NA,NA,NA
2014,"Yellow-billed Blue-Magpie","2014",0.0369943222891766,0.0716452349825585,0.114254610882496,22.4755829486994,45.2110135184299,86.5605019703877,NA,NA,NA,NA,NA,NA,NA,NA,NA
2015,"Yellow-billed Blue-Magpie","2015",0.0107115198965598,0.0241595696787411,0.0422875951998324,6.11005897940959,15.4457522703984,32.9746711832545,100,100,100,NA,NA,NA,100,100,100
2016,"Yellow-billed Blue-Magpie","2016",0.0291602621719032,0.0454670067691917,0.0645260751191693,16.9215687977055,28.6481706148044,49.5952022005792,93.0954204510538,185.534265021744,475.780693808627,NA,NA,NA,93.0954204510538,185.534265021744,475.780693808627
2017,"Yellow-billed Blue-Magpie","2017",0.0287317687172019,0.0450644207892595,0.0652480688427574,16.2162977508517,28.7387900094703,49.1062427444187,91.0813782135347,186.368225468734,482.379741343186,NA,NA,NA,91.0813782135347,186.368225468734,482.379741343186
2018,"Yellow-billed Blue-Magpie","2018",0.0400345790978455,0.0530733939199381,0.0676473357456967,21.8704651322272,33.602823678053,53.4660880847212,117.788228645393,219.125844471611,570.269586505864,NA,NA,NA,117.788228645393,219.125844471611,570.269586505864
2019,"Yellow-billed Blue-Magpie","2019",0.031841901227562,0.0451081108735166,0.0583770096447463,17.4058758074629,28.4971012149987,45.6026905477697,96.1723930038931,186.809290322664,453.641928237532,NA,NA,NA,96.1723930038931,186.809290322664,453.641928237532
2020,"Yellow-billed Blue-Magpie","2020",0.0521219010272651,0.0634381368355502,0.0761197689969988,27.0463892690997,40.3621992173558,64.0498900068231,141.844523740616,264.137018603372,652.091930067045,NA,NA,NA,141.844523740616,264.137018603372,652.091930067045
2021,"Yellow-billed Blue-Magpie","2021",0.0490016907309986,0.0581663142567319,0.0671196462366464,25.6073466441876,36.7595966543948,56.095377137913,135.781168738369,240.174096870948,597.282902151948,NA,NA,NA,135.781168738369,240.174096870948,597.282902151948
2022,"Yellow-billed Blue-Magpie","2022",0.0594262627500463,0.0681341013463089,0.0767511905145325,30.1623397249985,42.9414925707082,66.6724956712821,159.151411982127,281.212802606202,651.933899047111,NA,NA,NA,159.151411982127,281.212802606202,651.933899047111
2023,"Yellow-billed Blue-Magpie","2023",0.0278104148448497,0.0324307152950815,0.0374441625251913,14.2848951022814,20.5683337870636,32.6716507989516,75.3377414349984,135.210234642492,322.194334990575,NA,NA,NA,75.3377414349984,135.210234642492,322.194334990575
2024,"Yellow-billed Blue-Magpie","2024",0.0223011569391534,0.0260741918469682,0.0301964017459948,11.3148736740142,16.5639044002437,25.4068392726919,60.7657080968772,108.027574498634,259.331945686579,NA,NA,NA,60.7657080968772,108.027574498634,259.331945686579
2025,"Yellow-billed Blue-Magpie","2025",0.034057282241754,0.0391697531729477,0.0447411249512358,17.4201824595341,24.9973708274894,38.7135863208468,90.6453255877313,162.971332655592,387.471325292785,NA,NA,NA,90.6453255877313,162.971332655592,387.471325292785
2026,"Yellow-billed Blue-Magpie","2026",NA,NA,NA,NA,NA,NA,NA,NA,NA,111.495034990194,180.314622545392,290.308638999082,111.495034990194,180.314622545392,290.308638999082
2027,"Yellow-billed Blue-Magpie","2027",NA,NA,NA,NA,NA,NA,NA,NA,NA,104.517531714547,180.031166235905,309.401911994435,104.517531714547,180.031166235905,309.401911994435
2028,"Yellow-billed Blue-Magpie","2028",NA,NA,NA,NA,NA,NA,NA,NA,NA,97.8493764657592,179.96620932989,331.320776442689,97.8493764657592,179.96620932989,331.320776442689
2029,"Yellow-billed Blue-Magpie","2029",NA,NA,NA,NA,NA,NA,NA,NA,NA,91.3849654824907,180.242679697264,353.666776655194,91.3849654824907,180.242679697264,353.666776655194
2030,"Yellow-billed Blue-Magpie","2030",NA,NA,NA,NA,NA,NA,NA,NA,NA,85.5919361896425,180.153573598368,379.106293905446,85.5919361896425,180.153573598368,379.106293905446
2031,"Yellow-billed Blue-Magpie","2031",NA,NA,NA,NA,NA,NA,NA,NA,NA,79.7408321122498,179.92146903631,405.556949024829,79.7408321122498,179.92146903631,405.556949024829
2032,"Yellow-billed Blue-Magpie","2032",NA,NA,NA,NA,NA,NA,NA,NA,NA,74.3840119756703,179.841979553983,436.242990615715,74.3840119756703,179.841979553983,436.242990615715
2033,"Yellow-billed Blue-Magpie","2033",NA,NA,NA,NA,NA,NA,NA,NA,NA,69.132617488177,179.881374236206,467.78938352965,69.132617488177,179.881374236206,467.78938352965
1985,"Rufous Treepie","before 2000",NA,NA,NA,NA,NA,NA,NA,NA,NA,NA,NA,NA,NA,NA,NA
2003,"Rufous Treepie","2000-2006",NA,NA,NA,NA,NA,NA,NA,NA,NA,NA,NA,NA,NA,NA,NA
2009,"Rufous Treepie","2007-2010",NA,NA,NA,NA,NA,NA,NA,NA,NA,NA,NA,NA,NA,NA,NA
2012,"Rufous Treepie","2011-2012",NA,NA,NA,NA,NA,NA,NA,NA,NA,NA,NA,NA,NA,NA,NA
2013,"Rufous Treepie","2013",NA,NA,NA,NA,NA,NA,NA,NA,NA,NA,NA,NA,NA,NA,NA
2014,"Rufous Treepie","2014",NA,NA,NA,NA,NA,NA,NA,NA,NA,NA,NA,NA,NA,NA,NA
2015,"Rufous Treepie","2015",0.161509191708226,0.212196207033577,0.281458334546761,NA,NA,NA,100,100,100,NA,NA,NA,100,100,100
2016,"Rufous Treepie","2016",0.167519131683861,0.223620500722974,0.29209982543034,NA,NA,NA,92.0528124629235,104.407839411597,120.083323105947,NA,NA,NA,92.0528124629235,104.407839411597,120.083323105947
2017,"Rufous Treepie","2017",0.161012488404456,0.212162107351535,0.275778087736566,NA,NA,NA,87.5587601218093,99.4881826853565,113.096218544081,NA,NA,NA,87.5587601218093,99.4881826853565,113.096218544081
2018,"Rufous Treepie","2018",0.189396411452725,0.248677419459763,0.319309127238371,NA,NA,NA,104.500365850517,116.523876317952,130.999812760554,NA,NA,NA,104.500365850517,116.523876317952,130.999812760554
2019,"Rufous Treepie","2019",0.194538417573926,0.2555759668771,0.328641520959648,NA,NA,NA,107.456618948221,119.44096044087,134.126598902679,NA,NA,NA,107.456618948221,119.44096044087,134.126598902679
2020,"Rufous Treepie","2020",0.188028735235002,0.243746132826346,0.311918094920466,NA,NA,NA,102.499217693349,113.786216975274,127.252838256767,NA,NA,NA,102.499217693349,113.786216975274,127.252838256767
2021,"Rufous Treepie","2021",0.186102162487883,0.242634453213805,0.313190908566414,NA,NA,NA,102.637166765134,113.70850631756,126.375173823305,NA,NA,NA,102.637166765134,113.70850631756,126.375173823305
2022,"Rufous Treepie","2022",0.176581141727446,0.230808005076351,0.299582890767006,NA,NA,NA,97.5874043631022,107.66388376564,120.115403703781,NA,NA,NA,97.5874043631022,107.66388376564,120.115403703781
2023,"Rufous Treepie","2023",0.1854773506903,0.242356168510903,0.310341838496901,NA,NA,NA,102.16425187311,113.40137376738,125.955741926887,NA,NA,NA,102.16425187311,113.40137376738,125.955741926887
2024,"Rufous Treepie","2024",0.178737478243087,0.232959904258497,0.298537662790942,NA,NA,NA,98.4312928913174,109.002403518554,120.845214723299,NA,NA,NA,98.4312928913174,109.002403518554,120.845214723299
2025,"Rufous Treepie","2025",0.181305923951317,0.237192421060523,0.304518640327534,NA,NA,NA,99.9369173013477,110.848075591178,122.792814176063,NA,NA,NA,99.9369173013477,110.848075591178,122.792814176063
2026,"Rufous Treepie","2026",NA,NA,NA,NA,NA,NA,NA,NA,NA,106.605197563077,114.843484175657,124.029081563709,106.605197563077,114.843484175657,124.029081563709
2027,"Rufous Treepie","2027",NA,NA,NA,NA,NA,NA,NA,NA,NA,106.330185122847,115.737193243545,126.250958284636,106.330185122847,115.737193243545,126.250958284636
2028,"Rufous Treepie","2028",NA,NA,NA,NA,NA,NA,NA,NA,NA,106.046367205763,116.611393868727,128.530073733329,106.046367205763,116.611393868727,128.530073733329
2029,"Rufous Treepie","2029",NA,NA,NA,NA,NA,NA,NA,NA,NA,105.82398628516,117.483236184413,130.916829251484,105.82398628516,117.483236184413,130.916829251484
2030,"Rufous Treepie","2030",NA,NA,NA,NA,NA,NA,NA,NA,NA,105.57739057987,118.442911895912,133.435495188097,105.57739057987,118.442911895912,133.435495188097
2031,"Rufous Treepie","2031",NA,NA,NA,NA,NA,NA,NA,NA,NA,105.265337296062,119.473374293369,135.894300012861,105.265337296062,119.473374293369,135.894300012861
2032,"Rufous Treepie","2032",NA,NA,NA,NA,NA,NA,NA,NA,NA,104.951147193852,120.403428117685,138.456687970447,104.951147193852,120.403428117685,138.456687970447
2033,"Rufous Treepie","2033",NA,NA,NA,NA,NA,NA,NA,NA,NA,104.635634562095,121.234377059011,141.050948859411,104.635634562095,121.234377059011,141.050948859411
1985,"House Crow","before 2000",NA,NA,NA,NA,NA,NA,NA,NA,NA,NA,NA,NA,NA,NA,NA
2003,"House Crow","2000-2006",NA,NA,NA,NA,NA,NA,NA,NA,NA,NA,NA,NA,NA,NA,NA
2009,"House Crow","2007-2010",NA,NA,NA,NA,NA,NA,NA,NA,NA,NA,NA,NA,NA,NA,NA
2012,"House Crow","2011-2012",NA,NA,NA,NA,NA,NA,NA,NA,NA,NA,NA,NA,NA,NA,NA
2013,"House Crow","2013",NA,NA,NA,NA,NA,NA,NA,NA,NA,NA,NA,NA,NA,NA,NA
2014,"House Crow","2014",NA,NA,NA,NA,NA,NA,NA,NA,NA,NA,NA,NA,NA,NA,NA
2015,"House Crow","2015",0.196487253254188,0.256305009639887,0.3221333875148,NA,NA,NA,100,100,100,NA,NA,NA,100,100,100
2016,"House Crow","2016",0.247589660094779,0.313359315303613,0.387416029213873,NA,NA,NA,108.54019726688,122.306098070754,140.952676308546,NA,NA,NA,108.54019726688,122.306098070754,140.952676308546
2017,"House Crow","2017",0.209400000564487,0.26928944899251,0.336142447495778,NA,NA,NA,92.8216272990567,105.413274086101,119.245599610695,NA,NA,NA,92.8216272990567,105.413274086101,119.245599610695
2018,"House Crow","2018",0.214524020804923,0.273330430201998,0.339978153913069,NA,NA,NA,95.0763639561411,107.032602811263,120.239384216538,NA,NA,NA,95.0763639561411,107.032602811263,120.239384216538
2019,"House Crow","2019",0.254572364633501,0.319346705267316,0.393774225409724,NA,NA,NA,112.025521610281,125.255869971033,140.040001943677,NA,NA,NA,112.025521610281,125.255869971033,140.040001943677
2020,"House Crow","2020",0.232346355023297,0.294530690000861,0.363497646701106,NA,NA,NA,103.130833280507,115.610250658709,128.795566565171,NA,NA,NA,103.130833280507,115.610250658709,128.795566565171
2021,"House Crow","2021",0.254418567013909,0.319080246469985,0.390065919703892,NA,NA,NA,112.558942547396,124.796093112239,139.665764800091,NA,NA,NA,112.558942547396,124.796093112239,139.665764800091
2022,"House Crow","2022",0.224582171611592,0.283909906624803,0.347544966837577,NA,NA,NA,99.8743225234957,110.941632910385,123.542540692294,NA,NA,NA,99.8743225234957,110.941632910385,123.542540692294
2023,"House Crow","2023",0.215748164155948,0.273032407629159,0.336919598735694,NA,NA,NA,96.3088984768894,106.935756708059,119.500563979987,NA,NA,NA,96.3088984768894,106.935756708059,119.500563979987
2024,"House Crow","2024",0.205053860238263,0.260052468226264,0.321822611341651,NA,NA,NA,91.7771459755152,102.015542444789,113.595923152167,NA,NA,NA,91.7771459755152,102.015542444789,113.595923152167
2025,"House Crow","2025",0.19758446014675,0.252918216966271,0.315996038969088,NA,NA,NA,89.4700442779926,99.084819313189,110.153402508934,NA,NA,NA,89.4700442779926,99.084819313189,110.153402508934
2026,"House Crow","2026",NA,NA,NA,NA,NA,NA,NA,NA,NA,94.7892716633202,106.373492255178,119.726570996019,94.7892716633202,106.373492255178,119.726570996019
2027,"House Crow","2027",NA,NA,NA,NA,NA,NA,NA,NA,NA,92.7438860594578,105.673093508087,120.855157153349,92.7438860594578,105.673093508087,120.855157153349
2028,"House Crow","2028",NA,NA,NA,NA,NA,NA,NA,NA,NA,90.8196932008753,105.041367664425,121.948245472689,90.8196932008753,105.041367664425,121.948245472689
2029,"House Crow","2029",NA,NA,NA,NA,NA,NA,NA,NA,NA,88.8389629770074,104.501459412596,123.12939246117,88.8389629770074,104.501459412596,123.12939246117
2030,"House Crow","2030",NA,NA,NA,NA,NA,NA,NA,NA,NA,86.8557065991504,103.856029347554,124.377215361073,86.8557065991504,103.856029347554,124.377215361073
2031,"House Crow","2031",NA,NA,NA,NA,NA,NA,NA,NA,NA,84.8678558786084,103.18192174503,125.603371038614,84.8678558786084,103.18192174503,125.603371038614
2032,"House Crow","2032",NA,NA,NA,NA,NA,NA,NA,NA,NA,82.9566187016529,102.466285856222,126.887265695757,82.9566187016529,102.466285856222,126.887265695757
2033,"House Crow","2033",NA,NA,NA,NA,NA,NA,NA,NA,NA,81.0350203777792,101.861399582808,128.212786861825,81.0350203777792,101.861399582808,128.212786861825
1985,"Large-billed Crow","before 2000",NA,NA,NA,NA,NA,NA,NA,NA,NA,NA,NA,NA,NA,NA,NA
2003,"Large-billed Crow","2000-2006",NA,NA,NA,NA,NA,NA,NA,NA,NA,NA,NA,NA,NA,NA,NA
2009,"Large-billed Crow","2007-2010",NA,NA,NA,NA,NA,NA,NA,NA,NA,NA,NA,NA,NA,NA,NA
2012,"Large-billed Crow","2011-2012",NA,NA,NA,NA,NA,NA,NA,NA,NA,NA,NA,NA,NA,NA,NA
2013,"Large-billed Crow","2013",NA,NA,NA,NA,NA,NA,NA,NA,NA,NA,NA,NA,NA,NA,NA
2014,"Large-billed Crow","2014",NA,NA,NA,NA,NA,NA,NA,NA,NA,NA,NA,NA,NA,NA,NA
2015,"Large-billed Crow","2015",0.0788005020794698,0.134334032034942,0.216535796227623,NA,NA,NA,100,100,100,NA,NA,NA,100,100,100
2016,"Large-billed Crow","2016",0.0925567909052673,0.153736568832796,0.24320638421967,NA,NA,NA,96.6809788993961,114.595705208834,136.782251512321,NA,NA,NA,96.6809788993961,114.595705208834,136.782251512321
2017,"Large-billed Crow","2017",0.0581285922765421,0.0998034041263726,0.166738730703833,NA,NA,NA,62.1165809347042,74.1532481772657,87.7508140696916,NA,NA,NA,62.1165809347042,74.1532481772657,87.7508140696916
2018,"Large-billed Crow","2018",0.0755616054397865,0.126077957189911,0.202842365058552,NA,NA,NA,80.2020641633404,93.67129482218,110.995961656587,NA,NA,NA,80.2020641633404,93.67129482218,110.995961656587
2019,"Large-billed Crow","2019",0.0930904674356527,0.15463876006963,0.252066691045619,NA,NA,NA,98.5056294261581,114.654781166063,134.767458940647,NA,NA,NA,98.5056294261581,114.654781166063,134.767458940647
2020,"Large-billed Crow","2020",0.0999665906569172,0.165051600639097,0.264812147622794,NA,NA,NA,106.379394007376,122.193447999477,143.773414803151,NA,NA,NA,106.379394007376,122.193447999477,143.773414803151
2021,"Large-billed Crow","2021",0.0934479130085359,0.152431912183306,0.243639786635357,NA,NA,NA,99.0542170474779,113.269600325697,132.28163401575,NA,NA,NA,99.0542170474779,113.269600325697,132.28163401575
2022,"Large-billed Crow","2022",0.0794889945646676,0.131390390984441,0.212292505904335,NA,NA,NA,84.7371967229486,97.362560076533,112.988619912611,NA,NA,NA,84.7371967229486,97.362560076533,112.988619912611
2023,"Large-billed Crow","2023",0.0789944843698655,0.130199207329201,0.212110003316616,NA,NA,NA,84.1946872229613,96.5916710986366,112.328930178732,NA,NA,NA,84.1946872229613,96.5916710986366,112.328930178732
2024,"Large-billed Crow","2024",0.070109755695754,0.118095763560228,0.191578292431286,NA,NA,NA,76.3558000823378,87.3235251446254,101.151968984033,NA,NA,NA,76.3558000823378,87.3235251446254,101.151968984033
2025,"Large-billed Crow","2025",0.0760929966492703,0.127848889287633,0.208771025898231,NA,NA,NA,82.9151528515515,95.1636006904524,110.928867501647,NA,NA,NA,82.9151528515515,95.1636006904524,110.928867501647
2026,"Large-billed Crow","2026",NA,NA,NA,NA,NA,NA,NA,NA,NA,80.0847312790721,97.6206206182951,118.456988755707,80.0847312790721,97.6206206182951,118.456988755707
2027,"Large-billed Crow","2027",NA,NA,NA,NA,NA,NA,NA,NA,NA,77.7408630902678,97.1607341153712,121.175601844479,77.7408630902678,97.1607341153712,121.175601844479
2028,"Large-billed Crow","2028",NA,NA,NA,NA,NA,NA,NA,NA,NA,75.453132903321,96.7247179571744,123.919871430087,75.453132903321,96.7247179571744,123.919871430087
2029,"Large-billed Crow","2029",NA,NA,NA,NA,NA,NA,NA,NA,NA,73.1226246584167,96.2510337637593,126.825471438723,73.1226246584167,96.2510337637593,126.825471438723
2030,"Large-billed Crow","2030",NA,NA,NA,NA,NA,NA,NA,NA,NA,70.8603032289421,95.8261665755677,129.815357752474,70.8603032289421,95.8261665755677,129.815357752474
2031,"Large-billed Crow","2031",NA,NA,NA,NA,NA,NA,NA,NA,NA,68.6580899814606,95.3437613374735,133.113978520261,68.6580899814606,95.3437613374735,133.113978520261
2032,"Large-billed Crow","2032",NA,NA,NA,NA,NA,NA,NA,NA,NA,66.512391054326,94.931806476736,136.474888594388,66.512391054326,94.931806476736,136.474888594388
2033,"Large-billed Crow","2033",NA,NA,NA,NA,NA,NA,NA,NA,NA,64.3659379271797,94.4645643732393,139.753659983852,64.3659379271797,94.4645643732393,139.753659983852
1985,"Bengal Bushlark","before 2000",NA,NA,NA,NA,NA,NA,NA,NA,NA,NA,NA,NA,NA,NA,NA
2003,"Bengal Bushlark","2000-2006",NA,NA,NA,NA,NA,NA,NA,NA,NA,NA,NA,NA,NA,NA,NA
2009,"Bengal Bushlark","2007-2010",NA,NA,NA,NA,NA,NA,NA,NA,NA,NA,NA,NA,NA,NA,NA
2012,"Bengal Bushlark","2011-2012",NA,NA,NA,NA,NA,NA,NA,NA,NA,NA,NA,NA,NA,NA,NA
2013,"Bengal Bushlark","2013",NA,NA,NA,NA,NA,NA,NA,NA,NA,NA,NA,NA,NA,NA,NA
2014,"Bengal Bushlark","2014",NA,NA,NA,NA,NA,NA,NA,NA,NA,NA,NA,NA,NA,NA,NA
2015,"Bengal Bushlark","2015",0.0107983466884845,0.0191099144700986,0.0326447785545149,NA,NA,NA,100,100,100,NA,NA,NA,100,100,100
2016,"Bengal Bushlark","2016",0.0130848013667323,0.022488901567156,0.037452744751024,NA,NA,NA,91.4131691742367,118.177578406157,154.829530288336,NA,NA,NA,91.4131691742367,118.177578406157,154.829530288336
2017,"Bengal Bushlark","2017",0.0142836711945293,0.0245846645293137,0.0405100791563767,NA,NA,NA,100.470962917672,129.274555080522,166.384934407639,NA,NA,NA,100.470962917672,129.274555080522,166.384934407639
2018,"Bengal Bushlark","2018",0.0134078784294924,0.0223629909385317,0.0365961372662827,NA,NA,NA,94.2930732425572,117.405557670134,149.767663727534,NA,NA,NA,94.2930732425572,117.405557670134,149.767663727534
2019,"Bengal Bushlark","2019",0.01371620822263,0.0233550306789069,0.0378170643666698,NA,NA,NA,97.5550315411831,122.440193536487,155.843626386456,NA,NA,NA,97.5550315411831,122.440193536487,155.843626386456
2020,"Bengal Bushlark","2020",0.0121750173423512,0.0201932288743039,0.0326897381204783,NA,NA,NA,85.8123506369829,105.972276127957,132.90261606606,NA,NA,NA,85.8123506369829,105.972276127957,132.90261606606
2021,"Bengal Bushlark","2021",0.013585247822045,0.023022365275767,0.0373640788356716,NA,NA,NA,97.9413492552498,121.086532626785,152.247530724307,NA,NA,NA,97.9413492552498,121.086532626785,152.247530724307
2022,"Bengal Bushlark","2022",0.0115642568496852,0.0193597353751272,0.0314844845873317,NA,NA,NA,81.8522050016879,101.600175396321,127.052958805737,NA,NA,NA,81.8522050016879,101.600175396321,127.052958805737
2023,"Bengal Bushlark","2023",0.0120980678714569,0.020230394385228,0.0331100407395007,NA,NA,NA,86.0373797632435,106.169706746614,133.821126353542,NA,NA,NA,86.0373797632435,106.169706746614,133.821126353542
2024,"Bengal Bushlark","2024",0.0106071967549919,0.0181469443868691,0.0296027243893105,NA,NA,NA,77.2888698331817,95.2394236622971,120.293222489607,NA,NA,NA,77.2888698331817,95.2394236622971,120.293222489607
2025,"Bengal Bushlark","2025",0.010668666255506,0.0180131243807025,0.0294674964326555,NA,NA,NA,76.2953689114464,94.758198163072,118.1216435161,NA,NA,NA,76.2953689114464,94.758198163072,118.1216435161
2026,"Bengal Bushlark","2026",NA,NA,NA,NA,NA,NA,NA,NA,NA,85.8428308787298,98.1053603919588,112.019663350802,85.8428308787298,98.1053603919588,112.019663350802
2027,"Bengal Bushlark","2027",NA,NA,NA,NA,NA,NA,NA,NA,NA,82.7753330735478,96.2955350770972,111.919974851867,82.7753330735478,96.2955350770972,111.919974851867
2028,"Bengal Bushlark","2028",NA,NA,NA,NA,NA,NA,NA,NA,NA,79.7677130950191,94.512051874247,111.88416616613,79.7677130950191,94.512051874247,111.88416616613
2029,"Bengal Bushlark","2029",NA,NA,NA,NA,NA,NA,NA,NA,NA,76.9765933417581,92.7174975483588,111.855337742238,76.9765933417581,92.7174975483588,111.855337742238
2030,"Bengal Bushlark","2030",NA,NA,NA,NA,NA,NA,NA,NA,NA,74.0936372956668,90.9103470064557,111.913574807756,74.0936372956668,90.9103470064557,111.913574807756
2031,"Bengal Bushlark","2031",NA,NA,NA,NA,NA,NA,NA,NA,NA,71.3011193469815,89.2424079357568,111.835692759286,71.3011193469815,89.2424079357568,111.835692759286
2032,"Bengal Bushlark","2032",NA,NA,NA,NA,NA,NA,NA,NA,NA,68.5861442911596,87.6000814456405,111.828592639542,68.5861442911596,87.6000814456405,111.828592639542
2033,"Bengal Bushlark","2033",NA,NA,NA,NA,NA,NA,NA,NA,NA,66.0121315798843,85.988450852503,111.89196838599,66.0121315798843,85.988450852503,111.89196838599
1985,"Sand Lark","before 2000",NA,NA,NA,NA,NA,NA,NA,NA,NA,NA,NA,NA,NA,NA,NA
2003,"Sand Lark","2000-2006",NA,NA,NA,NA,NA,NA,NA,NA,NA,NA,NA,NA,NA,NA,NA
2009,"Sand Lark","2007-2010",NA,NA,NA,NA,NA,NA,NA,NA,NA,NA,NA,NA,NA,NA,NA
2012,"Sand Lark","2011-2012",NA,NA,NA,NA,NA,NA,NA,NA,NA,NA,NA,NA,NA,NA,NA
2013,"Sand Lark","2013",NA,NA,NA,NA,NA,NA,NA,NA,NA,NA,NA,NA,NA,NA,NA
2014,"Sand Lark","2014",NA,NA,NA,NA,NA,NA,NA,NA,NA,NA,NA,NA,NA,NA,NA
2015,"Sand Lark","2015",0.00642896274718872,0.0152741609026237,0.0298580534957913,NA,NA,NA,100,100,100,NA,NA,NA,100,100,100
2016,"Sand Lark","2016",0.00432233264926575,0.0098844969941636,0.0208183826164911,NA,NA,NA,35.1072395675799,64.5565082871954,118.180889772093,NA,NA,NA,35.1072395675799,64.5565082871954,118.180889772093
2017,"Sand Lark","2017",0.0047783011957772,0.0109789084089606,0.020985303456887,NA,NA,NA,41.8505124420484,71.9491620746386,130.922827543034,NA,NA,NA,41.8505124420484,71.9491620746386,130.922827543034
2018,"Sand Lark","2018",0.00364271926685457,0.00801867580851802,0.0159968168268654,NA,NA,NA,32.3822124518791,52.4606474647734,87.2071482112204,NA,NA,NA,32.3822124518791,52.4606474647734,87.2071482112204
2019,"Sand Lark","2019",0.00476867219206168,0.0103163915305553,0.0198268735614716,NA,NA,NA,40.720713034369,67.5330816843077,112.812988128153,NA,NA,NA,40.720713034369,67.5330816843077,112.812988128153
2020,"Sand Lark","2020",0.00406043513017258,0.00887992259248594,0.0171354266867958,NA,NA,NA,36.2186726903079,57.5783166086994,93.8490993124532,NA,NA,NA,36.2186726903079,57.5783166086994,93.8490993124532
2021,"Sand Lark","2021",0.00267384697035676,0.00581125972128907,0.011538023520611,NA,NA,NA,24.5744870254927,38.0154789054895,63.4750159547113,NA,NA,NA,24.5744870254927,38.0154789054895,63.4750159547113
2022,"Sand Lark","2022",0.00357322906213899,0.00793277102661517,0.0152640397913221,NA,NA,NA,33.1997767292492,51.54665857855,86.6956995627055,NA,NA,NA,33.1997767292492,51.54665857855,86.6956995627055
2023,"Sand Lark","2023",0.00371471028613763,0.00790622451695828,0.0149401591783033,NA,NA,NA,33.8294486840998,51.7752945118531,85.4170640045468,NA,NA,NA,33.8294486840998,51.7752945118531,85.4170640045468
2024,"Sand Lark","2024",0.00387983886238188,0.00802557528150771,0.0155669574434019,NA,NA,NA,34.4364763538681,52.8131048300655,85.8364014484359,NA,NA,NA,34.4364763538681,52.8131048300655,85.8364014484359
2025,"Sand Lark","2025",0.00309179091044845,0.00620299872782899,0.0119552770658042,NA,NA,NA,26.2194821066673,40.7717156830656,67.6775644543038,NA,NA,NA,26.2194821066673,40.7717156830656,67.6775644543038
2026,"Sand Lark","2026",NA,NA,NA,NA,NA,NA,NA,NA,NA,30.1369919906043,39.1841752729208,51.055453041924,30.1369919906043,39.1841752729208,51.055453041924
2027,"Sand Lark","2027",NA,NA,NA,NA,NA,NA,NA,NA,NA,27.3128029167232,36.8938739727535,49.7699921732727,27.3128029167232,36.8938739727535,49.7699921732727
2028,"Sand Lark","2028",NA,NA,NA,NA,NA,NA,NA,NA,NA,24.7537732956671,34.7495942675963,48.4696483720207,24.7537732956671,34.7495942675963,48.4696483720207
2029,"Sand Lark","2029",NA,NA,NA,NA,NA,NA,NA,NA,NA,22.4286802787167,32.6251696169331,47.183821378204,22.4286802787167,32.6251696169331,47.183821378204
2030,"Sand Lark","2030",NA,NA,NA,NA,NA,NA,NA,NA,NA,20.2836755308184,30.6408868979975,46.2032897217574,20.2836755308184,30.6408868979975,46.2032897217574
2031,"Sand Lark","2031",NA,NA,NA,NA,NA,NA,NA,NA,NA,18.3750603510136,28.7675566713568,45.171900611251,18.3750603510136,28.7675566713568,45.171900611251
2032,"Sand Lark","2032",NA,NA,NA,NA,NA,NA,NA,NA,NA,16.6375934567205,27.0227243690443,44.1548379918748,16.6375934567205,27.0227243690443,44.1548379918748
2033,"Sand Lark","2033",NA,NA,NA,NA,NA,NA,NA,NA,NA,15.0531115645901,25.3697518037247,43.3084156611281,15.0531115645901,25.3697518037247,43.3084156611281
1985,"Common Tailorbird","before 2000",NA,NA,NA,NA,NA,NA,NA,NA,NA,NA,NA,NA,NA,NA,NA
2003,"Common Tailorbird","2000-2006",NA,NA,NA,NA,NA,NA,NA,NA,NA,NA,NA,NA,NA,NA,NA
2009,"Common Tailorbird","2007-2010",NA,NA,NA,NA,NA,NA,NA,NA,NA,NA,NA,NA,NA,NA,NA
2012,"Common Tailorbird","2011-2012",NA,NA,NA,NA,NA,NA,NA,NA,NA,NA,NA,NA,NA,NA,NA
2013,"Common Tailorbird","2013",NA,NA,NA,NA,NA,NA,NA,NA,NA,NA,NA,NA,NA,NA,NA
2014,"Common Tailorbird","2014",NA,NA,NA,NA,NA,NA,NA,NA,NA,NA,NA,NA,NA,NA,NA
2015,"Common Tailorbird","2015",0.182307203941734,0.228772733900059,0.278889007423663,NA,NA,NA,100,100,100,NA,NA,NA,100,100,100
2016,"Common Tailorbird","2016",0.19405453149619,0.238467416027302,0.28778018735214,NA,NA,NA,90.1211400315239,104.259844872848,118.695506061324,NA,NA,NA,90.1211400315239,104.259844872848,118.695506061324
2017,"Common Tailorbird","2017",0.191429285700576,0.233461770248039,0.282189457562227,NA,NA,NA,89.6914141068776,102.280459269101,115.688544042266,NA,NA,NA,89.6914141068776,102.280459269101,115.688544042266
2018,"Common Tailorbird","2018",0.191560323378366,0.233656777781099,0.279292652535122,NA,NA,NA,90.3959888828874,101.888216084869,114.817577821292,NA,NA,NA,90.3959888828874,101.888216084869,114.817577821292
2019,"Common Tailorbird","2019",0.228486772682883,0.273961058923631,0.325025323973443,NA,NA,NA,107.007225291743,119.589587479318,134.034292190727,NA,NA,NA,107.007225291743,119.589587479318,134.034292190727
2020,"Common Tailorbird","2020",0.259619938074518,0.306780755463308,0.362671413108565,NA,NA,NA,119.414017647145,134.21994672265,150.623796739555,NA,NA,NA,119.414017647145,134.21994672265,150.623796739555
2021,"Common Tailorbird","2021",0.236487497032564,0.282960987129586,0.332715967230145,NA,NA,NA,110.42042099485,123.689040897522,137.991455849096,NA,NA,NA,110.42042099485,123.689040897522,137.991455849096
2022,"Common Tailorbird","2022",0.222440474818184,0.267330094782151,0.316053623872859,NA,NA,NA,103.935268813281,116.727991567056,129.879418806366,NA,NA,NA,103.935268813281,116.727991567056,129.879418806366
2023,"Common Tailorbird","2023",0.2533672529394,0.299845779100189,0.354588450783581,NA,NA,NA,116.64401600736,130.86492365125,145.763893836119,NA,NA,NA,116.64401600736,130.86492365125,145.763893836119
2024,"Common Tailorbird","2024",0.258826269127343,0.308539843193431,0.36153187470324,NA,NA,NA,120.347788962888,134.638284229033,150.045954828296,NA,NA,NA,120.347788962888,134.638284229033,150.045954828296
2025,"Common Tailorbird","2025",0.289507651382141,0.344331474804307,0.402127946023538,NA,NA,NA,134.742304469779,150.275336114281,167.827212001249,NA,NA,NA,134.742304469779,150.275336114281,167.827212001249
2026,"Common Tailorbird","2026",NA,NA,NA,NA,NA,NA,NA,NA,NA,136.459363033781,148.737779759066,162.274849276342,136.459363033781,148.737779759066,162.274849276342
2027,"Common Tailorbird","2027",NA,NA,NA,NA,NA,NA,NA,NA,NA,139.998696684722,154.353973384072,170.307756684753,139.998696684722,154.353973384072,170.307756684753
2028,"Common Tailorbird","2028",NA,NA,NA,NA,NA,NA,NA,NA,NA,143.629986167137,160.118109620426,178.815563937076,143.629986167137,160.118109620426,178.815563937076
2029,"Common Tailorbird","2029",NA,NA,NA,NA,NA,NA,NA,NA,NA,147.253571418085,166.130659607051,188.008410868879,147.253571418085,166.130659607051,188.008410868879
2030,"Common Tailorbird","2030",NA,NA,NA,NA,NA,NA,NA,NA,NA,151.05676382725,172.628658780412,197.516444953933,151.05676382725,172.628658780412,197.516444953933
2031,"Common Tailorbird","2031",NA,NA,NA,NA,NA,NA,NA,NA,NA,154.838373907608,179.265822350387,207.713109332835,154.838373907608,179.265822350387,207.713109332835
2032,"Common Tailorbird","2032",NA,NA,NA,NA,NA,NA,NA,NA,NA,158.801364985546,185.945204659763,218.226706144804,158.801364985546,185.945204659763,218.226706144804
2033,"Common Tailorbird","2033",NA,NA,NA,NA,NA,NA,NA,NA,NA,162.954277003741,193.120240539933,229.170912805216,162.954277003741,193.120240539933,229.170912805216
1985,"Black-throated Prinia","before 2000",0.0102967299135423,0.0270178547572614,0.0512571423447721,100,100,100,NA,NA,NA,NA,NA,NA,NA,NA,NA
2003,"Black-throated Prinia","2000-2006",0.00442493640592931,0.0218556144518716,0.0454461558474016,15.7115867392443,78.9235369969687,259.669878637651,NA,NA,NA,NA,NA,NA,NA,NA,NA
2009,"Black-throated Prinia","2007-2010",0.00655501470619945,0.0306027436042887,0.0617779220760488,27.7199913795799,114.742147927525,353.496816298193,NA,NA,NA,NA,NA,NA,NA,NA,NA
2012,"Black-throated Prinia","2011-2012",5.51571561142174e-09,0.00700316807966334,0.0239595565468421,2.06719743860894e-05,23.565418328412,126.052072774437,NA,NA,NA,NA,NA,NA,NA,NA,NA
2013,"Black-throated Prinia","2013",0.00591320665339769,0.0251064761228144,0.0570698336290674,16.7364606527223,88.5754718298524,296.365330830002,NA,NA,NA,NA,NA,NA,NA,NA,NA
2014,"Black-throated Prinia","2014",4.58527887672704e-09,0.0113652962426537,0.0265770805326528,2.13508121070563e-05,40.6230755049256,154.620640127986,NA,NA,NA,NA,NA,NA,NA,NA,NA
2015,"Black-throated Prinia","2015",0.00252999810948201,0.0124406898654066,0.0245765860877428,9.56599921098435,46.2912848073123,148.479667657726,100,100,100,NA,NA,NA,100,100,100
2016,"Black-throated Prinia","2016",0.00803256580039326,0.0151226483181896,0.0266207605517047,24.1942365655187,55.7410082989919,180.614485265734,44.6293138728613,123.999020035082,602.26640222746,NA,NA,NA,44.6293138728613,123.999020035082,602.26640222746
2017,"Black-throated Prinia","2017",0.00369169007541578,0.00921570752028989,0.0164196348377242,11.8299075258031,34.4570388227646,103.118364010079,26.9868236394864,73.6479111920857,346.494253997244,NA,NA,NA,26.9868236394864,73.6479111920857,346.494253997244
2018,"Black-throated Prinia","2018",0.00530973025009208,0.0105376715123884,0.0168487770104077,15.368096658726,38.8362005222929,106.293322210844,32.204812134016,83.2942891584143,382.645647205335,NA,NA,NA,32.204812134016,83.2942891584143,382.645647205335
2019,"Black-throated Prinia","2019",0.00172144879276786,0.005431060162494,0.0104655682461722,5.66028396874221,19.3831870728565,64.1738105156991,10.628614331823,44.4832090364148,223.506236148176,NA,NA,NA,10.628614331823,44.4832090364148,223.506236148176
2020,"Black-throated Prinia","2020",0.00499989409966149,0.00907917700081535,0.0136959293869022,15.4573193503228,33.6211443964288,95.2243319813065,30.2540635042937,73.2395101803523,352.452356690876,NA,NA,NA,30.2540635042937,73.2395101803523,352.452356690876
2021,"Black-throated Prinia","2021",0.00901095930561106,0.0130704394128875,0.0175421309253632,24.1297071708814,48.5253331381596,132.772753205955,48.2952894335574,105.134830589243,515.544242801817,NA,NA,NA,48.2952894335574,105.134830589243,515.544242801817
2022,"Black-throated Prinia","2022",0.0113609996005147,0.0150300560080452,0.0194230986776187,28.5616647313507,55.9538935892254,153.601727736388,57.8837953717412,120.767345654203,571.710766003151,NA,NA,NA,57.8837953717412,120.767345654203,571.710766003151
2023,"Black-throated Prinia","2023",0.00912003092514862,0.0117812471949239,0.0148076831965812,21.6720417500757,43.5348231635731,116.80347679844,44.8512012578228,95.1413178405462,460.448728099798,NA,NA,NA,44.8512012578228,95.1413178405462,460.448728099798
2024,"Black-throated Prinia","2024",0.00823401546956795,0.0106046421260991,0.0133167311499048,20.9723326706304,39.1691542469254,105.096601162122,40.5283309638906,85.7529942236063,400.822904129525,NA,NA,NA,40.5283309638906,85.7529942236063,400.822904129525
2025,"Black-throated Prinia","2025",0.00620496561523461,0.00838494518336285,0.0108294677472588,15.5131251640159,31.2640686681533,83.3846327908613,30.9712346548977,66.4428436987912,315.855732696822,NA,NA,NA,30.9712346548977,66.4428436987912,315.855732696822
2026,"Black-throated Prinia","2026",NA,NA,NA,NA,NA,NA,NA,NA,NA,49.099543048458,79.9776286077522,131.935187417424,49.099543048458,79.9776286077522,131.935187417424
2027,"Black-throated Prinia","2027",NA,NA,NA,NA,NA,NA,NA,NA,NA,45.4957471238975,79.6781436005068,140.194219897749,45.4957471238975,79.6781436005068,140.194219897749
2028,"Black-throated Prinia","2028",NA,NA,NA,NA,NA,NA,NA,NA,NA,42.4275044107829,78.9980441267035,148.603716240577,42.4275044107829,78.9980441267035,148.603716240577
2029,"Black-throated Prinia","2029",NA,NA,NA,NA,NA,NA,NA,NA,NA,39.0777962907505,78.4534304638273,158.125693238766,39.0777962907505,78.4534304638273,158.125693238766
2030,"Black-throated Prinia","2030",NA,NA,NA,NA,NA,NA,NA,NA,NA,35.8405189819969,78.0169969194573,170.025868661156,35.8405189819969,78.0169969194573,170.025868661156
2031,"Black-throated Prinia","2031",NA,NA,NA,NA,NA,NA,NA,NA,NA,33.2410017798063,77.8375447632959,182.578008612196,33.2410017798063,77.8375447632959,182.578008612196
2032,"Black-throated Prinia","2032",NA,NA,NA,NA,NA,NA,NA,NA,NA,30.4972726448297,77.5357076104993,194.290335033429,30.4972726448297,77.5357076104993,194.290335033429
2033,"Black-throated Prinia","2033",NA,NA,NA,NA,NA,NA,NA,NA,NA,28.2509645589085,77.1818190804223,208.734286301776,28.2509645589085,77.1818190804223,208.734286301776
1985,"Rufescent Prinia","before 2000",NA,NA,NA,NA,NA,NA,NA,NA,NA,NA,NA,NA,NA,NA,NA
2003,"Rufescent Prinia","2000-2006",NA,NA,NA,NA,NA,NA,NA,NA,NA,NA,NA,NA,NA,NA,NA
2009,"Rufescent Prinia","2007-2010",NA,NA,NA,NA,NA,NA,NA,NA,NA,NA,NA,NA,NA,NA,NA
2012,"Rufescent Prinia","2011-2012",NA,NA,NA,NA,NA,NA,NA,NA,NA,NA,NA,NA,NA,NA,NA
2013,"Rufescent Prinia","2013",NA,NA,NA,NA,NA,NA,NA,NA,NA,NA,NA,NA,NA,NA,NA
2014,"Rufescent Prinia","2014",NA,NA,NA,NA,NA,NA,NA,NA,NA,NA,NA,NA,NA,NA,NA
2015,"Rufescent Prinia","2015",4.52029825527066e-12,0.000148040688578012,0.00203466315901256,NA,NA,NA,100,100,100,NA,NA,NA,100,100,100
2016,"Rufescent Prinia","2016",4.2286515818248e-12,0.000439658894487525,0.00250493852627774,NA,NA,NA,2.94216547040776e-06,112.607756035221,4655245115.30183,NA,NA,NA,2.94216547040776e-06,112.607756035221,4655245115.30183
2017,"Rufescent Prinia","2017",3.75861574707487e-12,0.000415428503450246,0.00238251467096387,NA,NA,NA,2.13198100121791e-06,102.753335356426,5425581365.58458,NA,NA,NA,2.13198100121791e-06,102.753335356426,5425581365.58458
2018,"Rufescent Prinia","2018",3.99093936374082e-12,0.000422566063999052,0.00186093874155063,NA,NA,NA,2.76449749203209e-06,121.375982561713,4100794040.27463,NA,NA,NA,2.76449749203209e-06,121.375982561713,4100794040.27463
2019,"Rufescent Prinia","2019",4.25694446115849e-12,9.94503099407975e-05,0.000956756964330718,NA,NA,NA,1.68771991200882e-06,73.5553317777898,1945380166.07849,NA,NA,NA,1.68771991200882e-06,73.5553317777898,1945380166.07849
2020,"Rufescent Prinia","2020",0.000265875377902023,0.00177583280369642,0.0060325692817259,NA,NA,NA,66.3915975167111,907.411500239335,18184675804.5303,NA,NA,NA,66.3915975167111,907.411500239335,18184675804.5303
2021,"Rufescent Prinia","2021",8.8507012036216e-05,0.00108842717041985,0.00343950146271869,NA,NA,NA,45.3222054281388,505.924528229927,9191873960.12083,NA,NA,NA,45.3222054281388,505.924528229927,9191873960.12083
2022,"Rufescent Prinia","2022",0.000138771113931156,0.00089637656064253,0.00269760212373386,NA,NA,NA,35.4110924046225,455.138207392453,8733209417.14996,NA,NA,NA,35.4110924046225,455.138207392453,8733209417.14996
2023,"Rufescent Prinia","2023",0.000220198779450621,0.00120475681550716,0.00340906673018282,NA,NA,NA,53.7645274611743,688.581842872637,12793438502.0071,NA,NA,NA,53.7645274611743,688.581842872637,12793438502.0071
2024,"Rufescent Prinia","2024",0.000331547136322366,0.00149405061088503,0.00429463150610999,NA,NA,NA,61.9962259375441,822.252114003405,14267618895.6544,NA,NA,NA,61.9962259375441,822.252114003405,14267618895.6544
2025,"Rufescent Prinia","2025",0.000463633980615731,0.00207066271687365,0.00601481937713738,NA,NA,NA,98.6383411516664,1193.60075976411,19145008759.4768,NA,NA,NA,98.6383411516664,1193.60075976411,19145008759.4768
2026,"Rufescent Prinia","2026",NA,NA,NA,NA,NA,NA,NA,NA,NA,645.620644647416,4659.68065793353,27075856.1983987,645.620644647416,4659.68065793353,27075856.1983987
2027,"Rufescent Prinia","2027",NA,NA,NA,NA,NA,NA,NA,NA,NA,719.938111233675,15491.1619126135,357652760.95562,719.938111233675,15491.1619126135,357652760.95562
2028,"Rufescent Prinia","2028",NA,NA,NA,NA,NA,NA,NA,NA,NA,811.600463156958,56825.7062542081,4580759229.50814,811.600463156958,56825.7062542081,4580759229.50814
2029,"Rufescent Prinia","2029",NA,NA,NA,NA,NA,NA,NA,NA,NA,907.079910957072,205479.516159762,61313754472.1761,907.079910957072,205479.516159762,61313754472.1761
2030,"Rufescent Prinia","2030",NA,NA,NA,NA,NA,NA,NA,NA,NA,946.51952300926,776414.647981536,901387563828.398,946.51952300926,776414.647981536,901387563828.398
2031,"Rufescent Prinia","2031",NA,NA,NA,NA,NA,NA,NA,NA,NA,1031.87049196208,2769052.2076688,12956617773844.4,1031.87049196208,2769052.2076688,12956617773844.4
2032,"Rufescent Prinia","2032",NA,NA,NA,NA,NA,NA,NA,NA,NA,1151.96860237041,9968928.43136219,193790242038947,1151.96860237041,9968928.43136219,193790242038947
2033,"Rufescent Prinia","2033",NA,NA,NA,NA,NA,NA,NA,NA,NA,1296.42725020369,34497419.4570596,2639732839027654,1296.42725020369,34497419.4570596,2639732839027654
1985,"Plain Prinia","before 2000",NA,NA,NA,NA,NA,NA,NA,NA,NA,NA,NA,NA,NA,NA,NA
2003,"Plain Prinia","2000-2006",NA,NA,NA,NA,NA,NA,NA,NA,NA,NA,NA,NA,NA,NA,NA
2009,"Plain Prinia","2007-2010",NA,NA,NA,NA,NA,NA,NA,NA,NA,NA,NA,NA,NA,NA,NA
2012,"Plain Prinia","2011-2012",NA,NA,NA,NA,NA,NA,NA,NA,NA,NA,NA,NA,NA,NA,NA
2013,"Plain Prinia","2013",NA,NA,NA,NA,NA,NA,NA,NA,NA,NA,NA,NA,NA,NA,NA
2014,"Plain Prinia","2014",NA,NA,NA,NA,NA,NA,NA,NA,NA,NA,NA,NA,NA,NA,NA
2015,"Plain Prinia","2015",0.0350366036996271,0.0602383268814809,0.105629586079148,NA,NA,NA,100,100,100,NA,NA,NA,100,100,100
2016,"Plain Prinia","2016",0.036937371939161,0.0627780167103616,0.106857246707557,NA,NA,NA,85.8493427614589,104.63724728763,127.99027810823,NA,NA,NA,85.8493427614589,104.63724728763,127.99027810823
2017,"Plain Prinia","2017",0.0310480486670961,0.0521592507093879,0.0895070754334635,NA,NA,NA,72.3156162539808,87.2296557450541,106.242372505621,NA,NA,NA,72.3156162539808,87.2296557450541,106.242372505621
2018,"Plain Prinia","2018",0.0372563939450892,0.0617977181873094,0.104876811432007,NA,NA,NA,87.3977384336275,104.120020071598,123.906418884909,NA,NA,NA,87.3977384336275,104.120020071598,123.906418884909
2019,"Plain Prinia","2019",0.0349426241279898,0.0585179929503652,0.0994834500027314,NA,NA,NA,82.134328973425,98.2537833905525,116.504870979289,NA,NA,NA,82.134328973425,98.2537833905525,116.504870979289
2020,"Plain Prinia","2020",0.0352713086463017,0.059865060504848,0.101955966526872,NA,NA,NA,85.7298437642407,100.300907979293,119.500924634037,NA,NA,NA,85.7298437642407,100.300907979293,119.500924634037
2021,"Plain Prinia","2021",0.0382915574069241,0.0630675834482671,0.108013206740982,NA,NA,NA,90.1341035387102,106.145374427491,126.379291652587,NA,NA,NA,90.1341035387102,106.145374427491,126.379291652587
2022,"Plain Prinia","2022",0.0347858636529716,0.0577116561444514,0.0972891010924652,NA,NA,NA,82.3092481364266,97.3971347366501,114.882260326876,NA,NA,NA,82.3092481364266,97.3971347366501,114.882260326876
2023,"Plain Prinia","2023",0.0375422702885543,0.0631056644778843,0.10657397019176,NA,NA,NA,89.0954234393465,105.533718844604,123.829532418239,NA,NA,NA,89.0954234393465,105.533718844604,123.829532418239
2024,"Plain Prinia","2024",0.0321933395169269,0.0538237035476259,0.0927554606339504,NA,NA,NA,77.1354567496321,90.8329447568344,106.732234301213,NA,NA,NA,77.1354567496321,90.8329447568344,106.732234301213
2025,"Plain Prinia","2025",0.0309328800370384,0.0520174599230316,0.0888704809573672,NA,NA,NA,74.1713040701365,87.79839363496,104.020446900091,NA,NA,NA,74.1713040701365,87.79839363496,104.020446900091
2026,"Plain Prinia","2026",NA,NA,NA,NA,NA,NA,NA,NA,NA,85.4534489209181,94.3490228206017,104.421226947946,85.4534489209181,94.3490228206017,104.421226947946
2027,"Plain Prinia","2027",NA,NA,NA,NA,NA,NA,NA,NA,NA,83.6617923884242,93.7388008883888,105.131886744757,83.6617923884242,93.7388008883888,105.131886744757
2028,"Plain Prinia","2028",NA,NA,NA,NA,NA,NA,NA,NA,NA,81.9510149045886,93.1356545967478,105.908282523712,81.9510149045886,93.1356545967478,105.908282523712
2029,"Plain Prinia","2029",NA,NA,NA,NA,NA,NA,NA,NA,NA,80.1710562525114,92.5836421770583,106.714591520228,80.1710562525114,92.5836421770583,106.714591520228
2030,"Plain Prinia","2030",NA,NA,NA,NA,NA,NA,NA,NA,NA,78.469800350069,91.9658212306127,107.530431109044,78.469800350069,91.9658212306127,107.530431109044
2031,"Plain Prinia","2031",NA,NA,NA,NA,NA,NA,NA,NA,NA,76.8642647832203,91.4617729283591,108.381304555104,76.8642647832203,91.4617729283591,108.381304555104
2032,"Plain Prinia","2032",NA,NA,NA,NA,NA,NA,NA,NA,NA,75.343774064123,90.9529816085408,109.165428192546,75.343774064123,90.9529816085408,109.165428192546
2033,"Plain Prinia","2033",NA,NA,NA,NA,NA,NA,NA,NA,NA,73.7628674648241,90.4340970608636,110.063609489278,73.7628674648241,90.4340970608636,110.063609489278
1985,"Zitting Cisticola","before 2000",NA,NA,NA,NA,NA,NA,NA,NA,NA,NA,NA,NA,NA,NA,NA
2003,"Zitting Cisticola","2000-2006",NA,NA,NA,NA,NA,NA,NA,NA,NA,NA,NA,NA,NA,NA,NA
2009,"Zitting Cisticola","2007-2010",NA,NA,NA,NA,NA,NA,NA,NA,NA,NA,NA,NA,NA,NA,NA
2012,"Zitting Cisticola","2011-2012",NA,NA,NA,NA,NA,NA,NA,NA,NA,NA,NA,NA,NA,NA,NA
2013,"Zitting Cisticola","2013",NA,NA,NA,NA,NA,NA,NA,NA,NA,NA,NA,NA,NA,NA,NA
2014,"Zitting Cisticola","2014",NA,NA,NA,NA,NA,NA,NA,NA,NA,NA,NA,NA,NA,NA,NA
2015,"Zitting Cisticola","2015",0.0113137508928213,0.0208328763827105,0.0361903569113294,NA,NA,NA,100,100,100,NA,NA,NA,100,100,100
2016,"Zitting Cisticola","2016",0.0117341882481892,0.020423602425278,0.0367703536973311,NA,NA,NA,73.0500078942607,98.4923363714418,134.558166043707,NA,NA,NA,73.0500078942607,98.4923363714418,134.558166043707
2017,"Zitting Cisticola","2017",0.0109062854040584,0.0198321801778727,0.0359478748454169,NA,NA,NA,70.5883688988061,96.0171819694966,129.050861011715,NA,NA,NA,70.5883688988061,96.0171819694966,129.050861011715
2018,"Zitting Cisticola","2018",0.0113060680521846,0.0199094665294645,0.0349001654928818,NA,NA,NA,75.0750339106845,96.144257493233,129.537089339853,NA,NA,NA,75.0750339106845,96.144257493233,129.537089339853
2019,"Zitting Cisticola","2019",0.0112751970432196,0.0197970756030954,0.0344287110150379,NA,NA,NA,74.3024034259785,96.4745138985775,124.95474690079,NA,NA,NA,74.3024034259785,96.4745138985775,124.95474690079
2020,"Zitting Cisticola","2020",0.0108549638739207,0.0186492763158596,0.0323112163407576,NA,NA,NA,71.5093933578927,90.4413676373454,117.775172396762,NA,NA,NA,71.5093933578927,90.4413676373454,117.775172396762
2021,"Zitting Cisticola","2021",0.011459875949419,0.0196097085861761,0.0342120027590459,NA,NA,NA,75.5767619269639,94.5124328884018,123.796637080091,NA,NA,NA,75.5767619269639,94.5124328884018,123.796637080091
2022,"Zitting Cisticola","2022",0.0108419287237784,0.018671265680383,0.0324804517573451,NA,NA,NA,70.7045525652852,89.991655879867,117.094032280177,NA,NA,NA,70.7045525652852,89.991655879867,117.094032280177
2023,"Zitting Cisticola","2023",0.0125773915757721,0.0211528387938816,0.0372385749341548,NA,NA,NA,81.1328953282372,102.791250362232,134.006451388867,NA,NA,NA,81.1328953282372,102.791250362232,134.006451388867
2024,"Zitting Cisticola","2024",0.0127742074691733,0.0218023129502404,0.0380263342670684,NA,NA,NA,83.5118964814198,106.20104357658,137.384622939083,NA,NA,NA,83.5118964814198,106.20104357658,137.384622939083
2025,"Zitting Cisticola","2025",0.0109235310553327,0.0187731604523049,0.0325566576131641,NA,NA,NA,71.5154363110245,91.2615456993771,117.912495985089,NA,NA,NA,71.5154363110245,91.2615456993771,117.912495985089
2026,"Zitting Cisticola","2026",NA,NA,NA,NA,NA,NA,NA,NA,NA,87.357978268148,95.9870767403087,105.197637477393,87.357978268148,95.9870767403087,105.197637477393
2027,"Zitting Cisticola","2027",NA,NA,NA,NA,NA,NA,NA,NA,NA,86.1688744206406,95.9611737228447,106.47357895488,86.1688744206406,95.9611737228447,106.47357895488
2028,"Zitting Cisticola","2028",NA,NA,NA,NA,NA,NA,NA,NA,NA,84.8817438625883,95.7549700698207,107.982617852166,84.8817438625883,95.7549700698207,107.982617852166
2029,"Zitting Cisticola","2029",NA,NA,NA,NA,NA,NA,NA,NA,NA,83.6299365550655,95.6886267467358,109.226784646711,83.6299365550655,95.6886267467358,109.226784646711
2030,"Zitting Cisticola","2030",NA,NA,NA,NA,NA,NA,NA,NA,NA,82.4898588645529,95.7334566863323,110.660698783421,82.4898588645529,95.7334566863323,110.660698783421
2031,"Zitting Cisticola","2031",NA,NA,NA,NA,NA,NA,NA,NA,NA,81.4567145208711,95.592062046875,112.032758028072,81.4567145208711,95.592062046875,112.032758028072
2032,"Zitting Cisticola","2032",NA,NA,NA,NA,NA,NA,NA,NA,NA,80.0722457544985,95.4687822268883,113.580171256541,80.0722457544985,95.4687822268883,113.580171256541
2033,"Zitting Cisticola","2033",NA,NA,NA,NA,NA,NA,NA,NA,NA,78.7603484097262,95.3331369731497,114.863088991445,78.7603484097262,95.3331369731497,114.863088991445
1985,"Golden-headed Cisticola","before 2000",NA,NA,NA,NA,NA,NA,NA,NA,NA,NA,NA,NA,NA,NA,NA
2003,"Golden-headed Cisticola","2000-2006",NA,NA,NA,NA,NA,NA,NA,NA,NA,NA,NA,NA,NA,NA,NA
2009,"Golden-headed Cisticola","2007-2010",NA,NA,NA,NA,NA,NA,NA,NA,NA,NA,NA,NA,NA,NA,NA
2012,"Golden-headed Cisticola","2011-2012",NA,NA,NA,NA,NA,NA,NA,NA,NA,NA,NA,NA,NA,NA,NA
2013,"Golden-headed Cisticola","2013",NA,NA,NA,NA,NA,NA,NA,NA,NA,NA,NA,NA,NA,NA,NA
2014,"Golden-headed Cisticola","2014",NA,NA,NA,NA,NA,NA,NA,NA,NA,NA,NA,NA,NA,NA,NA
2015,"Golden-headed Cisticola","2015",2.61745701418065e-09,0.016384016015161,0.0663690629706833,NA,NA,NA,100,100,100,NA,NA,NA,100,100,100
2016,"Golden-headed Cisticola","2016",6.42921573877814e-09,0.029477678844582,0.104843864723282,NA,NA,NA,4.40731160933268e-05,175.328152701714,755431801.443025,NA,NA,NA,4.40731160933268e-05,175.328152701714,755431801.443025
2017,"Golden-headed Cisticola","2017",0.0260375107460188,0.106192038675566,0.220767260510719,NA,NA,NA,141.74063287401,601.6541990542,4133684261.64744,NA,NA,NA,141.74063287401,601.6541990542,4133684261.64744
2018,"Golden-headed Cisticola","2018",0.0182088091975853,0.0637982148573077,0.139735120764516,NA,NA,NA,92.9036407976047,375.574103660733,2225794112.41146,NA,NA,NA,92.9036407976047,375.574103660733,2225794112.41146
2019,"Golden-headed Cisticola","2019",0.0074639833598017,0.0323337466940928,0.0827363609914941,NA,NA,NA,38.9714139219545,189.641334983868,1321016260.7055,NA,NA,NA,38.9714139219545,189.641334983868,1321016260.7055
2020,"Golden-headed Cisticola","2020",0.0337685375317481,0.103479768928234,0.182931102857197,NA,NA,NA,184.638178975895,569.981188352009,3543293427.4294,NA,NA,NA,184.638178975895,569.981188352009,3543293427.4294
2021,"Golden-headed Cisticola","2021",0.010549553691408,0.0385066629785753,0.0921353754125663,NA,NA,NA,60.5737345292135,227.095343473173,1234445617.61083,NA,NA,NA,60.5737345292135,227.095343473173,1234445617.61083
2022,"Golden-headed Cisticola","2022",0.00302929392511083,0.0153454702180619,0.0431713453015551,NA,NA,NA,17.7398426803862,93.2878240588821,481581317.429448,NA,NA,NA,17.7398426803862,93.2878240588821,481581317.429448
2023,"Golden-headed Cisticola","2023",0.0153738859104347,0.0516880026619172,0.108021352943346,NA,NA,NA,100.505026807585,294.409637954382,1755352081.01775,NA,NA,NA,100.505026807585,294.409637954382,1755352081.01775
2024,"Golden-headed Cisticola","2024",0.00849326630183039,0.0305489924845799,0.0709511636490743,NA,NA,NA,50.1852386164694,177.995909288179,1158230315.1409,NA,NA,NA,50.1852386164694,177.995909288179,1158230315.1409
2025,"Golden-headed Cisticola","2025",0.011186428392504,0.0381270582402701,0.0773339661148821,NA,NA,NA,65.9855741046189,214.785766399571,1262581161.78455,NA,NA,NA,65.9855741046189,214.785766399571,1262581161.78455
2026,"Golden-headed Cisticola","2026",NA,NA,NA,NA,NA,NA,NA,NA,NA,76.2226680430419,245.778794329785,628.577711333136,76.2226680430419,245.778794329785,628.577711333136
2027,"Golden-headed Cisticola","2027",NA,NA,NA,NA,NA,NA,NA,NA,NA,66.1105598860396,245.484580866241,706.991518896602,66.1105598860396,245.484580866241,706.991518896602
2028,"Golden-headed Cisticola","2028",NA,NA,NA,NA,NA,NA,NA,NA,NA,58.1133676162747,245.399408866645,802.336045620275,58.1133676162747,245.399408866645,802.336045620275
2029,"Golden-headed Cisticola","2029",NA,NA,NA,NA,NA,NA,NA,NA,NA,49.7345844378809,244.894042670866,918.97646231867,49.7345844378809,244.894042670866,918.97646231867
2030,"Golden-headed Cisticola","2030",NA,NA,NA,NA,NA,NA,NA,NA,NA,43.3747927245274,245.177256175118,1039.88666942114,43.3747927245274,245.177256175118,1039.88666942114
2031,"Golden-headed Cisticola","2031",NA,NA,NA,NA,NA,NA,NA,NA,NA,37.4025043930209,244.147623581024,1188.84984810247,37.4025043930209,244.147623581024,1188.84984810247
2032,"Golden-headed Cisticola","2032",NA,NA,NA,NA,NA,NA,NA,NA,NA,32.5480833314877,244.811390942069,1351.09641016284,32.5480833314877,244.811390942069,1351.09641016284
2033,"Golden-headed Cisticola","2033",NA,NA,NA,NA,NA,NA,NA,NA,NA,27.9472181393262,243.200618242581,1557.95834420816,27.9472181393262,243.200618242581,1557.95834420816
1985,"Blyth's Reed Warbler","before 2000",NA,NA,NA,NA,NA,NA,NA,NA,NA,NA,NA,NA,NA,NA,NA
2003,"Blyth's Reed Warbler","2000-2006",NA,NA,NA,NA,NA,NA,NA,NA,NA,NA,NA,NA,NA,NA,NA
2009,"Blyth's Reed Warbler","2007-2010",NA,NA,NA,NA,NA,NA,NA,NA,NA,NA,NA,NA,NA,NA,NA
2012,"Blyth's Reed Warbler","2011-2012",NA,NA,NA,NA,NA,NA,NA,NA,NA,NA,NA,NA,NA,NA,NA
2013,"Blyth's Reed Warbler","2013",NA,NA,NA,NA,NA,NA,NA,NA,NA,NA,NA,NA,NA,NA,NA
2014,"Blyth's Reed Warbler","2014",NA,NA,NA,NA,NA,NA,NA,NA,NA,NA,NA,NA,NA,NA,NA
2015,"Blyth's Reed Warbler","2015",0.0232228479474381,0.0378779713630526,0.0592078032205791,NA,NA,NA,100,100,100,NA,NA,NA,100,100,100
2016,"Blyth's Reed Warbler","2016",0.0254578732037254,0.0400362633424886,0.0622237746455503,NA,NA,NA,80.298061306803,106.671113276244,139.144706048447,NA,NA,NA,80.298061306803,106.671113276244,139.144706048447
2017,"Blyth's Reed Warbler","2017",0.0239750803160779,0.037941778396539,0.0587374319653544,NA,NA,NA,76.8259793916607,99.8338697203312,133.552509941796,NA,NA,NA,76.8259793916607,99.8338697203312,133.552509941796
2018,"Blyth's Reed Warbler","2018",0.0215500162608255,0.0330283165156975,0.0510075794987283,NA,NA,NA,66.5128599563311,87.5862241173037,112.707734660999,NA,NA,NA,66.5128599563311,87.5862241173037,112.707734660999
2019,"Blyth's Reed Warbler","2019",0.0242933671818979,0.0368266902749316,0.0557427724453458,NA,NA,NA,75.0751123015571,97.7362267806912,126.320948814271,NA,NA,NA,75.0751123015571,97.7362267806912,126.320948814271
2020,"Blyth's Reed Warbler","2020",0.0258598441085054,0.0390800103524999,0.0589816767808948,NA,NA,NA,80.7033575784644,102.965747287451,132.074719220416,NA,NA,NA,80.7033575784644,102.965747287451,132.074719220416
2021,"Blyth's Reed Warbler","2021",0.0239864593536527,0.0362509526706682,0.0543149263360501,NA,NA,NA,73.7643613461156,95.8402343774794,123.219743263955,NA,NA,NA,73.7643613461156,95.8402343774794,123.219743263955
2022,"Blyth's Reed Warbler","2022",0.0247174848680193,0.0372110409015636,0.0562042345435649,NA,NA,NA,76.7723935869951,98.4095510042388,124.772353817952,NA,NA,NA,76.7723935869951,98.4095510042388,124.772353817952
2023,"Blyth's Reed Warbler","2023",0.0262237765430696,0.0397288902367683,0.0597944230545533,NA,NA,NA,81.216018146483,104.695091101318,135.945797942413,NA,NA,NA,81.216018146483,104.695091101318,135.945797942413
2024,"Blyth's Reed Warbler","2024",0.0226357608246992,0.0340885199133183,0.051546871628504,NA,NA,NA,70.9062848937152,89.7377590991768,115.546395169558,NA,NA,NA,70.9062848937152,89.7377590991768,115.546395169558
2025,"Blyth's Reed Warbler","2025",0.0160627020122732,0.0244190535286126,0.0372274299014125,NA,NA,NA,49.9550440788901,64.8209715105839,83.8895517963154,NA,NA,NA,49.9550440788901,64.8209715105839,83.8895517963154
2026,"Blyth's Reed Warbler","2026",NA,NA,NA,NA,NA,NA,NA,NA,NA,69.7853151796459,82.6291455319633,97.3304159156127,69.7853151796459,82.6291455319633,97.3304159156127
2027,"Blyth's Reed Warbler","2027",NA,NA,NA,NA,NA,NA,NA,NA,NA,66.6487124228561,80.818728847381,97.2952307991536,66.6487124228561,80.818728847381,97.2952307991536
2028,"Blyth's Reed Warbler","2028",NA,NA,NA,NA,NA,NA,NA,NA,NA,63.6703833686099,78.9603220191432,97.3998376014599,63.6703833686099,78.9603220191432,97.3998376014599
2029,"Blyth's Reed Warbler","2029",NA,NA,NA,NA,NA,NA,NA,NA,NA,60.7989179415482,77.1856933887069,97.5090246153597,60.7989179415482,77.1856933887069,97.5090246153597
2030,"Blyth's Reed Warbler","2030",NA,NA,NA,NA,NA,NA,NA,NA,NA,58.1103009193191,75.4490878293586,97.6457918630948,58.1103009193191,75.4490878293586,97.6457918630948
2031,"Blyth's Reed Warbler","2031",NA,NA,NA,NA,NA,NA,NA,NA,NA,55.5083422106482,73.8029312332135,97.7451168348808,55.5083422106482,73.8029312332135,97.7451168348808
2032,"Blyth's Reed Warbler","2032",NA,NA,NA,NA,NA,NA,NA,NA,NA,52.9868427315747,72.1907335594943,97.9157814090788,52.9868427315747,72.1907335594943,97.9157814090788
2033,"Blyth's Reed Warbler","2033",NA,NA,NA,NA,NA,NA,NA,NA,NA,50.5737316450919,70.5583202397832,98.0955020623132,50.5737316450919,70.5583202397832,98.0955020623132
1985,"Clamorous Reed Warbler","before 2000",NA,NA,NA,NA,NA,NA,NA,NA,NA,NA,NA,NA,NA,NA,NA
2003,"Clamorous Reed Warbler","2000-2006",NA,NA,NA,NA,NA,NA,NA,NA,NA,NA,NA,NA,NA,NA,NA
2009,"Clamorous Reed Warbler","2007-2010",NA,NA,NA,NA,NA,NA,NA,NA,NA,NA,NA,NA,NA,NA,NA
2012,"Clamorous Reed Warbler","2011-2012",NA,NA,NA,NA,NA,NA,NA,NA,NA,NA,NA,NA,NA,NA,NA
2013,"Clamorous Reed Warbler","2013",NA,NA,NA,NA,NA,NA,NA,NA,NA,NA,NA,NA,NA,NA,NA
2014,"Clamorous Reed Warbler","2014",NA,NA,NA,NA,NA,NA,NA,NA,NA,NA,NA,NA,NA,NA,NA
2015,"Clamorous Reed Warbler","2015",0.00383387532711415,0.00759895970411955,0.0124238165418571,NA,NA,NA,100,100,100,NA,NA,NA,100,100,100
2016,"Clamorous Reed Warbler","2016",0.00801380793473503,0.0126691541977612,0.0187673516046454,NA,NA,NA,100.164999239132,168.660512677988,302.615592342851,NA,NA,NA,100.164999239132,168.660512677988,302.615592342851
2017,"Clamorous Reed Warbler","2017",0.00759433199129586,0.0116045638114113,0.0172778533896264,NA,NA,NA,93.7219978824617,154.123063741347,274.912453372937,NA,NA,NA,93.7219978824617,154.123063741347,274.912453372937
2018,"Clamorous Reed Warbler","2018",0.00867287111887798,0.0129629394207097,0.0181569324500499,NA,NA,NA,107.534442491978,173.273831073161,297.448288307651,NA,NA,NA,107.534442491978,173.273831073161,297.448288307651
2019,"Clamorous Reed Warbler","2019",0.00628795237720232,0.00907031847499268,0.0129677402311593,NA,NA,NA,75.1011055517927,119.719843515427,211.095073719418,NA,NA,NA,75.1011055517927,119.719843515427,211.095073719418
2020,"Clamorous Reed Warbler","2020",0.00785632428346233,0.0111856578611328,0.0155424470673334,NA,NA,NA,95.9820667236082,148.850036763321,270.318638843184,NA,NA,NA,95.9820667236082,148.850036763321,270.318638843184
2021,"Clamorous Reed Warbler","2021",0.00801024372638513,0.0114637446356852,0.0157662262464968,NA,NA,NA,97.2049773211775,150.698179795171,267.931827573164,NA,NA,NA,97.2049773211775,150.698179795171,267.931827573164
2022,"Clamorous Reed Warbler","2022",0.006307877504456,0.00887970080486766,0.0124067202314901,NA,NA,NA,74.9922190911945,118.679538806881,204.034312470827,NA,NA,NA,74.9922190911945,118.679538806881,204.034312470827
2023,"Clamorous Reed Warbler","2023",0.0078282680439903,0.0107910986650375,0.0148012215189801,NA,NA,NA,94.3111008269739,143.8950490011,245.529749770081,NA,NA,NA,94.3111008269739,143.8950490011,245.529749770081
2024,"Clamorous Reed Warbler","2024",0.00825171799863549,0.0114301973504058,0.0155371569917021,NA,NA,NA,97.307079906429,152.727772905557,260.955515656832,NA,NA,NA,97.307079906429,152.727772905557,260.955515656832
2025,"Clamorous Reed Warbler","2025",0.00583258395695276,0.00833352915069115,0.0116168688233865,NA,NA,NA,71.5022137301678,110.884522040225,194.618389939243,NA,NA,NA,71.5022137301678,110.884522040225,194.618389939243
2026,"Clamorous Reed Warbler","2026",NA,NA,NA,NA,NA,NA,NA,NA,NA,102.788360622917,133.009658378591,173.148857809348,102.788360622917,133.009658378591,173.148857809348
2027,"Clamorous Reed Warbler","2027",NA,NA,NA,NA,NA,NA,NA,NA,NA,98.5234488195823,132.189240037505,178.215889602874,98.5234488195823,132.189240037505,178.215889602874
2028,"Clamorous Reed Warbler","2028",NA,NA,NA,NA,NA,NA,NA,NA,NA,94.7210432601767,131.345967586631,183.646292641245,94.7210432601767,131.345967586631,183.646292641245
2029,"Clamorous Reed Warbler","2029",NA,NA,NA,NA,NA,NA,NA,NA,NA,90.7042351716493,130.952318534666,189.637986535096,90.7042351716493,130.952318534666,189.637986535096
2030,"Clamorous Reed Warbler","2030",NA,NA,NA,NA,NA,NA,NA,NA,NA,87.3178534582919,130.07403394465,195.997527250357,87.3178534582919,130.07403394465,195.997527250357
2031,"Clamorous Reed Warbler","2031",NA,NA,NA,NA,NA,NA,NA,NA,NA,83.5375221036069,129.178612000282,202.476289815424,83.5375221036069,129.178612000282,202.476289815424
2032,"Clamorous Reed Warbler","2032",NA,NA,NA,NA,NA,NA,NA,NA,NA,79.9111771757812,128.522857760152,209.123056996556,79.9111771757812,128.522857760152,209.123056996556
2033,"Clamorous Reed Warbler","2033",NA,NA,NA,NA,NA,NA,NA,NA,NA,76.4322173230191,128.026496016421,215.641172353938,76.4322173230191,128.026496016421,215.641172353938
1985,"Gray-throated Martin","before 2000",NA,NA,NA,NA,NA,NA,NA,NA,NA,NA,NA,NA,NA,NA,NA
2003,"Gray-throated Martin","2000-2006",NA,NA,NA,NA,NA,NA,NA,NA,NA,NA,NA,NA,NA,NA,NA
2009,"Gray-throated Martin","2007-2010",NA,NA,NA,NA,NA,NA,NA,NA,NA,NA,NA,NA,NA,NA,NA
2012,"Gray-throated Martin","2011-2012",NA,NA,NA,NA,NA,NA,NA,NA,NA,NA,NA,NA,NA,NA,NA
2013,"Gray-throated Martin","2013",NA,NA,NA,NA,NA,NA,NA,NA,NA,NA,NA,NA,NA,NA,NA
2014,"Gray-throated Martin","2014",NA,NA,NA,NA,NA,NA,NA,NA,NA,NA,NA,NA,NA,NA,NA
2015,"Gray-throated Martin","2015",0.0109373087483293,0.0224229652382676,0.0421762624042007,NA,NA,NA,100,100,100,NA,NA,NA,100,100,100
2016,"Gray-throated Martin","2016",0.0081500315162793,0.0164861329611745,0.0299062357274805,NA,NA,NA,42.9379706707896,72.4628050905957,122.387732895326,NA,NA,NA,42.9379706707896,72.4628050905957,122.387732895326
2017,"Gray-throated Martin","2017",0.010940262443774,0.0213436794525417,0.038206969672961,NA,NA,NA,59.1036030296566,94.3555245758623,158.713919344728,NA,NA,NA,59.1036030296566,94.3555245758623,158.713919344728
2018,"Gray-throated Martin","2018",0.00929472189085674,0.017612773465479,0.0313504694227836,NA,NA,NA,52.7857808006682,78.631006961499,122.314651610698,NA,NA,NA,52.7857808006682,78.631006961499,122.314651610698
2019,"Gray-throated Martin","2019",0.00760595509017731,0.0142672629394372,0.0259185111867956,NA,NA,NA,43.285294138022,64.2351051450596,98.0483248058555,NA,NA,NA,43.285294138022,64.2351051450596,98.0483248058555
2020,"Gray-throated Martin","2020",0.00735605947053444,0.0130164359897219,0.0234412149236446,NA,NA,NA,39.1896022194756,58.5911561981662,88.5490887465056,NA,NA,NA,39.1896022194756,58.5911561981662,88.5490887465056
2021,"Gray-throated Martin","2021",0.00896949787473761,0.0155852160050707,0.0276358233411334,NA,NA,NA,46.8566172141073,69.8621864083008,106.569396808558,NA,NA,NA,46.8566172141073,69.8621864083008,106.569396808558
2022,"Gray-throated Martin","2022",0.0102872539750772,0.0187099493237303,0.0320888847034571,NA,NA,NA,55.8966332470887,82.7761822893092,124.562724287433,NA,NA,NA,55.8966332470887,82.7761822893092,124.562724287433
2023,"Gray-throated Martin","2023",0.00954113917467737,0.0167504791703037,0.0297260554015683,NA,NA,NA,51.3167594783244,74.7315399668935,116.065368585758,NA,NA,NA,51.3167594783244,74.7315399668935,116.065368585758
2024,"Gray-throated Martin","2024",0.0122368900258899,0.0215239899091254,0.0371650535229119,NA,NA,NA,64.8352219545754,96.0940722952282,149.259810060206,NA,NA,NA,64.8352219545754,96.0940722952282,149.259810060206
2025,"Gray-throated Martin","2025",0.00999634191614356,0.0178542938650694,0.031687610702602,NA,NA,NA,55.1256144877444,79.8503139562907,122.776804050777,NA,NA,NA,55.1256144877444,79.8503139562907,122.776804050777
2026,"Gray-throated Martin","2026",NA,NA,NA,NA,NA,NA,NA,NA,NA,58.8421769993334,75.4881752851805,97.1039580673214,58.8421769993334,75.4881752851805,97.1039580673214
2027,"Gray-throated Martin","2027",NA,NA,NA,NA,NA,NA,NA,NA,NA,56.7363940053625,75.0774396021108,99.9192059691529,56.7363940053625,75.0774396021108,99.9192059691529
2028,"Gray-throated Martin","2028",NA,NA,NA,NA,NA,NA,NA,NA,NA,54.6112139614676,74.8805599587215,103.221294327025,54.6112139614676,74.8805599587215,103.221294327025
2029,"Gray-throated Martin","2029",NA,NA,NA,NA,NA,NA,NA,NA,NA,52.6088662895387,74.5239711385613,106.290000849943,52.6088662895387,74.5239711385613,106.290000849943
2030,"Gray-throated Martin","2030",NA,NA,NA,NA,NA,NA,NA,NA,NA,50.5107290826996,74.269654625533,109.28900486398,50.5107290826996,74.269654625533,109.28900486398
2031,"Gray-throated Martin","2031",NA,NA,NA,NA,NA,NA,NA,NA,NA,48.5124855992981,74.0201009770979,112.758835198112,48.5124855992981,74.0201009770979,112.758835198112
2032,"Gray-throated Martin","2032",NA,NA,NA,NA,NA,NA,NA,NA,NA,46.5012898762866,73.5759266718385,116.45672218605,46.5012898762866,73.5759266718385,116.45672218605
2033,"Gray-throated Martin","2033",NA,NA,NA,NA,NA,NA,NA,NA,NA,44.7080913691727,73.2798187958621,120.434184520235,44.7080913691727,73.2798187958621,120.434184520235
1985,"Barn Swallow","before 2000",NA,NA,NA,NA,NA,NA,NA,NA,NA,NA,NA,NA,NA,NA,NA
2003,"Barn Swallow","2000-2006",NA,NA,NA,NA,NA,NA,NA,NA,NA,NA,NA,NA,NA,NA,NA
2009,"Barn Swallow","2007-2010",NA,NA,NA,NA,NA,NA,NA,NA,NA,NA,NA,NA,NA,NA,NA
2012,"Barn Swallow","2011-2012",NA,NA,NA,NA,NA,NA,NA,NA,NA,NA,NA,NA,NA,NA,NA
2013,"Barn Swallow","2013",NA,NA,NA,NA,NA,NA,NA,NA,NA,NA,NA,NA,NA,NA,NA
2014,"Barn Swallow","2014",NA,NA,NA,NA,NA,NA,NA,NA,NA,NA,NA,NA,NA,NA,NA
2015,"Barn Swallow","2015",0.0690225896516431,0.0977677309539602,0.134369284617113,NA,NA,NA,100,100,100,NA,NA,NA,100,100,100
2016,"Barn Swallow","2016",0.0579554977142224,0.0824884710142973,0.111998082978439,NA,NA,NA,69.883258760947,83.9525046270614,100.350590651969,NA,NA,NA,69.883258760947,83.9525046270614,100.350590651969
2017,"Barn Swallow","2017",0.05534358770152,0.0791030794332518,0.106396502064421,NA,NA,NA,67.2160881566356,80.90233134207,95.0135384872684,NA,NA,NA,67.2160881566356,80.90233134207,95.0135384872684
2018,"Barn Swallow","2018",0.0579496846473139,0.0817351895264812,0.112274972124378,NA,NA,NA,70.9918338303052,83.5846220463282,97.6458288885793,NA,NA,NA,70.9918338303052,83.5846220463282,97.6458288885793
2019,"Barn Swallow","2019",0.0462166910814819,0.0647613492520102,0.0865194082013607,NA,NA,NA,56.2611190369527,65.6801791464841,76.4418498336945,NA,NA,NA,56.2611190369527,65.6801791464841,76.4418498336945
2020,"Barn Swallow","2020",0.0582239894276264,0.0824061053691361,0.110699961840917,NA,NA,NA,73.1491107884553,84.4997292703382,96.4985395024974,NA,NA,NA,73.1491107884553,84.4997292703382,96.4985395024974
2021,"Barn Swallow","2021",0.0573267171149332,0.080785862409065,0.109408818611492,NA,NA,NA,70.3720575806595,82.4610263379054,94.2962500094451,NA,NA,NA,70.3720575806595,82.4610263379054,94.2962500094451
2022,"Barn Swallow","2022",0.0435183033525827,0.061798932729008,0.0835199383347625,NA,NA,NA,54.1478935456154,63.1290255405136,72.6451393991156,NA,NA,NA,54.1478935456154,63.1290255405136,72.6451393991156
2023,"Barn Swallow","2023",0.0459731460481393,0.0646749793643152,0.0872956359551239,NA,NA,NA,57.0174123470719,66.2655209676034,75.6524282116169,NA,NA,NA,57.0174123470719,66.2655209676034,75.6524282116169
2024,"Barn Swallow","2024",0.0493912635061178,0.0700513746807257,0.0950361514187173,NA,NA,NA,61.6365714142949,71.4866674132743,82.7460003944373,NA,NA,NA,61.6365714142949,71.4866674132743,82.7460003944373
2025,"Barn Swallow","2025",0.0423303560772557,0.0595748725668185,0.0809652740755254,NA,NA,NA,52.44922634816,60.8966786455946,69.7728683678591,NA,NA,NA,52.44922634816,60.8966786455946,69.7728683678591
2026,"Barn Swallow","2026",NA,NA,NA,NA,NA,NA,NA,NA,NA,53.1437644298187,60.8307270705489,69.7772731496987,53.1437644298187,60.8307270705489,69.7772731496987
2027,"Barn Swallow","2027",NA,NA,NA,NA,NA,NA,NA,NA,NA,50.3028211856701,58.6544187370927,68.4559563617333,50.3028211856701,58.6544187370927,68.4559563617333
2028,"Barn Swallow","2028",NA,NA,NA,NA,NA,NA,NA,NA,NA,47.5710319181453,56.5024053227529,67.1920881309831,47.5710319181453,56.5024053227529,67.1920881309831
2029,"Barn Swallow","2029",NA,NA,NA,NA,NA,NA,NA,NA,NA,45.0582588141866,54.4263948866337,65.9965272648793,45.0582588141866,54.4263948866337,65.9965272648793
2030,"Barn Swallow","2030",NA,NA,NA,NA,NA,NA,NA,NA,NA,42.4997158560047,52.4415661412958,64.8028552906259,42.4997158560047,52.4415661412958,64.8028552906259
2031,"Barn Swallow","2031",NA,NA,NA,NA,NA,NA,NA,NA,NA,40.2357868840249,50.6120893827192,63.7284277918584,40.2357868840249,50.6120893827192,63.7284277918584
2032,"Barn Swallow","2032",NA,NA,NA,NA,NA,NA,NA,NA,NA,38.0232710144163,48.8293348078347,62.6250854740767,38.0232710144163,48.8293348078347,62.6250854740767
2033,"Barn Swallow","2033",NA,NA,NA,NA,NA,NA,NA,NA,NA,35.9635047434191,47.0880230236034,61.5168786072133,35.9635047434191,47.0880230236034,61.5168786072133
1985,"Red-vented Bulbul","before 2000",NA,NA,NA,NA,NA,NA,NA,NA,NA,NA,NA,NA,NA,NA,NA
2003,"Red-vented Bulbul","2000-2006",NA,NA,NA,NA,NA,NA,NA,NA,NA,NA,NA,NA,NA,NA,NA
2009,"Red-vented Bulbul","2007-2010",NA,NA,NA,NA,NA,NA,NA,NA,NA,NA,NA,NA,NA,NA,NA
2012,"Red-vented Bulbul","2011-2012",NA,NA,NA,NA,NA,NA,NA,NA,NA,NA,NA,NA,NA,NA,NA
2013,"Red-vented Bulbul","2013",NA,NA,NA,NA,NA,NA,NA,NA,NA,NA,NA,NA,NA,NA,NA
2014,"Red-vented Bulbul","2014",NA,NA,NA,NA,NA,NA,NA,NA,NA,NA,NA,NA,NA,NA,NA
2015,"Red-vented Bulbul","2015",0.337632444178696,0.389203785226008,0.441750155667553,NA,NA,NA,100,100,100,NA,NA,NA,100,100,100
2016,"Red-vented Bulbul","2016",0.386875524419763,0.438063059553557,0.487996738537335,NA,NA,NA,102.455108330079,112.485405797959,122.111518333074,NA,NA,NA,102.455108330079,112.485405797959,122.111518333074
2017,"Red-vented Bulbul","2017",0.34092481519849,0.386806946050227,0.436264058705789,NA,NA,NA,91.1820923535082,99.3410586474286,109.994626564633,NA,NA,NA,91.1820923535082,99.3410586474286,109.994626564633
2018,"Red-vented Bulbul","2018",0.373463449076976,0.420227460141918,0.467158420359002,NA,NA,NA,99.3618614911414,107.926371464699,117.383744225289,NA,NA,NA,99.3618614911414,107.926371464699,117.383744225289
2019,"Red-vented Bulbul","2019",0.453923843253913,0.504286931037442,0.554125929617349,NA,NA,NA,118.96291321877,129.761766550178,140.99018593269,NA,NA,NA,118.96291321877,129.761766550178,140.99018593269
2020,"Red-vented Bulbul","2020",0.443669500931939,0.492545364669568,0.545113633418624,NA,NA,NA,117.314827495492,126.772180366036,137.384175460597,NA,NA,NA,117.314827495492,126.772180366036,137.384175460597
2021,"Red-vented Bulbul","2021",0.455878033679465,0.506999788810046,0.557465230064421,NA,NA,NA,120.440107011006,130.286368801594,140.49958549979,NA,NA,NA,120.440107011006,130.286368801594,140.49958549979
2022,"Red-vented Bulbul","2022",0.416158984211801,0.463068507779675,0.514270353969492,NA,NA,NA,110.403969270233,119.134593647255,128.942770677469,NA,NA,NA,110.403969270233,119.134593647255,128.942770677469
2023,"Red-vented Bulbul","2023",0.409269147569772,0.456726812473731,0.508070792935611,NA,NA,NA,108.804270075289,117.357292650431,126.945978304626,NA,NA,NA,108.804270075289,117.357292650431,126.945978304626
2024,"Red-vented Bulbul","2024",0.389419454631698,0.436704388185885,0.485204386697751,NA,NA,NA,103.989430884944,112.297049818958,121.426742696097,NA,NA,NA,103.989430884944,112.297049818958,121.426742696097
2025,"Red-vented Bulbul","2025",0.417808827206833,0.46560128436125,0.515140863838976,NA,NA,NA,110.936050629893,119.718351703187,129.233839053675,NA,NA,NA,110.936050629893,119.718351703187,129.233839053675
2026,"Red-vented Bulbul","2026",NA,NA,NA,NA,NA,NA,NA,NA,NA,112.712032317788,126.002790852534,140.343501311888,112.712032317788,126.002790852534,140.343501311888
2027,"Red-vented Bulbul","2027",NA,NA,NA,NA,NA,NA,NA,NA,NA,112.635491422516,127.85205573119,144.522719973142,112.635491422516,127.85205573119,144.522719973142
2028,"Red-vented Bulbul","2028",NA,NA,NA,NA,NA,NA,NA,NA,NA,112.568396111166,129.691385220541,148.745354605088,112.568396111166,129.691385220541,148.745354605088
2029,"Red-vented Bulbul","2029",NA,NA,NA,NA,NA,NA,NA,NA,NA,112.425104474147,131.554952189519,153.111121242724,112.425104474147,131.554952189519,153.111121242724
2030,"Red-vented Bulbul","2030",NA,NA,NA,NA,NA,NA,NA,NA,NA,112.286222624312,133.379604335752,157.69336640132,112.286222624312,133.379604335752,157.69336640132
2031,"Red-vented Bulbul","2031",NA,NA,NA,NA,NA,NA,NA,NA,NA,112.195153562953,135.249184823593,162.436444723773,112.195153562953,135.249184823593,162.436444723773
2032,"Red-vented Bulbul","2032",NA,NA,NA,NA,NA,NA,NA,NA,NA,112.10349892402,137.202344438736,167.464349773768,112.10349892402,137.202344438736,167.464349773768
2033,"Red-vented Bulbul","2033",NA,NA,NA,NA,NA,NA,NA,NA,NA,111.982576028488,139.168277272991,172.615795614282,111.982576028488,139.168277272991,172.615795614282
1985,"Red-whiskered Bulbul","before 2000",NA,NA,NA,NA,NA,NA,NA,NA,NA,NA,NA,NA,NA,NA,NA
2003,"Red-whiskered Bulbul","2000-2006",NA,NA,NA,NA,NA,NA,NA,NA,NA,NA,NA,NA,NA,NA,NA
2009,"Red-whiskered Bulbul","2007-2010",NA,NA,NA,NA,NA,NA,NA,NA,NA,NA,NA,NA,NA,NA,NA
2012,"Red-whiskered Bulbul","2011-2012",NA,NA,NA,NA,NA,NA,NA,NA,NA,NA,NA,NA,NA,NA,NA
2013,"Red-whiskered Bulbul","2013",NA,NA,NA,NA,NA,NA,NA,NA,NA,NA,NA,NA,NA,NA,NA
2014,"Red-whiskered Bulbul","2014",NA,NA,NA,NA,NA,NA,NA,NA,NA,NA,NA,NA,NA,NA,NA
2015,"Red-whiskered Bulbul","2015",0.109308427719085,0.143407616516553,0.193563104668673,NA,NA,NA,100,100,100,NA,NA,NA,100,100,100
2016,"Red-whiskered Bulbul","2016",0.120432346077496,0.156096763550484,0.20902903530274,NA,NA,NA,92.7925805148643,108.56423640129,127.580331583958,NA,NA,NA,92.7925805148643,108.56423640129,127.580331583958
2017,"Red-whiskered Bulbul","2017",0.107950192469698,0.140831845899795,0.188364198743614,NA,NA,NA,83.1107166486618,97.4655813138022,115.085860110003,NA,NA,NA,83.1107166486618,97.4655813138022,115.085860110003
2018,"Red-whiskered Bulbul","2018",0.107763776162884,0.140791208517941,0.187656090789381,NA,NA,NA,85.2660253342527,98.1014791484996,113.220765143086,NA,NA,NA,85.2660253342527,98.1014791484996,113.220765143086
2019,"Red-whiskered Bulbul","2019",0.127436278806819,0.163525796150646,0.213431998390313,NA,NA,NA,99.4420290528473,113.524432372179,130.887156905109,NA,NA,NA,99.4420290528473,113.524432372179,130.887156905109
2020,"Red-whiskered Bulbul","2020",0.105270539917767,0.136415379708574,0.180009702500384,NA,NA,NA,83.4600102405346,94.9834635641334,109.178520120091,NA,NA,NA,83.4600102405346,94.9834635641334,109.178520120091
2021,"Red-whiskered Bulbul","2021",0.0956288759595208,0.122730126336581,0.161929556357994,NA,NA,NA,74.7609243243885,85.2954574610821,97.8259394511092,NA,NA,NA,74.7609243243885,85.2954574610821,97.8259394511092
2022,"Red-whiskered Bulbul","2022",0.103736351904818,0.133222968946633,0.175818565882723,NA,NA,NA,81.3136527869213,92.4069504857248,106.441082990439,NA,NA,NA,81.3136527869213,92.4069504857248,106.441082990439
2023,"Red-whiskered Bulbul","2023",0.113701013529307,0.144960105212892,0.189616708158771,NA,NA,NA,88.6780755284324,100.667636919328,115.458294242127,NA,NA,NA,88.6780755284324,100.667636919328,115.458294242127
2024,"Red-whiskered Bulbul","2024",0.114426586907569,0.146594129728345,0.19337494314324,NA,NA,NA,89.9682769463211,102.264856479696,117.062911362901,NA,NA,NA,89.9682769463211,102.264856479696,117.062911362901
2025,"Red-whiskered Bulbul","2025",0.142876472131116,0.182071063637137,0.23880904011809,NA,NA,NA,111.676420384115,126.750357867105,146.337904886871,NA,NA,NA,111.676420384115,126.750357867105,146.337904886871
2026,"Red-whiskered Bulbul","2026",NA,NA,NA,NA,NA,NA,NA,NA,NA,91.0283358351018,104.826185452155,121.091154394913,91.0283358351018,104.826185452155,121.091154394913
2027,"Red-whiskered Bulbul","2027",NA,NA,NA,NA,NA,NA,NA,NA,NA,89.9453604631336,105.487716031831,124.00802363315,89.9453604631336,105.487716031831,124.00802363315
2028,"Red-whiskered Bulbul","2028",NA,NA,NA,NA,NA,NA,NA,NA,NA,88.661536850833,106.121438644055,127.217920588594,88.661536850833,106.121438644055,127.217920588594
2029,"Red-whiskered Bulbul","2029",NA,NA,NA,NA,NA,NA,NA,NA,NA,87.4001315328155,106.828363096474,130.576347238055,87.4001315328155,106.828363096474,130.576347238055
2030,"Red-whiskered Bulbul","2030",NA,NA,NA,NA,NA,NA,NA,NA,NA,86.1471686369092,107.534152555188,133.975495705566,86.1471686369092,107.534152555188,133.975495705566
2031,"Red-whiskered Bulbul","2031",NA,NA,NA,NA,NA,NA,NA,NA,NA,84.8866928346819,108.19526561732,137.488793984671,84.8866928346819,108.19526561732,137.488793984671
2032,"Red-whiskered Bulbul","2032",NA,NA,NA,NA,NA,NA,NA,NA,NA,83.6930256159514,108.721756640658,141.231391062326,83.6930256159514,108.721756640658,141.231391062326
2033,"Red-whiskered Bulbul","2033",NA,NA,NA,NA,NA,NA,NA,NA,NA,82.4578672957869,109.388761073523,144.99783573393,82.4578672957869,109.388761073523,144.99783573393
1985,"Dusky Warbler","before 2000",NA,NA,NA,NA,NA,NA,NA,NA,NA,NA,NA,NA,NA,NA,NA
2003,"Dusky Warbler","2000-2006",NA,NA,NA,NA,NA,NA,NA,NA,NA,NA,NA,NA,NA,NA,NA
2009,"Dusky Warbler","2007-2010",NA,NA,NA,NA,NA,NA,NA,NA,NA,NA,NA,NA,NA,NA,NA
2012,"Dusky Warbler","2011-2012",NA,NA,NA,NA,NA,NA,NA,NA,NA,NA,NA,NA,NA,NA,NA
2013,"Dusky Warbler","2013",NA,NA,NA,NA,NA,NA,NA,NA,NA,NA,NA,NA,NA,NA,NA
2014,"Dusky Warbler","2014",NA,NA,NA,NA,NA,NA,NA,NA,NA,NA,NA,NA,NA,NA,NA
2015,"Dusky Warbler","2015",0.00451722518131247,0.00953060783114199,0.0159069480334775,NA,NA,NA,100,100,100,NA,NA,NA,100,100,100
2016,"Dusky Warbler","2016",0.00955294497767655,0.0161299773110043,0.0254402327487023,NA,NA,NA,105.510758476082,172.400079998201,327.238788618449,NA,NA,NA,105.510758476082,172.400079998201,327.238788618449
2017,"Dusky Warbler","2017",0.0138994948687497,0.0238671910274237,0.0372898678412163,NA,NA,NA,153.093414286242,253.899001188279,469.478664229249,NA,NA,NA,153.093414286242,253.899001188279,469.478664229249
2018,"Dusky Warbler","2018",0.00973093594388937,0.0164221241879862,0.0258771116879924,NA,NA,NA,108.82948636554,175.869589791919,319.191325995059,NA,NA,NA,108.82948636554,175.869589791919,319.191325995059
2019,"Dusky Warbler","2019",0.00849537726426587,0.013428256134111,0.0205503880394969,NA,NA,NA,88.7155064339038,141.719377829846,258.06136325053,NA,NA,NA,88.7155064339038,141.719377829846,258.06136325053
2020,"Dusky Warbler","2020",0.00939634638246432,0.0147842309274349,0.022559580899968,NA,NA,NA,101.255736832716,157.50455426981,274.014071197449,NA,NA,NA,101.255736832716,157.50455426981,274.014071197449
2021,"Dusky Warbler","2021",0.00952814373646684,0.0150139964699781,0.0233788028022232,NA,NA,NA,103.138516008497,160.696355264443,283.530398610384,NA,NA,NA,103.138516008497,160.696355264443,283.530398610384
2022,"Dusky Warbler","2022",0.013569967739146,0.0212339319871909,0.0320285286921686,NA,NA,NA,143.718021246617,226.040705808489,394.6542256038,NA,NA,NA,143.718021246617,226.040705808489,394.6542256038
2023,"Dusky Warbler","2023",0.0131761791074469,0.0204656944342651,0.0308584595493336,NA,NA,NA,142.868962378495,218.557954837862,389.238642426686,NA,NA,NA,142.868962378495,218.557954837862,389.238642426686
2024,"Dusky Warbler","2024",0.0159379747415707,0.0244414555732981,0.0372214858844288,NA,NA,NA,170.585897904573,258.942063650475,466.596201819569,NA,NA,NA,170.585897904573,258.942063650475,466.596201819569
2025,"Dusky Warbler","2025",0.0170365323915993,0.0260856790934365,0.038889290008861,NA,NA,NA,182.32911869779,276.816233204207,489.860630882068,NA,NA,NA,182.32911869779,276.816233204207,489.860630882068
2026,"Dusky Warbler","2026",NA,NA,NA,NA,NA,NA,NA,NA,NA,199.025099673612,271.769534126679,372.777142290523,199.025099673612,271.769534126679,372.777142290523
2027,"Dusky Warbler","2027",NA,NA,NA,NA,NA,NA,NA,NA,NA,203.584960172157,289.308822282767,413.917388352153,203.584960172157,289.308822282767,413.917388352153
2028,"Dusky Warbler","2028",NA,NA,NA,NA,NA,NA,NA,NA,NA,207.16327865704,307.07089748782,457.468612782515,207.16327865704,307.07089748782,457.468612782515
2029,"Dusky Warbler","2029",NA,NA,NA,NA,NA,NA,NA,NA,NA,210.871661360706,327.272151970301,508.831130058849,210.871661360706,327.272151970301,508.831130058849
2030,"Dusky Warbler","2030",NA,NA,NA,NA,NA,NA,NA,NA,NA,216.540275903515,347.856456108435,567.122967755929,216.540275903515,347.856456108435,567.122967755929
2031,"Dusky Warbler","2031",NA,NA,NA,NA,NA,NA,NA,NA,NA,220.454283280458,370.647575381518,631.649141451982,220.454283280458,370.647575381518,631.649141451982
2032,"Dusky Warbler","2032",NA,NA,NA,NA,NA,NA,NA,NA,NA,224.866598274752,395.34886082816,704.628867644466,224.866598274752,395.34886082816,704.628867644466
2033,"Dusky Warbler","2033",NA,NA,NA,NA,NA,NA,NA,NA,NA,229.072545275245,421.034158169981,784.694555554165,229.072545275245,421.034158169981,784.694555554165
1985,"Common Chiffchaff","before 2000",NA,NA,NA,NA,NA,NA,NA,NA,NA,NA,NA,NA,NA,NA,NA
2003,"Common Chiffchaff","2000-2006",NA,NA,NA,NA,NA,NA,NA,NA,NA,NA,NA,NA,NA,NA,NA
2009,"Common Chiffchaff","2007-2010",NA,NA,NA,NA,NA,NA,NA,NA,NA,NA,NA,NA,NA,NA,NA
2012,"Common Chiffchaff","2011-2012",NA,NA,NA,NA,NA,NA,NA,NA,NA,NA,NA,NA,NA,NA,NA
2013,"Common Chiffchaff","2013",NA,NA,NA,NA,NA,NA,NA,NA,NA,NA,NA,NA,NA,NA,NA
2014,"Common Chiffchaff","2014",NA,NA,NA,NA,NA,NA,NA,NA,NA,NA,NA,NA,NA,NA,NA
2015,"Common Chiffchaff","2015",0.00386312981009128,0.00701475890937718,0.0115790161140517,NA,NA,NA,100,100,100,NA,NA,NA,100,100,100
2016,"Common Chiffchaff","2016",0.00337217522432621,0.00601465241780626,0.0094502391769343,NA,NA,NA,49.366466437224,85.0295753062012,150.598254532528,NA,NA,NA,49.366466437224,85.0295753062012,150.598254532528
2017,"Common Chiffchaff","2017",0.00697969037756108,0.0107679574448497,0.0160627002880681,NA,NA,NA,97.3523484084904,152.266399878193,252.328998210631,NA,NA,NA,97.3523484084904,152.266399878193,252.328998210631
2018,"Common Chiffchaff","2018",0.00188183553103431,0.00338989535229613,0.00557155896701053,NA,NA,NA,29.5903377423352,47.3722317698307,83.5141910377809,NA,NA,NA,29.5903377423352,47.3722317698307,83.5141910377809
2019,"Common Chiffchaff","2019",0.00198348577306722,0.00316972588804784,0.00496413292472154,NA,NA,NA,27.3317217258754,45.0924561110893,73.5114052552769,NA,NA,NA,27.3317217258754,45.0924561110893,73.5114052552769
2020,"Common Chiffchaff","2020",0.00187830287588095,0.00298117288401436,0.00456901782324064,NA,NA,NA,26.7338048303308,42.150723555056,69.5180646744021,NA,NA,NA,26.7338048303308,42.150723555056,69.5180646744021
2021,"Common Chiffchaff","2021",0.00109381310296625,0.00190840898131219,0.00299957529220065,NA,NA,NA,15.7711883732498,26.5997623371594,46.5445826063321,NA,NA,NA,15.7711883732498,26.5997623371594,46.5445826063321
2022,"Common Chiffchaff","2022",0.00298170877307491,0.00461052816219939,0.00676996981637402,NA,NA,NA,42.7204958957662,64.7012170521978,109.166457743213,NA,NA,NA,42.7204958957662,64.7012170521978,109.166457743213
2023,"Common Chiffchaff","2023",0.00532181606031704,0.00794971705222676,0.0115215878393079,NA,NA,NA,75.1612224060027,111.70083502867,180.078428039691,NA,NA,NA,75.1612224060027,111.70083502867,180.078428039691
2024,"Common Chiffchaff","2024",0.005768824500686,0.00856016564316855,0.0122535851132651,NA,NA,NA,80.2431276137447,119.684229061123,192.108109787709,NA,NA,NA,80.2431276137447,119.684229061123,192.108109787709
2025,"Common Chiffchaff","2025",0.0026391274731911,0.00396254190905366,0.00581468280375852,NA,NA,NA,37.7255758411984,55.7512359955515,92.2551906776594,NA,NA,NA,37.7255758411984,55.7512359955515,92.2551906776594
2026,"Common Chiffchaff","2026",NA,NA,NA,NA,NA,NA,NA,NA,NA,29.1090348401986,59.6602795632449,123.167751400599,29.1090348401986,59.6602795632449,123.167751400599
2027,"Common Chiffchaff","2027",NA,NA,NA,NA,NA,NA,NA,NA,NA,25.7540468284844,58.4516371883416,133.112773600966,25.7540468284844,58.4516371883416,133.112773600966
2028,"Common Chiffchaff","2028",NA,NA,NA,NA,NA,NA,NA,NA,NA,22.8279426095306,57.1816146657802,144.346922970164,22.8279426095306,57.1816146657802,144.346922970164
2029,"Common Chiffchaff","2029",NA,NA,NA,NA,NA,NA,NA,NA,NA,20.2277586699255,56.0807679011695,156.874619162025,20.2277586699255,56.0807679011695,156.874619162025
2030,"Common Chiffchaff","2030",NA,NA,NA,NA,NA,NA,NA,NA,NA,17.9008219223348,54.9391600284713,170.057690126527,17.9008219223348,54.9391600284713,170.057690126527
2031,"Common Chiffchaff","2031",NA,NA,NA,NA,NA,NA,NA,NA,NA,15.8432690637561,53.9171461301255,184.833643257473,15.8432690637561,53.9171461301255,184.833643257473
2032,"Common Chiffchaff","2032",NA,NA,NA,NA,NA,NA,NA,NA,NA,14.0041495775242,52.6115619334335,201.161547678366,14.0041495775242,52.6115619334335,201.161547678366
2033,"Common Chiffchaff","2033",NA,NA,NA,NA,NA,NA,NA,NA,NA,12.4023227699623,51.4295751023961,217.757730532616,12.4023227699623,51.4295751023961,217.757730532616
1985,"Greenish Warbler","before 2000",NA,NA,NA,NA,NA,NA,NA,NA,NA,NA,NA,NA,NA,NA,NA
2003,"Greenish Warbler","2000-2006",NA,NA,NA,NA,NA,NA,NA,NA,NA,NA,NA,NA,NA,NA,NA
2009,"Greenish Warbler","2007-2010",NA,NA,NA,NA,NA,NA,NA,NA,NA,NA,NA,NA,NA,NA,NA
2012,"Greenish Warbler","2011-2012",NA,NA,NA,NA,NA,NA,NA,NA,NA,NA,NA,NA,NA,NA,NA
2013,"Greenish Warbler","2013",NA,NA,NA,NA,NA,NA,NA,NA,NA,NA,NA,NA,NA,NA,NA
2014,"Greenish Warbler","2014",NA,NA,NA,NA,NA,NA,NA,NA,NA,NA,NA,NA,NA,NA,NA
2015,"Greenish Warbler","2015",0.0377421220822567,0.0584925662333212,0.0852785849000791,NA,NA,NA,100,100,100,NA,NA,NA,100,100,100
2016,"Greenish Warbler","2016",0.0463542592377977,0.0699718416978183,0.100595372075346,NA,NA,NA,95.6539491825494,120.424629377779,152.256332089834,NA,NA,NA,95.6539491825494,120.424629377779,152.256332089834
2017,"Greenish Warbler","2017",0.0388373587581949,0.0596976288205473,0.0843518359060131,NA,NA,NA,82.591456069114,102.923150357464,129.80976599885,NA,NA,NA,82.591456069114,102.923150357464,129.80976599885
2018,"Greenish Warbler","2018",0.0500441404685747,0.074113323176676,0.105216113410153,NA,NA,NA,102.60746950799,127.672380450435,158.976616834371,NA,NA,NA,102.60746950799,127.672380450435,158.976616834371
2019,"Greenish Warbler","2019",0.0414502014016017,0.0610563544600928,0.0868213723827815,NA,NA,NA,86.5143194359495,105.343595537845,132.632737238279,NA,NA,NA,86.5143194359495,105.343595537845,132.632737238279
2020,"Greenish Warbler","2020",0.0361626428292195,0.0540825834248078,0.0772060619815145,NA,NA,NA,76.3370622133725,93.144377857328,115.603136555848,NA,NA,NA,76.3370622133725,93.144377857328,115.603136555848
2021,"Greenish Warbler","2021",0.0386405603316681,0.0574543260132904,0.0807492204342458,NA,NA,NA,81.7808125371872,99.3988708016284,124.073661903939,NA,NA,NA,81.7808125371872,99.3988708016284,124.073661903939
2022,"Greenish Warbler","2022",0.0344008184520202,0.0501781962615339,0.07134075255058,NA,NA,NA,71.5125159827245,86.7221284494877,107.196153148213,NA,NA,NA,71.5125159827245,86.7221284494877,107.196153148213
2023,"Greenish Warbler","2023",0.0363589244096876,0.0537769688457446,0.076206307121595,NA,NA,NA,76.2552437730969,93.0528101776065,115.34994817479,NA,NA,NA,76.2552437730969,93.0528101776065,115.34994817479
2024,"Greenish Warbler","2024",0.0335651316789872,0.0498944825869333,0.070708633362015,NA,NA,NA,70.8035558164586,85.7073097610541,105.192352029685,NA,NA,NA,70.8035558164586,85.7073097610541,105.192352029685
2025,"Greenish Warbler","2025",0.0298021716328841,0.0447427981423696,0.0635554438446884,NA,NA,NA,63.3532309321715,77.4793547420909,96.3800830565277,NA,NA,NA,63.3532309321715,77.4793547420909,96.3800830565277
2026,"Greenish Warbler","2026",NA,NA,NA,NA,NA,NA,NA,NA,NA,70.0383235103282,80.148083653099,91.6400817093208,70.0383235103282,80.148083653099,91.6400817093208
2027,"Greenish Warbler","2027",NA,NA,NA,NA,NA,NA,NA,NA,NA,66.611607607108,77.4981219527269,90.2031576685303,66.611607607108,77.4981219527269,90.2031576685303
2028,"Greenish Warbler","2028",NA,NA,NA,NA,NA,NA,NA,NA,NA,63.2255050574441,74.9225590239912,88.9223453932873,63.2255050574441,74.9225590239912,88.9223453932873
2029,"Greenish Warbler","2029",NA,NA,NA,NA,NA,NA,NA,NA,NA,59.9753243882869,72.3990399382488,87.6510890718776,59.9753243882869,72.3990399382488,87.6510890718776
2030,"Greenish Warbler","2030",NA,NA,NA,NA,NA,NA,NA,NA,NA,56.9087173531169,69.9304407348627,86.325583219831,56.9087173531169,69.9304407348627,86.325583219831
2031,"Greenish Warbler","2031",NA,NA,NA,NA,NA,NA,NA,NA,NA,54.0252239234091,67.6808086953954,85.0087128192854,54.0252239234091,67.6808086953954,85.0087128192854
2032,"Greenish Warbler","2032",NA,NA,NA,NA,NA,NA,NA,NA,NA,51.1324232196743,65.3207502559906,83.7698486320449,51.1324232196743,65.3207502559906,83.7698486320449
2033,"Greenish Warbler","2033",NA,NA,NA,NA,NA,NA,NA,NA,NA,48.4210416137487,63.2204793918662,82.53449163898,48.4210416137487,63.2204793918662,82.53449163898
1985,"Yellow-vented Warbler","before 2000",4.91541178458604e-10,0.00486894315813246,0.0140736135247287,100,100,100,NA,NA,NA,NA,NA,NA,NA,NA,NA
2003,"Yellow-vented Warbler","2000-2006",1.57697201605862e-10,0.0050944763897939,0.0189990107881969,5.14514568297809e-06,106.970069743331,596743143.66574,NA,NA,NA,NA,NA,NA,NA,NA,NA
2009,"Yellow-vented Warbler","2007-2010",4.70576970742394e-10,0.0081409573243536,0.0240400002813931,1.18761963818093e-05,169.014280539233,1252456168.14969,NA,NA,NA,NA,NA,NA,NA,NA,NA
2012,"Yellow-vented Warbler","2011-2012",4.4887734846626e-10,0.00627405927205044,0.0166414168908048,1.29695006150116e-05,125.720182981158,820906459.349758,NA,NA,NA,NA,NA,NA,NA,NA,NA
2013,"Yellow-vented Warbler","2013",1.70696701569102e-10,0.00143504819358285,0.00550148808244754,3.77287212142828e-06,30.7810199688362,146676805.684004,NA,NA,NA,NA,NA,NA,NA,NA,NA
2014,"Yellow-vented Warbler","2014",0.00074863413561537,0.00407883121775779,0.00995333120122786,12.6347645595867,80.3585499428667,725875674.398906,NA,NA,NA,NA,NA,NA,NA,NA,NA
2015,"Yellow-vented Warbler","2015",2.08849526338118e-10,0.0014454827515535,0.0041455140482888,4.27450220262555e-06,30.7009187926212,185870981.171399,100,100,100,NA,NA,NA,100,100,100
2016,"Yellow-vented Warbler","2016",8.08859163900548e-10,0.00185135215190267,0.00428650896874689,4.66315169403159,37.7139597742748,286023986.307959,15.7106813471409,124.360305796888,911154463.845413,NA,NA,NA,15.7106813471409,124.360305796888,911154463.845413
2017,"Yellow-vented Warbler","2017",0.00140127866053034,0.00439078668768736,0.00893793133662216,26.2898811503832,91.8409641853626,704413335.11806,90.4455788812259,297.993244930448,1791352296.34596,NA,NA,NA,90.4455788812259,297.993244930448,1791352296.34596
2018,"Yellow-vented Warbler","2018",0.000453466664920801,0.00162225800499308,0.00343948771034135,8.89739164090362,33.2060233363937,267378270.339598,26.9241665667022,110.240307822931,650465088.292106,NA,NA,NA,26.9241665667022,110.240307822931,650465088.292106
2019,"Yellow-vented Warbler","2019",0.000477587786889555,0.00168500351207498,0.00364860445032135,10.0279275330117,35.8559876874428,269538816.364388,30.0227648097305,116.23318634075,789764678.834498,NA,NA,NA,30.0227648097305,116.23318634075,789764678.834498
2020,"Yellow-vented Warbler","2020",0.000939741791013049,0.00227630251106547,0.00431416257327545,14.998087116246,45.864314738642,353693860.558812,53.0937014972023,152.536402862916,930042338.161163,NA,NA,NA,53.0937014972023,152.536402862916,930042338.161163
2021,"Yellow-vented Warbler","2021",0.000993961631604542,0.00224787673519891,0.00436060172170268,14.9348819585785,46.9897758755799,419049370.989041,53.0546869416315,155.390303582098,961506698.463878,NA,NA,NA,53.0546869416315,155.390303582098,961506698.463878
2022,"Yellow-vented Warbler","2022",0.000912119070382832,0.00206708033878307,0.0039004710569861,14.9792671774387,42.5239307540064,399555990.549079,48.6507772630767,141.50282838451,1023621245.17403,NA,NA,NA,48.6507772630767,141.50282838451,1023621245.17403
2023,"Yellow-vented Warbler","2023",0.00110060863493859,0.00245221315446572,0.00449546402070805,17.9957376917637,51.097834947483,477894633.533142,63.2026394314393,169.334236418713,974601092.306042,NA,NA,NA,63.2026394314393,169.334236418713,974601092.306042
2024,"Yellow-vented Warbler","2024",0.000803399162908329,0.00169751702216887,0.00310193170838024,11.9407563548627,34.7508887329678,325999259.258641,41.6846646902498,112.811436850808,665599426.406625,NA,NA,NA,41.6846646902498,112.811436850808,665599426.406625
2025,"Yellow-vented Warbler","2025",0.000909848094783238,0.00190560947842342,0.00348869025412788,14.0477770592791,39.6709327525018,319775915.123829,46.061010515894,129.772275263258,823798072.579697,NA,NA,NA,46.061010515894,129.772275263258,823798072.579697
2026,"Yellow-vented Warbler","2026",NA,NA,NA,NA,NA,NA,NA,NA,NA,83.2582373369266,142.950359397817,241.232279860151,83.2582373369266,142.950359397817,241.232279860151
2027,"Yellow-vented Warbler","2027",NA,NA,NA,NA,NA,NA,NA,NA,NA,78.174406818842,143.184070441184,259.133103352334,78.174406818842,143.184070441184,259.133103352334
2028,"Yellow-vented Warbler","2028",NA,NA,NA,NA,NA,NA,NA,NA,NA,72.892029882649,144.212604530989,277.302302240178,72.892029882649,144.212604530989,277.302302240178
2029,"Yellow-vented Warbler","2029",NA,NA,NA,NA,NA,NA,NA,NA,NA,68.4179183558631,144.694099402128,299.06432896022,68.4179183558631,144.694099402128,299.06432896022
2030,"Yellow-vented Warbler","2030",NA,NA,NA,NA,NA,NA,NA,NA,NA,63.9649758227398,145.318975245749,324.993971134212,63.9649758227398,145.318975245749,324.993971134212
2031,"Yellow-vented Warbler","2031",NA,NA,NA,NA,NA,NA,NA,NA,NA,60.0737148245158,146.680795488153,351.237109868194,60.0737148245158,146.680795488153,351.237109868194
2032,"Yellow-vented Warbler","2032",NA,NA,NA,NA,NA,NA,NA,NA,NA,56.127754695671,147.643640334553,383.248321783977,56.127754695671,147.643640334553,383.248321783977
2033,"Yellow-vented Warbler","2033",NA,NA,NA,NA,NA,NA,NA,NA,NA,51.9597856713657,148.675149520647,414.427672876532,51.9597856713657,148.675149520647,414.427672876532
1985,"Gray-hooded Warbler","before 2000",0.00535125254074717,0.021138941276157,0.0654253418037821,100,100,100,NA,NA,NA,NA,NA,NA,NA,NA,NA
2003,"Gray-hooded Warbler","2000-2006",0.00512248559828836,0.0237944292466725,0.0747468348806763,38.8594275133306,112.475307179345,296.079599637691,NA,NA,NA,NA,NA,NA,NA,NA,NA
2009,"Gray-hooded Warbler","2007-2010",0.00519783532131776,0.0247740863877658,0.0724843918856951,40.3772427564093,114.054966552361,299.631867469516,NA,NA,NA,NA,NA,NA,NA,NA,NA
2012,"Gray-hooded Warbler","2011-2012",0.004604114226393,0.0207671799277987,0.0652979079003281,31.4784501834003,99.2665644373288,265.649004974472,NA,NA,NA,NA,NA,NA,NA,NA,NA
2013,"Gray-hooded Warbler","2013",0.00464894721724115,0.0209257172860502,0.0654176556762284,32.9623825614478,99.0621467305005,260.262013716417,NA,NA,NA,NA,NA,NA,NA,NA,NA
2014,"Gray-hooded Warbler","2014",0.00469483855053077,0.0196331453328248,0.055213978118255,36.9687874133251,91.2152059016558,228.705575527847,NA,NA,NA,NA,NA,NA,NA,NA,NA
2015,"Gray-hooded Warbler","2015",0.00566765986521,0.0188732608331574,0.0533561135685663,43.9473791291414,89.1410219744984,195.22303800318,100,100,100,NA,NA,NA,100,100,100
2016,"Gray-hooded Warbler","2016",0.0050569742132346,0.0161421970109184,0.0454927570179482,39.2263336588311,74.7534674521979,175.065690000836,47.2798786713902,84.0043971948826,169.987996271286,NA,NA,NA,47.2798786713902,84.0043971948826,169.987996271286
2017,"Gray-hooded Warbler","2017",0.00914577377462212,0.0281961605558471,0.0802438183541848,73.2110423937631,133.378301236485,296.799593611209,86.4430665103541,152.298843696492,291.206096038092,NA,NA,NA,86.4430665103541,152.298843696492,291.206096038092
2018,"Gray-hooded Warbler","2018",0.00726416656369412,0.0206777975911532,0.0555222212161071,58.6702562567577,95.748694938334,205.243531330931,67.0782867016086,110.58164074084,200.121456599161,NA,NA,NA,67.0782867016086,110.58164074084,200.121456599161
2019,"Gray-hooded Warbler","2019",0.00369112549485392,0.0119962801301615,0.0318842453628059,28.6695452454578,55.5971473014855,114.66122918268,36.185081866858,62.7775610207181,117.473848945133,NA,NA,NA,36.185081866858,62.7775610207181,117.473848945133
2020,"Gray-hooded Warbler","2020",0.00478621966138981,0.0150797838051472,0.0411757938411772,39.5953026482731,70.9147090649375,151.139892689294,47.7649345033527,79.5272494605709,142.627250011068,NA,NA,NA,47.7649345033527,79.5272494605709,142.627250011068
2021,"Gray-hooded Warbler","2021",0.00754222633955965,0.0206477374807882,0.056773903272162,56.6127466365998,97.6715630251132,196.479528959783,69.8028196232737,109.573653066896,200.43920066958,NA,NA,NA,69.8028196232737,109.573653066896,200.43920066958
2022,"Gray-hooded Warbler","2022",0.0064273889407914,0.0190511296037913,0.0496577015992939,50.1529266820314,88.9474698214498,188.899704602604,65.4144111870004,99.5468695919608,180.64754820189,NA,NA,NA,65.4144111870004,99.5468695919608,180.64754820189
2023,"Gray-hooded Warbler","2023",0.00695018792928956,0.0187144460346749,0.051453253575092,53.2165275699685,87.4704028510885,185.378440026775,63.4003307086871,99.3621809606667,179.407815989226,NA,NA,NA,63.4003307086871,99.3621809606667,179.407815989226
2024,"Gray-hooded Warbler","2024",0.00845126921078655,0.0231997993422511,0.0611419351877024,64.9854986941948,109.943409615802,222.189434822948,81.0273798612492,123.653145328124,223.590323737383,NA,NA,NA,81.0273798612492,123.653145328124,223.590323737383
2025,"Gray-hooded Warbler","2025",0.0106296270171346,0.0288105507180258,0.0762269820613076,80.7060159370511,135.244770988801,279.944889629745,99.0800940813077,152.822986122154,274.284214684249,NA,NA,NA,99.0800940813077,152.822986122154,274.284214684249
2026,"Gray-hooded Warbler","2026",NA,NA,NA,NA,NA,NA,NA,NA,NA,83.6585693133101,120.007738063751,171.953738204749,83.6585693133101,120.007738063751,171.953738204749
2027,"Gray-hooded Warbler","2027",NA,NA,NA,NA,NA,NA,NA,NA,NA,82.086184267773,123.106686663657,185.255078452819,82.086184267773,123.106686663657,185.255078452819
2028,"Gray-hooded Warbler","2028",NA,NA,NA,NA,NA,NA,NA,NA,NA,80.0374959497512,126.279976289789,199.843982037881,80.0374959497512,126.279976289789,199.843982037881
2029,"Gray-hooded Warbler","2029",NA,NA,NA,NA,NA,NA,NA,NA,NA,78.0268586311897,129.803273419188,215.884292019573,78.0268586311897,129.803273419188,215.884292019573
2030,"Gray-hooded Warbler","2030",NA,NA,NA,NA,NA,NA,NA,NA,NA,75.9126628547497,133.119203279743,233.207158456555,75.9126628547497,133.119203279743,233.207158456555
2031,"Gray-hooded Warbler","2031",NA,NA,NA,NA,NA,NA,NA,NA,NA,74.0386200342332,136.688019997957,250.668391922381,74.0386200342332,136.688019997957,250.668391922381
2032,"Gray-hooded Warbler","2032",NA,NA,NA,NA,NA,NA,NA,NA,NA,72.2732920111226,140.363396040201,271.268975948464,72.2732920111226,140.363396040201,271.268975948464
2033,"Gray-hooded Warbler","2033",NA,NA,NA,NA,NA,NA,NA,NA,NA,70.5587919615109,144.169719761519,294.282967252428,70.5587919615109,144.169719761519,294.282967252428
1985,"Broad-billed Warbler","before 2000",NA,NA,NA,NA,NA,NA,NA,NA,NA,NA,NA,NA,NA,NA,NA
2003,"Broad-billed Warbler","2000-2006",NA,NA,NA,NA,NA,NA,NA,NA,NA,NA,NA,NA,NA,NA,NA
2009,"Broad-billed Warbler","2007-2010",NA,NA,NA,NA,NA,NA,NA,NA,NA,NA,NA,NA,NA,NA,NA
2012,"Broad-billed Warbler","2011-2012",NA,NA,NA,NA,NA,NA,NA,NA,NA,NA,NA,NA,NA,NA,NA
2013,"Broad-billed Warbler","2013",NA,NA,NA,NA,NA,NA,NA,NA,NA,NA,NA,NA,NA,NA,NA
2014,"Broad-billed Warbler","2014",NA,NA,NA,NA,NA,NA,NA,NA,NA,NA,NA,NA,NA,NA,NA
2015,"Broad-billed Warbler","2015",1.93360999827839e-09,0.00518164796587034,0.0142773936345939,NA,NA,NA,100,100,100,NA,NA,NA,100,100,100
2016,"Broad-billed Warbler","2016",0.000923478575960674,0.00432401859101453,0.00996803084789338,NA,NA,NA,9.36547428730694,88.6452075630826,222399107.43632,NA,NA,NA,9.36547428730694,88.6452075630826,222399107.43632
2017,"Broad-billed Warbler","2017",8.31493835228793e-10,0.00113327676476006,0.00436906052536285,NA,NA,NA,7.9059195712985e-06,21.9024369799992,44542992.9879103,NA,NA,NA,7.9059195712985e-06,21.9024369799992,44542992.9879103
2018,"Broad-billed Warbler","2018",0.00598437093846347,0.0110656027548959,0.01796051395441,NA,NA,NA,69.0803532645598,225.263940763107,590158169.913602,NA,NA,NA,69.0803532645598,225.263940763107,590158169.913602
2019,"Broad-billed Warbler","2019",1.83896591686524e-09,0.00364880876786834,0.00824429669115739,NA,NA,NA,2.34943467804704e-05,70.379611847371,188254855.88026,NA,NA,NA,2.34943467804704e-05,70.379611847371,188254855.88026
2020,"Broad-billed Warbler","2020",0.00622167217394334,0.0106024470797998,0.0154861108490948,NA,NA,NA,68.554437103309,212.860214045509,538850551.229691,NA,NA,NA,68.554437103309,212.860214045509,538850551.229691
2021,"Broad-billed Warbler","2021",0.00653825099867641,0.0100387802817417,0.0146477766742683,NA,NA,NA,68.9483216829551,204.079653069028,529156414.884715,NA,NA,NA,68.9483216829551,204.079653069028,529156414.884715
2022,"Broad-billed Warbler","2022",0.0117722694541515,0.0155166614866118,0.0195579303513485,NA,NA,NA,106.128788319201,306.085721177375,842543884.181203,NA,NA,NA,106.128788319201,306.085721177375,842543884.181203
2023,"Broad-billed Warbler","2023",0.00888280444955322,0.0118613857069748,0.0147332616952846,NA,NA,NA,80.8367984170144,232.977214635912,616643788.741797,NA,NA,NA,80.8367984170144,232.977214635912,616643788.741797
2024,"Broad-billed Warbler","2024",0.0104183786942199,0.0134398577919927,0.0166650704972919,NA,NA,NA,92.9798932228923,265.093942359292,710728205.067777,NA,NA,NA,92.9798932228923,265.093942359292,710728205.067777
2025,"Broad-billed Warbler","2025",0.00407232929498538,0.00591920115791542,0.00776830199401106,NA,NA,NA,37.164453265678,115.958719259934,327084309.494946,NA,NA,NA,37.164453265678,115.958719259934,327084309.494946
2026,"Broad-billed Warbler","2026",NA,NA,NA,NA,NA,NA,NA,NA,NA,65.4754707131932,516.720558241939,32847.3127955905,65.4754707131932,516.720558241939,32847.3127955905
2027,"Broad-billed Warbler","2027",NA,NA,NA,NA,NA,NA,NA,NA,NA,64.0662391603433,678.813076849528,92423.1233938781,64.0662391603433,678.813076849528,92423.1233938781
2028,"Broad-billed Warbler","2028",NA,NA,NA,NA,NA,NA,NA,NA,NA,62.7397552962662,854.014558002843,266848.15093319,62.7397552962662,854.014558002843,266848.15093319
2029,"Broad-billed Warbler","2029",NA,NA,NA,NA,NA,NA,NA,NA,NA,60.7867528924242,1087.10670178517,777034.127973754,60.7867528924242,1087.10670178517,777034.127973754
2030,"Broad-billed Warbler","2030",NA,NA,NA,NA,NA,NA,NA,NA,NA,59.0374118230429,1447.12345105267,2260674.28431002,59.0374118230429,1447.12345105267,2260674.28431002
2031,"Broad-billed Warbler","2031",NA,NA,NA,NA,NA,NA,NA,NA,NA,57.8694292935866,1836.23070405575,6756523.16433834,57.8694292935866,1836.23070405575,6756523.16433834
2032,"Broad-billed Warbler","2032",NA,NA,NA,NA,NA,NA,NA,NA,NA,56.011212822052,2284.8267795462,20367232.5223149,56.011212822052,2284.8267795462,20367232.5223149
2033,"Broad-billed Warbler","2033",NA,NA,NA,NA,NA,NA,NA,NA,NA,53.7193489390177,2767.0589420699,61691284.5344161,53.7193489390177,2767.0589420699,61691284.5344161
1985,"Black-throated Tit","before 2000",0.00986326925575736,0.0338152882354596,0.0992011275950988,100,100,100,NA,NA,NA,NA,NA,NA,NA,NA,NA
2003,"Black-throated Tit","2000-2006",0.00433727722745538,0.0230467207933546,0.0731175169628057,23.1180457252791,65.5057147597202,160.985682874832,NA,NA,NA,NA,NA,NA,NA,NA,NA
2009,"Black-throated Tit","2007-2010",0.00548304989348985,0.0276850492025927,0.0821728598328898,30.0248576934217,77.8880338367212,218.175408958641,NA,NA,NA,NA,NA,NA,NA,NA,NA
2012,"Black-throated Tit","2011-2012",0.00465548848091147,0.0240410412003702,0.0744471275385013,22.5865573626519,69.8546399747217,174.222633072466,NA,NA,NA,NA,NA,NA,NA,NA,NA
2013,"Black-throated Tit","2013",0.00268189449989589,0.0188873146203477,0.0625081506204253,12.7441629424038,54.2449510555453,140.065291684198,NA,NA,NA,NA,NA,NA,NA,NA,NA
2014,"Black-throated Tit","2014",0.00583887617813056,0.0217292707122898,0.0659700444179731,26.9211389222173,62.7433868347919,155.521331981557,NA,NA,NA,NA,NA,NA,NA,NA,NA
2015,"Black-throated Tit","2015",0.00341643183040998,0.0138232833849024,0.0410306492222604,18.2359736101641,39.8088442301341,83.800627195982,100,100,100,NA,NA,NA,100,100,100
2016,"Black-throated Tit","2016",0.00376161850724793,0.0141841909057961,0.0422603891576888,20.3533254138349,41.930792317968,85.4565772023419,50.4605498348883,105.086455349367,216.062461844565,NA,NA,NA,50.4605498348883,105.086455349367,216.062461844565
2017,"Black-throated Tit","2017",0.00504861906337659,0.0164983520426948,0.0483006389813008,25.0832807368884,48.2433163265544,107.555266643009,64.6968766099147,120.694734421365,268.535186374199,NA,NA,NA,64.6968766099147,120.694734421365,268.535186374199
2018,"Black-throated Tit","2018",0.00368407026069452,0.0116909382772194,0.0347085617330783,19.6948244791207,34.3135611247647,68.5817457143505,46.0251776486964,87.1289782893199,174.014556411486,NA,NA,NA,46.0251776486964,87.1289782893199,174.014556411486
2019,"Black-throated Tit","2019",0.00300275872874986,0.0107662445059717,0.0316232480526634,16.4463485937613,31.3563553311848,64.1967773856833,41.3796864437565,79.1702599569809,165.024545177804,NA,NA,NA,41.3796864437565,79.1702599569809,165.024545177804
2020,"Black-throated Tit","2020",0.00342805001168149,0.0108625959005907,0.0320551449559169,17.8935076031198,31.8005963461306,63.6443932755979,47.1468046920049,80.4961624617231,174.116007141938,NA,NA,NA,47.1468046920049,80.4961624617231,174.116007141938
2021,"Black-throated Tit","2021",0.0036711062547429,0.0114215613164484,0.0331672182332401,19.543845456119,33.231226023781,64.2520604832928,50.7067268338649,84.0053807704517,165.976364764143,NA,NA,NA,50.7067268338649,84.0053807704517,165.976364764143
2022,"Black-throated Tit","2022",0.00395954785477547,0.0121187150889336,0.0338945170286213,21.7113116544703,35.3585346930215,64.4389289660185,52.3508540378085,89.0117406067615,172.94071393546,NA,NA,NA,52.3508540378085,89.0117406067615,172.94071393546
2023,"Black-throated Tit","2023",0.00404070761717658,0.011986304622807,0.0344211933724199,20.753180484843,35.2089337502148,67.8201883354587,53.765090641486,88.8224861465859,176.756636718387,NA,NA,NA,53.765090641486,88.8224861465859,176.756636718387
2024,"Black-throated Tit","2024",0.00395541728968423,0.0118379790994928,0.0341013888473683,20.7777146942265,35.282417093542,66.9562124441349,54.0080302511689,88.3547079522047,168.351024145673,NA,NA,NA,54.0080302511689,88.3547079522047,168.351024145673
2025,"Black-throated Tit","2025",0.00475652440046656,0.0142724499459909,0.0412899600315461,25.6316959997749,41.983805494737,79.8152720161297,65.0543597359458,105.979501340954,215.077020673279,NA,NA,NA,65.0543597359458,105.979501340954,215.077020673279
2026,"Black-throated Tit","2026",NA,NA,NA,NA,NA,NA,NA,NA,NA,69.5006716562811,87.0797176675073,108.036256936369,69.5006716562811,87.0797176675073,108.036256936369
2027,"Black-throated Tit","2027",NA,NA,NA,NA,NA,NA,NA,NA,NA,66.6413348915073,86.225214584316,110.197480189142,66.6413348915073,86.225214584316,110.197480189142
2028,"Black-throated Tit","2028",NA,NA,NA,NA,NA,NA,NA,NA,NA,63.9157960472102,85.5097953601629,112.200246420249,63.9157960472102,85.5097953601629,112.200246420249
2029,"Black-throated Tit","2029",NA,NA,NA,NA,NA,NA,NA,NA,NA,61.3683980107399,84.5296407237956,114.663479383658,61.3683980107399,84.5296407237956,114.663479383658
2030,"Black-throated Tit","2030",NA,NA,NA,NA,NA,NA,NA,NA,NA,58.8627940275443,83.5975377896483,116.798948651901,58.8627940275443,83.5975377896483,116.798948651901
2031,"Black-throated Tit","2031",NA,NA,NA,NA,NA,NA,NA,NA,NA,56.395913617827,82.725087521954,119.324914374896,56.395913617827,82.725087521954,119.324914374896
2032,"Black-throated Tit","2032",NA,NA,NA,NA,NA,NA,NA,NA,NA,53.8890030341204,81.7287636057665,121.86323882987,53.8890030341204,81.7287636057665,121.86323882987
2033,"Black-throated Tit","2033",NA,NA,NA,NA,NA,NA,NA,NA,NA,51.4656357078189,81.1487686460022,124.705357473995,51.4656357078189,81.1487686460022,124.705357473995
1985,"Fire-tailed Myzornis","before 2000",2.58859540621107e-09,0.00950567125706198,0.0267189510039753,100,100,100,NA,NA,NA,NA,NA,NA,NA,NA,NA
2003,"Fire-tailed Myzornis","2000-2006",3.0387748612127e-09,0.0128440040686417,0.0360731904077244,2.67527750153622e-05,136.464866649469,615068346.898209,NA,NA,NA,NA,NA,NA,NA,NA,NA
2009,"Fire-tailed Myzornis","2007-2010",2.38208525259775e-09,0.0105730003011826,0.0365313301218322,3.19857615097901e-05,110.627256817369,560306591.057843,NA,NA,NA,NA,NA,NA,NA,NA,NA
2012,"Fire-tailed Myzornis","2011-2012",5.05456612910059e-09,0.0210130150799539,0.0481837393518307,5.17082059975061e-05,217.330513144338,961051076.322179,NA,NA,NA,NA,NA,NA,NA,NA,NA
2013,"Fire-tailed Myzornis","2013",2.38124384458903e-09,0.00749007459320504,0.0236709134114794,2.72939615094951e-05,74.5189961255181,386843894.002718,NA,NA,NA,NA,NA,NA,NA,NA,NA
2014,"Fire-tailed Myzornis","2014",3.98507945833461e-09,0.0135717405319177,0.031154466291849,3.20947552881062e-05,142.319886094058,619355816.922763,NA,NA,NA,NA,NA,NA,NA,NA,NA
2015,"Fire-tailed Myzornis","2015",0.00271913820215817,0.0115615880631035,0.0242812969167276,16.2283955360444,120.996794318774,553863271.049615,100,100,100,NA,NA,NA,100,100,100
2016,"Fire-tailed Myzornis","2016",0.00443424886700556,0.0109820938156327,0.0197097512052847,30.9333701548359,120.225533373949,482239014.219525,26.6126370739806,96.2739622958861,557.302095768204,NA,NA,NA,26.6126370739806,96.2739622958861,557.302095768204
2017,"Fire-tailed Myzornis","2017",0.00524526707668226,0.0131160245888524,0.0222763032723757,37.8050127049625,142.996444409457,593082130.888181,35.6929688818047,118.197319089083,712.447725229539,NA,NA,NA,35.6929688818047,118.197319089083,712.447725229539
2018,"Fire-tailed Myzornis","2018",0.00869527212233657,0.0150139967314035,0.0228127207909064,47.5797824477501,165.712455932419,637629167.556991,50.9241131379259,136.867668935907,696.725348990262,NA,NA,NA,50.9241131379259,136.867668935907,696.725348990262
2019,"Fire-tailed Myzornis","2019",0.0024788029757083,0.00814671258227534,0.0151631622804035,18.18082666186,90.4925093915631,398915578.277621,17.8345222318268,73.3160445827405,499.571904577141,NA,NA,NA,17.8345222318268,73.3160445827405,499.571904577141
2020,"Fire-tailed Myzornis","2020",0.0213746207070562,0.0283351771804374,0.0375624170358268,110.431272712144,308.966599526157,1078290753.44656,112.541577087478,258.594768346846,1152.33991476733,NA,NA,NA,112.541577087478,258.594768346846,1152.33991476733
2021,"Fire-tailed Myzornis","2021",0.000647630856147974,0.00197737576493643,0.00389810576100019,4.326718731187,21.4801507830415,84799647.5081187,4.63929684084303,17.4888174410168,106.568683305994,NA,NA,NA,4.63929684084303,17.4888174410168,106.568683305994
2022,"Fire-tailed Myzornis","2022",0.00527635701357785,0.00784687156868515,0.0111716956196592,28.4654065486949,84.2805875398306,340470460.454469,29.6008178138972,70.9965989330803,333.560478918986,NA,NA,NA,29.6008178138972,70.9965989330803,333.560478918986
2023,"Fire-tailed Myzornis","2023",0.00251538272963723,0.00422673541894132,0.00640421034183798,13.9100912723926,46.2967935768303,185867417.1463,14.5840520092304,39.0209057500331,191.464719702149,NA,NA,NA,14.5840520092304,39.0209057500331,191.464719702149
2024,"Fire-tailed Myzornis","2024",0.00504655999366236,0.0071323837530475,0.00957399144440966,26.0612545681788,76.2494852095343,273762058.47982,26.5899663668253,64.1626446223843,307.602958429315,NA,NA,NA,26.5899663668253,64.1626446223843,307.602958429315
2025,"Fire-tailed Myzornis","2025",0.00409232283890702,0.00612358367255358,0.00858906841581654,21.6895104833245,66.748820236217,242181185.470074,22.6086993977389,55.5453407637964,268.740637244653,NA,NA,NA,22.6086993977389,55.5453407637964,268.740637244653
2026,"Fire-tailed Myzornis","2026",NA,NA,NA,NA,NA,NA,NA,NA,NA,16.5947954059101,42.3573257104015,105.628151912043,16.5947954059101,42.3573257104015,105.628151912043
2027,"Fire-tailed Myzornis","2027",NA,NA,NA,NA,NA,NA,NA,NA,NA,13.3581623848983,38.4150240526137,108.165631978061,13.3581623848983,38.4150240526137,108.165631978061
2028,"Fire-tailed Myzornis","2028",NA,NA,NA,NA,NA,NA,NA,NA,NA,10.7538334096572,35.0075817270257,112.605437901128,10.7538334096572,35.0075817270257,112.605437901128
2029,"Fire-tailed Myzornis","2029",NA,NA,NA,NA,NA,NA,NA,NA,NA,8.71063746533494,31.9197441344203,116.372117313894,8.71063746533494,31.9197441344203,116.372117313894
2030,"Fire-tailed Myzornis","2030",NA,NA,NA,NA,NA,NA,NA,NA,NA,7.03012556641402,29.0788434704611,121.465484643248,7.03012556641402,29.0788434704611,121.465484643248
2031,"Fire-tailed Myzornis","2031",NA,NA,NA,NA,NA,NA,NA,NA,NA,5.59408118678969,26.3881227437752,125.201279914694,5.59408118678969,26.3881227437752,125.201279914694
2032,"Fire-tailed Myzornis","2032",NA,NA,NA,NA,NA,NA,NA,NA,NA,4.46303584679112,23.9763413114061,129.77381764578,4.46303584679112,23.9763413114061,129.77381764578
2033,"Fire-tailed Myzornis","2033",NA,NA,NA,NA,NA,NA,NA,NA,NA,3.5324161452989,21.7373330459243,133.459945523649,3.5324161452989,21.7373330459243,133.459945523649
1985,"Golden-breasted Fulvetta","before 2000",0.0251735826556355,0.0566761766966851,0.0938494344933943,100,100,100,NA,NA,NA,NA,NA,NA,NA,NA,NA
2003,"Golden-breasted Fulvetta","2000-2006",0.0337413404280025,0.0683198240158409,0.118417243219437,53.2276285016835,122.251169205982,300.472825210149,NA,NA,NA,NA,NA,NA,NA,NA,NA
2009,"Golden-breasted Fulvetta","2007-2010",0.00832512936456649,0.039717814572486,0.0795346381469827,14.6130381046719,69.78917648548,212.791702395888,NA,NA,NA,NA,NA,NA,NA,NA,NA
2012,"Golden-breasted Fulvetta","2011-2012",0.00959354445022528,0.045103080111592,0.0920014087246684,16.7820303778914,81.464814455868,243.316492700119,NA,NA,NA,NA,NA,NA,NA,NA,NA
2013,"Golden-breasted Fulvetta","2013",0.0327469126200399,0.0746615093575599,0.126230759271752,50.9056854397344,138.073945278745,325.941806060102,NA,NA,NA,NA,NA,NA,NA,NA,NA
2014,"Golden-breasted Fulvetta","2014",0.0192156082852491,0.0446758554963082,0.0799595900898277,28.7407249503528,80.6959930529239,211.544888427383,NA,NA,NA,NA,NA,NA,NA,NA,NA
2015,"Golden-breasted Fulvetta","2015",5.65342992319423e-09,0.0084428958578704,0.0192474816077192,1.03111508141479e-05,14.2255408989888,46.8425384028967,100,100,100,NA,NA,NA,100,100,100
2016,"Golden-breasted Fulvetta","2016",0.0118603166077746,0.0226648151805468,0.0352868323558625,18.0204233057512,39.8728679326295,102.527037507466,94.4116670606904,271.112378339812,355425761.189855,NA,NA,NA,94.4116670606904,271.112378339812,355425761.189855
2017,"Golden-breasted Fulvetta","2017",0.00930653390529823,0.018549129669264,0.0303318640859362,12.8333106113882,33.0415115215484,85.0451221829711,76.9785072329618,227.763320373208,293102051.100159,NA,NA,NA,76.9785072329618,227.763320373208,293102051.100159
2018,"Golden-breasted Fulvetta","2018",0.0124019139438763,0.0203905973241658,0.0296657048263943,18.269883179247,36.337839742139,88.2167537984013,95.6095514721483,246.354502288741,324364718.046139,NA,NA,NA,95.6095514721483,246.354502288741,324364718.046139
2019,"Golden-breasted Fulvetta","2019",0.00827649965670775,0.0166909835106208,0.0255189193027917,12.7476496297791,29.0792918725215,69.6312581162878,66.3140457529832,203.029534434449,269672956.105198,NA,NA,NA,66.3140457529832,203.029534434449,269672956.105198
2020,"Golden-breasted Fulvetta","2020",0.0140112100728098,0.0207363908059019,0.0282159100318267,18.956037884401,37.2453173064184,83.060814692279,95.0410135688623,253.125635996915,343247925.208679,NA,NA,NA,95.0410135688623,253.125635996915,343247925.208679
2021,"Golden-breasted Fulvetta","2021",0.0304721766691757,0.0372294660906215,0.0451025771548104,37.5420960575227,66.369149009855,146.701352398045,191.138828727351,446.758957378551,641772609.899086,NA,NA,NA,191.138828727351,446.758957378551,641772609.899086
2022,"Golden-breasted Fulvetta","2022",0.0276699872621207,0.0336822766007881,0.0399728433199105,35.6018474228477,59.0628631650335,135.367050556242,176.554127293558,405.15988677448,581316209.052623,NA,NA,NA,176.554127293558,405.15988677448,581316209.052623
2023,"Golden-breasted Fulvetta","2023",0.0162109131646367,0.020181292711099,0.0240886877474683,20.1868035393565,35.6537603643648,78.3203977845697,103.248267578047,245.295121620486,348530678.518626,NA,NA,NA,103.248267578047,245.295121620486,348530678.518626
2024,"Golden-breasted Fulvetta","2024",0.0189364608456241,0.0225268188166662,0.026470024591567,23.691598188374,39.9028640109811,90.4273485356212,113.915612499638,272.225571421059,398961239.066195,NA,NA,NA,113.915612499638,272.225571421059,398961239.066195
2025,"Golden-breasted Fulvetta","2025",0.0168993880686946,0.0205264386185617,0.0244580113846385,20.913109016828,36.4238578533163,79.4795282559318,105.240416726432,249.210198181319,358429213.040063,NA,NA,NA,105.240416726432,249.210198181319,358429213.040063
2026,"Golden-breasted Fulvetta","2026",NA,NA,NA,NA,NA,NA,NA,NA,NA,223.042777730651,357.361836902552,573.682705951693,223.042777730651,357.361836902552,573.682705951693
2027,"Golden-breasted Fulvetta","2027",NA,NA,NA,NA,NA,NA,NA,NA,NA,223.29734614438,383.697868691883,654.547201478418,223.29734614438,383.697868691883,654.547201478418
2028,"Golden-breasted Fulvetta","2028",NA,NA,NA,NA,NA,NA,NA,NA,NA,222.851235310888,412.826058609131,745.38914289169,222.851235310888,412.826058609131,745.38914289169
2029,"Golden-breasted Fulvetta","2029",NA,NA,NA,NA,NA,NA,NA,NA,NA,223.324789346088,442.123436121126,852.484327774851,223.324789346088,442.123436121126,852.484327774851
2030,"Golden-breasted Fulvetta","2030",NA,NA,NA,NA,NA,NA,NA,NA,NA,222.853510692372,473.787382445755,973.332082828744,222.853510692372,473.787382445755,973.332082828744
2031,"Golden-breasted Fulvetta","2031",NA,NA,NA,NA,NA,NA,NA,NA,NA,222.573016523053,507.191730136467,1113.20979639844,222.573016523053,507.191730136467,1113.20979639844
2032,"Golden-breasted Fulvetta","2032",NA,NA,NA,NA,NA,NA,NA,NA,NA,220.330434486182,542.546335058315,1282.03255853766,220.330434486182,542.546335058315,1282.03255853766
2033,"Golden-breasted Fulvetta","2033",NA,NA,NA,NA,NA,NA,NA,NA,NA,218.518984389556,579.938606073952,1472.0493600738,218.518984389556,579.938606073952,1472.0493600738
1985,"White-browed Fulvetta","before 2000",0.17608808771631,0.246916274670027,0.327268705836239,100,100,100,NA,NA,NA,NA,NA,NA,NA,NA,NA
2003,"White-browed Fulvetta","2000-2006",0.120491253863421,0.195724796602932,0.280566629406188,44.7132466219986,78.6816736059743,132.204343278529,NA,NA,NA,NA,NA,NA,NA,NA,NA
2009,"White-browed Fulvetta","2007-2010",0.0499408884517703,0.1100263215235,0.182273318751127,18.3838562419034,44.424444673305,84.8773847079217,NA,NA,NA,NA,NA,NA,NA,NA,NA
2012,"White-browed Fulvetta","2011-2012",0.0491504776689144,0.102416294436875,0.163753129018194,19.4224854240942,41.6994806928156,72.0405904458239,NA,NA,NA,NA,NA,NA,NA,NA,NA
2013,"White-browed Fulvetta","2013",0.0923562833124342,0.150731667424997,0.21851825315678,34.7277052531114,61.4990635507979,101.773236446262,NA,NA,NA,NA,NA,NA,NA,NA,NA
2014,"White-browed Fulvetta","2014",0.0677839562129408,0.111757528520778,0.164662685737672,25.565551199405,45.2516334768388,76.0899939348545,NA,NA,NA,NA,NA,NA,NA,NA,NA
2015,"White-browed Fulvetta","2015",0.0210097332696026,0.041297339147642,0.0657515739056532,8.1859288904164,16.5440311159247,30.4358521839949,100,100,100,NA,NA,NA,100,100,100
2016,"White-browed Fulvetta","2016",0.0423221810616456,0.0604061774980682,0.080749561732161,15.8927848220783,24.5475293913537,38.3400389462122,85.1277384851277,147.36111460516,313.393510305403,NA,NA,NA,85.1277384851277,147.36111460516,313.393510305403
2017,"White-browed Fulvetta","2017",0.0585798475030634,0.082236862243851,0.107841014269357,21.3873019828736,33.115020385727,52.6377427474398,114.205710178371,201.67179586622,413.530129296876,NA,NA,NA,114.205710178371,201.67179586622,413.530129296876
2018,"White-browed Fulvetta","2018",0.0459800240026182,0.0616927318274742,0.077967751110743,16.827426903173,24.9417419743912,36.4494160366308,86.6197671903551,149.611053665312,320.785008196405,NA,NA,NA,86.6197671903551,149.611053665312,320.785008196405
2019,"White-browed Fulvetta","2019",0.051917463224289,0.0684828521149768,0.0856960414870534,18.9838328046644,27.7453572416378,41.1131472726992,97.3118547906645,166.386206260417,339.492051894113,NA,NA,NA,97.3118547906645,166.386206260417,339.492051894113
2020,"White-browed Fulvetta","2020",0.0735422392715476,0.0878574738472409,0.10325783551957,26.1825149561231,35.6927073716894,51.1331291335935,128.593592798718,214.505395861567,422.60567287542,NA,NA,NA,128.593592798718,214.505395861567,422.60567287542
2021,"White-browed Fulvetta","2021",0.0604454305978731,0.0704835451192808,0.0807932917156025,20.7792227400065,28.3968347355458,40.870310676073,104.716889373851,171.254578122785,340.715796154271,NA,NA,NA,104.716889373851,171.254578122785,340.715796154271
2022,"White-browed Fulvetta","2022",0.0741235840114929,0.0839472589608038,0.0941615013395402,25.6003886121433,33.9147582196014,48.3720963193522,129.465653496364,204.893868312856,395.465581744411,NA,NA,NA,129.465653496364,204.893868312856,395.465581744411
2023,"White-browed Fulvetta","2023",0.0557293314817389,0.0622491280453781,0.06925751920465,18.9023973320206,25.1305990770361,35.6666354006943,95.0330047180697,151.192560227185,294.894388531673,NA,NA,NA,95.0330047180697,151.192560227185,294.894388531673
2024,"White-browed Fulvetta","2024",0.0532034880262605,0.0589060644437866,0.0647479632390373,17.9909600486283,23.8104056150728,34.1161093938052,89.3230636049095,142.416506690731,273.497450131998,NA,NA,NA,89.3230636049095,142.416506690731,273.497450131998
2025,"White-browed Fulvetta","2025",0.0610353489603004,0.0680836213092597,0.0754371734205314,20.3441599289445,27.5675784146509,39.3349273699577,101.929548617998,165.713577341639,312.336402942356,NA,NA,NA,101.929548617998,165.713577341639,312.336402942356
2026,"White-browed Fulvetta","2026",NA,NA,NA,NA,NA,NA,NA,NA,NA,137.107693609246,183.592520843749,244.702857715784,137.107693609246,183.592520843749,244.702857715784
2027,"White-browed Fulvetta","2027",NA,NA,NA,NA,NA,NA,NA,NA,NA,134.438680158262,187.206819433162,259.910815045972,134.438680158262,187.206819433162,259.910815045972
2028,"White-browed Fulvetta","2028",NA,NA,NA,NA,NA,NA,NA,NA,NA,131.850157868578,191.326875332868,277.073682031892,131.850157868578,191.326875332868,277.073682031892
2029,"White-browed Fulvetta","2029",NA,NA,NA,NA,NA,NA,NA,NA,NA,128.871520950237,195.603879900581,295.731547940068,128.871520950237,195.603879900581,295.731547940068
2030,"White-browed Fulvetta","2030",NA,NA,NA,NA,NA,NA,NA,NA,NA,126.509483393056,200.408412738433,314.624395273216,126.509483393056,200.408412738433,314.624395273216
2031,"White-browed Fulvetta","2031",NA,NA,NA,NA,NA,NA,NA,NA,NA,123.940746741966,204.746123872677,336.537000547719,123.940746741966,204.746123872677,336.537000547719
2032,"White-browed Fulvetta","2032",NA,NA,NA,NA,NA,NA,NA,NA,NA,121.639433893757,209.634624369403,359.193812569119,121.639433893757,209.634624369403,359.193812569119
2033,"White-browed Fulvetta","2033",NA,NA,NA,NA,NA,NA,NA,NA,NA,119.098574756461,214.330698361016,382.447874064529,119.098574756461,214.330698361016,382.447874064529
1985,"Brown Parrotbill","before 2000",NA,NA,NA,NA,NA,NA,NA,NA,NA,NA,NA,NA,NA,NA,NA
2003,"Brown Parrotbill","2000-2006",NA,NA,NA,NA,NA,NA,NA,NA,NA,NA,NA,NA,NA,NA,NA
2009,"Brown Parrotbill","2007-2010",NA,NA,NA,NA,NA,NA,NA,NA,NA,NA,NA,NA,NA,NA,NA
2012,"Brown Parrotbill","2011-2012",NA,NA,NA,NA,NA,NA,NA,NA,NA,NA,NA,NA,NA,NA,NA
2013,"Brown Parrotbill","2013",NA,NA,NA,NA,NA,NA,NA,NA,NA,NA,NA,NA,NA,NA,NA
2014,"Brown Parrotbill","2014",NA,NA,NA,NA,NA,NA,NA,NA,NA,NA,NA,NA,NA,NA,NA
2015,"Brown Parrotbill","2015",0.00593424127727798,0.0194183549944731,0.0378302441668727,NA,NA,NA,100,100,100,NA,NA,NA,100,100,100
2016,"Brown Parrotbill","2016",0.00420193894079087,0.0131097266608794,0.0256302385549374,NA,NA,NA,20.00347933022,68.258293939066,273.713117410125,NA,NA,NA,20.00347933022,68.258293939066,273.713117410125
2017,"Brown Parrotbill","2017",5.02701804413047e-09,0.00501193011385692,0.0138142233309513,NA,NA,NA,1.94669832750792e-05,25.1523636373745,119.410897507567,NA,NA,NA,1.94669832750792e-05,25.1523636373745,119.410897507567
2018,"Brown Parrotbill","2018",0.00571266710714927,0.0127378426546661,0.0212136948830754,NA,NA,NA,25.1597128772623,64.6935150777016,264.226301150248,NA,NA,NA,25.1597128772623,64.6935150777016,264.226301150248
2019,"Brown Parrotbill","2019",0.0012745964107327,0.0055287403914633,0.0117240985576668,NA,NA,NA,4.34244453022423,27.0322783535129,129.91909404113,NA,NA,NA,4.34244453022423,27.0322783535129,129.91909404113
2020,"Brown Parrotbill","2020",0.0135794769489919,0.0216175890389023,0.0302170243811028,NA,NA,NA,52.2180636567364,111.412853595755,424.168186504201,NA,NA,NA,52.2180636567364,111.412853595755,424.168186504201
2021,"Brown Parrotbill","2021",0.0196662922569962,0.0263787709854376,0.0342917072886064,NA,NA,NA,69.3529151609231,137.145410258585,472.615936053955,NA,NA,NA,69.3529151609231,137.145410258585,472.615936053955
2022,"Brown Parrotbill","2022",0.0239146154033832,0.029981121470078,0.0363445303004094,NA,NA,NA,81.2360213240545,153.455311369151,553.693715939874,NA,NA,NA,81.2360213240545,153.455311369151,553.693715939874
2023,"Brown Parrotbill","2023",0.0153434097309885,0.0194270647467616,0.0238383231706387,NA,NA,NA,50.3266095288418,99.9335768659072,352.298885623855,NA,NA,NA,50.3266095288418,99.9335768659072,352.298885623855
2024,"Brown Parrotbill","2024",0.0172836809310555,0.0212356113465355,0.0255056696182545,NA,NA,NA,55.5657472270271,109.064610421154,384.17911147127,NA,NA,NA,55.5657472270271,109.064610421154,384.17911147127
2025,"Brown Parrotbill","2025",0.0138404254904783,0.0172122532753155,0.0208866551111106,NA,NA,NA,44.3532308638515,88.7784654277935,307.656136037477,NA,NA,NA,44.3532308638515,88.7784654277935,307.656136037477
2026,"Brown Parrotbill","2026",NA,NA,NA,NA,NA,NA,NA,NA,NA,50.8107817672236,139.941778495234,324.356367680795,50.8107817672236,139.941778495234,324.356367680795
2027,"Brown Parrotbill","2027",NA,NA,NA,NA,NA,NA,NA,NA,NA,49.3107082137017,154.365659767658,396.015277971011,49.3107082137017,154.365659767658,396.015277971011
2028,"Brown Parrotbill","2028",NA,NA,NA,NA,NA,NA,NA,NA,NA,47.7113944930267,168.544441383594,481.716490769854,47.7113944930267,168.544441383594,481.716490769854
2029,"Brown Parrotbill","2029",NA,NA,NA,NA,NA,NA,NA,NA,NA,46.0150188317242,184.159144832278,593.318518101602,46.0150188317242,184.159144832278,593.318518101602
2030,"Brown Parrotbill","2030",NA,NA,NA,NA,NA,NA,NA,NA,NA,44.3607483127241,203.696496027162,719.137204651025,44.3607483127241,203.696496027162,719.137204651025
2031,"Brown Parrotbill","2031",NA,NA,NA,NA,NA,NA,NA,NA,NA,42.7513878940163,221.663372437527,879.568327190027,42.7513878940163,221.663372437527,879.568327190027
2032,"Brown Parrotbill","2032",NA,NA,NA,NA,NA,NA,NA,NA,NA,41.2354672312342,243.972531725577,1088.78158465797,41.2354672312342,243.972531725577,1088.78158465797
2033,"Brown Parrotbill","2033",NA,NA,NA,NA,NA,NA,NA,NA,NA,39.6860624657976,268.330114265366,1359.36738563069,39.6860624657976,268.330114265366,1359.36738563069
1985,"Black-throated Parrotbill","before 2000",NA,NA,NA,NA,NA,NA,NA,NA,NA,NA,NA,NA,NA,NA,NA
2003,"Black-throated Parrotbill","2000-2006",NA,NA,NA,NA,NA,NA,NA,NA,NA,NA,NA,NA,NA,NA,NA
2009,"Black-throated Parrotbill","2007-2010",NA,NA,NA,NA,NA,NA,NA,NA,NA,NA,NA,NA,NA,NA,NA
2012,"Black-throated Parrotbill","2011-2012",NA,NA,NA,NA,NA,NA,NA,NA,NA,NA,NA,NA,NA,NA,NA
2013,"Black-throated Parrotbill","2013",NA,NA,NA,NA,NA,NA,NA,NA,NA,NA,NA,NA,NA,NA,NA
2014,"Black-throated Parrotbill","2014",NA,NA,NA,NA,NA,NA,NA,NA,NA,NA,NA,NA,NA,NA,NA
2015,"Black-throated Parrotbill","2015",1.69075097889255e-09,0.0059964531418957,0.0243511329982937,NA,NA,NA,100,100,100,NA,NA,NA,100,100,100
2016,"Black-throated Parrotbill","2016",0.00103940452132364,0.00805968951648355,0.0315144975609797,NA,NA,NA,49.7242471881819,133.888176253842,1042.60424427189,NA,NA,NA,49.7242471881819,133.888176253842,1042.60424427189
2017,"Black-throated Parrotbill","2017",0.000930934527255253,0.00795213143633545,0.0328653253828668,NA,NA,NA,45.9530167464547,132.463904339329,664.824714688414,NA,NA,NA,45.9530167464547,132.463904339329,664.824714688414
2018,"Black-throated Parrotbill","2018",0.0018141385069854,0.00988952828993844,0.0372827924619295,NA,NA,NA,68.6293483399802,165.529429789256,202387219.172738,NA,NA,NA,68.6293483399802,165.529429789256,202387219.172738
2019,"Black-throated Parrotbill","2019",0.000468295401375521,0.00340622092238732,0.0137641150215492,NA,NA,NA,17.305627709922,57.6019339375002,609.875528860982,NA,NA,NA,17.305627709922,57.6019339375002,609.875528860982
2020,"Black-throated Parrotbill","2020",0.00158247177858174,0.0074994515655647,0.0286709844986795,NA,NA,NA,58.6829240038255,127.634238214207,1941409.65890637,NA,NA,NA,58.6829240038255,127.634238214207,1941409.65890637
2021,"Black-throated Parrotbill","2021",0.00228785769009836,0.0103425534549295,0.0394884815843853,NA,NA,NA,85.9983217438636,175.270250736244,380400343.017875,NA,NA,NA,85.9983217438636,175.270250736244,380400343.017875
2022,"Black-throated Parrotbill","2022",0.00256622294040739,0.0129260155383483,0.0485076969967453,NA,NA,NA,101.624247914653,219.518198273606,367431304.498837,NA,NA,NA,101.624247914653,219.518198273606,367431304.498837
2023,"Black-throated Parrotbill","2023",0.00190375398125067,0.00893142133533942,0.0329267191441429,NA,NA,NA,70.7928196793348,149.737043852795,249147008.725317,NA,NA,NA,70.7928196793348,149.737043852795,249147008.725317
2024,"Black-throated Parrotbill","2024",0.00173513498241905,0.00843648401851996,0.0321495611542608,NA,NA,NA,67.3220268517425,143.016911848877,141003286.391884,NA,NA,NA,67.3220268517425,143.016911848877,141003286.391884
2025,"Black-throated Parrotbill","2025",0.00152516349237426,0.00675292137693084,0.0251493622300951,NA,NA,NA,55.2291655622075,113.845165156957,177470524.3945,NA,NA,NA,55.2291655622075,113.845165156957,177470524.3945
2026,"Black-throated Parrotbill","2026",NA,NA,NA,NA,NA,NA,NA,NA,NA,95.8107554857484,154.574922972911,253.894631069761,95.8107554857484,154.574922972911,253.894631069761
2027,"Black-throated Parrotbill","2027",NA,NA,NA,NA,NA,NA,NA,NA,NA,91.9710607715013,158.789795684954,280.360472289749,91.9710607715013,158.789795684954,280.360472289749
2028,"Black-throated Parrotbill","2028",NA,NA,NA,NA,NA,NA,NA,NA,NA,88.2789108577143,163.614063193269,308.108016357642,88.2789108577143,163.614063193269,308.108016357642
2029,"Black-throated Parrotbill","2029",NA,NA,NA,NA,NA,NA,NA,NA,NA,84.8265843564905,167.916416489042,338.128662131416,84.8265843564905,167.916416489042,338.128662131416
2030,"Black-throated Parrotbill","2030",NA,NA,NA,NA,NA,NA,NA,NA,NA,81.8283256397639,173.551392002379,372.372509023972,81.8283256397639,173.551392002379,372.372509023972
2031,"Black-throated Parrotbill","2031",NA,NA,NA,NA,NA,NA,NA,NA,NA,78.7402057393806,178.352936964829,410.674867361964,78.7402057393806,178.352936964829,410.674867361964
2032,"Black-throated Parrotbill","2032",NA,NA,NA,NA,NA,NA,NA,NA,NA,75.5244925423345,183.236006668397,453.692294984394,75.5244925423345,183.236006668397,453.692294984394
2033,"Black-throated Parrotbill","2033",NA,NA,NA,NA,NA,NA,NA,NA,NA,72.4791891683777,188.684291884551,501.829262931962,72.4791891683777,188.684291884551,501.829262931962
1985,"White-naped Yuhina","before 2000",NA,NA,NA,NA,NA,NA,NA,NA,NA,NA,NA,NA,NA,NA,NA
2003,"White-naped Yuhina","2000-2006",NA,NA,NA,NA,NA,NA,NA,NA,NA,NA,NA,NA,NA,NA,NA
2009,"White-naped Yuhina","2007-2010",NA,NA,NA,NA,NA,NA,NA,NA,NA,NA,NA,NA,NA,NA,NA
2012,"White-naped Yuhina","2011-2012",NA,NA,NA,NA,NA,NA,NA,NA,NA,NA,NA,NA,NA,NA,NA
2013,"White-naped Yuhina","2013",NA,NA,NA,NA,NA,NA,NA,NA,NA,NA,NA,NA,NA,NA,NA
2014,"White-naped Yuhina","2014",NA,NA,NA,NA,NA,NA,NA,NA,NA,NA,NA,NA,NA,NA,NA
2015,"White-naped Yuhina","2015",0.00135887463830503,0.00717058670657762,0.0195716141419039,NA,NA,NA,100,100,100,NA,NA,NA,100,100,100
2016,"White-naped Yuhina","2016",6.90756921933497e-11,0.00146897232692383,0.00464995861584092,NA,NA,NA,1.7768698339185e-06,20.0917322315121,92.7139903108168,NA,NA,NA,1.7768698339185e-06,20.0917322315121,92.7139903108168
2017,"White-naped Yuhina","2017",5.10034619133683e-10,0.00327509713689697,0.008712115389667,NA,NA,NA,5.39155143680422,43.6863429134706,154.792515859823,NA,NA,NA,5.39155143680422,43.6863429134706,154.792515859823
2018,"White-naped Yuhina","2018",0.00114455117456066,0.00433960219694379,0.0102664082148344,NA,NA,NA,24.7399703591755,60.4931088663952,190.224038171462,NA,NA,NA,24.7399703591755,60.4931088663952,190.224038171462
2019,"White-naped Yuhina","2019",1.01311648484041e-10,0.00146234947192569,0.00426679704550503,NA,NA,NA,2.82117925685452e-06,20.2514989901518,72.4211312503948,NA,NA,NA,2.82117925685452e-06,20.2514989901518,72.4211312503948
2020,"White-naped Yuhina","2020",0.000336954445748842,0.00147926698258038,0.00421243032065866,NA,NA,NA,6.15346543655221,21.2264459593398,69.7834424876546,NA,NA,NA,6.15346543655221,21.2264459593398,69.7834424876546
2021,"White-naped Yuhina","2021",0.000657416771041534,0.00243409318792196,0.00605611451771017,NA,NA,NA,14.1479175664845,34.4588739282035,115.648141552326,NA,NA,NA,14.1479175664845,34.4588739282035,115.648141552326
2022,"White-naped Yuhina","2022",0.000347856292662334,0.00138291898251641,0.00339512310749451,NA,NA,NA,6.75993519839086,19.4922710091057,65.56927893543,NA,NA,NA,6.75993519839086,19.4922710091057,65.56927893543
2023,"White-naped Yuhina","2023",0.000595266991178153,0.0018641307220202,0.00437897012451801,NA,NA,NA,10.9258434061961,25.7138133390051,89.4192459913254,NA,NA,NA,10.9258434061961,25.7138133390051,89.4192459913254
2024,"White-naped Yuhina","2024",0.000750458568352235,0.002298875968629,0.00527404128327511,NA,NA,NA,15.2734090935447,32.573453915697,108.502927925324,NA,NA,NA,15.2734090935447,32.573453915697,108.502927925324
2025,"White-naped Yuhina","2025",0.000253253496040954,0.000994662266621895,0.00246094896716733,NA,NA,NA,5.25227356638759,13.8985979808502,41.4639619900717,NA,NA,NA,5.25227356638759,13.8985979808502,41.4639619900717
2026,"White-naped Yuhina","2026",NA,NA,NA,NA,NA,NA,NA,NA,NA,7.17703397175756,16.7976738621182,35.4938229492581,7.17703397175756,16.7976738621182,35.4938229492581
2027,"White-naped Yuhina","2027",NA,NA,NA,NA,NA,NA,NA,NA,NA,5.88424855133621,15.2619690689987,35.6432834712821,5.88424855133621,15.2619690689987,35.6432834712821
2028,"White-naped Yuhina","2028",NA,NA,NA,NA,NA,NA,NA,NA,NA,4.79310539555742,13.9010266866216,35.8756218742363,4.79310539555742,13.9010266866216,35.8756218742363
2029,"White-naped Yuhina","2029",NA,NA,NA,NA,NA,NA,NA,NA,NA,3.88725574724299,12.6845889849099,36.0136872565766,3.88725574724299,12.6845889849099,36.0136872565766
2030,"White-naped Yuhina","2030",NA,NA,NA,NA,NA,NA,NA,NA,NA,3.15842917478183,11.4849571881218,36.4386821181833,3.15842917478183,11.4849571881218,36.4386821181833
2031,"White-naped Yuhina","2031",NA,NA,NA,NA,NA,NA,NA,NA,NA,2.55758033903022,10.4579796508037,36.728518220317,2.55758033903022,10.4579796508037,36.728518220317
2032,"White-naped Yuhina","2032",NA,NA,NA,NA,NA,NA,NA,NA,NA,2.07870509934561,9.53013259796324,37.0725097698167,2.07870509934561,9.53013259796324,37.0725097698167
2033,"White-naped Yuhina","2033",NA,NA,NA,NA,NA,NA,NA,NA,NA,1.6900161009877,8.64188927283822,37.1898763671502,1.6900161009877,8.64188927283822,37.1898763671502
1985,"Rufous-vented Yuhina","before 2000",0.001297909547411,0.00950236595897037,0.0400935469412804,100,100,100,NA,NA,NA,NA,NA,NA,NA,NA,NA
2003,"Rufous-vented Yuhina","2000-2006",1.86074083454937e-09,0.0076872936165937,0.0357148214795869,3.1882213022016e-05,84.2992729722193,324.99705367653,NA,NA,NA,NA,NA,NA,NA,NA,NA
2009,"Rufous-vented Yuhina","2007-2010",2.01646707155231e-09,0.00850147268808281,0.0371277662912894,8.82624981829091e-05,92.202076348246,310.811916097072,NA,NA,NA,NA,NA,NA,NA,NA,NA
2012,"Rufous-vented Yuhina","2011-2012",5.01658201531553e-10,0.00481389370635448,0.0219198520321836,1.34952722968388e-05,51.2517575869827,218.760340139747,NA,NA,NA,NA,NA,NA,NA,NA,NA
2013,"Rufous-vented Yuhina","2013",0.000637719709535174,0.00805290671138795,0.0352673430069101,13.1926865334599,85.4963550973251,311.215521678581,NA,NA,NA,NA,NA,NA,NA,NA,NA
2014,"Rufous-vented Yuhina","2014",4.7863793678428e-10,0.0052162200326341,0.0228035049930893,1.44567070594533e-05,55.8798673606486,217.813522551439,NA,NA,NA,NA,NA,NA,NA,NA,NA
2015,"Rufous-vented Yuhina","2015",0.000542615403353927,0.00456122456463656,0.0189686397611595,12.3817083133195,49.8559093618277,155.334108535552,100,100,100,NA,NA,NA,100,100,100
2016,"Rufous-vented Yuhina","2016",0.00135440005019629,0.00669549149998037,0.0264987730854477,29.2292310099802,72.5032652475983,213.037350179037,63.0646067679008,149.072505596722,527.080393533045,NA,NA,NA,63.0646067679008,149.072505596722,527.080393533045
2017,"Rufous-vented Yuhina","2017",0.00197186263779395,0.0107021519331487,0.0436902258172946,49.6809338659436,114.669067194593,344.84174324887,107.628273583878,232.390463645169,723.220229634361,NA,NA,NA,107.628273583878,232.390463645169,723.220229634361
2018,"Rufous-vented Yuhina","2018",0.0020277815439434,0.00959254742253759,0.0393956818486907,47.8289154270408,105.970355313985,309.553375506479,102.222644092221,215.621166747177,699.814216060769,NA,NA,NA,102.222644092221,215.621166747177,699.814216060769
2019,"Rufous-vented Yuhina","2019",0.00118442387323022,0.00652204825527955,0.0267643890528869,30.579115236668,71.7395760933664,213.560291816014,65.9978524315576,145.090765814312,487.19635305819,NA,NA,NA,65.9978524315576,145.090765814312,487.19635305819
2020,"Rufous-vented Yuhina","2020",0.00283685424700146,0.0125515230390805,0.0499262050240732,69.5812977808941,139.866004032952,414.948899464538,151.589303691462,284.934844863402,842.673464886598,NA,NA,NA,151.589303691462,284.934844863402,842.673464886598
2021,"Rufous-vented Yuhina","2021",0.000784375272443088,0.0035388181239146,0.0143788032303914,17.690919671974,38.6451429473747,112.513062877305,40.7946791044401,79.7631713442155,254.574817815567,NA,NA,NA,40.7946791044401,79.7631713442155,254.574817815567
2022,"Rufous-vented Yuhina","2022",0.00169795549616549,0.00745990276375725,0.0289066825805973,38.5189754425724,82.7528018333222,251.545884733601,89.5163677935642,166.455929934396,564.482825805054,NA,NA,NA,89.5163677935642,166.455929934396,564.482825805054
2023,"Rufous-vented Yuhina","2023",0.000570261524736373,0.00252020732570105,0.00991462184626494,12.681127727354,27.4731602948832,76.350605988348,27.1251668572992,56.0557356828841,177.687158886938,NA,NA,NA,27.1251668572992,56.0557356828841,177.687158886938
2024,"Rufous-vented Yuhina","2024",0.0010629994621407,0.00462757663539621,0.0176872014134901,25.3748430904947,51.1848907027268,147.02185039419,53.7710967261455,102.769000069092,341.142746782591,NA,NA,NA,53.7710967261455,102.769000069092,341.142746782591
2025,"Rufous-vented Yuhina","2025",0.000764476898321084,0.00351276939230991,0.0136731625125062,18.1787656884203,38.2951030513297,114.891842449393,37.78763468281,77.5644009508879,237.670861422557,NA,NA,NA,37.78763468281,77.5644009508879,237.670861422557
2026,"Rufous-vented Yuhina","2026",NA,NA,NA,NA,NA,NA,NA,NA,NA,44.0472446721968,82.9817818289047,155.746908047613,44.0472446721968,82.9817818289047,155.746908047613
2027,"Rufous-vented Yuhina","2027",NA,NA,NA,NA,NA,NA,NA,NA,NA,37.5753943333178,76.8511801379258,157.356647486328,37.5753943333178,76.8511801379258,157.356647486328
2028,"Rufous-vented Yuhina","2028",NA,NA,NA,NA,NA,NA,NA,NA,NA,32.2902099063939,71.5632603094507,159.467987727108,32.2902099063939,71.5632603094507,159.467987727108
2029,"Rufous-vented Yuhina","2029",NA,NA,NA,NA,NA,NA,NA,NA,NA,27.5927791827785,66.5466783552766,161.985334682657,27.5927791827785,66.5466783552766,161.985334682657
2030,"Rufous-vented Yuhina","2030",NA,NA,NA,NA,NA,NA,NA,NA,NA,23.6071360738978,61.9958457818084,164.012572238457,23.6071360738978,61.9958457818084,164.012572238457
2031,"Rufous-vented Yuhina","2031",NA,NA,NA,NA,NA,NA,NA,NA,NA,20.0596656234432,57.6036325046203,166.458184705256,20.0596656234432,57.6036325046203,166.458184705256
2032,"Rufous-vented Yuhina","2032",NA,NA,NA,NA,NA,NA,NA,NA,NA,17.0416547152589,53.4656777996167,169.492328366919,17.0416547152589,53.4656777996167,169.492328366919
2033,"Rufous-vented Yuhina","2033",NA,NA,NA,NA,NA,NA,NA,NA,NA,14.4615513864811,49.9820673992457,172.928930705669,14.4615513864811,49.9820673992457,172.928930705669
1985,"Indian White-eye","before 2000",NA,NA,NA,NA,NA,NA,NA,NA,NA,NA,NA,NA,NA,NA,NA
2003,"Indian White-eye","2000-2006",NA,NA,NA,NA,NA,NA,NA,NA,NA,NA,NA,NA,NA,NA,NA
2009,"Indian White-eye","2007-2010",NA,NA,NA,NA,NA,NA,NA,NA,NA,NA,NA,NA,NA,NA,NA
2012,"Indian White-eye","2011-2012",NA,NA,NA,NA,NA,NA,NA,NA,NA,NA,NA,NA,NA,NA,NA
2013,"Indian White-eye","2013",NA,NA,NA,NA,NA,NA,NA,NA,NA,NA,NA,NA,NA,NA,NA
2014,"Indian White-eye","2014",NA,NA,NA,NA,NA,NA,NA,NA,NA,NA,NA,NA,NA,NA,NA
2015,"Indian White-eye","2015",0.0230885077114155,0.0391548347161518,0.0621975710375351,NA,NA,NA,100,100,100,NA,NA,NA,100,100,100
2016,"Indian White-eye","2016",0.0234600334155474,0.0383303008119506,0.0587919975054685,NA,NA,NA,72.3484409924135,97.0075902321076,136.625703646545,NA,NA,NA,72.3484409924135,97.0075902321076,136.625703646545
2017,"Indian White-eye","2017",0.0308949740976845,0.0503269077210344,0.0763820023419553,NA,NA,NA,96.8446301113681,127.515483261063,175.101343434555,NA,NA,NA,96.8446301113681,127.515483261063,175.101343434555
2018,"Indian White-eye","2018",0.0235001587420976,0.0377255965274153,0.0573245464108215,NA,NA,NA,72.9672518302491,96.2546066350003,128.500140712034,NA,NA,NA,72.9672518302491,96.2546066350003,128.500140712034
2019,"Indian White-eye","2019",0.0267095116298256,0.0431405275379095,0.0659818144535672,NA,NA,NA,85.4596490113713,109.900640915677,147.531059638327,NA,NA,NA,85.4596490113713,109.900640915677,147.531059638327
2020,"Indian White-eye","2020",0.0196948357135603,0.0307601998193813,0.0466085931099983,NA,NA,NA,61.796750447808,78.4922226630501,104.393669474656,NA,NA,NA,61.796750447808,78.4922226630501,104.393669474656
2021,"Indian White-eye","2021",0.0191956103272474,0.0306447177962452,0.0464862698175313,NA,NA,NA,61.510706812424,78.6858207349754,105.206247611858,NA,NA,NA,61.510706812424,78.6858207349754,105.206247611858
2022,"Indian White-eye","2022",0.0215211277562803,0.0334928113524438,0.0508882634954704,NA,NA,NA,68.0288026896372,85.5628701543096,115.103816016961,NA,NA,NA,68.0288026896372,85.5628701543096,115.103816016961
2023,"Indian White-eye","2023",0.0233158848332678,0.0362464425059573,0.0550900987666962,NA,NA,NA,73.9328178711215,92.9675948987025,121.746436961204,NA,NA,NA,73.9328178711215,92.9675948987025,121.746436961204
2024,"Indian White-eye","2024",0.0243142774394184,0.0378977279489378,0.0577842505978949,NA,NA,NA,77.3107942782737,97.1906408805434,127.71460674252,NA,NA,NA,77.3107942782737,97.1906408805434,127.71460674252
2025,"Indian White-eye","2025",0.0260929387151611,0.0409676884400266,0.0620794115507501,NA,NA,NA,84.4357359528176,105.345477764834,137.765369358804,NA,NA,NA,84.4357359528176,105.345477764834,137.765369358804
2026,"Indian White-eye","2026",NA,NA,NA,NA,NA,NA,NA,NA,NA,74.4057129881579,89.9416568859609,109.13138755098,74.4057129881579,89.9416568859609,109.13138755098
2027,"Indian White-eye","2027",NA,NA,NA,NA,NA,NA,NA,NA,NA,71.5912763159556,88.9367476973967,110.616728116351,71.5912763159556,88.9367476973967,110.616728116351
2028,"Indian White-eye","2028",NA,NA,NA,NA,NA,NA,NA,NA,NA,68.7916494289614,87.7190387552329,112.349806091528,68.7916494289614,87.7190387552329,112.349806091528
2029,"Indian White-eye","2029",NA,NA,NA,NA,NA,NA,NA,NA,NA,66.1410958818958,86.5590355777633,114.120806902659,66.1410958818958,86.5590355777633,114.120806902659
2030,"Indian White-eye","2030",NA,NA,NA,NA,NA,NA,NA,NA,NA,63.4871404860606,85.4386436886771,116.049682876239,63.4871404860606,85.4386436886771,116.049682876239
2031,"Indian White-eye","2031",NA,NA,NA,NA,NA,NA,NA,NA,NA,61.0623525018694,84.6278906101932,118.061910056757,61.0623525018694,84.6278906101932,118.061910056757
2032,"Indian White-eye","2032",NA,NA,NA,NA,NA,NA,NA,NA,NA,58.7420326315989,83.8371441055132,120.03531059821,58.7420326315989,83.8371441055132,120.03531059821
2033,"Indian White-eye","2033",NA,NA,NA,NA,NA,NA,NA,NA,NA,56.4846637251979,82.7623410075686,121.982371516963,56.4846637251979,82.7623410075686,121.982371516963
1985,"Rufous-capped Babbler","before 2000",0.00322574007204806,0.0190945864472439,0.0652385106514658,100,100,100,NA,NA,NA,NA,NA,NA,NA,NA,NA
2003,"Rufous-capped Babbler","2000-2006",0.00126278462323497,0.012191962064667,0.0441371235791584,13.7814078456938,63.289026860431,199.959921487029,NA,NA,NA,NA,NA,NA,NA,NA,NA
2009,"Rufous-capped Babbler","2007-2010",0.00408749249459728,0.0233881377328128,0.0733000963296355,40.5321438047452,119.623930178021,409.292119438908,NA,NA,NA,NA,NA,NA,NA,NA,NA
2012,"Rufous-capped Babbler","2011-2012",0.0015779840079371,0.0170756251900406,0.056545031950211,11.4176857813189,85.4605722923519,273.484441690535,NA,NA,NA,NA,NA,NA,NA,NA,NA
2013,"Rufous-capped Babbler","2013",2.26744587790648e-09,0.0106254240782463,0.0391573744237004,3.34160062403494e-05,54.1125942459707,194.356528293695,NA,NA,NA,NA,NA,NA,NA,NA,NA
2014,"Rufous-capped Babbler","2014",0.00114208017310362,0.0116956794719583,0.0392866268012205,10.2124594569295,62.281981150221,173.82617300015,NA,NA,NA,NA,NA,NA,NA,NA,NA
2015,"Rufous-capped Babbler","2015",0.00222347499105902,0.0106940803045443,0.0365451373536508,21.7141788420035,57.001894968139,149.354939690257,100,100,100,NA,NA,NA,100,100,100
2016,"Rufous-capped Babbler","2016",0.00236622767336407,0.0109091308899142,0.0345962703148778,24.3311962674925,56.5578693192246,140.470847543895,45.524878798546,100.713777789933,233.881938638156,NA,NA,NA,45.524878798546,100.713777789933,233.881938638156
2017,"Rufous-capped Babbler","2017",0.00192993204337555,0.00872800918949021,0.0288683333137876,20.4278708219195,45.9406939217033,134.103045400918,32.5135389847409,80.6042986623058,209.436365533535,NA,NA,NA,32.5135389847409,80.6042986623058,209.436365533535
2018,"Rufous-capped Babbler","2018",0.00232580006150981,0.00898609211588166,0.0307828651712622,23.7883439762991,48.4396022501037,124.800093406917,42.9498094685676,84.4684817007275,184.986358326507,NA,NA,NA,42.9498094685676,84.4684817007275,184.986358326507
2019,"Rufous-capped Babbler","2019",0.00153749304044362,0.00675054288285234,0.022267720371192,16.361100614602,35.2271297657362,98.1485208164301,29.6982713683305,62.1191867292565,142.562711554584,NA,NA,NA,29.6982713683305,62.1191867292565,142.562711554584
2020,"Rufous-capped Babbler","2020",0.00246538790974872,0.0104633656323263,0.0333505431930315,29.0668287552907,55.3743196730976,138.108559097986,52.8324399491971,96.0671592708148,202.566429905467,NA,NA,NA,52.8324399491971,96.0671592708148,202.566429905467
2021,"Rufous-capped Babbler","2021",0.00297864500284724,0.0109266883311574,0.0344920582124124,32.1381237299649,57.7627464733131,151.273415748333,57.0539903613065,101.504392661011,210.890001609017,NA,NA,NA,57.0539903613065,101.504392661011,210.890001609017
2022,"Rufous-capped Babbler","2022",0.00349630970524865,0.0136241098910551,0.0410334843963349,39.5079787242602,70.0860638706641,186.478803165592,71.2549634365967,123.461942074432,245.525440487576,NA,NA,NA,71.2549634365967,123.461942074432,245.525440487576
2023,"Rufous-capped Babbler","2023",0.00274287982155602,0.0103528617504587,0.0322902115164616,30.0923973289366,53.9399954788814,137.592978062779,53.5198712889305,94.1156449088841,190.745840230725,NA,NA,NA,53.5198712889305,94.1156449088841,190.745840230725
2024,"Rufous-capped Babbler","2024",0.00271024877220537,0.0101574897498142,0.0313266268494329,29.7476788981155,52.8157818392848,135.98202130425,53.1870605690501,93.5371031903488,190.266024787529,NA,NA,NA,53.1870605690501,93.5371031903488,190.266024787529
2025,"Rufous-capped Babbler","2025",0.00199804883953792,0.00779780354622789,0.0244030707746541,22.0809898162611,40.3377071311559,104.73933834214,41.0925574599528,71.1385701410152,150.281544656759,NA,NA,NA,41.0925574599528,71.1385701410152,150.281544656759
2026,"Rufous-capped Babbler","2026",NA,NA,NA,NA,NA,NA,NA,NA,NA,65.5487520133498,87.9568247303605,120.89406578927,65.5487520133498,87.9568247303605,120.89406578927
2027,"Rufous-capped Babbler","2027",NA,NA,NA,NA,NA,NA,NA,NA,NA,62.8156116922788,88.0551838525652,125.49155659333,62.8156116922788,88.0551838525652,125.49155659333
2028,"Rufous-capped Babbler","2028",NA,NA,NA,NA,NA,NA,NA,NA,NA,59.8393146630424,88.0400243840751,130.846925243887,59.8393146630424,88.0400243840751,130.846925243887
2029,"Rufous-capped Babbler","2029",NA,NA,NA,NA,NA,NA,NA,NA,NA,57.2007217767784,88.1646919692981,136.547409257695,57.2007217767784,88.1646919692981,136.547409257695
2030,"Rufous-capped Babbler","2030",NA,NA,NA,NA,NA,NA,NA,NA,NA,54.7090841125686,88.4024885334385,142.260156954973,54.7090841125686,88.4024885334385,142.260156954973
2031,"Rufous-capped Babbler","2031",NA,NA,NA,NA,NA,NA,NA,NA,NA,52.0241538474149,88.2531760137418,148.445684212696,52.0241538474149,88.2531760137418,148.445684212696
2032,"Rufous-capped Babbler","2032",NA,NA,NA,NA,NA,NA,NA,NA,NA,49.597512662987,88.2232211169072,155.033901020938,49.597512662987,88.2232211169072,155.033901020938
2033,"Rufous-capped Babbler","2033",NA,NA,NA,NA,NA,NA,NA,NA,NA,47.2943905585853,87.822558842392,162.205213780071,47.2943905585853,87.822558842392,162.205213780071
1985,"Black-crowned Scimitar-Babbler","before 2000",NA,NA,NA,NA,NA,NA,NA,NA,NA,NA,NA,NA,NA,NA,NA
2003,"Black-crowned Scimitar-Babbler","2000-2006",NA,NA,NA,NA,NA,NA,NA,NA,NA,NA,NA,NA,NA,NA,NA
2009,"Black-crowned Scimitar-Babbler","2007-2010",NA,NA,NA,NA,NA,NA,NA,NA,NA,NA,NA,NA,NA,NA,NA
2012,"Black-crowned Scimitar-Babbler","2011-2012",NA,NA,NA,NA,NA,NA,NA,NA,NA,NA,NA,NA,NA,NA,NA
2013,"Black-crowned Scimitar-Babbler","2013",NA,NA,NA,NA,NA,NA,NA,NA,NA,NA,NA,NA,NA,NA,NA
2014,"Black-crowned Scimitar-Babbler","2014",NA,NA,NA,NA,NA,NA,NA,NA,NA,NA,NA,NA,NA,NA,NA
2015,"Black-crowned Scimitar-Babbler","2015",9.12724672779338e-11,0.0023238115752057,0.0105709387257498,NA,NA,NA,100,100,100,NA,NA,NA,100,100,100
2016,"Black-crowned Scimitar-Babbler","2016",3.76760153642779e-11,0.000758541485133466,0.00412293329671723,NA,NA,NA,1.28215492926929e-06,43.0603115857448,829269802.165083,NA,NA,NA,1.28215492926929e-06,43.0603115857448,829269802.165083
2017,"Black-crowned Scimitar-Babbler","2017",4.43417444727652e-11,0.00109022389486176,0.00516932084227324,NA,NA,NA,1.83394374270687e-06,48.5440556558445,1083038984.01246,NA,NA,NA,1.83394374270687e-06,48.5440556558445,1083038984.01246
2018,"Black-crowned Scimitar-Babbler","2018",0.000940847513021538,0.00353181770004472,0.00881733752432873,NA,NA,NA,25.0414024471629,152.496669111155,3177486014.8123,NA,NA,NA,25.0414024471629,152.496669111155,3177486014.8123
2019,"Black-crowned Scimitar-Babbler","2019",0.0006538860869658,0.00336165061009983,0.00865700895320315,NA,NA,NA,16.15790152947,163.855814497271,3254969433.21323,NA,NA,NA,16.15790152947,163.855814497271,3254969433.21323
2020,"Black-crowned Scimitar-Babbler","2020",0.000867389569459442,0.00298539947731629,0.0070047616278858,NA,NA,NA,25.1271840002074,137.587374147257,3155390423.54791,NA,NA,NA,25.1271840002074,137.587374147257,3155390423.54791
2021,"Black-crowned Scimitar-Babbler","2021",0.000270829646703291,0.00138689473394991,0.00373820751248517,NA,NA,NA,7.77110024411614,65.3157188417184,1220908583.10918,NA,NA,NA,7.77110024411614,65.3157188417184,1220908583.10918
2022,"Black-crowned Scimitar-Babbler","2022",0.000390655527570611,0.00142614034062614,0.00330251554580556,NA,NA,NA,10.2826673357159,64.5406822181515,1253369117.7765,NA,NA,NA,10.2826673357159,64.5406822181515,1253369117.7765
2023,"Black-crowned Scimitar-Babbler","2023",3.77201705416364e-11,0.00034287718568138,0.00118923480682845,NA,NA,NA,1.39084065239114e-06,16.5354615973717,269338352.266608,NA,NA,NA,1.39084065239114e-06,16.5354615973717,269338352.266608
2024,"Black-crowned Scimitar-Babbler","2024",0.000293639792506158,0.00097889000329864,0.0020977463624464,NA,NA,NA,6.80692628813757,43.8550880687514,864715527.782312,NA,NA,NA,6.80692628813757,43.8550880687514,864715527.782312
2025,"Black-crowned Scimitar-Babbler","2025",0.000643685616641714,0.00164298592370948,0.0031817963655119,NA,NA,NA,12.6932968471747,72.5644319395512,1610498183.36544,NA,NA,NA,12.6932968471747,72.5644319395512,1610498183.36544
2026,"Black-crowned Scimitar-Babbler","2026",NA,NA,NA,NA,NA,NA,NA,NA,NA,7.1061246639653,166.821857348397,87567.4323041999,7.1061246639653,166.821857348397,87567.4323041999
2027,"Black-crowned Scimitar-Babbler","2027",NA,NA,NA,NA,NA,NA,NA,NA,NA,5.60667716965307,273.04186254029,304160.067959194,5.60667716965307,273.04186254029,304160.067959194
2028,"Black-crowned Scimitar-Babbler","2028",NA,NA,NA,NA,NA,NA,NA,NA,NA,4.2595853868105,419.610800502718,1104671.4120658,4.2595853868105,419.610800502718,1104671.4120658
2029,"Black-crowned Scimitar-Babbler","2029",NA,NA,NA,NA,NA,NA,NA,NA,NA,3.29238274302123,641.200953665616,3995117.46261906,3.29238274302123,641.200953665616,3995117.46261906
2030,"Black-crowned Scimitar-Babbler","2030",NA,NA,NA,NA,NA,NA,NA,NA,NA,2.48393867561051,983.766174320139,15109093.3897986,2.48393867561051,983.766174320139,15109093.3897986
2031,"Black-crowned Scimitar-Babbler","2031",NA,NA,NA,NA,NA,NA,NA,NA,NA,1.92115788391093,1543.41885030918,59436739.9487953,1.92115788391093,1543.41885030918,59436739.9487953
2032,"Black-crowned Scimitar-Babbler","2032",NA,NA,NA,NA,NA,NA,NA,NA,NA,1.44717564366967,2372.9256276059,225277606.468995,1.44717564366967,2372.9256276059,225277606.468995
2033,"Black-crowned Scimitar-Babbler","2033",NA,NA,NA,NA,NA,NA,NA,NA,NA,1.0839550220863,3620.83546949887,870967036.31096,1.0839550220863,3620.83546949887,870967036.31096
1985,"Slender-billed Scimitar-Babbler","before 2000",0.00323783493668585,0.0174599606863098,0.0480830383474783,100,100,100,NA,NA,NA,NA,NA,NA,NA,NA,NA
2003,"Slender-billed Scimitar-Babbler","2000-2006",9.00981407675149e-10,0.0154699432999684,0.0462391133454803,8.94912128315043e-06,84.782272197612,413.236069185814,NA,NA,NA,NA,NA,NA,NA,NA,NA
2009,"Slender-billed Scimitar-Babbler","2007-2010",2.45312604795935e-10,0.0088483212115419,0.0317482030289325,2.70849873342733e-06,50.7112824619651,227.536042545229,NA,NA,NA,NA,NA,NA,NA,NA,NA
2012,"Slender-billed Scimitar-Babbler","2011-2012",2.52655382174512e-10,0.0068397069514533,0.0265825414297705,2.89943919989723e-06,38.8713915377474,216.598500901981,NA,NA,NA,NA,NA,NA,NA,NA,NA
2013,"Slender-billed Scimitar-Babbler","2013",2.70267473577388e-10,0.00575709680927562,0.0229902950832478,3.35586478581909e-06,31.2957056060321,179.894230921765,NA,NA,NA,NA,NA,NA,NA,NA,NA
2014,"Slender-billed Scimitar-Babbler","2014",0.00359163540389595,0.0197923233327824,0.0541911438777451,25.8731177381532,112.706654125681,478.395089584023,NA,NA,NA,NA,NA,NA,NA,NA,NA
2015,"Slender-billed Scimitar-Babbler","2015",6.26726805577037e-10,0.00640100457177861,0.0190735774628807,6.1544663030648e-06,35.5947140960007,140.200020075531,100,100,100,NA,NA,NA,100,100,100
2016,"Slender-billed Scimitar-Babbler","2016",9.49212868248012e-10,0.00469890726962971,0.0133677236186063,5.26921124084862,26.2836852283238,103.954113748053,13.9655989779944,76.6620231709965,383699774.703237,NA,NA,NA,13.9655989779944,76.6620231709965,383699774.703237
2017,"Slender-billed Scimitar-Babbler","2017",1.22325733776662e-10,0.00116064484015741,0.00451912152777934,1.10874126416e-06,6.48292612599462,41.4769337572387,3.60603444268262e-06,18.3606470699116,120.38775111183,NA,NA,NA,3.60603444268262e-06,18.3606470699116,120.38775111183
2018,"Slender-billed Scimitar-Babbler","2018",0.000762301958101486,0.00416231073360598,0.0109151203526953,6.11101773119008,23.6846179099048,93.6942272893982,19.9803377955071,66.2260006687566,337276379.681265,NA,NA,NA,19.9803377955071,66.2260006687566,337276379.681265
2019,"Slender-billed Scimitar-Babbler","2019",0.000719944063980194,0.00392307557464072,0.0102252877422112,5.15805952555555,22.2886223617063,90.1780990682886,16.8139917494457,62.3141238078501,336907061.549861,NA,NA,NA,16.8139917494457,62.3141238078501,336907061.549861
2020,"Slender-billed Scimitar-Babbler","2020",0.00158885314774927,0.00530780603976587,0.0134396482363993,12.3492436554389,30.3936897998536,112.857358087288,32.6106827716415,84.4924170437945,548451898.166975,NA,NA,NA,32.6106827716415,84.4924170437945,548451898.166975
2021,"Slender-billed Scimitar-Babbler","2021",0.00235698088550925,0.0075445834542917,0.0177667949671874,19.6760157225913,43.5199433140144,154.758927351699,49.2206404477511,121.690034319112,831956326.006797,NA,NA,NA,49.2206404477511,121.690034319112,831956326.006797
2022,"Slender-billed Scimitar-Babbler","2022",0.00258182887399469,0.00861974959657422,0.0216217444945395,21.8207953110974,49.9748681625735,174.868105927044,60.2874979499423,140.293520834317,862907010.041236,NA,NA,NA,60.2874979499423,140.293520834317,862907010.041236
2023,"Slender-billed Scimitar-Babbler","2023",0.00193812925718825,0.00619642226663698,0.0150028864420128,16.250385251273,35.716863596103,137.818456467906,41.957539249318,99.8423384969282,532257352.157326,NA,NA,NA,41.957539249318,99.8423384969282,532257352.157326
2024,"Slender-billed Scimitar-Babbler","2024",0.00267934004870606,0.00783207630734879,0.0189562472678271,20.6929369653921,45.352763538276,172.492160673819,53.5543086174097,125.685587757535,729441746.944348,NA,NA,NA,53.5543086174097,125.685587757535,729441746.944348
2025,"Slender-billed Scimitar-Babbler","2025",0.00158968351299409,0.00493485785019896,0.0125086051517033,12.666819824187,28.5472920713082,112.344831768932,32.95623967919,79.7398495999755,593024255.271783,NA,NA,NA,32.95623967919,79.7398495999755,593024255.271783
2026,"Slender-billed Scimitar-Babbler","2026",NA,NA,NA,NA,NA,NA,NA,NA,NA,53.1968635063914,142.121097107215,304.154166934332,53.1968635063914,142.121097107215,304.154166934332
2027,"Slender-billed Scimitar-Babbler","2027",NA,NA,NA,NA,NA,NA,NA,NA,NA,51.6751575547583,158.330764818425,363.278682195983,51.6751575547583,158.330764818425,363.278682195983
2028,"Slender-billed Scimitar-Babbler","2028",NA,NA,NA,NA,NA,NA,NA,NA,NA,50.1504763581674,173.458005610208,438.142045171704,50.1504763581674,173.458005610208,438.142045171704
2029,"Slender-billed Scimitar-Babbler","2029",NA,NA,NA,NA,NA,NA,NA,NA,NA,48.2301007193963,189.218218751368,526.986148200711,48.2301007193963,189.218218751368,526.986148200711
2030,"Slender-billed Scimitar-Babbler","2030",NA,NA,NA,NA,NA,NA,NA,NA,NA,46.3159103913245,205.695029534899,623.869925365714,46.3159103913245,205.695029534899,623.869925365714
2031,"Slender-billed Scimitar-Babbler","2031",NA,NA,NA,NA,NA,NA,NA,NA,NA,44.8344875412848,223.728646790475,736.740110135893,44.8344875412848,223.728646790475,736.740110135893
2032,"Slender-billed Scimitar-Babbler","2032",NA,NA,NA,NA,NA,NA,NA,NA,NA,43.3830356740392,242.758727537508,884.782636304632,43.3830356740392,242.758727537508,884.782636304632
2033,"Slender-billed Scimitar-Babbler","2033",NA,NA,NA,NA,NA,NA,NA,NA,NA,41.8917906074931,262.876142513583,1069.42769194513,41.8917906074931,262.876142513583,1069.42769194513
1985,"Gray-throated Babbler","before 2000",0.00119801069835851,0.00779035506940357,0.0205554390301675,100,100,100,NA,NA,NA,NA,NA,NA,NA,NA,NA
2003,"Gray-throated Babbler","2000-2006",3.71118369829265e-10,0.00872880469254452,0.028205693296855,1.07015246798434e-05,110.929096565877,611.536796736286,NA,NA,NA,NA,NA,NA,NA,NA,NA
2009,"Gray-throated Babbler","2007-2010",2.07870620567546e-10,0.00286642008945731,0.0112268361932117,4.69673932235782e-06,35.890199644562,252.011770705897,NA,NA,NA,NA,NA,NA,NA,NA,NA
2012,"Gray-throated Babbler","2011-2012",2.02344804401039e-10,0.00168076185099417,0.00845269611345105,4.03128431307668e-06,20.0267416608911,197.258286752852,NA,NA,NA,NA,NA,NA,NA,NA,NA
2013,"Gray-throated Babbler","2013",3.79990090669748e-10,0.00530747094019779,0.0176099005080135,7.60520899616177e-06,70.0808770149459,381.170831637209,NA,NA,NA,NA,NA,NA,NA,NA,NA
2014,"Gray-throated Babbler","2014",2.41083796943845e-10,0.00377542358934267,0.0142118851195848,5.14414983242159e-06,50.6971859201343,247.540079489506,NA,NA,NA,NA,NA,NA,NA,NA,NA
2015,"Gray-throated Babbler","2015",3.66548937965043e-10,0.00344280117313805,0.0104919851709871,1.07959696165227e-05,44.1627143330877,230.797295132237,100,100,100,NA,NA,NA,100,100,100
2016,"Gray-throated Babbler","2016",0.000729510977175882,0.00374910097506498,0.00984762449579625,11.9117934195348,48.491086824505,216.592443087971,28.0234230199938,108.970131018453,621834325.571903,NA,NA,NA,28.0234230199938,108.970131018453,621834325.571903
2017,"Gray-throated Babbler","2017",0.000813340294885017,0.00393545813038535,0.0110270922191463,13.2697591469404,50.6644321971495,248.536609766428,28.8957927213252,114.871538529761,521009695.95808,NA,NA,NA,28.8957927213252,114.871538529761,521009695.95808
2018,"Gray-throated Babbler","2018",0.00128423547982689,0.00443807131476871,0.0109284622282089,21.9681699711966,57.3219264653056,254.431560593556,44.6271197561429,125.401311735386,757362566.348012,NA,NA,NA,44.6271197561429,125.401311735386,757362566.348012
2019,"Gray-throated Babbler","2019",0.000835700923118632,0.00317679788935185,0.00801919763471603,13.2239486022206,41.3727826708336,194.711728693289,29.9014121455896,92.6198855312672,647159343.633842,NA,NA,NA,29.9014121455896,92.6198855312672,647159343.633842
2020,"Gray-throated Babbler","2020",0.00176729515694923,0.00488670956716555,0.0120745832833595,27.3195189596547,63.4895922708412,279.344335853509,57.490451103153,140.114964265722,992298772.940632,NA,NA,NA,57.490451103153,140.114964265722,992298772.940632
2021,"Gray-throated Babbler","2021",0.00146338478785516,0.00415815723296546,0.0100455039642368,22.2459275603685,53.1146327733249,235.831762610845,47.0122512437762,118.055789661309,730122589.926551,NA,NA,NA,47.0122512437762,118.055789661309,730122589.926551
2022,"Gray-throated Babbler","2022",0.00189662254256584,0.00520037742339121,0.0123321598073627,29.6319763598791,67.3300348231912,302.651478610548,63.1993412011812,148.421310444705,1049258201.68267,NA,NA,NA,63.1993412011812,148.421310444705,1049258201.68267
2023,"Gray-throated Babbler","2023",0.00210344469714219,0.00541465321506038,0.012995862605125,33.1268466322196,70.4930478974348,303.583081265682,70.4688717398023,159.462507015022,958480546.123321,NA,NA,NA,70.4688717398023,159.462507015022,958480546.123321
2024,"Gray-throated Babbler","2024",0.0018647622450556,0.00500474311557151,0.0121552703806162,30.8849210207921,64.9142765614334,297.783391549115,62.7906697209667,143.926051672754,825923836.407307,NA,NA,NA,62.7906697209667,143.926051672754,825923836.407307
2025,"Gray-throated Babbler","2025",0.00276403363887786,0.00715217842197032,0.0173524414343261,44.2176958035463,91.9480212417859,408.378372652363,91.8597621228991,205.502583624014,1228727152.57502,NA,NA,NA,91.8597621228991,205.502583624014,1228727152.57502
2026,"Gray-throated Babbler","2026",NA,NA,NA,NA,NA,NA,NA,NA,NA,134.199199521697,183.263716774807,255.351570940599,134.199199521697,183.263716774807,255.351570940599
2027,"Gray-throated Babbler","2027",NA,NA,NA,NA,NA,NA,NA,NA,NA,135.863381041102,195.200968039944,281.845084548516,135.863381041102,195.200968039944,281.845084548516
2028,"Gray-throated Babbler","2028",NA,NA,NA,NA,NA,NA,NA,NA,NA,138.539699578674,208.233123091142,315.778670590983,138.539699578674,208.233123091142,315.778670590983
2029,"Gray-throated Babbler","2029",NA,NA,NA,NA,NA,NA,NA,NA,NA,142.191230984647,222.467367015265,351.184453821741,142.191230984647,222.467367015265,351.184453821741
2030,"Gray-throated Babbler","2030",NA,NA,NA,NA,NA,NA,NA,NA,NA,144.401150613147,236.857061175848,390.607878526095,144.401150613147,236.857061175848,390.607878526095
2031,"Gray-throated Babbler","2031",NA,NA,NA,NA,NA,NA,NA,NA,NA,146.905906536352,252.142488487298,433.271939558322,146.905906536352,252.142488487298,433.271939558322
2032,"Gray-throated Babbler","2032",NA,NA,NA,NA,NA,NA,NA,NA,NA,149.913127357155,266.201436860582,483.361276726497,149.913127357155,266.201436860582,483.361276726497
2033,"Gray-throated Babbler","2033",NA,NA,NA,NA,NA,NA,NA,NA,NA,152.068351288021,281.893030532197,541.077512375174,152.068351288021,281.893030532197,541.077512375174
1985,"Yellow-throated Fulvetta","before 2000",0.00633322762637056,0.0157762910553153,0.0290883191829365,100,100,100,NA,NA,NA,NA,NA,NA,NA,NA,NA
2003,"Yellow-throated Fulvetta","2000-2006",0.00389662560051423,0.0109297341753346,0.0230995484204792,21.7659020809882,68.766149462015,192.947084151271,NA,NA,NA,NA,NA,NA,NA,NA,NA
2009,"Yellow-throated Fulvetta","2007-2010",0.00963592272169657,0.0255002455353587,0.0488752630394098,57.9191906409035,160.208926174435,426.196751456188,NA,NA,NA,NA,NA,NA,NA,NA,NA
2012,"Yellow-throated Fulvetta","2011-2012",1.52550588214318e-09,0.00386225697028674,0.0140813674359288,1.28568216741655e-05,22.7505928391644,103.361457894569,NA,NA,NA,NA,NA,NA,NA,NA,NA
2013,"Yellow-throated Fulvetta","2013",0.00584049737341654,0.0188566700233121,0.0394645075296249,32.8786496646828,121.325122423085,325.945660593519,NA,NA,NA,NA,NA,NA,NA,NA,NA
2014,"Yellow-throated Fulvetta","2014",1.71406052814083e-09,0.00389675220184477,0.0110610064438314,8.71415654764435e-06,23.4753215267733,83.6781453768992,NA,NA,NA,NA,NA,NA,NA,NA,NA
2015,"Yellow-throated Fulvetta","2015",0.0028673782884269,0.00933566469730349,0.0194207440392125,16.2477408132581,57.4968561471356,165.828059385054,100,100,100,NA,NA,NA,100,100,100
2016,"Yellow-throated Fulvetta","2016",0.000728283778708513,0.00259305389422054,0.00599950754304717,4.35818349610785,16.1261371210112,48.348537126626,6.64083861132608,27.8555050131226,110.472671109172,NA,NA,NA,6.64083861132608,27.8555050131226,110.472671109172
2017,"Yellow-throated Fulvetta","2017",0.00112990884772688,0.00364957756542875,0.00724350027217506,6.59906681140348,22.724290690252,62.2460588403629,9.63338866284862,38.318860055935,149.395285264218,NA,NA,NA,9.63338866284862,38.318860055935,149.395285264218
2018,"Yellow-throated Fulvetta","2018",0.00181367851180338,0.00395002104398471,0.00708120829319411,10.5083681808014,25.0201043085605,64.4729918071243,15.99849793251,43.132566262955,149.948769186502,NA,NA,NA,15.99849793251,43.132566262955,149.948769186502
2019,"Yellow-throated Fulvetta","2019",0.00181349180872519,0.00492626742158699,0.00873442887068487,9.8037056215465,30.754990383437,76.3134569260047,15.9239509856159,51.6092834403634,185.935828290959,NA,NA,NA,15.9239509856159,51.6092834403634,185.935828290959
2020,"Yellow-throated Fulvetta","2020",0.00420095395668334,0.00683170147133949,0.0105792814590665,21.3346034980696,42.9791757950122,106.452868004257,33.4069002234947,73.5052519060883,240.687523401513,NA,NA,NA,33.4069002234947,73.5052519060883,240.687523401513
2021,"Yellow-throated Fulvetta","2021",0.00235518991073381,0.00416640087416382,0.00656194815084135,11.8189310929479,26.3401839294336,67.555951488326,18.7119643819869,45.6759162725369,157.339098882206,NA,NA,NA,18.7119643819869,45.6759162725369,157.339098882206
2022,"Yellow-throated Fulvetta","2022",0.00350290894942322,0.00517474100934056,0.00747946057217446,17.1199768900624,33.0212830855973,82.1287704277273,25.9871859929356,56.1440229965549,180.175922134384,NA,NA,NA,25.9871859929356,56.1440229965549,180.175922134384
2023,"Yellow-throated Fulvetta","2023",0.00213337832632479,0.00353926152993495,0.00522168740282184,10.6978806729209,22.3167366107307,55.7169295398244,16.4473510025452,38.0297402139864,130.992122115099,NA,NA,NA,16.4473510025452,38.0297402139864,130.992122115099
2024,"Yellow-throated Fulvetta","2024",0.00157148146379614,0.00260751856642661,0.00388480743234159,7.89389856867069,16.3576677452919,40.9593723681194,11.9221837186059,27.7683660752539,96.5717042794169,NA,NA,NA,11.9221837186059,27.7683660752539,96.5717042794169
2025,"Yellow-throated Fulvetta","2025",0.00343893782679658,0.00489090023200245,0.00679422635414379,16.2297080799139,30.8399446479834,76.9159268766949,25.2584365371141,52.8531307894617,178.067110338365,NA,NA,NA,25.2584365371141,52.8531307894617,178.067110338365
2026,"Yellow-throated Fulvetta","2026",NA,NA,NA,NA,NA,NA,NA,NA,NA,21.5570202742555,40.217516942588,76.0805033867787,21.5570202742555,40.217516942588,76.0805033867787
2027,"Yellow-throated Fulvetta","2027",NA,NA,NA,NA,NA,NA,NA,NA,NA,19.5553010292995,39.4509592302321,81.6831912017772,19.5553010292995,39.4509592302321,81.6831912017772
2028,"Yellow-throated Fulvetta","2028",NA,NA,NA,NA,NA,NA,NA,NA,NA,17.6412392243904,38.5597393791945,87.4780329942328,17.6412392243904,38.5597393791945,87.4780329942328
2029,"Yellow-throated Fulvetta","2029",NA,NA,NA,NA,NA,NA,NA,NA,NA,15.7807662682108,37.8049546096248,93.0838237938011,15.7807662682108,37.8049546096248,93.0838237938011
2030,"Yellow-throated Fulvetta","2030",NA,NA,NA,NA,NA,NA,NA,NA,NA,14.1109127323479,36.8390536294509,99.2664054880076,14.1109127323479,36.8390536294509,99.2664054880076
2031,"Yellow-throated Fulvetta","2031",NA,NA,NA,NA,NA,NA,NA,NA,NA,12.5360611371438,36.5315849110161,105.46918115842,12.5360611371438,36.5315849110161,105.46918115842
2032,"Yellow-throated Fulvetta","2032",NA,NA,NA,NA,NA,NA,NA,NA,NA,11.223764765907,35.5797884676228,112.2368146143,11.223764765907,35.5797884676228,112.2368146143
2033,"Yellow-throated Fulvetta","2033",NA,NA,NA,NA,NA,NA,NA,NA,NA,10.0553915121219,34.8050631107837,120.170103370439,10.0553915121219,34.8050631107837,120.170103370439
1985,"Striated Laughingthrush","before 2000",0.000454336221477646,0.00791883007720142,0.0344522781464563,100,100,100,NA,NA,NA,NA,NA,NA,NA,NA,NA
2003,"Striated Laughingthrush","2000-2006",0.00162540058352134,0.0151665015636934,0.0606041514616437,42.5853085968691,189.701496818472,932.989100234632,NA,NA,NA,NA,NA,NA,NA,NA,NA
2009,"Striated Laughingthrush","2007-2010",0.00479670344189319,0.0258565778476562,0.0979147773687048,99.2269405251303,320.010075297852,1874.85348383522,NA,NA,NA,NA,NA,NA,NA,NA,NA
2012,"Striated Laughingthrush","2011-2012",3.45858637388095e-09,0.0121270873654067,0.0488362565909731,31.0681020911111,147.476228751318,721.161842175935,NA,NA,NA,NA,NA,NA,NA,NA,NA
2013,"Striated Laughingthrush","2013",0.00253211628447566,0.0228986667263332,0.0903404140971551,75.3458297249502,288.316748573592,1667.33377243019,NA,NA,NA,NA,NA,NA,NA,NA,NA
2014,"Striated Laughingthrush","2014",1.45204182811877e-09,0.00772099198114221,0.0335117065720007,6.83415307898982e-05,95.4066312998533,460.18104413944,NA,NA,NA,NA,NA,NA,NA,NA,NA
2015,"Striated Laughingthrush","2015",0.000475947799204668,0.00539621216493356,0.0209095234266002,12.4700068352116,65.1142994774673,388.378414426526,100,100,100,NA,NA,NA,100,100,100
2016,"Striated Laughingthrush","2016",0.00203304194160055,0.00979084728844409,0.0372245186052123,43.399960521968,120.129169223788,532.422329553489,74.649689160469,181.679120037674,880.337154020268,NA,NA,NA,74.649689160469,181.679120037674,880.337154020268
2017,"Striated Laughingthrush","2017",0.00171756966670328,0.00870806957555774,0.0336056070859864,41.6623312196583,107.953687034799,1800.02784059437,65.3509464274191,165.047921068953,846.545196259341,NA,NA,NA,65.3509464274191,165.047921068953,846.545196259341
2018,"Striated Laughingthrush","2018",0.00225031984560238,0.00959397825094132,0.0348047946904431,47.1639173763346,119.806459604408,1318.18804254853,80.1729498591599,184.659932352299,1011.69063819231,NA,NA,NA,80.1729498591599,184.659932352299,1011.69063819231
2019,"Striated Laughingthrush","2019",0.00191985254668738,0.00832519531821069,0.0306890682324365,41.3745962734053,102.645407691521,1039.22397730032,68.6447630514809,155.30935456907,716.273443054036,NA,NA,NA,68.6447630514809,155.30935456907,716.273443054036
2020,"Striated Laughingthrush","2020",0.00193590998461738,0.00839837657308706,0.0296504740742575,42.8468597422374,104.734243804239,1166.60632508486,77.032124114385,158.413066758567,743.44347903183,NA,NA,NA,77.032124114385,158.413066758567,743.44347903183
2021,"Striated Laughingthrush","2021",0.00403614887800305,0.0161315725984863,0.056267152132907,91.6262363709266,203.037500391439,2706.9165291438,144.191186100612,310.893585474605,1372.39795959941,NA,NA,NA,144.191186100612,310.893585474605,1372.39795959941
2022,"Striated Laughingthrush","2022",0.00346656485839522,0.0140151901406618,0.0504513304876759,79.9876205954971,175.395581766391,3311.02649602463,131.239626538836,268.724146871214,1226.8303255066,NA,NA,NA,131.239626538836,268.724146871214,1226.8303255066
2023,"Striated Laughingthrush","2023",0.00259193070910291,0.0107076788237815,0.0385998584210525,60.1708397611564,133.186143627375,1836.09806917022,97.9472872628217,201.268331509256,1039.3071225066,NA,NA,NA,97.9472872628217,201.268331509256,1039.3071225066
2024,"Striated Laughingthrush","2024",0.00342179684638558,0.0139234672856097,0.0496775180945812,80.4896397105062,174.601263657625,2560.55244516513,128.272687826005,266.213728777279,1225.84396435264,NA,NA,NA,128.272687826005,266.213728777279,1225.84396435264
2025,"Striated Laughingthrush","2025",0.00339420967839962,0.0129263973058637,0.0474615595140833,76.4420609666919,165.245793965976,2278.21069603663,120.143018890619,251.021182008352,1039.79835506902,NA,NA,NA,120.143018890619,251.021182008352,1039.79835506902
2026,"Striated Laughingthrush","2026",NA,NA,NA,NA,NA,NA,NA,NA,NA,219.754687919225,305.971804305467,421.942789507439,219.754687919225,305.971804305467,421.942789507439
2027,"Striated Laughingthrush","2027",NA,NA,NA,NA,NA,NA,NA,NA,NA,227.690623824973,329.237635595154,474.952912895626,227.690623824973,329.237635595154,474.952912895626
2028,"Striated Laughingthrush","2028",NA,NA,NA,NA,NA,NA,NA,NA,NA,234.848156852203,354.426708685881,533.795200020522,234.848156852203,354.426708685881,533.795200020522
2029,"Striated Laughingthrush","2029",NA,NA,NA,NA,NA,NA,NA,NA,NA,242.030150395022,382.91452157216,604.593634290528,242.030150395022,382.91452157216,604.593634290528
2030,"Striated Laughingthrush","2030",NA,NA,NA,NA,NA,NA,NA,NA,NA,249.665894934449,412.604226154207,682.712966194458,249.665894934449,412.604226154207,682.712966194458
2031,"Striated Laughingthrush","2031",NA,NA,NA,NA,NA,NA,NA,NA,NA,257.038380936205,445.733276061501,773.535820456549,257.038380936205,445.733276061501,773.535820456549
2032,"Striated Laughingthrush","2032",NA,NA,NA,NA,NA,NA,NA,NA,NA,264.318358061161,479.896761967329,874.882009920197,264.318358061161,479.896761967329,874.882009920197
2033,"Striated Laughingthrush","2033",NA,NA,NA,NA,NA,NA,NA,NA,NA,272.580686541877,515.499966765792,991.766451130111,272.580686541877,515.499966765792,991.766451130111
1985,"Himalayan Cutia","before 2000",2.22608323507473e-10,0.0029097305467179,0.010749730152736,100,100,100,NA,NA,NA,NA,NA,NA,NA,NA,NA
2003,"Himalayan Cutia","2000-2006",6.50951213280289e-11,0.00161554003076348,0.00809866129987992,5.6767940367094e-06,58.0017427630647,54842017.1779022,NA,NA,NA,NA,NA,NA,NA,NA,NA
2009,"Himalayan Cutia","2007-2010",2.7642142002249e-10,0.00554289494688595,0.0251054039413121,3.60296953298042e-05,201.378947413616,929873226.72866,NA,NA,NA,NA,NA,NA,NA,NA,NA
2012,"Himalayan Cutia","2011-2012",1.34706737437857e-10,0.00230897714017575,0.00988289805532129,9.34708253395209e-06,78.0352089319518,211541503.961406,NA,NA,NA,NA,NA,NA,NA,NA,NA
2013,"Himalayan Cutia","2013",1.79336536719182e-10,0.0044695605581574,0.0180396550574886,3.35079615074446e-05,161.680278809226,465115658.106303,NA,NA,NA,NA,NA,NA,NA,NA,NA
2014,"Himalayan Cutia","2014",4.54059862156927e-10,0.00371886464493352,0.0139001967529529,0.000149626560537946,131.765916441819,486864497.481789,NA,NA,NA,NA,NA,NA,NA,NA,NA
2015,"Himalayan Cutia","2015",0.000793404350905074,0.00478887532882571,0.016445530023042,52.0845257273915,167.441930837146,1102100224.48663,100,100,100,NA,NA,NA,100,100,100
2016,"Himalayan Cutia","2016",0.00069862747768248,0.00362964465504961,0.0125045968765077,40.0892400259342,128.768149186893,693895809.879788,30.1747635311379,76.0115613593742,229.826507080649,NA,NA,NA,30.1747635311379,76.0115613593742,229.826507080649
2017,"Himalayan Cutia","2017",0.000706741959821938,0.00335910895603381,0.0108162319779358,36.0138247018718,120.629456655277,648530320.609293,24.2721457044431,71.4579926808768,203.228621224077,NA,NA,NA,24.2721457044431,71.4579926808768,203.228621224077
2018,"Himalayan Cutia","2018",0.000810172752325522,0.0031294600294565,0.0104029742669774,43.1519143658635,111.199006412315,644427011.809016,31.9070686857003,65.4446710635441,212.727845686623,NA,NA,NA,31.9070686857003,65.4446710635441,212.727845686623
2019,"Himalayan Cutia","2019",0.000376502041469178,0.00196665667841914,0.00680045608888949,22.8221296082713,71.4872427411024,451953349.707512,16.7926201561349,42.1153888106201,122.661426268855,NA,NA,NA,16.7926201561349,42.1153888106201,122.661426268855
2020,"Himalayan Cutia","2020",0.000394585305797859,0.00196560108991942,0.00668616360144741,24.3327308436513,70.7347623048712,625639652.576681,19.1044455257389,41.8611813433665,124.730096553793,NA,NA,NA,19.1044455257389,41.8611813433665,124.730096553793
2021,"Himalayan Cutia","2021",0.000637563766236579,0.00269411593909342,0.00944793841722699,38.8175652757356,98.0862167788714,874465116.171792,30.5242614903184,57.4371076414676,153.576473781532,NA,NA,NA,30.5242614903184,57.4371076414676,153.576473781532
2022,"Himalayan Cutia","2022",0.00116351908113663,0.00443183585884442,0.0154224697965822,68.7780446282098,161.541169854931,1152882404.70883,54.6049927470299,96.6861967179763,274.171997640099,NA,NA,NA,54.6049927470299,96.6861967179763,274.171997640099
2023,"Himalayan Cutia","2023",0.000845289021893569,0.00340743402497385,0.0115630733716106,49.7216628102644,123.459692605989,871382870.87174,38.6558955417894,73.2181735482127,188.805471581696,NA,NA,NA,38.6558955417894,73.2181735482127,188.805471581696
2024,"Himalayan Cutia","2024",0.000784131366906014,0.00299530153727858,0.0104780348359357,47.6842696450386,108.443662373227,736455772.833806,36.5206245831093,64.2680277072258,168.171392777207,NA,NA,NA,36.5206245831093,64.2680277072258,168.171392777207
2025,"Himalayan Cutia","2025",0.000769392605941063,0.00287190867725665,0.00933735317485849,44.4120071979943,103.066987213569,850143683.723532,31.6106805744908,61.1967213708283,176.738578853262,NA,NA,NA,31.6106805744908,61.1967213708283,176.738578853262
2026,"Himalayan Cutia","2026",NA,NA,NA,NA,NA,NA,NA,NA,NA,38.3810124747073,59.2064410343564,91.4978442166098,38.3810124747073,59.2064410343564,91.4978442166098
2027,"Himalayan Cutia","2027",NA,NA,NA,NA,NA,NA,NA,NA,NA,35.6016066869517,58.4962678881781,94.8294912483966,35.6016066869517,58.4962678881781,94.8294912483966
2028,"Himalayan Cutia","2028",NA,NA,NA,NA,NA,NA,NA,NA,NA,32.9695881802096,57.6709294632363,98.9636535877616,32.9695881802096,57.6709294632363,98.9636535877616
2029,"Himalayan Cutia","2029",NA,NA,NA,NA,NA,NA,NA,NA,NA,30.5899449257317,57.0734684977213,103.080863773073,30.5899449257317,57.0734684977213,103.080863773073
2030,"Himalayan Cutia","2030",NA,NA,NA,NA,NA,NA,NA,NA,NA,28.416497723437,56.1906888264341,108.024299728808,28.416497723437,56.1906888264341,108.024299728808
2031,"Himalayan Cutia","2031",NA,NA,NA,NA,NA,NA,NA,NA,NA,26.2514625996969,55.2932128057185,112.579870788544,26.2514625996969,55.2932128057185,112.579870788544
2032,"Himalayan Cutia","2032",NA,NA,NA,NA,NA,NA,NA,NA,NA,24.2292069723763,54.6219015849773,117.734650027775,24.2292069723763,54.6219015849773,117.734650027775
2033,"Himalayan Cutia","2033",NA,NA,NA,NA,NA,NA,NA,NA,NA,22.5054426330314,53.7637263773728,122.778736894134,22.5054426330314,53.7637263773728,122.778736894134
1985,"Scaly Laughingthrush","before 2000",0.056547208121115,0.108341605868582,0.168023603932338,100,100,100,NA,NA,NA,NA,NA,NA,NA,NA,NA
2003,"Scaly Laughingthrush","2000-2006",0.0625210011122968,0.124070578510051,0.19568845797481,54.0162854015362,113.863952729048,242.265641390081,NA,NA,NA,NA,NA,NA,NA,NA,NA
2009,"Scaly Laughingthrush","2007-2010",0.00950402276667824,0.0402865087657008,0.0855078560951015,7.02406314831004,35.3578645961046,98.1981390525176,NA,NA,NA,NA,NA,NA,NA,NA,NA
2012,"Scaly Laughingthrush","2011-2012",2.13738648487397e-08,0.0117692108136779,0.0373853805272141,1.47868468844397e-05,10.1330759651222,41.6481133872355,NA,NA,NA,NA,NA,NA,NA,NA,NA
2013,"Scaly Laughingthrush","2013",0.0383280511623122,0.0873992994147325,0.145966239608156,29.4856741025252,79.8732951016036,174.60423570814,NA,NA,NA,NA,NA,NA,NA,NA,NA
2014,"Scaly Laughingthrush","2014",0.00667784226442765,0.027508091053067,0.0590818273027779,4.6597140689861,24.7002266490016,67.4500915755884,NA,NA,NA,NA,NA,NA,NA,NA,NA
2015,"Scaly Laughingthrush","2015",0.0125165706959379,0.0291709702479741,0.050380651409262,9.78779493493492,26.1153557851167,59.9553202898216,100,100,100,NA,NA,NA,100,100,100
2016,"Scaly Laughingthrush","2016",0.0021347946494217,0.0104261342928169,0.0202612377453858,1.81547475621654,9.34350859771628,23.0667002840802,7.30832880512512,35.6381761704857,102.347920784917,NA,NA,NA,7.30832880512512,35.6381761704857,102.347920784917
2017,"Scaly Laughingthrush","2017",0.00240611186084689,0.0112878105621676,0.0238712894825471,2.3169189659984,10.1798444435894,28.4880477707251,9.09354304726581,38.4700710125417,119.546384773391,NA,NA,NA,9.09354304726581,38.4700710125417,119.546384773391
2018,"Scaly Laughingthrush","2018",0.021622659602132,0.0327883526372937,0.0467821351490012,16.9348847816376,29.8139321745309,62.1665265069281,58.8052551625378,111.501132016452,287.080633702405,NA,NA,NA,58.8052551625378,111.501132016452,287.080633702405
2019,"Scaly Laughingthrush","2019",0.0105706672222636,0.0189166429935292,0.0284042649126065,8.49270735466678,17.1473895428361,35.6798471274711,31.433279779745,65.5787243999679,174.771654817767,NA,NA,NA,31.433279779745,65.5787243999679,174.771654817767
2020,"Scaly Laughingthrush","2020",0.0325074159201955,0.0430503419306079,0.0547840072871554,24.1008138669311,39.0728701532691,75.6564841266974,79.3578172702804,148.987332508375,374.668738302604,NA,NA,NA,79.3578172702804,148.987332508375,374.668738302604
2021,"Scaly Laughingthrush","2021",0.0420568958559697,0.0517482812450322,0.0608770487129303,29.7456837614601,47.3042040223429,89.4937952484241,101.722302615438,179.477750424647,425.524183129219,NA,NA,NA,101.722302615438,179.477750424647,425.524183129219
2022,"Scaly Laughingthrush","2022",0.0359670977368026,0.0427257500007551,0.0500411653126395,24.9029757353448,38.9548200472227,74.2488026585384,81.3978565523468,148.955961441127,369.287917652077,NA,NA,NA,81.3978565523468,148.955961441127,369.287917652077
2023,"Scaly Laughingthrush","2023",0.0274370800409059,0.0326087235651706,0.0378005854136473,19.0970487465808,30.2555775434159,55.7382085810234,63.2392526637029,113.339232000433,264.413532852875,NA,NA,NA,63.2392526637029,113.339232000433,264.413532852875
2024,"Scaly Laughingthrush","2024",0.0325392026947815,0.0374692616968104,0.042369524230038,21.8674086469181,34.2280198826009,65.7969346332286,72.8508668418501,129.729458113856,304.767600861818,NA,NA,NA,72.8508668418501,129.729458113856,304.767600861818
2025,"Scaly Laughingthrush","2025",0.0315713637003965,0.0367836426041996,0.041790369138896,21.1703955369655,33.8345300027294,64.0743075403141,72.3009649150052,125.808049880227,300.459477152971,NA,NA,NA,72.3009649150052,125.808049880227,300.459477152971
2026,"Scaly Laughingthrush","2026",NA,NA,NA,NA,NA,NA,NA,NA,NA,93.806799983816,181.180023807811,356.232699398432,93.806799983816,181.180023807811,356.232699398432
2027,"Scaly Laughingthrush","2027",NA,NA,NA,NA,NA,NA,NA,NA,NA,95.5911966502067,202.377079457735,435.13468373457,95.5911966502067,202.377079457735,435.13468373457
2028,"Scaly Laughingthrush","2028",NA,NA,NA,NA,NA,NA,NA,NA,NA,97.0953955961721,224.848843870031,529.26695617587,97.0953955961721,224.848843870031,529.26695617587
2029,"Scaly Laughingthrush","2029",NA,NA,NA,NA,NA,NA,NA,NA,NA,98.1844624650069,249.587424299897,642.486359169285,98.1844624650069,249.587424299897,642.486359169285
2030,"Scaly Laughingthrush","2030",NA,NA,NA,NA,NA,NA,NA,NA,NA,99.7270324770634,278.197698862712,773.28175394615,99.7270324770634,278.197698862712,773.28175394615
2031,"Scaly Laughingthrush","2031",NA,NA,NA,NA,NA,NA,NA,NA,NA,101.203385829776,311.023284226482,953.511836533096,101.203385829776,311.023284226482,953.511836533096
2032,"Scaly Laughingthrush","2032",NA,NA,NA,NA,NA,NA,NA,NA,NA,102.635723047917,345.673652832623,1164.93501985284,102.635723047917,345.673652832623,1164.93501985284
2033,"Scaly Laughingthrush","2033",NA,NA,NA,NA,NA,NA,NA,NA,NA,103.337620111127,384.051791433455,1440.6137001149,103.337620111127,384.051791433455,1440.6137001149
1985,"Blue-winged Laughingthrush","before 2000",0.000471147086570385,0.00463397346320444,0.0141085114325799,100,100,100,NA,NA,NA,NA,NA,NA,NA,NA,NA
2003,"Blue-winged Laughingthrush","2000-2006",8.45480336590725e-11,0.00386939511656806,0.0141496800155798,3.17138102337754e-06,86.2603844210323,528.533749186617,NA,NA,NA,NA,NA,NA,NA,NA,NA
2009,"Blue-winged Laughingthrush","2007-2010",1.23830312563962e-10,0.00374475287706716,0.0140266823309231,3.18444657697506e-06,80.2402324775651,539.49630112138,NA,NA,NA,NA,NA,NA,NA,NA,NA
2012,"Blue-winged Laughingthrush","2011-2012",7.96059732252334e-11,0.000876624557454764,0.00648473128862243,2.46981544800531e-06,18.5233455266103,179.411799451807,NA,NA,NA,NA,NA,NA,NA,NA,NA
2013,"Blue-winged Laughingthrush","2013",1.01186560533754e-10,0.00182889042594625,0.00842652660767064,3.1089661353434e-06,39.1319214407005,221.487124573685,NA,NA,NA,NA,NA,NA,NA,NA,NA
2014,"Blue-winged Laughingthrush","2014",7.86985589753565e-11,0.00104849123882999,0.00542955274716031,2.60555747939452e-06,21.7258810204544,146.256190846712,NA,NA,NA,NA,NA,NA,NA,NA,NA
2015,"Blue-winged Laughingthrush","2015",4.09305069907393e-10,0.00300034013248415,0.00946859587553879,4.09774593238688e-05,64.3378089980335,319.501957547062,100,100,100,NA,NA,NA,100,100,100
2016,"Blue-winged Laughingthrush","2016",6.78762590950702e-11,0.00102675869431906,0.00355537613532663,3.1171696725986e-06,23.085564532974,125.02916370795,5.00285094428248e-06,34.999366235532,179.643067734922,NA,NA,NA,5.00285094428248e-06,34.999366235532,179.643067734922
2017,"Blue-winged Laughingthrush","2017",0.000254164349218136,0.00218078457554096,0.00633569291232838,7.60793836115125,46.9619129649728,216.283174316326,14.3449690618935,71.6144370251796,2904259.43003804,NA,NA,NA,14.3449690618935,71.6144370251796,2904259.43003804
2018,"Blue-winged Laughingthrush","2018",0.00092630726666461,0.00356276115784202,0.0101663422159708,28.9319932380919,78.6825282343988,393.335111891993,44.3286460017443,121.010097386468,296063792.490424,NA,NA,NA,44.3286460017443,121.010097386468,296063792.490424
2019,"Blue-winged Laughingthrush","2019",0.000615263733615354,0.00256816436570823,0.00759833038310271,19.4418500870182,58.0486269510596,289.924289945813,28.6491271268428,89.3226234991764,272276021.663959,NA,NA,NA,28.6491271268428,89.3226234991764,272276021.663959
2020,"Blue-winged Laughingthrush","2020",0.00108137920756166,0.00381266715898967,0.0106388166840167,32.5849020168521,85.5711090219687,397.046851896438,51.2502045600768,129.860351256724,431601300.552693,NA,NA,NA,51.2502045600768,129.860351256724,431601300.552693
2021,"Blue-winged Laughingthrush","2021",0.00128079460095749,0.00408017902714283,0.0116248955609101,38.9835259232446,91.6088448275482,386.450639837562,56.4389082318822,140.563143592887,435504480.094509,NA,NA,NA,56.4389082318822,140.563143592887,435504480.094509
2022,"Blue-winged Laughingthrush","2022",0.00116100520512349,0.00370069521498247,0.0102348811598961,34.7325010105513,83.3215087567855,375.627641410953,51.2706608557062,127.013830643252,485837625.301878,NA,NA,NA,51.2706608557062,127.013830643252,485837625.301878
2023,"Blue-winged Laughingthrush","2023",0.00159565324778286,0.00477574253163548,0.0130350343960139,47.9787977393793,108.613192976759,472.232845326212,71.1305914173677,164.142575785354,668514005.587527,NA,NA,NA,71.1305914173677,164.142575785354,668514005.587527
2024,"Blue-winged Laughingthrush","2024",0.00138484456250901,0.00445075994210855,0.0120902710423201,42.6134559024242,98.2528580861313,419.589894527958,66.7288052333728,148.399955856403,525876422.197141,NA,NA,NA,66.7288052333728,148.399955856403,525876422.197141
2025,"Blue-winged Laughingthrush","2025",0.00161652554435941,0.00499511916382657,0.0136849402006981,47.4367426959269,112.660022459978,485.865927236596,72.8702216730564,172.214584524408,729066448.419429,NA,NA,NA,72.8702216730564,172.214584524408,729066448.419429
2026,"Blue-winged Laughingthrush","2026",NA,NA,NA,NA,NA,NA,NA,NA,NA,123.364241293441,218.724973249052,352.187084694738,123.364241293441,218.724973249052,352.187084694738
2027,"Blue-winged Laughingthrush","2027",NA,NA,NA,NA,NA,NA,NA,NA,NA,127.649608677754,245.417777104243,418.303124769425,127.649608677754,245.417777104243,418.303124769425
2028,"Blue-winged Laughingthrush","2028",NA,NA,NA,NA,NA,NA,NA,NA,NA,132.406442129998,276.232617429203,496.42704992602,132.406442129998,276.232617429203,496.42704992602
2029,"Blue-winged Laughingthrush","2029",NA,NA,NA,NA,NA,NA,NA,NA,NA,137.584009747175,308.004731916521,590.44102343849,137.584009747175,308.004731916521,590.44102343849
2030,"Blue-winged Laughingthrush","2030",NA,NA,NA,NA,NA,NA,NA,NA,NA,144.181101229327,340.480019299422,707.73336090175,144.181101229327,340.480019299422,707.73336090175
2031,"Blue-winged Laughingthrush","2031",NA,NA,NA,NA,NA,NA,NA,NA,NA,149.411104243928,384.945148252064,850.804488249083,149.411104243928,384.945148252064,850.804488249083
2032,"Blue-winged Laughingthrush","2032",NA,NA,NA,NA,NA,NA,NA,NA,NA,155.096185293081,431.294461739704,1015.76648447269,155.096185293081,431.294461739704,1015.76648447269
2033,"Blue-winged Laughingthrush","2033",NA,NA,NA,NA,NA,NA,NA,NA,NA,161.514554008174,482.066794978534,1219.36255351414,161.514554008174,482.066794978534,1219.36255351414
1985,"Streaked Laughingthrush","before 2000",NA,NA,NA,NA,NA,NA,NA,NA,NA,NA,NA,NA,NA,NA,NA
2003,"Streaked Laughingthrush","2000-2006",NA,NA,NA,NA,NA,NA,NA,NA,NA,NA,NA,NA,NA,NA,NA
2009,"Streaked Laughingthrush","2007-2010",NA,NA,NA,NA,NA,NA,NA,NA,NA,NA,NA,NA,NA,NA,NA
2012,"Streaked Laughingthrush","2011-2012",NA,NA,NA,NA,NA,NA,NA,NA,NA,NA,NA,NA,NA,NA,NA
2013,"Streaked Laughingthrush","2013",NA,NA,NA,NA,NA,NA,NA,NA,NA,NA,NA,NA,NA,NA,NA
2014,"Streaked Laughingthrush","2014",NA,NA,NA,NA,NA,NA,NA,NA,NA,NA,NA,NA,NA,NA,NA
2015,"Streaked Laughingthrush","2015",0.00334050862331537,0.0139456670314428,0.0291104306688456,NA,NA,NA,100,100,100,NA,NA,NA,100,100,100
2016,"Streaked Laughingthrush","2016",0.00375693103202229,0.0122480714298183,0.0237365370616416,NA,NA,NA,19.6979749733949,88.4774277448194,532.235123318419,NA,NA,NA,19.6979749733949,88.4774277448194,532.235123318419
2017,"Streaked Laughingthrush","2017",4.5003829210671e-09,0.004885667359717,0.0134673556929831,NA,NA,NA,2.55639886770593e-05,35.0849514789651,267.611161263312,NA,NA,NA,2.55639886770593e-05,35.0849514789651,267.611161263312
2018,"Streaked Laughingthrush","2018",0.00110626432235246,0.00459336653773228,0.00951062815155263,NA,NA,NA,6.12745362006999,32.8448139622601,225.147026978891,NA,NA,NA,6.12745362006999,32.8448139622601,225.147026978891
2019,"Streaked Laughingthrush","2019",0.00127087053579117,0.00600587617717761,0.0119295597511155,NA,NA,NA,9.90120270152235,43.9567704211773,301.371717471466,NA,NA,NA,9.90120270152235,43.9567704211773,301.371717471466
2020,"Streaked Laughingthrush","2020",0.00398405542396746,0.00836801345162215,0.0139847076706111,NA,NA,NA,19.9942416550578,61.2392107087863,402.278895750552,NA,NA,NA,19.9942416550578,61.2392107087863,402.278895750552
2021,"Streaked Laughingthrush","2021",0.0072807100151067,0.0115205941818198,0.0166361769899781,NA,NA,NA,33.8512735042361,83.5097494095761,421.471031395951,NA,NA,NA,33.8512735042361,83.5097494095761,421.471031395951
2022,"Streaked Laughingthrush","2022",0.0051773381972083,0.0080992260467401,0.0118859581699048,NA,NA,NA,24.1278061552767,58.7959814990912,295.213090738788,NA,NA,NA,24.1278061552767,58.7959814990912,295.213090738788
2023,"Streaked Laughingthrush","2023",0.00778065216617209,0.0104588907107297,0.0135349659551442,NA,NA,NA,33.7401921762107,75.2441361333514,361.441703096205,NA,NA,NA,33.7401921762107,75.2441361333514,361.441703096205
2024,"Streaked Laughingthrush","2024",0.00939245905028164,0.0122569358950202,0.0156154582945108,NA,NA,NA,38.9580812803379,89.1686901968456,424.391673924622,NA,NA,NA,38.9580812803379,89.1686901968456,424.391673924622
2025,"Streaked Laughingthrush","2025",0.00808422498423293,0.0109469678694449,0.0137484380906646,NA,NA,NA,35.4795768683668,80.3445257002115,354.284792132609,NA,NA,NA,35.4795768683668,80.3445257002115,354.284792132609
2026,"Streaked Laughingthrush","2026",NA,NA,NA,NA,NA,NA,NA,NA,NA,34.1243396390088,86.147499205682,165.230329406763,34.1243396390088,86.147499205682,165.230329406763
2027,"Streaked Laughingthrush","2027",NA,NA,NA,NA,NA,NA,NA,NA,NA,31.8950957112277,89.9564696317678,188.951034030791,31.8950957112277,89.9564696317678,188.951034030791
2028,"Streaked Laughingthrush","2028",NA,NA,NA,NA,NA,NA,NA,NA,NA,29.8243916829088,93.0710467605799,216.243881998857,29.8243916829088,93.0710467605799,216.243881998857
2029,"Streaked Laughingthrush","2029",NA,NA,NA,NA,NA,NA,NA,NA,NA,27.7638815234791,97.0495667122313,251.894424838602,27.7638815234791,97.0495667122313,251.894424838602
2030,"Streaked Laughingthrush","2030",NA,NA,NA,NA,NA,NA,NA,NA,NA,25.8207315326601,100.506387773513,285.514196772535,25.8207315326601,100.506387773513,285.514196772535
2031,"Streaked Laughingthrush","2031",NA,NA,NA,NA,NA,NA,NA,NA,NA,24.2498339393083,104.001192819339,331.903792966632,24.2498339393083,104.001192819339,331.903792966632
2032,"Streaked Laughingthrush","2032",NA,NA,NA,NA,NA,NA,NA,NA,NA,22.4748330116441,108.870439958075,382.738205381156,22.4748330116441,108.870439958075,382.738205381156
2033,"Streaked Laughingthrush","2033",NA,NA,NA,NA,NA,NA,NA,NA,NA,20.8707132077343,114.170713536015,442.306837458121,20.8707132077343,114.170713536015,442.306837458121
1985,"Black-faced Laughingthrush","before 2000",0.00250619947402913,0.0148393221266337,0.0502615463660488,100,100,100,NA,NA,NA,NA,NA,NA,NA,NA,NA
2003,"Black-faced Laughingthrush","2000-2006",6.93515971635637e-10,0.00962249600977906,0.0392835705464992,8.95861953586132e-06,65.6362353887988,268.371964702809,NA,NA,NA,NA,NA,NA,NA,NA,NA
2009,"Black-faced Laughingthrush","2007-2010",2.78228169463019e-10,0.0056760574840246,0.0227229102614009,3.9271728922013e-06,37.9210621214356,149.503029231526,NA,NA,NA,NA,NA,NA,NA,NA,NA
2012,"Black-faced Laughingthrush","2011-2012",1.86706001008872e-10,0.00385855492282108,0.0157917762935616,2.9732594181519e-06,26.0229106842733,139.717268122543,NA,NA,NA,NA,NA,NA,NA,NA,NA
2013,"Black-faced Laughingthrush","2013",1.81453684451095e-09,0.0103333452587984,0.0372946742015969,2.04478070291077e-05,68.6147323583538,271.208626400737,NA,NA,NA,NA,NA,NA,NA,NA,NA
2014,"Black-faced Laughingthrush","2014",0.00218689866544721,0.0137994257867411,0.047418863366556,22.5584016540601,94.8933047381036,330.034949350036,NA,NA,NA,NA,NA,NA,NA,NA,NA
2015,"Black-faced Laughingthrush","2015",0.000643763119515527,0.00512487816096669,0.0175798079845405,5.98429942888673,34.9566135353992,134.631966532477,100,100,100,NA,NA,NA,100,100,100
2016,"Black-faced Laughingthrush","2016",4.28401049484496e-10,0.00329716625390905,0.0110240059685845,2.49494378339992,21.8509010895938,71.9672631932469,10.3736283643413,64.510289363034,240.298737763257,NA,NA,NA,10.3736283643413,64.510289363034,240.298737763257
2017,"Black-faced Laughingthrush","2017",0.000920560614596039,0.00524687197936259,0.0168346118725072,9.9481574687855,36.0313561048002,111.543286997273,29.9394076228909,105.512908909181,368.069697013274,NA,NA,NA,29.9394076228909,105.512908909181,368.069697013274
2018,"Black-faced Laughingthrush","2018",0.00122295134251538,0.00565212897024266,0.0175894681351869,15.2989993082123,39.070307938295,119.550530998857,47.1014117484997,112.186423195267,428.431181132327,NA,NA,NA,47.1014117484997,112.186423195267,428.431181132327
2019,"Black-faced Laughingthrush","2019",0.00149830515767232,0.00617668937136209,0.0196980177914316,17.1418884995465,42.6962530987471,125.677734488017,50.5040708367731,121.825172519227,522.175282421555,NA,NA,NA,50.5040708367731,121.825172519227,522.175282421555
2020,"Black-faced Laughingthrush","2020",0.00182131425440537,0.00689661966389657,0.0216972148473326,21.3346247852167,46.9762522251827,141.624062803832,62.5602284472336,135.372760628761,492.022527081674,NA,NA,NA,62.5602284472336,135.372760628761,492.022527081674
2021,"Black-faced Laughingthrush","2021",0.00121725505723123,0.00474362779274469,0.014459397014956,13.3373059639316,31.7167721506703,96.1994703760146,41.4755138961229,91.6559494600067,400.93837983636,NA,NA,NA,41.4755138961229,91.6559494600067,400.93837983636
2022,"Black-faced Laughingthrush","2022",0.000996811077201004,0.00406277454200805,0.0125447743000875,12.3490394607157,27.9330802578484,88.9148594133237,36.2237717832656,82.1521583272841,335.74264275575,NA,NA,NA,36.2237717832656,82.1521583272841,335.74264275575
2023,"Black-faced Laughingthrush","2023",0.000631647964417899,0.00235152339211201,0.00745309349934525,7.001671249368,16.1694116226017,52.4321243354218,20.8172719755327,46.2728813768536,187.294136488155,NA,NA,NA,20.8172719755327,46.2728813768536,187.294136488155
2024,"Black-faced Laughingthrush","2024",0.000817929631524283,0.00310322932346646,0.0097215840435148,9.95785288602286,21.3887596760946,63.8552528500555,28.1360086177168,61.701491565457,232.461112073658,NA,NA,NA,28.1360086177168,61.701491565457,232.461112073658
2025,"Black-faced Laughingthrush","2025",0.00130930795245751,0.00459840918086217,0.014768021475215,14.9492639882947,31.9153927045461,91.8636988275718,45.314882844056,90.8406482844807,397.724007889058,NA,NA,NA,45.314882844056,90.8406482844807,397.724007889058
2026,"Black-faced Laughingthrush","2026",NA,NA,NA,NA,NA,NA,NA,NA,NA,44.0947498534671,72.4076377424782,113.694728001546,44.0947498534671,72.4076377424782,113.694728001546
2027,"Black-faced Laughingthrush","2027",NA,NA,NA,NA,NA,NA,NA,NA,NA,40.153024646026,70.1690208413784,117.539536151356,40.153024646026,70.1690208413784,117.539536151356
2028,"Black-faced Laughingthrush","2028",NA,NA,NA,NA,NA,NA,NA,NA,NA,36.299400521011,67.8318821839523,121.472343153512,36.299400521011,67.8318821839523,121.472343153512
2029,"Black-faced Laughingthrush","2029",NA,NA,NA,NA,NA,NA,NA,NA,NA,33.0791361024918,66.1101922599134,126.075885547837,33.0791361024918,66.1101922599134,126.075885547837
2030,"Black-faced Laughingthrush","2030",NA,NA,NA,NA,NA,NA,NA,NA,NA,30.0298664038588,63.9716487272916,130.217226735046,30.0298664038588,63.9716487272916,130.217226735046
2031,"Black-faced Laughingthrush","2031",NA,NA,NA,NA,NA,NA,NA,NA,NA,27.2241659311989,61.8704288025545,133.987441425676,27.2241659311989,61.8704288025545,133.987441425676
2032,"Black-faced Laughingthrush","2032",NA,NA,NA,NA,NA,NA,NA,NA,NA,24.7284540453364,59.8762830237883,137.745042582817,24.7284540453364,59.8762830237883,137.745042582817
2033,"Black-faced Laughingthrush","2033",NA,NA,NA,NA,NA,NA,NA,NA,NA,22.4545216908547,57.8932912109019,143.908652911272,22.4545216908547,57.8932912109019,143.908652911272
1985,"Chestnut-crowned Laughingthrush","before 2000",0.00215115215028379,0.0150503419734547,0.0641875888809126,100,100,100,NA,NA,NA,NA,NA,NA,NA,NA,NA
2003,"Chestnut-crowned Laughingthrush","2000-2006",0.0028680600376268,0.0232266505288944,0.110895583920035,50.6351270167252,152.83666029371,511.348739691744,NA,NA,NA,NA,NA,NA,NA,NA,NA
2009,"Chestnut-crowned Laughingthrush","2007-2010",0.00468545347567284,0.0270006293081694,0.111532824395515,57.8041446903381,176.535178840703,553.137988702635,NA,NA,NA,NA,NA,NA,NA,NA,NA
2012,"Chestnut-crowned Laughingthrush","2011-2012",0.00263141914832662,0.0184728430512162,0.0813350749718737,39.0177982765807,129.335068538829,400.926401709987,NA,NA,NA,NA,NA,NA,NA,NA,NA
2013,"Chestnut-crowned Laughingthrush","2013",0.00481510221832172,0.0258738029508728,0.109320213983843,53.9239884119946,177.018694351881,528.260799820322,NA,NA,NA,NA,NA,NA,NA,NA,NA
2014,"Chestnut-crowned Laughingthrush","2014",0.00485275707540258,0.024852352572889,0.102983373655881,63.8065059754231,167.096860018003,501.387100480825,NA,NA,NA,NA,NA,NA,NA,NA,NA
2015,"Chestnut-crowned Laughingthrush","2015",0.0032773027475611,0.0169490523648712,0.0672008487865968,44.8596871153517,110.274925938107,324.590440041523,100,100,100,NA,NA,NA,100,100,100
2016,"Chestnut-crowned Laughingthrush","2016",0.00307632749077782,0.0155354167570705,0.0630132643850405,44.8683663371456,104.032041690031,323.13984897745,46.8415019859376,93.3698939918751,181.944876018278,NA,NA,NA,46.8415019859376,93.3698939918751,181.944876018278
2017,"Chestnut-crowned Laughingthrush","2017",0.0028523009099386,0.0147256779159627,0.0597938552011464,44.6888801694425,100.883650804182,282.62714232987,45.2581024364394,90.7956210970345,177.975515514993,NA,NA,NA,45.2581024364394,90.7956210970345,177.975515514993
2018,"Chestnut-crowned Laughingthrush","2018",0.00350717019339348,0.0161417555914557,0.0635274706079144,51.0370292042713,109.379372600783,269.625936090528,56.3739808126603,98.2849004674568,180.281709873636,NA,NA,NA,56.3739808126603,98.2849004674568,180.281709873636
2019,"Chestnut-crowned Laughingthrush","2019",0.00376159351854655,0.0176451491159107,0.0700614722369338,53.2685075899268,120.627858119415,320.235745660935,62.5499709463492,107.761295858612,194.840466910206,NA,NA,NA,62.5499709463492,107.761295858612,194.840466910206
2020,"Chestnut-crowned Laughingthrush","2020",0.00439617544866401,0.0198240357005633,0.0788600709533961,63.4759604291538,137.320836276734,369.168480410355,71.8729606162353,120.623740185548,220.039617803785,NA,NA,NA,71.8729606162353,120.623740185548,220.039617803785
2021,"Chestnut-crowned Laughingthrush","2021",0.00555152696227937,0.0247750818522931,0.0906477767753883,80.1721862471351,168.424043899042,454.399445454248,86.2385269926592,149.671803533859,277.435979549783,NA,NA,NA,86.2385269926592,149.671803533859,277.435979549783
2022,"Chestnut-crowned Laughingthrush","2022",0.00495901840563743,0.0230595868401024,0.0896894249269109,75.6597234059479,158.647662238869,418.82347403887,83.1065715800097,141.877939002225,257.248103537495,NA,NA,NA,83.1065715800097,141.877939002225,257.248103537495
2023,"Chestnut-crowned Laughingthrush","2023",0.00410253611430565,0.0185893755620573,0.0713309355610877,59.5413396896092,128.453774823578,327.608264274615,68.4843870430196,113.352933530372,198.112943187934,NA,NA,NA,68.4843870430196,113.352933530372,198.112943187934
2024,"Chestnut-crowned Laughingthrush","2024",0.00391603115741843,0.0181469133169277,0.0684058940182503,58.5021907530735,124.412745271896,324.402207918754,67.8340018219865,110.30506939223,190.282159282709,NA,NA,NA,67.8340018219865,110.30506939223,190.282159282709
2025,"Chestnut-crowned Laughingthrush","2025",0.00450870065221169,0.0190766487049074,0.0733824567968825,61.0647060649851,132.5880469501,347.56274830105,72.8310882586452,117.236279504145,207.728545816307,NA,NA,NA,72.8310882586452,117.236279504145,207.728545816307
2026,"Chestnut-crowned Laughingthrush","2026",NA,NA,NA,NA,NA,NA,NA,NA,NA,106.916717230078,132.757755682608,164.950819902673,106.916717230078,132.757755682608,164.950819902673
2027,"Chestnut-crowned Laughingthrush","2027",NA,NA,NA,NA,NA,NA,NA,NA,NA,107.012086013532,136.966433585672,174.429203961569,107.012086013532,136.966433585672,174.429203961569
2028,"Chestnut-crowned Laughingthrush","2028",NA,NA,NA,NA,NA,NA,NA,NA,NA,107.233436272252,141.440992503193,184.986412306854,107.233436272252,141.440992503193,184.986412306854
2029,"Chestnut-crowned Laughingthrush","2029",NA,NA,NA,NA,NA,NA,NA,NA,NA,107.325084164034,145.306640487702,195.855774178821,107.325084164034,145.306640487702,195.855774178821
2030,"Chestnut-crowned Laughingthrush","2030",NA,NA,NA,NA,NA,NA,NA,NA,NA,107.331315839295,150.029343622349,208.299629194768,107.331315839295,150.029343622349,208.299629194768
2031,"Chestnut-crowned Laughingthrush","2031",NA,NA,NA,NA,NA,NA,NA,NA,NA,107.309178357617,154.298388798198,220.288657961877,107.309178357617,154.298388798198,220.288657961877
2032,"Chestnut-crowned Laughingthrush","2032",NA,NA,NA,NA,NA,NA,NA,NA,NA,107.150433589954,158.543543328366,234.971519159888,107.150433589954,158.543543328366,234.971519159888
2033,"Chestnut-crowned Laughingthrush","2033",NA,NA,NA,NA,NA,NA,NA,NA,NA,107.223185802103,163.737437701233,249.765721176868,107.223185802103,163.737437701233,249.765721176868
1985,"Rufous Sibia","before 2000",0.0135988294333093,0.0430315689521918,0.120106415928485,100,100,100,NA,NA,NA,NA,NA,NA,NA,NA,NA
2003,"Rufous Sibia","2000-2006",0.0192378360482303,0.0607354434783444,0.181187689564879,69.9468366552005,135.351050711906,281.804030575446,NA,NA,NA,NA,NA,NA,NA,NA,NA
2009,"Rufous Sibia","2007-2010",0.0206210706201238,0.0670020791686451,0.177723106057631,74.9443331023867,151.203334911553,316.903820735917,NA,NA,NA,NA,NA,NA,NA,NA,NA
2012,"Rufous Sibia","2011-2012",0.0199671095851292,0.0606522967248734,0.164402762020987,70.9574481305643,138.554918601731,293.960146690407,NA,NA,NA,NA,NA,NA,NA,NA,NA
2013,"Rufous Sibia","2013",0.0188448652736953,0.0596625784013796,0.155895536635092,68.2627478132568,136.262287129281,294.280004606406,NA,NA,NA,NA,NA,NA,NA,NA,NA
2014,"Rufous Sibia","2014",0.0161757576335303,0.0506640594499694,0.145393987802023,58.5766089127769,116.168226092727,240.969969941672,NA,NA,NA,NA,NA,NA,NA,NA,NA
2015,"Rufous Sibia","2015",0.0168314761585392,0.0474499981998273,0.129245156124973,63.9957014420054,111.938279909373,213.515428486962,100,100,100,NA,NA,NA,100,100,100
2016,"Rufous Sibia","2016",0.0181389488806455,0.0491481918401541,0.130313252022967,65.7325306693721,112.552739381119,203.974877361264,66.2615803859386,101.172381957832,151.322847848566,NA,NA,NA,66.2615803859386,101.172381957832,151.322847848566
2017,"Rufous Sibia","2017",0.0245909214479112,0.0678809841741641,0.176981334387775,90.3393190449383,155.369954562086,272.100407536478,94.5332028194077,139.696474812348,210.494674532439,NA,NA,NA,94.5332028194077,139.696474812348,210.494674532439
2018,"Rufous Sibia","2018",0.0220296453829881,0.0579788579764908,0.153195021152978,78.466893463983,134.511721906223,241.185185793508,83.8797400857412,120.752662947158,176.330410820591,NA,NA,NA,83.8797400857412,120.752662947158,176.330410820591
2019,"Rufous Sibia","2019",0.0196668127127455,0.0523259083209964,0.140081167784361,71.5801367229813,121.627134264402,214.931797275417,74.3493891519675,108.467315364916,161.705666571986,NA,NA,NA,74.3493891519675,108.467315364916,161.705666571986
2020,"Rufous Sibia","2020",0.0202783236683514,0.0517801262213968,0.135709986584502,73.7332049848007,120.287978365989,216.657899684381,75.6430461099428,108.490730591792,154.497178359821,NA,NA,NA,75.6430461099428,108.490730591792,154.497178359821
2021,"Rufous Sibia","2021",0.0200419812170491,0.0540960756868257,0.139057889002303,77.8326127291598,125.167770287139,225.834734537903,80.7686838398709,112.387709284514,158.636004915826,NA,NA,NA,80.7686838398709,112.387709284514,158.636004915826
2022,"Rufous Sibia","2022",0.0188961292286245,0.0503018378262532,0.132223521998478,73.8791012747577,116.187676418869,204.128186974711,75.6634679231898,104.448216871417,148.813132697133,NA,NA,NA,75.6634679231898,104.448216871417,148.813132697133
2023,"Rufous Sibia","2023",0.0180568056653922,0.0460321761394709,0.122107596857145,66.09616052014,106.775994817846,186.977442437742,68.4287207675133,96.2071155093624,136.19455027015,NA,NA,NA,68.4287207675133,96.2071155093624,136.19455027015
2024,"Rufous Sibia","2024",0.0201822131631763,0.0524878136234045,0.140295888518796,75.4842154622947,121.521389219314,213.590769720655,78.0029850104371,109.239360035953,154.877480073725,NA,NA,NA,78.0029850104371,109.239360035953,154.877480073725
2025,"Rufous Sibia","2025",0.0192683314256786,0.0478765904380554,0.127676449588119,68.1954411066017,110.039376621094,193.116058401009,71.5403143632224,99.7669817015577,141.454729854859,NA,NA,NA,71.5403143632224,99.7669817015577,141.454729854859
2026,"Rufous Sibia","2026",NA,NA,NA,NA,NA,NA,NA,NA,NA,86.8504001233101,102.030015636689,120.786774783525,86.8504001233101,102.030015636689,120.786774783525
2027,"Rufous Sibia","2027",NA,NA,NA,NA,NA,NA,NA,NA,NA,84.1950270401935,101.272261835277,122.131094523603,84.1950270401935,101.272261835277,122.131094523603
2028,"Rufous Sibia","2028",NA,NA,NA,NA,NA,NA,NA,NA,NA,81.5166919200157,100.432318714747,123.646068597909,81.5166919200157,100.432318714747,123.646068597909
2029,"Rufous Sibia","2029",NA,NA,NA,NA,NA,NA,NA,NA,NA,78.9930944232625,99.4445672306503,125.275619489228,78.9930944232625,99.4445672306503,125.275619489228
2030,"Rufous Sibia","2030",NA,NA,NA,NA,NA,NA,NA,NA,NA,76.5183156270247,98.493268426236,127.066106731619,76.5183156270247,98.493268426236,127.066106731619
2031,"Rufous Sibia","2031",NA,NA,NA,NA,NA,NA,NA,NA,NA,73.9719852345453,97.505147440344,129.018766841515,73.9719852345453,97.505147440344,129.018766841515
2032,"Rufous Sibia","2032",NA,NA,NA,NA,NA,NA,NA,NA,NA,71.4783486420466,96.6751853203358,131.095400807797,71.4783486420466,96.6751853203358,131.095400807797
2033,"Rufous Sibia","2033",NA,NA,NA,NA,NA,NA,NA,NA,NA,69.1752527267068,95.8051411069617,133.137991774274,69.1752527267068,95.8051411069617,133.137991774274
1985,"Hoary-throated Barwing","before 2000",0.00414265121857569,0.0193122555520436,0.06048276031678,100,100,100,NA,NA,NA,NA,NA,NA,NA,NA,NA
2003,"Hoary-throated Barwing","2000-2006",4.39302433423798e-10,0.00888750972441657,0.0330612904457375,4.11941639600544e-06,46.8498927003031,152.653230610005,NA,NA,NA,NA,NA,NA,NA,NA,NA
2009,"Hoary-throated Barwing","2007-2010",3.25460765429824e-09,0.01418682186356,0.0504324124206073,1.52862019596431e-05,73.5962938052797,240.003539880427,NA,NA,NA,NA,NA,NA,NA,NA,NA
2012,"Hoary-throated Barwing","2011-2012",9.78043865296009e-10,0.0121759620914206,0.0415763580964976,7.63324083266784e-06,63.4812228776902,206.738068032555,NA,NA,NA,NA,NA,NA,NA,NA,NA
2013,"Hoary-throated Barwing","2013",0.00147376148862197,0.0167790015940474,0.0547981339285564,8.42176122266175,90.0141728847856,325.753593145697,NA,NA,NA,NA,NA,NA,NA,NA,NA
2014,"Hoary-throated Barwing","2014",0.00211961974984835,0.0142659252397313,0.0432793581164732,16.6456273353413,74.0762864806759,206.901200487507,NA,NA,NA,NA,NA,NA,NA,NA,NA
2015,"Hoary-throated Barwing","2015",0.00166377774561904,0.00972648295425346,0.0312232938784177,15.6286758894847,50.9950581262718,149.736907910454,100,100,100,NA,NA,NA,100,100,100
2016,"Hoary-throated Barwing","2016",4.81748982791481e-10,0.00286161563713113,0.0100180130899697,4.68695491413704e-06,15.3365984435923,41.1510783473182,1.56947005219866e-05,30.2901552035934,105.896777038391,NA,NA,NA,1.56947005219866e-05,30.2901552035934,105.896777038391
2017,"Hoary-throated Barwing","2017",0.000425396101804767,0.00452760093099535,0.0149808562514893,5.41734739935984,23.749327026174,67.7174445655011,9.4468587321885,46.1740531237652,167.377866983773,NA,NA,NA,9.4468587321885,46.1740531237652,167.377866983773
2018,"Hoary-throated Barwing","2018",0.00158089034803999,0.00619391638872633,0.0174956901860191,14.416678682183,31.9123822090396,88.3164451291565,27.8801348201339,63.5329360698226,219.684874044613,NA,NA,NA,27.8801348201339,63.5329360698226,219.684874044613
2019,"Hoary-throated Barwing","2019",0.00101482567009443,0.00464966838642647,0.0141263967969179,8.82452090357673,24.6873809312264,63.0862136042039,17.8160896832948,47.4873498242738,171.522913796467,NA,NA,NA,17.8160896832948,47.4873498242738,171.522913796467
2020,"Hoary-throated Barwing","2020",0.00114932209169584,0.00475957207725052,0.0148023008147753,11.0882548602249,25.0013542237649,61.6105754504237,22.2082991777352,49.3965301285059,151.392712934691,NA,NA,NA,22.2082991777352,49.3965301285059,151.392712934691
2021,"Hoary-throated Barwing","2021",0.00221180414276755,0.00801222191959457,0.0246641772322778,20.6418023376866,43.5377499687781,114.591357003602,42.6796862873898,85.4405632685108,249.784307772483,NA,NA,NA,42.6796862873898,85.4405632685108,249.784307772483
2022,"Hoary-throated Barwing","2022",0.00226063732590155,0.00757054545220224,0.021895249224582,18.3385789953419,41.1165881744862,104.350603546403,43.0198189273343,79.7382536973076,232.142698461657,NA,NA,NA,43.0198189273343,79.7382536973076,232.142698461657
2023,"Hoary-throated Barwing","2023",0.00135130331734251,0.00495918951305919,0.0146831508101096,13.3232921726423,26.4643826042351,69.5189201741495,27.7342045424861,51.5139532091199,146.940590254945,NA,NA,NA,27.7342045424861,51.5139532091199,146.940590254945
2024,"Hoary-throated Barwing","2024",0.00115127923441443,0.0041726190680182,0.0120922240548942,10.6320141436142,22.2219861975022,55.3081862814211,22.0694815825685,43.1577800233331,121.577250206771,NA,NA,NA,22.0694815825685,43.1577800233331,121.577250206771
2025,"Hoary-throated Barwing","2025",0.00126197777327924,0.00431197540180331,0.0129445086603624,11.4307734777272,23.2293112808943,60.0049534041126,23.4007289303819,45.4337961815377,136.068071544297,NA,NA,NA,23.4007289303819,45.4337961815377,136.068071544297
2026,"Hoary-throated Barwing","2026",NA,NA,NA,NA,NA,NA,NA,NA,NA,30.2052768042809,53.0788682171258,89.472839778837,30.2052768042809,53.0788682171258,89.472839778837
2027,"Hoary-throated Barwing","2027",NA,NA,NA,NA,NA,NA,NA,NA,NA,27.8761896184501,52.5653580759695,94.9545911385832,27.8761896184501,52.5653580759695,94.9545911385832
2028,"Hoary-throated Barwing","2028",NA,NA,NA,NA,NA,NA,NA,NA,NA,25.6518271356508,52.1298606473928,101.249698653321,25.6518271356508,52.1298606473928,101.249698653321
2029,"Hoary-throated Barwing","2029",NA,NA,NA,NA,NA,NA,NA,NA,NA,23.6293684841686,51.5882513374311,108.320793187647,23.6293684841686,51.5882513374311,108.320793187647
2030,"Hoary-throated Barwing","2030",NA,NA,NA,NA,NA,NA,NA,NA,NA,21.7871128334453,51.3367207420496,115.246350127635,21.7871128334453,51.3367207420496,115.246350127635
2031,"Hoary-throated Barwing","2031",NA,NA,NA,NA,NA,NA,NA,NA,NA,20.0559843098209,51.097084061624,123.187487993377,20.0559843098209,51.097084061624,123.187487993377
2032,"Hoary-throated Barwing","2032",NA,NA,NA,NA,NA,NA,NA,NA,NA,18.3597595882867,50.8687386278671,132.324967826437,18.3597595882867,50.8687386278671,132.324967826437
2033,"Hoary-throated Barwing","2033",NA,NA,NA,NA,NA,NA,NA,NA,NA,16.8342781688806,50.2716384162103,141.653513170639,16.8342781688806,50.2716384162103,141.653513170639
1985,"Rusty-fronted Barwing","before 2000",0.0011256759291454,0.007098950316638,0.0238272787028801,100,100,100,NA,NA,NA,NA,NA,NA,NA,NA,NA
2003,"Rusty-fronted Barwing","2000-2006",7.82422123488095e-10,0.00548910713428698,0.0184484416891121,2.19372292124675e-05,77.8154030558109,322.122007622575,NA,NA,NA,NA,NA,NA,NA,NA,NA
2009,"Rusty-fronted Barwing","2007-2010",0.00191766637396501,0.0126059019752936,0.0389210291437288,43.364078344559,171.480457542222,639.786232678312,NA,NA,NA,NA,NA,NA,NA,NA,NA
2012,"Rusty-fronted Barwing","2011-2012",5.31779672902984e-10,0.00376611067374301,0.0137876463996594,1.29256868876613e-05,51.7554762083909,244.256379147862,NA,NA,NA,NA,NA,NA,NA,NA,NA
2013,"Rusty-fronted Barwing","2013",1.01695782502934e-09,0.00633684072897559,0.0204572892238572,2.87894687724251e-05,86.2996615777651,346.795954358701,NA,NA,NA,NA,NA,NA,NA,NA,NA
2014,"Rusty-fronted Barwing","2014",0.00175117976109309,0.00932540052374204,0.0298993064980906,37.8799590849717,131.387682836174,457.057626390813,NA,NA,NA,NA,NA,NA,NA,NA,NA
2015,"Rusty-fronted Barwing","2015",0.0019988834011097,0.00943405377806624,0.0264423592334681,48.0616197423094,131.941377356984,525.906271053995,100,100,100,NA,NA,NA,100,100,100
2016,"Rusty-fronted Barwing","2016",0.000863227130200144,0.00477025284587936,0.014651487280844,24.3375848225089,68.4346642163448,230.332738723895,21.7314331415371,50.9463264033995,111.177891608774,NA,NA,NA,21.7314331415371,50.9463264033995,111.177891608774
2017,"Rusty-fronted Barwing","2017",0.000841852715834827,0.00389783357026562,0.0120280084407685,18.2917975110285,55.1109754365473,187.362511300412,16.1385520561794,41.6122852938843,93.958555234724,NA,NA,NA,16.1385520561794,41.6122852938843,93.958555234724
2018,"Rusty-fronted Barwing","2018",0.00150555991855059,0.00571542445122993,0.0162624467024078,33.3422282443643,80.0539141864131,288.501912897458,32.1590032586505,60.7536574947757,125.969927101971,NA,NA,NA,32.1590032586505,60.7536574947757,125.969927101971
2019,"Rusty-fronted Barwing","2019",0.00121700848553914,0.00463127208425222,0.0145334858096056,28.0198729366689,65.9022825727856,226.866573680764,24.3953126306257,50.1751709401615,114.778996769914,NA,NA,NA,24.3953126306257,50.1751709401615,114.778996769914
2020,"Rusty-fronted Barwing","2020",0.00177462603368331,0.00578712531634674,0.0165542906840955,38.6075803594692,81.6351993257903,248.47811395175,32.6507435967727,61.8828374277411,137.107450786681,NA,NA,NA,32.6507435967727,61.8828374277411,137.107450786681
2021,"Rusty-fronted Barwing","2021",0.00220558760432472,0.00727071856884633,0.0205763944541085,48.6219684227631,103.292105844788,324.426912611213,43.3989247470671,78.029381259631,169.578715876428,NA,NA,NA,43.3989247470671,78.029381259631,169.578715876428
2022,"Rusty-fronted Barwing","2022",0.00247990721595587,0.00794427631348921,0.0234407188344595,52.4060268778146,113.112203633992,331.965238173235,47.8845491521825,84.8456821759934,178.984232243918,NA,NA,NA,47.8845491521825,84.8456821759934,178.984232243918
2023,"Rusty-fronted Barwing","2023",0.00174936931944335,0.00582750711234927,0.0166409251742431,37.3441273416011,81.7032301750336,250.126090065514,35.2717698737566,61.8672283535665,132.936585079976,NA,NA,NA,35.2717698737566,61.8672283535665,132.936585079976
2024,"Rusty-fronted Barwing","2024",0.00193142783439899,0.00598406990329042,0.0169550268147988,39.8671278355516,85.1952517406397,253.777296300957,38.170884768277,64.7030673469086,134.322158389535,NA,NA,NA,38.170884768277,64.7030673469086,134.322158389535
2025,"Rusty-fronted Barwing","2025",0.0019668545303725,0.00611773194916682,0.0173749773304784,41.0988811139224,86.6667359580707,259.386401954245,37.7546090357795,65.669503966058,136.135848797367,NA,NA,NA,37.7546090357795,65.669503966058,136.135848797367
2026,"Rusty-fronted Barwing","2026",NA,NA,NA,NA,NA,NA,NA,NA,NA,46.1975265592495,68.5680356345845,101.309834409212,46.1975265592495,68.5680356345845,101.309834409212
2027,"Rusty-fronted Barwing","2027",NA,NA,NA,NA,NA,NA,NA,NA,NA,44.2477524384869,69.3676761909314,107.280353035758,44.2477524384869,69.3676761909314,107.280353035758
2028,"Rusty-fronted Barwing","2028",NA,NA,NA,NA,NA,NA,NA,NA,NA,42.3712455184421,70.4260388122904,114.290109657748,42.3712455184421,70.4260388122904,114.290109657748
2029,"Rusty-fronted Barwing","2029",NA,NA,NA,NA,NA,NA,NA,NA,NA,40.6348673098493,71.3378646126884,121.908845518461,40.6348673098493,71.3378646126884,121.908845518461
2030,"Rusty-fronted Barwing","2030",NA,NA,NA,NA,NA,NA,NA,NA,NA,38.8447060658675,72.4044827288218,130.048947884316,38.8447060658675,72.4044827288218,130.048947884316
2031,"Rusty-fronted Barwing","2031",NA,NA,NA,NA,NA,NA,NA,NA,NA,37.2077839894292,73.1882151682146,138.005658894451,37.2077839894292,73.1882151682146,138.005658894451
2032,"Rusty-fronted Barwing","2032",NA,NA,NA,NA,NA,NA,NA,NA,NA,35.7618286476772,74.3919543349884,147.777318879959,35.7618286476772,74.3919543349884,147.777318879959
2033,"Rusty-fronted Barwing","2033",NA,NA,NA,NA,NA,NA,NA,NA,NA,34.2135047835278,75.1168109775368,156.946219793413,34.2135047835278,75.1168109775368,156.946219793413
1985,"Jungle Babbler","before 2000",NA,NA,NA,NA,NA,NA,NA,NA,NA,NA,NA,NA,NA,NA,NA
2003,"Jungle Babbler","2000-2006",NA,NA,NA,NA,NA,NA,NA,NA,NA,NA,NA,NA,NA,NA,NA
2009,"Jungle Babbler","2007-2010",NA,NA,NA,NA,NA,NA,NA,NA,NA,NA,NA,NA,NA,NA,NA
2012,"Jungle Babbler","2011-2012",NA,NA,NA,NA,NA,NA,NA,NA,NA,NA,NA,NA,NA,NA,NA
2013,"Jungle Babbler","2013",NA,NA,NA,NA,NA,NA,NA,NA,NA,NA,NA,NA,NA,NA,NA
2014,"Jungle Babbler","2014",NA,NA,NA,NA,NA,NA,NA,NA,NA,NA,NA,NA,NA,NA,NA
2015,"Jungle Babbler","2015",0.217089587951279,0.275861020397956,0.347432784184439,NA,NA,NA,100,100,100,NA,NA,NA,100,100,100
2016,"Jungle Babbler","2016",0.242960887066716,0.305073928318103,0.377027870375711,NA,NA,NA,98.7742025048026,110.674704684628,125.11470216933,NA,NA,NA,98.7742025048026,110.674704684628,125.11470216933
2017,"Jungle Babbler","2017",0.215890094721268,0.270934473720894,0.335535710252538,NA,NA,NA,87.6993178494582,98.1956478754707,110.116606808285,NA,NA,NA,87.6993178494582,98.1956478754707,110.116606808285
2018,"Jungle Babbler","2018",0.230468686221328,0.287437915223332,0.357317600125525,NA,NA,NA,93.7136747066342,104.324335832352,115.700874703296,NA,NA,NA,93.7136747066342,104.324335832352,115.700874703296
2019,"Jungle Babbler","2019",0.247337997402467,0.304873344096215,0.376597458903735,NA,NA,NA,99.9232628022133,110.906866137328,122.940921742155,NA,NA,NA,99.9232628022133,110.906866137328,122.940921742155
2020,"Jungle Babbler","2020",0.248141966982948,0.305948709879981,0.377103412365104,NA,NA,NA,100.574878043024,111.11306610141,122.635767576759,NA,NA,NA,100.574878043024,111.11306610141,122.635767576759
2021,"Jungle Babbler","2021",0.257286500262805,0.316125995114827,0.387935647134062,NA,NA,NA,104.409216143645,114.895422564628,127.251654855569,NA,NA,NA,104.409216143645,114.895422564628,127.251654855569
2022,"Jungle Babbler","2022",0.247652505210147,0.30422564136946,0.376511841467892,NA,NA,NA,99.8461845981178,110.598614681484,122.397531416092,NA,NA,NA,99.8461845981178,110.598614681484,122.397531416092
2023,"Jungle Babbler","2023",0.263190339184558,0.321568979219703,0.395953296802765,NA,NA,NA,105.706729226372,117.238211807962,128.560826193854,NA,NA,NA,105.706729226372,117.238211807962,128.560826193854
2024,"Jungle Babbler","2024",0.277861679904813,0.341162375408777,0.415715134660853,NA,NA,NA,112.338525605733,123.754564431487,136.728658364144,NA,NA,NA,112.338525605733,123.754564431487,136.728658364144
2025,"Jungle Babbler","2025",0.300255917692512,0.366424123758843,0.445819401530873,NA,NA,NA,120.802833889098,133.178092642598,147.310902434653,NA,NA,NA,120.802833889098,133.178092642598,147.310902434653
2026,"Jungle Babbler","2026",NA,NA,NA,NA,NA,NA,NA,NA,NA,120.621827072644,128.43724271051,137.082730052068,120.621827072644,128.43724271051,137.082730052068
2027,"Jungle Babbler","2027",NA,NA,NA,NA,NA,NA,NA,NA,NA,122.419671962687,131.50781732645,141.405450323972,122.419671962687,131.50781732645,141.405450323972
2028,"Jungle Babbler","2028",NA,NA,NA,NA,NA,NA,NA,NA,NA,124.104118530321,134.558576526689,145.959770465659,124.104118530321,134.558576526689,145.959770465659
2029,"Jungle Babbler","2029",NA,NA,NA,NA,NA,NA,NA,NA,NA,125.873839367671,137.617823700248,150.728526218856,125.873839367671,137.617823700248,150.728526218856
2030,"Jungle Babbler","2030",NA,NA,NA,NA,NA,NA,NA,NA,NA,127.749497312403,140.804833609826,155.719483909402,127.749497312403,140.804833609826,155.719483909402
2031,"Jungle Babbler","2031",NA,NA,NA,NA,NA,NA,NA,NA,NA,129.672856257642,144.082665250106,160.868371338753,129.672856257642,144.082665250106,160.868371338753
2032,"Jungle Babbler","2032",NA,NA,NA,NA,NA,NA,NA,NA,NA,131.542967235606,147.457554715605,166.219356990655,131.542967235606,147.457554715605,166.219356990655
2033,"Jungle Babbler","2033",NA,NA,NA,NA,NA,NA,NA,NA,NA,133.526820362896,150.997602884345,171.689774113403,133.526820362896,150.997602884345,171.689774113403
1985,"Spotted Laughingthrush","before 2000",2.18671638398144e-10,0.00473816591674583,0.0240233952484152,100,100,100,NA,NA,NA,NA,NA,NA,NA,NA,NA
2003,"Spotted Laughingthrush","2000-2006",2.06740973674325e-10,0.00908619623508125,0.0428186407581598,3.14982216032795e-05,184.514342732601,1171600049.24784,NA,NA,NA,NA,NA,NA,NA,NA,NA
2009,"Spotted Laughingthrush","2007-2010",4.78863490486427e-10,0.0124992285355971,0.0540045086560507,0.000128832615049217,259.452469675746,2238496305.28464,NA,NA,NA,NA,NA,NA,NA,NA,NA
2012,"Spotted Laughingthrush","2011-2012",2.38783157948361e-10,0.00803729359916323,0.0335379922656801,3.75604233897693e-05,160.191584852824,1594734029.00852,NA,NA,NA,NA,NA,NA,NA,NA,NA
2013,"Spotted Laughingthrush","2013",3.30225515645972e-10,0.0126512414847446,0.0526957967252974,24.7442784288202,264.259060751902,1791976438.72471,NA,NA,NA,NA,NA,NA,NA,NA,NA
2014,"Spotted Laughingthrush","2014",1.246371170261e-09,0.0180066160973397,0.069879356625871,59.9742067365488,384.760995446402,2935698423.99323,NA,NA,NA,NA,NA,NA,NA,NA,NA
2015,"Spotted Laughingthrush","2015",0.000738370472477049,0.00779703242663832,0.0265887939136707,29.6032827168863,169.403581710231,1429573026.74491,100,100,100,NA,NA,NA,100,100,100
2016,"Spotted Laughingthrush","2016",6.66286970851995e-10,0.00454348510487004,0.0176003908796772,19.3059515029533,97.9692869330376,872976471.490668,13.6517320379236,59.7938926832477,243.943210250784,NA,NA,NA,13.6517320379236,59.7938926832477,243.943210250784
2017,"Spotted Laughingthrush","2017",0.000799548103700556,0.00658594579230897,0.024537089991981,25.8977955491444,142.700768046637,1401714422.25663,25.7521656942666,85.1463319677582,334.389147928101,NA,NA,NA,25.7521656942666,85.1463319677582,334.389147928101
2018,"Spotted Laughingthrush","2018",0.000938174889605596,0.00541036292831585,0.0173628025132433,27.8813437909715,112.278581203443,1039152922.76507,24.8515456662065,68.109277317127,348.485812600847,NA,NA,NA,24.8515456662065,68.109277317127,348.485812600847
2019,"Spotted Laughingthrush","2019",0.00168362506282549,0.00777861880521879,0.0262384155337282,39.6948061260927,170.609331537644,1739537906.01111,42.9034089393766,101.087786151448,538.337108221949,NA,NA,NA,42.9034089393766,101.087786151448,538.337108221949
2020,"Spotted Laughingthrush","2020",0.00143290972567981,0.00598647900494094,0.0208555935948004,31.4193025696479,134.340505747211,1377850008.423,36.5145576339089,78.1635676700779,514.614742722288,NA,NA,NA,36.5145576339089,78.1635676700779,514.614742722288
2021,"Spotted Laughingthrush","2021",0.00311272219770596,0.0125999507597243,0.0416294037494109,70.734429134297,271.584984373522,2516666896.15309,74.3523707839087,163.357235869391,713.654856894552,NA,NA,NA,74.3523707839087,163.357235869391,713.654856894552
2022,"Spotted Laughingthrush","2022",0.00186435136282929,0.00735516798395781,0.0247676618990194,42.314939059205,160.935217384336,1534619073.42595,46.6530920330851,95.6845118526425,444.689073103791,NA,NA,NA,46.6530920330851,95.6845118526425,444.689073103791
2023,"Spotted Laughingthrush","2023",0.00135169961992461,0.00530023189220968,0.0181402558404006,31.4860149060716,116.0100516898,1145061559.94853,34.9009336523475,70.5165934101115,365.889728369604,NA,NA,NA,34.9009336523475,70.5165934101115,365.889728369604
2024,"Spotted Laughingthrush","2024",0.00195263670645234,0.00698246074617111,0.0234140835000795,42.1094124210612,152.092526850373,1635463260.5147,47.4697500532547,91.7387254384147,446.549614108244,NA,NA,NA,47.4697500532547,91.7387254384147,446.549614108244
2025,"Spotted Laughingthrush","2025",0.00210305756347527,0.00787477219148239,0.0263069833179267,45.5698252267246,174.78018253398,1551514786.55435,51.7248209580313,105.081501811017,509.004745157733,NA,NA,NA,51.7248209580313,105.081501811017,509.004745157733
2026,"Spotted Laughingthrush","2026",NA,NA,NA,NA,NA,NA,NA,NA,NA,66.5273729815654,103.759538606014,157.890174058273,66.5273729815654,103.759538606014,157.890174058273
2027,"Spotted Laughingthrush","2027",NA,NA,NA,NA,NA,NA,NA,NA,NA,64.4568089757076,106.954235650198,170.526706171731,64.4568089757076,106.954235650198,170.526706171731
2028,"Spotted Laughingthrush","2028",NA,NA,NA,NA,NA,NA,NA,NA,NA,62.300659192107,110.157455620877,184.867313642323,62.300659192107,110.157455620877,184.867313642323
2029,"Spotted Laughingthrush","2029",NA,NA,NA,NA,NA,NA,NA,NA,NA,60.2996760723736,112.742517899749,200.481189768247,60.2996760723736,112.742517899749,200.481189768247
2030,"Spotted Laughingthrush","2030",NA,NA,NA,NA,NA,NA,NA,NA,NA,58.2665842812768,115.480186434624,217.356104601474,58.2665842812768,115.480186434624,217.356104601474
2031,"Spotted Laughingthrush","2031",NA,NA,NA,NA,NA,NA,NA,NA,NA,56.0208532167833,118.808766824489,235.366297774308,56.0208532167833,118.808766824489,235.366297774308
2032,"Spotted Laughingthrush","2032",NA,NA,NA,NA,NA,NA,NA,NA,NA,54.3438370036905,121.572332088334,255.168644483809,54.3438370036905,121.572332088334,255.168644483809
2033,"Spotted Laughingthrush","2033",NA,NA,NA,NA,NA,NA,NA,NA,NA,52.3088764329331,124.57500269422,276.345962308672,52.3088764329331,124.57500269422,276.345962308672
1985,"Gray-sided Laughingthrush","before 2000",NA,NA,NA,NA,NA,NA,NA,NA,NA,NA,NA,NA,NA,NA,NA
2003,"Gray-sided Laughingthrush","2000-2006",NA,NA,NA,NA,NA,NA,NA,NA,NA,NA,NA,NA,NA,NA,NA
2009,"Gray-sided Laughingthrush","2007-2010",NA,NA,NA,NA,NA,NA,NA,NA,NA,NA,NA,NA,NA,NA,NA
2012,"Gray-sided Laughingthrush","2011-2012",NA,NA,NA,NA,NA,NA,NA,NA,NA,NA,NA,NA,NA,NA,NA
2013,"Gray-sided Laughingthrush","2013",NA,NA,NA,NA,NA,NA,NA,NA,NA,NA,NA,NA,NA,NA,NA
2014,"Gray-sided Laughingthrush","2014",NA,NA,NA,NA,NA,NA,NA,NA,NA,NA,NA,NA,NA,NA,NA
2015,"Gray-sided Laughingthrush","2015",6.09264399161043e-09,0.00921855078306621,0.0219360900542835,NA,NA,NA,100,100,100,NA,NA,NA,100,100,100
2016,"Gray-sided Laughingthrush","2016",0.0159208594841264,0.0303445666738267,0.0461024849009652,NA,NA,NA,115.23198053393,357.466370750768,552654935.540983,NA,NA,NA,115.23198053393,357.466370750768,552654935.540983
2017,"Gray-sided Laughingthrush","2017",0.00856492973146221,0.019444527553563,0.0352943377268132,NA,NA,NA,67.3293573085048,224.587364900099,291748684.220671,NA,NA,NA,67.3293573085048,224.587364900099,291748684.220671
2018,"Gray-sided Laughingthrush","2018",0.00496371246285683,0.0112358586350038,0.0186041414964772,NA,NA,NA,35.3730850529607,130.277410001565,185406310.806224,NA,NA,NA,35.3730850529607,130.277410001565,185406310.806224
2019,"Gray-sided Laughingthrush","2019",0.00251126524659454,0.00788221595621778,0.0149217995926281,NA,NA,NA,19.8573697449856,91.6621973515517,127351952.061416,NA,NA,NA,19.8573697449856,91.6621973515517,127351952.061416
2020,"Gray-sided Laughingthrush","2020",0.00995056150997609,0.0165270493418819,0.0240276511817254,NA,NA,NA,68.7274220093938,190.911999925422,260295188.579889,NA,NA,NA,68.7274220093938,190.911999925422,260295188.579889
2021,"Gray-sided Laughingthrush","2021",0.0390220643557822,0.0481343189411571,0.0570815016322041,NA,NA,NA,221.336868643904,546.343578173132,792480881.906223,NA,NA,NA,221.336868643904,546.343578173132,792480881.906223
2022,"Gray-sided Laughingthrush","2022",0.0448062788887203,0.0524216942780457,0.0605248804366368,NA,NA,NA,243.510080851103,581.555465880425,842225487.946751,NA,NA,NA,243.510080851103,581.555465880425,842225487.946751
2023,"Gray-sided Laughingthrush","2023",0.0182279486530184,0.0224946570899298,0.0270291955646124,NA,NA,NA,102.710746448224,254.282023422225,361171021.03324,NA,NA,NA,102.710746448224,254.282023422225,361171021.03324
2024,"Gray-sided Laughingthrush","2024",0.0317304322699917,0.0366361605010276,0.0417649353815246,NA,NA,NA,173.398234032179,406.688065667492,596869317.904222,NA,NA,NA,173.398234032179,406.688065667492,596869317.904222
2025,"Gray-sided Laughingthrush","2025",0.0327109522451201,0.0378739319768797,0.0430456508888937,NA,NA,NA,169.762719585907,423.912526551217,612204349.278087,NA,NA,NA,169.762719585907,423.912526551217,612204349.278087
2026,"Gray-sided Laughingthrush","2026",NA,NA,NA,NA,NA,NA,NA,NA,NA,246.280566253542,505.894371440849,1149.19845126812,246.280566253542,505.894371440849,1149.19845126812
2027,"Gray-sided Laughingthrush","2027",NA,NA,NA,NA,NA,NA,NA,NA,NA,253.615337405732,578.403571882679,1473.04367214166,253.615337405732,578.403571882679,1473.04367214166
2028,"Gray-sided Laughingthrush","2028",NA,NA,NA,NA,NA,NA,NA,NA,NA,259.816853053379,664.038765177901,1881.46091347763,259.816853053379,664.038765177901,1881.46091347763
2029,"Gray-sided Laughingthrush","2029",NA,NA,NA,NA,NA,NA,NA,NA,NA,263.849424027275,756.095269047693,2409.29479903575,263.849424027275,756.095269047693,2409.29479903575
2030,"Gray-sided Laughingthrush","2030",NA,NA,NA,NA,NA,NA,NA,NA,NA,269.116202096515,860.099425509531,3081.43600422863,269.116202096515,860.099425509531,3081.43600422863
2031,"Gray-sided Laughingthrush","2031",NA,NA,NA,NA,NA,NA,NA,NA,NA,273.599507506044,978.034364893041,3962.54832081385,273.599507506044,978.034364893041,3962.54832081385
2032,"Gray-sided Laughingthrush","2032",NA,NA,NA,NA,NA,NA,NA,NA,NA,277.025197511997,1114.86345618645,5058.4570940938,277.025197511997,1114.86345618645,5058.4570940938
2033,"Gray-sided Laughingthrush","2033",NA,NA,NA,NA,NA,NA,NA,NA,NA,280.929065528023,1273.83662917751,6333.42417474802,280.929065528023,1273.83662917751,6333.42417474802
1985,"White-tailed Nuthatch","before 2000",0.00340360771645663,0.0188503287662501,0.0665519966280328,100,100,100,NA,NA,NA,NA,NA,NA,NA,NA,NA
2003,"White-tailed Nuthatch","2000-2006",0.00229712208733403,0.0122530116610233,0.0484519411193193,20.7597744178108,65.8224253517934,200.757960334655,NA,NA,NA,NA,NA,NA,NA,NA,NA
2009,"White-tailed Nuthatch","2007-2010",0.00577095433287369,0.0285044969800416,0.102253630262474,59.6100102210914,155.241626819243,410.880315793048,NA,NA,NA,NA,NA,NA,NA,NA,NA
2012,"White-tailed Nuthatch","2011-2012",0.00510345300164748,0.0238206083790282,0.083814965938532,46.1018709787532,126.963618164276,359.528541628452,NA,NA,NA,NA,NA,NA,NA,NA,NA
2013,"White-tailed Nuthatch","2013",0.00377060084244125,0.0183883606287478,0.074740270803356,34.8005253175381,98.1904256077627,292.419327759641,NA,NA,NA,NA,NA,NA,NA,NA,NA
2014,"White-tailed Nuthatch","2014",0.00429048404122973,0.0195123681802345,0.0709291893763109,43.4554305108191,102.087918795766,254.197127947942,NA,NA,NA,NA,NA,NA,NA,NA,NA
2015,"White-tailed Nuthatch","2015",0.00479960089181267,0.0190995175174596,0.0663859851916359,49.4490830693883,103.255923578493,250.031089184351,100,100,100,NA,NA,NA,100,100,100
2016,"White-tailed Nuthatch","2016",0.00264441921378719,0.0115509725915453,0.0397762590859911,29.4428599490393,62.5822198796817,148.806894104805,30.8712260051948,60.1760722706891,108.852007552584,NA,NA,NA,30.8712260051948,60.1760722706891,108.852007552584
2017,"White-tailed Nuthatch","2017",0.00303817796080628,0.0123189383734402,0.0435092873631059,31.7942038484283,66.3268746113039,179.183261992771,36.2922813978504,64.1116465773192,117.058103136574,NA,NA,NA,36.2922813978504,64.1116465773192,117.058103136574
2018,"White-tailed Nuthatch","2018",0.00317909525180629,0.0120782469250347,0.040693206028345,34.8263756242997,65.545627915261,155.331707267051,38.392789633861,62.8439880325465,106.687893502047,NA,NA,NA,38.392789633861,62.8439880325465,106.687893502047
2019,"White-tailed Nuthatch","2019",0.00321302110984873,0.0120417537047929,0.0410348947395085,33.8391744633329,64.2416623612468,149.569572118119,37.1733239269631,62.0252623876277,107.681420060517,NA,NA,NA,37.1733239269631,62.0252623876277,107.681420060517
2020,"White-tailed Nuthatch","2020",0.00305498696717094,0.0115625530755862,0.0396758230974212,34.0221252095828,62.2757887291529,143.920312686087,38.6168168411907,59.5316212534152,98.3296055799878,NA,NA,NA,38.6168168411907,59.5316212534152,98.3296055799878
2021,"White-tailed Nuthatch","2021",0.00375542514867113,0.0135784607437479,0.0464971708573001,39.6806709337174,73.9232686495724,175.082825298496,44.3221311034929,71.6533270439914,117.249684748175,NA,NA,NA,44.3221311034929,71.6533270439914,117.249684748175
2022,"White-tailed Nuthatch","2022",0.00344090974712455,0.0126329950864556,0.0444922856169048,37.2914321553532,69.3226120297673,162.897465239175,43.801604759863,66.355561066848,106.341615112146,NA,NA,NA,43.801604759863,66.355561066848,106.341615112146
2023,"White-tailed Nuthatch","2023",0.00316771002751173,0.0113696412124106,0.0396751654004368,33.898649760142,62.3503975277747,152.192873947702,38.0422118692747,59.8650745960955,94.5258397441744,NA,NA,NA,38.0422118692747,59.8650745960955,94.5258397441744
2024,"White-tailed Nuthatch","2024",0.0033557610664787,0.0120356833034784,0.0413993626955029,36.4835040097417,64.8811154844073,155.092765522571,41.1927522312647,62.9151121964897,102.292673699146,NA,NA,NA,41.1927522312647,62.9151121964897,102.292673699146
2025,"White-tailed Nuthatch","2025",0.00310265860299364,0.0111281591907291,0.0388570830702277,33.471288417208,60.7025527257486,138.318404454293,37.5657486925007,58.4808768700075,94.3975901951874,NA,NA,NA,37.5657486925007,58.4808768700075,94.3975901951874
2026,"White-tailed Nuthatch","2026",NA,NA,NA,NA,NA,NA,NA,NA,NA,45.8468440611071,57.4997748391347,71.5414789804287,45.8468440611071,57.4997748391347,71.5414789804287
2027,"White-tailed Nuthatch","2027",NA,NA,NA,NA,NA,NA,NA,NA,NA,43.5737644720003,56.2842223941638,71.9975541136074,43.5737644720003,56.2842223941638,71.9975541136074
2028,"White-tailed Nuthatch","2028",NA,NA,NA,NA,NA,NA,NA,NA,NA,41.3584348493179,54.9010998160689,72.418017318279,41.3584348493179,54.9010998160689,72.418017318279
2029,"White-tailed Nuthatch","2029",NA,NA,NA,NA,NA,NA,NA,NA,NA,39.3120228550205,53.7487184179658,72.9122744479618,39.3120228550205,53.7487184179658,72.9122744479618
2030,"White-tailed Nuthatch","2030",NA,NA,NA,NA,NA,NA,NA,NA,NA,37.3789532212693,52.5372444411773,73.5126439141002,37.3789532212693,52.5372444411773,73.5126439141002
2031,"White-tailed Nuthatch","2031",NA,NA,NA,NA,NA,NA,NA,NA,NA,35.4651896480974,51.4177862658018,74.2251275529543,35.4651896480974,51.4177862658018,74.2251275529543
2032,"White-tailed Nuthatch","2032",NA,NA,NA,NA,NA,NA,NA,NA,NA,33.5737236804618,50.3110376215153,74.9141909492996,33.5737236804618,50.3110376215153,74.9141909492996
2033,"White-tailed Nuthatch","2033",NA,NA,NA,NA,NA,NA,NA,NA,NA,31.7911298230214,49.2841366481963,75.7197494558658,31.7911298230214,49.2841366481963,75.7197494558658
1985,"Velvet-fronted Nuthatch","before 2000",0.00609225500197696,0.0224023063648652,0.0494524671762031,100,100,100,NA,NA,NA,NA,NA,NA,NA,NA,NA
2003,"Velvet-fronted Nuthatch","2000-2006",0.0146119259359386,0.0468818854735439,0.0948710827961051,67.766453276747,202.274984126781,674.752671527451,NA,NA,NA,NA,NA,NA,NA,NA,NA
2009,"Velvet-fronted Nuthatch","2007-2010",6.96668972386398e-09,0.0162996176298536,0.0395030206592829,5.29067517687284e-05,74.3526028723596,249.496435317638,NA,NA,NA,NA,NA,NA,NA,NA,NA
2012,"Velvet-fronted Nuthatch","2011-2012",6.40080871046013e-09,0.0160428764180009,0.0423991021222158,3.85256342910892e-05,70.8892024781875,262.887446410491,NA,NA,NA,NA,NA,NA,NA,NA,NA
2013,"Velvet-fronted Nuthatch","2013",0.00568481710859349,0.0250371916358911,0.0600623100082517,24.5932254870124,111.030417838684,430.031026493166,NA,NA,NA,NA,NA,NA,NA,NA,NA
2014,"Velvet-fronted Nuthatch","2014",0.00508974929196003,0.0213504541081889,0.0461823073658512,23.6396713008583,93.9208319256732,321.799551276419,NA,NA,NA,NA,NA,NA,NA,NA,NA
2015,"Velvet-fronted Nuthatch","2015",0.0139897739469924,0.0337180560009569,0.0611057599101795,60.3816188938663,148.548761900566,465.662350671903,100,100,100,NA,NA,NA,100,100,100
2016,"Velvet-fronted Nuthatch","2016",0.010257108968676,0.0236320967871726,0.0414447576752374,45.5383361798056,104.815004712877,315.600958630471,36.3500917496214,69.817997912633,142.881598101417,NA,NA,NA,36.3500917496214,69.817997912633,142.881598101417
2017,"Velvet-fronted Nuthatch","2017",0.0164694889721697,0.0335447416433932,0.0594565551757537,68.5243347454324,148.045447126575,474.589208094508,53.9249839855478,99.9795665142908,204.916297562781,NA,NA,NA,53.9249839855478,99.9795665142908,204.916297562781
2018,"Velvet-fronted Nuthatch","2018",0.0122613472780244,0.0246421648731728,0.0431043292193845,54.4737427112716,108.430792467117,329.169898217051,44.8206455365045,73.0508341952047,142.507821345058,NA,NA,NA,44.8206455365045,73.0508341952047,142.507821345058
2019,"Velvet-fronted Nuthatch","2019",0.010169593546782,0.0204816709302722,0.0359450036695756,39.2533374481474,90.1129774480156,280.701032921244,36.5120795415344,61.0657239188485,116.651950468782,NA,NA,NA,36.5120795415344,61.0657239188485,116.651950468782
2020,"Velvet-fronted Nuthatch","2020",0.0100590837654417,0.019752086544486,0.0342799408211308,44.8621477337956,86.0988366382548,298.332742560048,35.0031365221921,58.5511902517626,114.739098176678,NA,NA,NA,35.0031365221921,58.5511902517626,114.739098176678
2021,"Velvet-fronted Nuthatch","2021",0.0115431081460573,0.0218489385858071,0.0379471131993004,47.5827865290875,96.9347706048184,269.761303836136,40.7121335583434,65.6721423040459,126.65097945281,NA,NA,NA,40.7121335583434,65.6721423040459,126.65097945281
2022,"Velvet-fronted Nuthatch","2022",0.00845298517101608,0.0158653165970509,0.0271794420555364,35.7430404639063,70.0217202592046,213.211756566072,29.8244444068217,47.2946251197528,90.4318217762862,NA,NA,NA,29.8244444068217,47.2946251197528,90.4318217762862
2023,"Velvet-fronted Nuthatch","2023",0.00902650592150355,0.0164642654733636,0.0274183537778811,37.734627910775,73.9848831183095,210.02994444059,31.9274362808051,49.079233458142,92.3405111954272,NA,NA,NA,31.9274362808051,49.079233458142,92.3405111954272
2024,"Velvet-fronted Nuthatch","2024",0.0108030473157817,0.0201057254341415,0.0341678788974291,45.3067132136406,89.2269868835035,269.831955872158,37.7585100865853,59.4196739449995,113.024098823775,NA,NA,NA,37.7585100865853,59.4196739449995,113.024098823775
2025,"Velvet-fronted Nuthatch","2025",0.00997793612501592,0.0186103262668461,0.0313547945023856,41.7905711494698,82.6977581457289,245.237913536775,36.0616512410478,55.2175677321455,111.293650618782,NA,NA,NA,36.0616512410478,55.2175677321455,111.293650618782
2026,"Velvet-fronted Nuthatch","2026",NA,NA,NA,NA,NA,NA,NA,NA,NA,35.2309412648807,45.647300775074,59.1810235539088,35.2309412648807,45.647300775074,59.1810235539088
2027,"Velvet-fronted Nuthatch","2027",NA,NA,NA,NA,NA,NA,NA,NA,NA,32.0683132856249,43.0756066774507,58.0627898413667,32.0683132856249,43.0756066774507,58.0627898413667
2028,"Velvet-fronted Nuthatch","2028",NA,NA,NA,NA,NA,NA,NA,NA,NA,29.1754114142151,40.7068172100884,56.7538297508929,29.1754114142151,40.7068172100884,56.7538297508929
2029,"Velvet-fronted Nuthatch","2029",NA,NA,NA,NA,NA,NA,NA,NA,NA,26.4437068879553,38.421079909996,55.5385963510909,26.4437068879553,38.421079909996,55.5385963510909
2030,"Velvet-fronted Nuthatch","2030",NA,NA,NA,NA,NA,NA,NA,NA,NA,24.1087585966604,36.2190615056133,54.1337935630146,24.1087585966604,36.2190615056133,54.1337935630146
2031,"Velvet-fronted Nuthatch","2031",NA,NA,NA,NA,NA,NA,NA,NA,NA,21.9828366395621,34.2908909582961,53.0350302131991,21.9828366395621,34.2908909582961,53.0350302131991
2032,"Velvet-fronted Nuthatch","2032",NA,NA,NA,NA,NA,NA,NA,NA,NA,19.9456211088289,32.3455593186581,52.008045845757,19.9456211088289,32.3455593186581,52.008045845757
2033,"Velvet-fronted Nuthatch","2033",NA,NA,NA,NA,NA,NA,NA,NA,NA,18.1116597172713,30.5065071519264,51.0405720452807,18.1116597172713,30.5065071519264,51.0405720452807
1985,"Hodgson's Treecreeper","before 2000",NA,NA,NA,NA,NA,NA,NA,NA,NA,NA,NA,NA,NA,NA,NA
2003,"Hodgson's Treecreeper","2000-2006",NA,NA,NA,NA,NA,NA,NA,NA,NA,NA,NA,NA,NA,NA,NA
2009,"Hodgson's Treecreeper","2007-2010",NA,NA,NA,NA,NA,NA,NA,NA,NA,NA,NA,NA,NA,NA,NA
2012,"Hodgson's Treecreeper","2011-2012",NA,NA,NA,NA,NA,NA,NA,NA,NA,NA,NA,NA,NA,NA,NA
2013,"Hodgson's Treecreeper","2013",NA,NA,NA,NA,NA,NA,NA,NA,NA,NA,NA,NA,NA,NA,NA
2014,"Hodgson's Treecreeper","2014",NA,NA,NA,NA,NA,NA,NA,NA,NA,NA,NA,NA,NA,NA,NA
2015,"Hodgson's Treecreeper","2015",8.16248391921901e-12,0.00695544610629058,0.0218392725457079,NA,NA,NA,100,100,100,NA,NA,NA,100,100,100
2016,"Hodgson's Treecreeper","2016",2.47572544476099e-12,1.15865801894716e-11,4.01641791839415e-11,NA,NA,NA,4.13795089076773e-08,2.10243770774011e-07,100.309745979582,NA,NA,NA,4.13795089076773e-08,2.10243770774011e-07,100.309745979582
2017,"Hodgson's Treecreeper","2017",2.8200421813873e-12,1.59246153817649e-11,5.74129280050545e-11,NA,NA,NA,5.33756466515061e-08,2.74351195169271e-07,135.699460063169,NA,NA,NA,5.33756466515061e-08,2.74351195169271e-07,135.699460063169
2018,"Hodgson's Treecreeper","2018",2.44175453258194e-12,1.12040065253112e-11,3.75728725511094e-11,NA,NA,NA,3.86887679809087e-08,2.09172465472532e-07,96.23010158317,NA,NA,NA,3.86887679809087e-08,2.09172465472532e-07,96.23010158317
2019,"Hodgson's Treecreeper","2019",2.32732847992189e-12,1.04061508445149e-11,3.20295303167018e-11,NA,NA,NA,3.8522640038072e-08,1.86212045177104e-07,89.6939923459671,NA,NA,NA,3.8522640038072e-08,1.86212045177104e-07,89.6939923459671
2020,"Hodgson's Treecreeper","2020",3.52186930837815e-12,0.000956640012586078,0.00363655185607183,NA,NA,NA,5.89677266024504e-08,13.4235690511138,15740067979.0675,NA,NA,NA,5.89677266024504e-08,13.4235690511138,15740067979.0675
2021,"Hodgson's Treecreeper","2021",2.14399715472606e-12,9.14581681264301e-12,3.03231625707327e-11,NA,NA,NA,3.40388762645846e-08,1.75489792964104e-07,79.1553918957284,NA,NA,NA,3.40388762645846e-08,1.75489792964104e-07,79.1553918957284
2022,"Hodgson's Treecreeper","2022",2.55578327436648e-12,0.00052527590228195,0.00191799726143034,NA,NA,NA,4.42413966336982e-08,7.2986422751134,5818553778.37047,NA,NA,NA,4.42413966336982e-08,7.2986422751134,5818553778.37047
2023,"Hodgson's Treecreeper","2023",2.15721632896084e-12,7.62617135224292e-12,2.21749325325528e-11,NA,NA,NA,2.9949357834123e-08,1.3716665806502e-07,70.5431374438235,NA,NA,NA,2.9949357834123e-08,1.3716665806502e-07,70.5431374438235
2024,"Hodgson's Treecreeper","2024",0.000797569622310472,0.0025586207395631,0.00479833857371283,NA,NA,NA,8.63682798566162,36.8800177778903,31261727194.2948,NA,NA,NA,8.63682798566162,36.8800177778903,31261727194.2948
2025,"Hodgson's Treecreeper","2025",1.46467725023211e-12,7.16265680834165e-12,2.25015444197897e-11,NA,NA,NA,2.17525231859529e-08,1.19590862621116e-07,64.8806476236149,NA,NA,NA,2.17525231859529e-08,1.19590862621116e-07,64.8806476236149
2026,"Hodgson's Treecreeper","2026",NA,NA,NA,NA,NA,NA,NA,NA,NA,2.96932104872707e-10,7.64354378602563e-05,13.7189406890719,2.96932104872707e-10,7.64354378602563e-05,13.7189406890719
2027,"Hodgson's Treecreeper","2027",NA,NA,NA,NA,NA,NA,NA,NA,NA,5.76920258803102e-11,8.16782261027035e-05,73.4554164953057,5.76920258803102e-11,8.16782261027035e-05,73.4554164953057
2028,"Hodgson's Treecreeper","2028",NA,NA,NA,NA,NA,NA,NA,NA,NA,1.1069418646467e-11,8.71423915324098e-05,421.275676045431,1.1069418646467e-11,8.71423915324098e-05,421.275676045431
2029,"Hodgson's Treecreeper","2029",NA,NA,NA,NA,NA,NA,NA,NA,NA,2.14830503734818e-12,8.98919908231392e-05,2479.42171978859,2.14830503734818e-12,8.98919908231392e-05,2479.42171978859
2030,"Hodgson's Treecreeper","2030",NA,NA,NA,NA,NA,NA,NA,NA,NA,4.16035775022277e-13,9.30001959436275e-05,14898.2822823411,4.16035775022277e-13,9.30001959436275e-05,14898.2822823411
2031,"Hodgson's Treecreeper","2031",NA,NA,NA,NA,NA,NA,NA,NA,NA,7.68284341183688e-14,9.751246119586e-05,89187.1117012323,7.68284341183688e-14,9.751246119586e-05,89187.1117012323
2032,"Hodgson's Treecreeper","2032",NA,NA,NA,NA,NA,NA,NA,NA,NA,1.38970115163857e-14,0.000101912163441573,551300.835386109,1.38970115163857e-14,0.000101912163441573,551300.835386109
2033,"Hodgson's Treecreeper","2033",NA,NA,NA,NA,NA,NA,NA,NA,NA,2.45334705522124e-15,0.000104720818534763,3364743.10687623,2.45334705522124e-15,0.000104720818534763,3364743.10687623
1985,"Rusty-flanked Treecreeper","before 2000",0.00586968624978682,0.0269875868116715,0.0549326404158833,100,100,100,NA,NA,NA,NA,NA,NA,NA,NA,NA
2003,"Rusty-flanked Treecreeper","2000-2006",0.0239097935748351,0.0610016312068209,0.109138144698231,66.93745775143,229.789315513603,1034.7857884423,NA,NA,NA,NA,NA,NA,NA,NA,NA
2009,"Rusty-flanked Treecreeper","2007-2010",0.0391916234426154,0.0851477006796625,0.142354603452447,112.100569786913,314.5583772025,1275.48959095332,NA,NA,NA,NA,NA,NA,NA,NA,NA
2012,"Rusty-flanked Treecreeper","2011-2012",0.0104128982930983,0.0489343940963905,0.0956658514014705,44.9674363528588,173.544706364123,891.82402320141,NA,NA,NA,NA,NA,NA,NA,NA,NA
2013,"Rusty-flanked Treecreeper","2013",0.0181450443091476,0.0571549268824945,0.106869764115673,60.9649844625546,215.924298959208,948.354643353473,NA,NA,NA,NA,NA,NA,NA,NA,NA
2014,"Rusty-flanked Treecreeper","2014",0.0185210922969477,0.0504137258800876,0.0916607353354251,59.7658346109886,183.952773931912,782.347398419388,NA,NA,NA,NA,NA,NA,NA,NA,NA
2015,"Rusty-flanked Treecreeper","2015",0.0120004906168134,0.0279207409807455,0.0470780308486329,33.4987612681212,103.357078455687,397.783363388437,100,100,100,NA,NA,NA,100,100,100
2016,"Rusty-flanked Treecreeper","2016",0.020172387169857,0.0354713121780442,0.0534464439625274,52.8017605269843,130.738169790012,554.354528824953,58.9203197720651,127.347222718002,342.532592445724,NA,NA,NA,58.9203197720651,127.347222718002,342.532592445724
2017,"Rusty-flanked Treecreeper","2017",0.0104621980387426,0.0221312464042352,0.0370065500952659,26.6979825719518,83.5557042390044,382.851219110321,31.963559174786,80.570692719134,218.001411878303,NA,NA,NA,31.963559174786,80.570692719134,218.001411878303
2018,"Rusty-flanked Treecreeper","2018",0.00496921475441633,0.0107347170138099,0.0174269637784969,14.7073578391185,38.8219667680726,167.581727212021,15.5485413682188,38.7410799274505,109.90066003989,NA,NA,NA,15.5485413682188,38.7410799274505,109.90066003989
2019,"Rusty-flanked Treecreeper","2019",0.0122275408918574,0.0212504320898054,0.0316007726135182,30.9382814352457,79.4908054599083,352.54311846651,36.2411965751372,74.1938922705707,198.26765017618,NA,NA,NA,36.2411965751372,74.1938922705707,198.26765017618
2020,"Rusty-flanked Treecreeper","2020",0.00907539906098789,0.0147264162879667,0.0217747983979482,22.8150961446333,54.2978640141623,232.444558112314,26.6773580964694,52.4204591825689,136.375174262406,NA,NA,NA,26.6773580964694,52.4204591825689,136.375174262406
2021,"Rusty-flanked Treecreeper","2021",0.00869601602042393,0.0132035341840593,0.0183722657720831,20.7043480584194,50.1656267155486,200.771198880953,24.0673245047168,47.1995671305268,117.919576870077,NA,NA,NA,24.0673245047168,47.1995671305268,117.919576870077
2022,"Rusty-flanked Treecreeper","2022",0.00729478535561025,0.0106116227866038,0.0143069992005254,18.0274572620048,39.8566950462739,173.03184323681,19.9997853158168,38.0621674173244,99.8451565029463,NA,NA,NA,19.9997853158168,38.0621674173244,99.8451565029463
2023,"Rusty-flanked Treecreeper","2023",0.00226178739313011,0.00378188928069164,0.00564806332928795,5.43196693081313,14.3187598051852,67.5677146878153,6.45045687032975,13.5226603858181,35.7746293528173,NA,NA,NA,6.45045687032975,13.5226603858181,35.7746293528173
2024,"Rusty-flanked Treecreeper","2024",0.00399128006964391,0.00596610370992198,0.00808478551360771,10.0329983842632,22.2141449686992,103.453295282862,11.1502695720739,21.2155141647594,56.0983550143464,NA,NA,NA,11.1502695720739,21.2155141647594,56.0983550143464
2025,"Rusty-flanked Treecreeper","2025",0.0155196257926645,0.0193507856368751,0.0227887213135482,35.3850880423441,71.5258474965063,327.505385007194,40.3856298103569,69.4492325391888,162.561066582431,NA,NA,NA,40.3856298103569,69.4492325391888,162.561066582431
2026,"Rusty-flanked Treecreeper","2026",NA,NA,NA,NA,NA,NA,NA,NA,NA,10.9183988461582,22.488715969113,46.6253225765021,10.9183988461582,22.488715969113,46.6253225765021
2027,"Rusty-flanked Treecreeper","2027",NA,NA,NA,NA,NA,NA,NA,NA,NA,8.73248404007569,19.8137671782747,44.8731104682746,8.73248404007569,19.8137671782747,44.8731104682746
2028,"Rusty-flanked Treecreeper","2028",NA,NA,NA,NA,NA,NA,NA,NA,NA,6.96785369151709,17.2689677494599,43.3801669468717,6.96785369151709,17.2689677494599,43.3801669468717
2029,"Rusty-flanked Treecreeper","2029",NA,NA,NA,NA,NA,NA,NA,NA,NA,5.52403147622985,15.1600229353789,41.6791391344534,5.52403147622985,15.1600229353789,41.6791391344534
2030,"Rusty-flanked Treecreeper","2030",NA,NA,NA,NA,NA,NA,NA,NA,NA,4.36626841133854,13.2717738452451,40.1379469675244,4.36626841133854,13.2717738452451,40.1379469675244
2031,"Rusty-flanked Treecreeper","2031",NA,NA,NA,NA,NA,NA,NA,NA,NA,3.45764048951575,11.6342812655317,39.0572826113576,3.45764048951575,11.6342812655317,39.0572826113576
2032,"Rusty-flanked Treecreeper","2032",NA,NA,NA,NA,NA,NA,NA,NA,NA,2.7331776504344,10.1528788651167,37.9322521500206,2.7331776504344,10.1528788651167,37.9322521500206
2033,"Rusty-flanked Treecreeper","2033",NA,NA,NA,NA,NA,NA,NA,NA,NA,2.16528850876518,8.91516290480479,36.3651706596984,2.16528850876518,8.91516290480479,36.3651706596984
1985,"Sikkim Treecreeper","before 2000",1.92549313068228e-09,0.00618909977430971,0.0221170940142698,100,100,100,NA,NA,NA,NA,NA,NA,NA,NA,NA
2003,"Sikkim Treecreeper","2000-2006",1.31570101660354e-10,0.00203205987472729,0.0104137190911794,3.52326121245443e-06,31.7437558652019,243.947379961036,NA,NA,NA,NA,NA,NA,NA,NA,NA
2009,"Sikkim Treecreeper","2007-2010",1.97669925608569e-10,0.00220954987317957,0.0115574289753012,5.26426054505529e-06,35.6523150910828,273.971310891397,NA,NA,NA,NA,NA,NA,NA,NA,NA
2012,"Sikkim Treecreeper","2011-2012",2.64726257338359e-10,0.00383392937174551,0.0161051217563164,7.561314014645e-06,65.275513236527,428.159604543009,NA,NA,NA,NA,NA,NA,NA,NA,NA
2013,"Sikkim Treecreeper","2013",5.50710087737523e-10,0.00765718146254231,0.0303021820874744,2.10772047353524e-05,123.65341375754,857.639898755866,NA,NA,NA,NA,NA,NA,NA,NA,NA
2014,"Sikkim Treecreeper","2014",9.12084947371584e-10,0.00804434004935506,0.0276399528918982,13.1700293782207,131.564713796172,738.559519964727,NA,NA,NA,NA,NA,NA,NA,NA,NA
2015,"Sikkim Treecreeper","2015",0.000720529585831679,0.00539592975531435,0.018220513455275,15.8021502941178,86.4129968904967,537.846908773263,100,100,100,NA,NA,NA,100,100,100
2016,"Sikkim Treecreeper","2016",0.00117567508927157,0.00566502500388942,0.0184140794734218,28.6587505242406,93.2013500931554,79274385.3413024,38.1039766445768,106.890400577296,430.068055680935,NA,NA,NA,38.1039766445768,106.890400577296,430.068055680935
2017,"Sikkim Treecreeper","2017",0.000608345393627947,0.00450289690298277,0.0148385295996163,18.5862417346937,73.6218783388437,449.223073617965,22.6463166622346,84.2018322293389,361.8431266146,NA,NA,NA,22.6463166622346,84.2018322293389,361.8431266146
2018,"Sikkim Treecreeper","2018",0.000886262614640428,0.00410911669223467,0.0132001783815259,27.255968850923,67.2492930678063,90791267.2816835,33.9821463563962,77.5025532454517,349.577477420328,NA,NA,NA,33.9821463563962,77.5025532454517,349.577477420328
2019,"Sikkim Treecreeper","2019",0.000623041581089354,0.00329578466679887,0.0103898221501122,15.9713064914192,51.4122931661345,61964468.3207286,20.3230028643687,61.4818244927867,271.299851391854,NA,NA,NA,20.3230028643687,61.4818244927867,271.299851391854
2020,"Sikkim Treecreeper","2020",0.00232195176432115,0.00875752249637399,0.0266020911477057,58.3410742314997,142.697982886965,217370209.261223,79.8899004772011,169.04439640685,662.783663012652,NA,NA,NA,79.8899004772011,169.04439640685,662.783663012652
2021,"Sikkim Treecreeper","2021",0.0017458118463992,0.00636664202206865,0.0196405549621328,44.7061811129781,101.409371428826,205994059.196444,57.867489514366,121.132735884532,492.701250839105,NA,NA,NA,57.867489514366,121.132735884532,492.701250839105
2022,"Sikkim Treecreeper","2022",0.00243176630811581,0.00849420596220346,0.026834937823319,60.2854103870448,140.118989627497,210677815.064188,80.3202577593662,163.284128721887,762.195300733571,NA,NA,NA,80.3202577593662,163.284128721887,762.195300733571
2023,"Sikkim Treecreeper","2023",0.00187351261219673,0.00668516728428844,0.0211589563784517,47.2409180124761,108.479334025551,172933761.832164,60.6318690321517,130.11800564891,536.656760806179,NA,NA,NA,60.6318690321517,130.11800564891,536.656760806179
2024,"Sikkim Treecreeper","2024",0.00183009211216549,0.0064487827180057,0.0200458074304668,47.0616856088468,103.491939792046,214337958.049161,58.0615304985941,123.113768581304,497.834224724807,NA,NA,NA,58.0615304985941,123.113768581304,497.834224724807
2025,"Sikkim Treecreeper","2025",0.0014043590500925,0.00486387433912118,0.0155279521648689,35.8275335162929,79.7168717464403,159431368.682963,46.0283525971024,93.4088429381931,399.141306597438,NA,NA,NA,46.0283525971024,93.4088429381931,399.141306597438
2026,"Sikkim Treecreeper","2026",NA,NA,NA,NA,NA,NA,NA,NA,NA,84.3172873139846,131.601507716364,204.054610447286,84.3172873139846,131.601507716364,204.054610447286
2027,"Sikkim Treecreeper","2027",NA,NA,NA,NA,NA,NA,NA,NA,NA,82.0825375693156,136.214456192129,224.168333467284,82.0825375693156,136.214456192129,224.168333467284
2028,"Sikkim Treecreeper","2028",NA,NA,NA,NA,NA,NA,NA,NA,NA,79.7568911802338,140.739425253509,245.535110352282,79.7568911802338,140.739425253509,245.535110352282
2029,"Sikkim Treecreeper","2029",NA,NA,NA,NA,NA,NA,NA,NA,NA,77.6335999249203,145.461412512313,268.176295084573,77.6335999249203,145.461412512313,268.176295084573
2030,"Sikkim Treecreeper","2030",NA,NA,NA,NA,NA,NA,NA,NA,NA,75.5997063627459,150.317656173511,295.144788199611,75.5997063627459,150.317656173511,295.144788199611
2031,"Sikkim Treecreeper","2031",NA,NA,NA,NA,NA,NA,NA,NA,NA,73.0069350976383,155.049012714732,324.381440081648,73.0069350976383,155.049012714732,324.381440081648
2032,"Sikkim Treecreeper","2032",NA,NA,NA,NA,NA,NA,NA,NA,NA,70.9637204971091,160.585474317078,358.635007405807,70.9637204971091,160.585474317078,358.635007405807
2033,"Sikkim Treecreeper","2033",NA,NA,NA,NA,NA,NA,NA,NA,NA,68.9961227498417,166.271273885552,393.858625670895,68.9961227498417,166.271273885552,393.858625670895
1985,"Indian Pied Starling","before 2000",0.317034042737589,0.424715890705994,0.551429860692762,100,100,100,NA,NA,NA,NA,NA,NA,NA,NA,NA
2003,"Indian Pied Starling","2000-2006",0.234363985133355,0.332670790362781,0.461630883587465,58.1691253740727,78.016605374578,103.591567569415,NA,NA,NA,NA,NA,NA,NA,NA,NA
2009,"Indian Pied Starling","2007-2010",0.338676613190704,0.453755707468143,0.585294938309352,84.8367170968453,107.50397373093,134.116021881421,NA,NA,NA,NA,NA,NA,NA,NA,NA
2012,"Indian Pied Starling","2011-2012",0.167127075046064,0.236033952783711,0.318191980764279,44.4742589060183,55.9978054101423,70.497964919408,NA,NA,NA,NA,NA,NA,NA,NA,NA
2013,"Indian Pied Starling","2013",0.26463828858628,0.348318082391952,0.451424450231326,66.3484947031108,81.805847592282,99.7216467814459,NA,NA,NA,NA,NA,NA,NA,NA,NA
2014,"Indian Pied Starling","2014",0.308077470541971,0.402407991659582,0.512422223349996,78.5591012540806,94.944244938834,114.546023084018,NA,NA,NA,NA,NA,NA,NA,NA,NA
2015,"Indian Pied Starling","2015",0.346202114522229,0.443899263967923,0.551092688753654,87.9997596704623,104.66422717556,126.977706079201,100,100,100,NA,NA,NA,100,100,100
2016,"Indian Pied Starling","2016",0.348959026450982,0.444715206859944,0.552666880031509,88.3575600342889,104.985438834141,124.213751214324,90.6245858449728,99.9609240993291,111.06685974283,NA,NA,NA,90.6245858449728,99.9609240993291,111.06685974283
2017,"Indian Pied Starling","2017",0.272715195971597,0.352033994163231,0.44978586643257,70.5440882738957,83.1586567746627,99.1601794369069,71.3749784447308,79.3017275726076,87.6893560496257,NA,NA,NA,71.3749784447308,79.3017275726076,87.6893560496257
2018,"Indian Pied Starling","2018",0.336810984729388,0.427802676880095,0.532809305583705,86.3018293902526,100.910909329471,119.123807307832,88.5886124239414,96.6278729541045,105.180185282573,NA,NA,NA,88.5886124239414,96.6278729541045,105.180185282573
2019,"Indian Pied Starling","2019",0.352205450969852,0.447831008126368,0.553553501905579,90.4042032700035,105.542244963462,125.125664341932,92.7711205546434,100.967425804206,109.563668862192,NA,NA,NA,92.7711205546434,100.967425804206,109.563668862192
2020,"Indian Pied Starling","2020",0.332374894750318,0.425632899141064,0.533970979329351,86.3882389557468,100.155378891814,118.801615576808,88.7871454337276,95.8393460282766,104.046533820791,NA,NA,NA,88.7871454337276,95.8393460282766,104.046533820791
2021,"Indian Pied Starling","2021",0.348966544084904,0.441049280993701,0.551246473997539,89.0296476794694,103.872661496929,122.229016094564,91.9150083501339,99.4409422524536,107.987559463824,NA,NA,NA,91.9150083501339,99.4409422524536,107.987559463824
2022,"Indian Pied Starling","2022",0.301066800797159,0.384121528869596,0.484918134663739,77.4006221090564,90.8273656506168,107.508457975899,80.2728742970839,86.8453881638846,94.2761482950605,NA,NA,NA,80.2728742970839,86.8453881638846,94.2761482950605
2023,"Indian Pied Starling","2023",0.269187531392527,0.347604411682474,0.443234833559464,70.0852843004547,82.2772157072036,96.9103220326607,72.6645131115848,78.6400277197921,84.9629720882208,NA,NA,NA,72.6645131115848,78.6400277197921,84.9629720882208
2024,"Indian Pied Starling","2024",0.266402945978084,0.342233183184584,0.436619339602005,69.2539804517803,81.0867836713889,95.1064850618951,71.3964796551602,77.5174491271955,84.0769747711788,NA,NA,NA,71.3964796551602,77.5174491271955,84.0769747711788
2025,"Indian Pied Starling","2025",0.246340577225295,0.318997742049656,0.410713511620527,64.1703580508861,75.5847655278609,89.0334256647551,66.0193324708413,72.1025749811578,78.048046768282,NA,NA,NA,66.0193324708413,72.1025749811578,78.048046768282
2026,"Indian Pied Starling","2026",NA,NA,NA,NA,NA,NA,NA,NA,NA,67.2138591173165,76.0255485167339,86.0799786808846,67.2138591173165,76.0255485167339,86.0799786808846
2027,"Indian Pied Starling","2027",NA,NA,NA,NA,NA,NA,NA,NA,NA,64.4360546994164,74.0695421608794,85.2119501536794,64.4360546994164,74.0695421608794,85.2119501536794
2028,"Indian Pied Starling","2028",NA,NA,NA,NA,NA,NA,NA,NA,NA,61.705306253043,72.131038271415,84.412982571805,61.705306253043,72.131038271415,84.412982571805
2029,"Indian Pied Starling","2029",NA,NA,NA,NA,NA,NA,NA,NA,NA,59.0416576415855,70.2429229995878,83.5959296377064,59.0416576415855,70.2429229995878,83.5959296377064
2030,"Indian Pied Starling","2030",NA,NA,NA,NA,NA,NA,NA,NA,NA,56.5272220496226,68.4143116692542,82.8464839143954,56.5272220496226,68.4143116692542,82.8464839143954
2031,"Indian Pied Starling","2031",NA,NA,NA,NA,NA,NA,NA,NA,NA,54.0938207138488,66.5942115340051,82.1174117656013,54.0938207138488,66.5942115340051,82.1174117656013
2032,"Indian Pied Starling","2032",NA,NA,NA,NA,NA,NA,NA,NA,NA,51.7440779142482,64.8393574928453,81.3852328450233,51.7440779142482,64.8393574928453,81.3852328450233
2033,"Indian Pied Starling","2033",NA,NA,NA,NA,NA,NA,NA,NA,NA,49.5110345692925,63.1664514464101,80.7088065639956,49.5110345692925,63.1664514464101,80.7088065639956
1985,"Chestnut-tailed Starling","before 2000",NA,NA,NA,NA,NA,NA,NA,NA,NA,NA,NA,NA,NA,NA,NA
2003,"Chestnut-tailed Starling","2000-2006",NA,NA,NA,NA,NA,NA,NA,NA,NA,NA,NA,NA,NA,NA,NA
2009,"Chestnut-tailed Starling","2007-2010",NA,NA,NA,NA,NA,NA,NA,NA,NA,NA,NA,NA,NA,NA,NA
2012,"Chestnut-tailed Starling","2011-2012",NA,NA,NA,NA,NA,NA,NA,NA,NA,NA,NA,NA,NA,NA,NA
2013,"Chestnut-tailed Starling","2013",NA,NA,NA,NA,NA,NA,NA,NA,NA,NA,NA,NA,NA,NA,NA
2014,"Chestnut-tailed Starling","2014",NA,NA,NA,NA,NA,NA,NA,NA,NA,NA,NA,NA,NA,NA,NA
2015,"Chestnut-tailed Starling","2015",0.140207923011615,0.1800498676076,0.226955042224695,NA,NA,NA,100,100,100,NA,NA,NA,100,100,100
2016,"Chestnut-tailed Starling","2016",0.138398475632741,0.178453372084136,0.22283036865101,NA,NA,NA,85.6636523600944,98.4174039834398,115.00034976089,NA,NA,NA,85.6636523600944,98.4174039834398,115.00034976089
2017,"Chestnut-tailed Starling","2017",0.113345424698862,0.145164154833823,0.182365895204987,NA,NA,NA,69.8028019242801,80.3957792628286,93.7293094614134,NA,NA,NA,69.8028019242801,80.3957792628286,93.7293094614134
2018,"Chestnut-tailed Starling","2018",0.112846435980931,0.143623762874302,0.179959590502573,NA,NA,NA,70.337761443709,79.9911228488589,92.0231749686009,NA,NA,NA,70.337761443709,79.9911228488589,92.0231749686009
2019,"Chestnut-tailed Starling","2019",0.174880104714089,0.218565244528717,0.268892298669647,NA,NA,NA,107.848553905607,121.537131646538,137.221809155876,NA,NA,NA,107.848553905607,121.537131646538,137.221809155876
2020,"Chestnut-tailed Starling","2020",0.150362848503346,0.188541194453964,0.233503701999491,NA,NA,NA,93.0771345184831,104.817429320105,118.611740030705,NA,NA,NA,93.0771345184831,104.817429320105,118.611740030705
2021,"Chestnut-tailed Starling","2021",0.120072330014618,0.149720759056589,0.187853160027074,NA,NA,NA,73.9798880460258,83.5273726665663,94.4464646374098,NA,NA,NA,73.9798880460258,83.5273726665663,94.4464646374098
2022,"Chestnut-tailed Starling","2022",0.115321201871566,0.143959436366875,0.179713089339759,NA,NA,NA,71.5374013658832,79.9693562594996,90.2136644307132,NA,NA,NA,71.5374013658832,79.9693562594996,90.2136644307132
2023,"Chestnut-tailed Starling","2023",0.108507847252477,0.136634452500357,0.171144365461518,NA,NA,NA,67.5829780508328,76.0986255948365,86.027459207001,NA,NA,NA,67.5829780508328,76.0986255948365,86.027459207001
2024,"Chestnut-tailed Starling","2024",0.100473892420853,0.126819453101718,0.159036002136362,NA,NA,NA,62.6667900835408,70.5708137682277,79.1641512232296,NA,NA,NA,62.6667900835408,70.5708137682277,79.1641512232296
2025,"Chestnut-tailed Starling","2025",0.105031000539272,0.130932432762869,0.163578937544055,NA,NA,NA,64.9353560327226,72.7568982350421,82.1305390391566,NA,NA,NA,64.9353560327226,72.7568982350421,82.1305390391566
2026,"Chestnut-tailed Starling","2026",NA,NA,NA,NA,NA,NA,NA,NA,NA,59.577360951489,71.7645615488983,86.3370430909376,59.577360951489,71.7645615488983,86.3370430909376
2027,"Chestnut-tailed Starling","2027",NA,NA,NA,NA,NA,NA,NA,NA,NA,56.3523543441192,69.4929521521306,85.7902684046098,56.3523543441192,69.4929521521306,85.7902684046098
2028,"Chestnut-tailed Starling","2028",NA,NA,NA,NA,NA,NA,NA,NA,NA,53.2576253890295,67.3375611501675,85.2306466409126,53.2576253890295,67.3375611501675,85.2306466409126
2029,"Chestnut-tailed Starling","2029",NA,NA,NA,NA,NA,NA,NA,NA,NA,50.2809233768085,65.2249286217271,84.7389748400822,50.2809233768085,65.2249286217271,84.7389748400822
2030,"Chestnut-tailed Starling","2030",NA,NA,NA,NA,NA,NA,NA,NA,NA,47.4326920878424,63.1864324876356,84.2000056250073,47.4326920878424,63.1864324876356,84.2000056250073
2031,"Chestnut-tailed Starling","2031",NA,NA,NA,NA,NA,NA,NA,NA,NA,44.7657240581876,61.2039223743268,83.8123115931227,44.7657240581876,61.2039223743268,83.8123115931227
2032,"Chestnut-tailed Starling","2032",NA,NA,NA,NA,NA,NA,NA,NA,NA,42.2497108842445,59.2896530320082,83.4229551341319,42.2497108842445,59.2896530320082,83.4229551341319
2033,"Chestnut-tailed Starling","2033",NA,NA,NA,NA,NA,NA,NA,NA,NA,39.885599344222,57.4283678172112,82.9814411023091,39.885599344222,57.4283678172112,82.9814411023091
1985,"Common Myna","before 2000",NA,NA,NA,NA,NA,NA,NA,NA,NA,NA,NA,NA,NA,NA,NA
2003,"Common Myna","2000-2006",NA,NA,NA,NA,NA,NA,NA,NA,NA,NA,NA,NA,NA,NA,NA
2009,"Common Myna","2007-2010",NA,NA,NA,NA,NA,NA,NA,NA,NA,NA,NA,NA,NA,NA,NA
2012,"Common Myna","2011-2012",NA,NA,NA,NA,NA,NA,NA,NA,NA,NA,NA,NA,NA,NA,NA
2013,"Common Myna","2013",NA,NA,NA,NA,NA,NA,NA,NA,NA,NA,NA,NA,NA,NA,NA
2014,"Common Myna","2014",NA,NA,NA,NA,NA,NA,NA,NA,NA,NA,NA,NA,NA,NA,NA
2015,"Common Myna","2015",0.38023779246638,0.445184197556188,0.511063160393315,NA,NA,NA,100,100,100,NA,NA,NA,100,100,100
2016,"Common Myna","2016",0.395862187229315,0.460352478585195,0.522117780082055,NA,NA,NA,94.1678307669499,103.224184291339,113.424987367804,NA,NA,NA,94.1678307669499,103.224184291339,113.424987367804
2017,"Common Myna","2017",0.343747981345838,0.399543092022005,0.453876865550617,NA,NA,NA,82.0375308781885,89.6265728976451,98.8706133024209,NA,NA,NA,82.0375308781885,89.6265728976451,98.8706133024209
2018,"Common Myna","2018",0.381903111585182,0.434967271524064,0.489432257685313,NA,NA,NA,90.636205852814,97.7213681377373,105.972248082814,NA,NA,NA,90.636205852814,97.7213681377373,105.972248082814
2019,"Common Myna","2019",0.422718849717015,0.483800359734822,0.540779392443327,NA,NA,NA,100.617255850925,108.797772995899,118.051190470451,NA,NA,NA,100.617255850925,108.797772995899,118.051190470451
2020,"Common Myna","2020",0.400663657139132,0.459004609863432,0.513920622647693,NA,NA,NA,95.876343172738,103.23974345972,111.535912117142,NA,NA,NA,95.876343172738,103.23974345972,111.535912117142
2021,"Common Myna","2021",0.44516723246666,0.507776016913926,0.56594184392766,NA,NA,NA,105.761635629956,114.09798316747,122.860403698601,NA,NA,NA,105.761635629956,114.09798316747,122.860403698601
2022,"Common Myna","2022",0.408043969281009,0.466430060441921,0.521704758252938,NA,NA,NA,97.4798487847086,104.860643827841,113.479881919884,NA,NA,NA,97.4798487847086,104.860643827841,113.479881919884
2023,"Common Myna","2023",0.413067897207011,0.472937696668174,0.530385966187205,NA,NA,NA,98.7492306055489,106.515262559886,114.944657047457,NA,NA,NA,98.7492306055489,106.515262559886,114.944657047457
2024,"Common Myna","2024",0.40073420779769,0.458823891103245,0.515123544652732,NA,NA,NA,96.1685767113824,103.331451683534,111.330340376758,NA,NA,NA,96.1685767113824,103.331451683534,111.330340376758
2025,"Common Myna","2025",0.415896030356754,0.476059954100738,0.533595472155952,NA,NA,NA,99.8329375241441,106.993868076137,115.772835710006,NA,NA,NA,99.8329375241441,106.993868076137,115.772835710006
2026,"Common Myna","2026",NA,NA,NA,NA,NA,NA,NA,NA,NA,101.552622076393,109.356595451832,117.696875138098,101.552622076393,109.356595451832,117.696875138098
2027,"Common Myna","2027",NA,NA,NA,NA,NA,NA,NA,NA,NA,101.483615726351,110.409752962347,120.003725103305,101.483615726351,110.409752962347,120.003725103305
2028,"Common Myna","2028",NA,NA,NA,NA,NA,NA,NA,NA,NA,101.368791224534,111.492410907513,122.440616010384,101.368791224534,111.492410907513,122.440616010384
2029,"Common Myna","2029",NA,NA,NA,NA,NA,NA,NA,NA,NA,101.260629718705,112.584773409336,124.924817144537,101.260629718705,112.584773409336,124.924817144537
2030,"Common Myna","2030",NA,NA,NA,NA,NA,NA,NA,NA,NA,101.150009035514,113.662702959559,127.372102688718,101.150009035514,113.662702959559,127.372102688718
2031,"Common Myna","2031",NA,NA,NA,NA,NA,NA,NA,NA,NA,101.135299964327,114.722009867954,129.955122864654,101.135299964327,114.722009867954,129.955122864654
2032,"Common Myna","2032",NA,NA,NA,NA,NA,NA,NA,NA,NA,101.056674606795,115.80684817482,132.660255085692,101.056674606795,115.80684817482,132.660255085692
2033,"Common Myna","2033",NA,NA,NA,NA,NA,NA,NA,NA,NA,100.95904353363,116.899554523842,135.433085699294,100.95904353363,116.899554523842,135.433085699294
1985,"Bank Myna","before 2000",NA,NA,NA,NA,NA,NA,NA,NA,NA,NA,NA,NA,NA,NA,NA
2003,"Bank Myna","2000-2006",NA,NA,NA,NA,NA,NA,NA,NA,NA,NA,NA,NA,NA,NA,NA
2009,"Bank Myna","2007-2010",NA,NA,NA,NA,NA,NA,NA,NA,NA,NA,NA,NA,NA,NA,NA
2012,"Bank Myna","2011-2012",NA,NA,NA,NA,NA,NA,NA,NA,NA,NA,NA,NA,NA,NA,NA
2013,"Bank Myna","2013",NA,NA,NA,NA,NA,NA,NA,NA,NA,NA,NA,NA,NA,NA,NA
2014,"Bank Myna","2014",NA,NA,NA,NA,NA,NA,NA,NA,NA,NA,NA,NA,NA,NA,NA
2015,"Bank Myna","2015",0.0230779423153053,0.0452862086691461,0.0843835024241481,NA,NA,NA,100,100,100,NA,NA,NA,100,100,100
2016,"Bank Myna","2016",0.0193390564634487,0.0380720857344398,0.0727267501340412,NA,NA,NA,65.0833958845576,83.5182917984261,110.491993656776,NA,NA,NA,65.0833958845576,83.5182917984261,110.491993656776
2017,"Bank Myna","2017",0.018105344943193,0.0355342697420347,0.0685726244775149,NA,NA,NA,60.9220944459019,79.1015890594889,103.013933174615,NA,NA,NA,60.9220944459019,79.1015890594889,103.013933174615
2018,"Bank Myna","2018",0.0196347484212534,0.0375571890442446,0.0722205470980888,NA,NA,NA,66.3472315807797,84.2689097847667,105.919975539275,NA,NA,NA,66.3472315807797,84.2689097847667,105.919975539275
2019,"Bank Myna","2019",0.0185841064252826,0.0353253095138126,0.0674096998925733,NA,NA,NA,63.0763728474444,78.7141137395597,98.573093653189,NA,NA,NA,63.0763728474444,78.7141137395597,98.573093653189
2020,"Bank Myna","2020",0.0155968393786886,0.0297550490407761,0.0578964999639218,NA,NA,NA,53.5260824504885,66.1421919611647,82.0868486229669,NA,NA,NA,53.5260824504885,66.1421919611647,82.0868486229669
2021,"Bank Myna","2021",0.0125827663087316,0.0232977996144129,0.0446029013558929,NA,NA,NA,41.886084036216,51.9382342528252,65.4689160540159,NA,NA,NA,41.886084036216,51.9382342528252,65.4689160540159
2022,"Bank Myna","2022",0.0118878515008762,0.0226154371984025,0.0436763482972439,NA,NA,NA,40.3756518430609,50.4022603020867,63.0707343344499,NA,NA,NA,40.3756518430609,50.4022603020867,63.0707343344499
2023,"Bank Myna","2023",0.0110046525879502,0.0206658857121961,0.040439359664708,NA,NA,NA,37.2911370526508,46.3257795248286,57.5331595068483,NA,NA,NA,37.2911370526508,46.3257795248286,57.5331595068483
2024,"Bank Myna","2024",0.00945846659211504,0.0178078998657283,0.0344895845137172,NA,NA,NA,32.4261199688838,39.7370388800039,49.3002164789285,NA,NA,NA,32.4261199688838,39.7370388800039,49.3002164789285
2025,"Bank Myna","2025",0.00825474172067011,0.0153949575481637,0.0299726524820634,NA,NA,NA,28.4197556096176,34.3714430025102,41.9545989732852,NA,NA,NA,28.4197556096176,34.3714430025102,41.9545989732852
2026,"Bank Myna","2026",NA,NA,NA,NA,NA,NA,NA,NA,NA,29.2651514331276,33.1368840323111,37.4542591536428,29.2651514331276,33.1368840323111,37.4542591536428
2027,"Bank Myna","2027",NA,NA,NA,NA,NA,NA,NA,NA,NA,25.9917626463838,29.8918337272567,34.3530440132534,25.9917626463838,29.8918337272567,34.3530440132534
2028,"Bank Myna","2028",NA,NA,NA,NA,NA,NA,NA,NA,NA,23.0743471860962,26.9711859666785,31.5057343224399,23.0743471860962,26.9711859666785,31.5057343224399
2029,"Bank Myna","2029",NA,NA,NA,NA,NA,NA,NA,NA,NA,20.4316983133487,24.2974644398766,28.9050783724224,20.4316983133487,24.2974644398766,28.9050783724224
2030,"Bank Myna","2030",NA,NA,NA,NA,NA,NA,NA,NA,NA,18.1075122382436,21.8957408158451,26.5203392225963,18.1075122382436,21.8957408158451,26.5203392225963
2031,"Bank Myna","2031",NA,NA,NA,NA,NA,NA,NA,NA,NA,16.0679996477891,19.76930362361,24.3223421211783,16.0679996477891,19.76930362361,24.3223421211783
2032,"Bank Myna","2032",NA,NA,NA,NA,NA,NA,NA,NA,NA,14.2661291177987,17.847572477612,22.3213471220996,14.2661291177987,17.847572477612,22.3213471220996
2033,"Bank Myna","2033",NA,NA,NA,NA,NA,NA,NA,NA,NA,12.6395760268273,16.1135242570859,20.4746902011666,12.6395760268273,16.1135242570859,20.4746902011666
1985,"Jungle Myna","before 2000",NA,NA,NA,NA,NA,NA,NA,NA,NA,NA,NA,NA,NA,NA,NA
2003,"Jungle Myna","2000-2006",NA,NA,NA,NA,NA,NA,NA,NA,NA,NA,NA,NA,NA,NA,NA
2009,"Jungle Myna","2007-2010",NA,NA,NA,NA,NA,NA,NA,NA,NA,NA,NA,NA,NA,NA,NA
2012,"Jungle Myna","2011-2012",NA,NA,NA,NA,NA,NA,NA,NA,NA,NA,NA,NA,NA,NA,NA
2013,"Jungle Myna","2013",NA,NA,NA,NA,NA,NA,NA,NA,NA,NA,NA,NA,NA,NA,NA
2014,"Jungle Myna","2014",NA,NA,NA,NA,NA,NA,NA,NA,NA,NA,NA,NA,NA,NA,NA
2015,"Jungle Myna","2015",0.0570565010450416,0.114552388537491,0.205864561028762,NA,NA,NA,100,100,100,NA,NA,NA,100,100,100
2016,"Jungle Myna","2016",0.0434705244519865,0.0877396152988269,0.163769960682939,NA,NA,NA,64.0469761035719,77.9741957977866,94.0942784633423,NA,NA,NA,64.0469761035719,77.9741957977866,94.0942784633423
2017,"Jungle Myna","2017",0.0402286104235755,0.079029121846113,0.149444235461532,NA,NA,NA,57.0384092944404,70.0212641429952,85.3232442486444,NA,NA,NA,57.0384092944404,70.0212641429952,85.3232442486444
2018,"Jungle Myna","2018",0.0394148649134033,0.0805029297692713,0.149579282335708,NA,NA,NA,59.8511865868099,71.2444034877488,85.6714286919156,NA,NA,NA,59.8511865868099,71.2444034877488,85.6714286919156
2019,"Jungle Myna","2019",0.0539700844340827,0.108027778759965,0.19874137321491,NA,NA,NA,80.9332375129675,95.7031659341243,113.81472058668,NA,NA,NA,80.9332375129675,95.7031659341243,113.81472058668
2020,"Jungle Myna","2020",0.0550744948115079,0.107461920629781,0.197259476998569,NA,NA,NA,81.31926760382,95.0876035043099,111.658371399338,NA,NA,NA,81.31926760382,95.0876035043099,111.658371399338
2021,"Jungle Myna","2021",0.0518099560433498,0.102417793637643,0.185514868386202,NA,NA,NA,76.9081710218472,90.3615762805202,106.197157836022,NA,NA,NA,76.9081710218472,90.3615762805202,106.197157836022
2022,"Jungle Myna","2022",0.0484515704934647,0.0946825515155717,0.172882173350786,NA,NA,NA,71.1916928433216,83.7780702378709,98.4086670645658,NA,NA,NA,71.1916928433216,83.7780702378709,98.4086670645658
2023,"Jungle Myna","2023",0.0427852354731641,0.0829704207256389,0.154549958278297,NA,NA,NA,62.5948785640773,73.1956583357862,85.9348329466468,NA,NA,NA,62.5948785640773,73.1956583357862,85.9348329466468
2024,"Jungle Myna","2024",0.0386105378021221,0.0764231066258003,0.140537873460612,NA,NA,NA,57.7498151056319,67.4143735447848,78.5407534116001,NA,NA,NA,57.7498151056319,67.4143735447848,78.5407534116001
2025,"Jungle Myna","2025",0.0464987465949578,0.0906658010314614,0.163679820313519,NA,NA,NA,67.8327521178533,79.798771409351,93.8421355430015,NA,NA,NA,67.8327521178533,79.798771409351,93.8421355430015
2026,"Jungle Myna","2026",NA,NA,NA,NA,NA,NA,NA,NA,NA,63.244560016856,75.8156329828173,91.1288432923294,63.244560016856,75.8156329828173,91.1288432923294
2027,"Jungle Myna","2027",NA,NA,NA,NA,NA,NA,NA,NA,NA,60.9694131118807,74.9045116866118,92.2832341402907,60.9694131118807,74.9045116866118,92.2832341402907
2028,"Jungle Myna","2028",NA,NA,NA,NA,NA,NA,NA,NA,NA,58.7009133500922,74.0155935488671,93.5320261602447,58.7009133500922,74.0155935488671,93.5320261602447
2029,"Jungle Myna","2029",NA,NA,NA,NA,NA,NA,NA,NA,NA,56.5241963234676,73.1172884602187,94.8158450167097,56.5241963234676,73.1172884602187,94.8158450167097
2030,"Jungle Myna","2030",NA,NA,NA,NA,NA,NA,NA,NA,NA,54.4246211235802,72.225517817496,96.0344675236279,54.4246211235802,72.225517817496,96.0344675236279
2031,"Jungle Myna","2031",NA,NA,NA,NA,NA,NA,NA,NA,NA,52.3689837595172,71.323114278141,97.4342540622135,52.3689837595172,71.323114278141,97.4342540622135
2032,"Jungle Myna","2032",NA,NA,NA,NA,NA,NA,NA,NA,NA,50.4189738940983,70.476927444356,98.7582546041816,50.4189738940983,70.476927444356,98.7582546041816
2033,"Jungle Myna","2033",NA,NA,NA,NA,NA,NA,NA,NA,NA,48.5338326912093,69.6394617180449,100.262617679307,48.5338326912093,69.6394617180449,100.262617679307
1985,"Orange-headed Thrush","before 2000",NA,NA,NA,NA,NA,NA,NA,NA,NA,NA,NA,NA,NA,NA,NA
2003,"Orange-headed Thrush","2000-2006",NA,NA,NA,NA,NA,NA,NA,NA,NA,NA,NA,NA,NA,NA,NA
2009,"Orange-headed Thrush","2007-2010",NA,NA,NA,NA,NA,NA,NA,NA,NA,NA,NA,NA,NA,NA,NA
2012,"Orange-headed Thrush","2011-2012",NA,NA,NA,NA,NA,NA,NA,NA,NA,NA,NA,NA,NA,NA,NA
2013,"Orange-headed Thrush","2013",NA,NA,NA,NA,NA,NA,NA,NA,NA,NA,NA,NA,NA,NA,NA
2014,"Orange-headed Thrush","2014",NA,NA,NA,NA,NA,NA,NA,NA,NA,NA,NA,NA,NA,NA,NA
2015,"Orange-headed Thrush","2015",0.0199382850436765,0.0315017463349862,0.0503509084602776,NA,NA,NA,100,100,100,NA,NA,NA,100,100,100
2016,"Orange-headed Thrush","2016",0.0184384095001107,0.0295629111340172,0.0464710748286518,NA,NA,NA,68.4593760539549,92.7662567940975,128.712023483531,NA,NA,NA,68.4593760539549,92.7662567940975,128.712023483531
2017,"Orange-headed Thrush","2017",0.022106444931287,0.0349843758680865,0.0538851557298326,NA,NA,NA,83.558491583568,110.179979446552,149.835987237652,NA,NA,NA,83.558491583568,110.179979446552,149.835987237652
2018,"Orange-headed Thrush","2018",0.0194194064850933,0.0292240835056845,0.0454886743573804,NA,NA,NA,71.222027092282,92.7849869062672,126.42319819376,NA,NA,NA,71.222027092282,92.7849869062672,126.42319819376
2019,"Orange-headed Thrush","2019",0.00884272118997447,0.0138515986358978,0.0215647908752225,NA,NA,NA,32.5466994801102,43.9238764436855,62.1231210835315,NA,NA,NA,32.5466994801102,43.9238764436855,62.1231210835315
2020,"Orange-headed Thrush","2020",0.00869255169613787,0.0134509912679382,0.0210386420534931,NA,NA,NA,32.654228340228,42.5891044517967,57.0357318044951,NA,NA,NA,32.654228340228,42.5891044517967,57.0357318044951
2021,"Orange-headed Thrush","2021",0.0098848777200997,0.015112105388146,0.0235578763221479,NA,NA,NA,36.9565188216696,47.8282335780247,64.47526808734,NA,NA,NA,36.9565188216696,47.8282335780247,64.47526808734
2022,"Orange-headed Thrush","2022",0.011818893059182,0.0180881771222278,0.0280155872686851,NA,NA,NA,44.1622018592187,57.1475394383425,75.7543018416506,NA,NA,NA,44.1622018592187,57.1475394383425,75.7543018416506
2023,"Orange-headed Thrush","2023",0.0144945269280499,0.0221340452079632,0.0338009344470529,NA,NA,NA,54.5899897626325,69.6707181577729,94.0833053438792,NA,NA,NA,54.5899897626325,69.6707181577729,94.0833053438792
2024,"Orange-headed Thrush","2024",0.0115951027721277,0.0172287741982152,0.0264841261372032,NA,NA,NA,42.9808154865017,54.9856581342345,72.9173547492312,NA,NA,NA,42.9808154865017,54.9856581342345,72.9173547492312
2025,"Orange-headed Thrush","2025",0.0106514993671825,0.0159534874396001,0.0249205064398003,NA,NA,NA,39.2934240222191,50.5783915822394,67.7501807895156,NA,NA,NA,39.2934240222191,50.5783915822394,67.7501807895156
2026,"Orange-headed Thrush","2026",NA,NA,NA,NA,NA,NA,NA,NA,NA,29.8909635181505,42.8732996574871,61.7949528407349,29.8909635181505,42.8732996574871,61.7949528407349
2027,"Orange-headed Thrush","2027",NA,NA,NA,NA,NA,NA,NA,NA,NA,26.5169408027518,39.9590661054079,60.4261295711587,26.5169408027518,39.9590661054079,60.4261295711587
2028,"Orange-headed Thrush","2028",NA,NA,NA,NA,NA,NA,NA,NA,NA,23.5244729466744,37.2747777128259,59.1866802486467,23.5244729466744,37.2747777128259,59.1866802486467
2029,"Orange-headed Thrush","2029",NA,NA,NA,NA,NA,NA,NA,NA,NA,20.8129074431471,34.7436873788972,57.8968341798943,20.8129074431471,34.7436873788972,57.8968341798943
2030,"Orange-headed Thrush","2030",NA,NA,NA,NA,NA,NA,NA,NA,NA,18.451335778733,32.4209224324964,56.7761152523783,18.451335778733,32.4209224324964,56.7761152523783
2031,"Orange-headed Thrush","2031",NA,NA,NA,NA,NA,NA,NA,NA,NA,16.3499969435167,30.2240540417381,55.7899524405563,16.3499969435167,30.2240540417381,55.7899524405563
2032,"Orange-headed Thrush","2032",NA,NA,NA,NA,NA,NA,NA,NA,NA,14.4799695526432,28.1658298645123,54.6865000227227,14.4799695526432,28.1658298645123,54.6865000227227
2033,"Orange-headed Thrush","2033",NA,NA,NA,NA,NA,NA,NA,NA,NA,12.7745251927923,26.2719287697964,53.7415378363839,12.7745251927923,26.2719287697964,53.7415378363839
1985,"White-collared Blackbird","before 2000",0.00804269331521518,0.0384251442168653,0.115089749601592,100,100,100,NA,NA,NA,NA,NA,NA,NA,NA,NA
2003,"White-collared Blackbird","2000-2006",1.44734349036469e-08,0.031000395263068,0.100330892296807,4.32489156551586e-05,79.8167381389125,249.174131868872,NA,NA,NA,NA,NA,NA,NA,NA,NA
2009,"White-collared Blackbird","2007-2010",0.00212631192952271,0.018405573546955,0.0633992193287449,11.679924421037,49.7052081139456,147.688346833882,NA,NA,NA,NA,NA,NA,NA,NA,NA
2012,"White-collared Blackbird","2011-2012",5.30934993571698e-10,0.0104966871158796,0.0373243133597791,2.70529650118034e-06,28.4639872732281,81.3355679151104,NA,NA,NA,NA,NA,NA,NA,NA,NA
2013,"White-collared Blackbird","2013",0.00171619943861597,0.0185423896616395,0.0638346547673775,7.07920161829321,48.2447990964457,146.44545871915,NA,NA,NA,NA,NA,NA,NA,NA,NA
2014,"White-collared Blackbird","2014",4.32124787107824e-10,0.00435611904516945,0.0172814846028919,2.00122235349642e-06,11.1624540664349,40.9738089228877,NA,NA,NA,NA,NA,NA,NA,NA,NA
2015,"White-collared Blackbird","2015",0.00117004871262315,0.00844813622140456,0.0273768065219108,4.60090236277664,22.155958467857,57.747245411395,100,100,100,NA,NA,NA,100,100,100
2016,"White-collared Blackbird","2016",0.00139481183255597,0.00686658650083913,0.0217276702822762,6.94339104764815,18.1853320905228,48.6419305097882,31.2043158457612,83.4502516309199,322.945336269956,NA,NA,NA,31.2043158457612,83.4502516309199,322.945336269956
2017,"White-collared Blackbird","2017",0.00113050532522939,0.0067518264582989,0.0207149275568519,5.82474629253564,17.6608560298643,43.5456759401507,23.7453248414626,79.3220015686968,337.500730018441,NA,NA,NA,23.7453248414626,79.3220015686968,337.500730018441
2018,"White-collared Blackbird","2018",0.00110075290011059,0.00473620456081953,0.0139605699975831,5.09616916391034,12.5017775218548,31.5257180156734,21.0708195420534,56.2819529730024,231.229173092635,NA,NA,NA,21.0708195420534,56.2819529730024,231.229173092635
2019,"White-collared Blackbird","2019",0.0018376363625823,0.00805215566024072,0.023141192661497,8.6483280127554,21.0483465624147,51.8680490061848,41.401699614109,94.3483595255177,398.389848473736,NA,NA,NA,41.401699614109,94.3483595255177,398.389848473736
2020,"White-collared Blackbird","2020",0.00133060602825955,0.00590338816285076,0.018264095851171,6.88975819823083,15.8871723993352,34.8247255110898,32.3853310861409,72.2075490282577,274.791449402314,NA,NA,NA,32.3853310861409,72.2075490282577,274.791449402314
2021,"White-collared Blackbird","2021",0.00142376641951574,0.00623455188756315,0.0177285356777577,8.44706178201093,16.5948769533096,36.1652189471489,36.7324286788086,73.9286177429678,274.875436223216,NA,NA,NA,36.7324286788086,73.9286177429678,274.875436223216
2022,"White-collared Blackbird","2022",0.00075471565165471,0.00351142656186516,0.0100322513006433,4.40381279250956,9.30927684730253,20.8629441110961,19.9669642946852,42.48621672235,147.398304511531,NA,NA,NA,19.9669642946852,42.48621672235,147.398304511531
2023,"White-collared Blackbird","2023",0.00049478125778555,0.00207248651033032,0.00604759332607194,2.54047710064759,5.5332408481237,12.9277289740589,11.6804822995731,24.762651351073,83.6419225714793,NA,NA,NA,11.6804822995731,24.762651351073,83.6419225714793
2024,"White-collared Blackbird","2024",0.000963255445848945,0.00367739753787742,0.0104256748393618,4.62199053909342,9.79222369377103,22.1270195167431,19.6574606584325,43.8954558316264,171.873161240786,NA,NA,NA,19.6574606584325,43.8954558316264,171.873161240786
2025,"White-collared Blackbird","2025",0.00139517609264982,0.00521141430919576,0.0150885274009698,7.30698652650485,14.0350264111533,30.7440837286679,32.0494361011663,62.8188252404722,253.538202233274,NA,NA,NA,32.0494361011663,62.8188252404722,253.538202233274
2026,"White-collared Blackbird","2026",NA,NA,NA,NA,NA,NA,NA,NA,NA,23.2622956560792,37.8856318889324,60.658999351638,23.2622956560792,37.8856318889324,60.658999351638
2027,"White-collared Blackbird","2027",NA,NA,NA,NA,NA,NA,NA,NA,NA,20.0923771768306,34.8403974284961,59.3836929146804,20.0923771768306,34.8403974284961,59.3836929146804
2028,"White-collared Blackbird","2028",NA,NA,NA,NA,NA,NA,NA,NA,NA,17.3365375494635,32.1632897078092,58.2995147471374,17.3365375494635,32.1632897078092,58.2995147471374
2029,"White-collared Blackbird","2029",NA,NA,NA,NA,NA,NA,NA,NA,NA,15.0121009976467,29.632317104987,57.1355066012028,15.0121009976467,29.632317104987,57.1355066012028
2030,"White-collared Blackbird","2030",NA,NA,NA,NA,NA,NA,NA,NA,NA,12.9494401334073,27.2861019447571,56.2657648905999,12.9494401334073,27.2861019447571,56.2657648905999
2031,"White-collared Blackbird","2031",NA,NA,NA,NA,NA,NA,NA,NA,NA,11.1638487172536,25.1119762413405,55.5099077307121,11.1638487172536,25.1119762413405,55.5099077307121
2032,"White-collared Blackbird","2032",NA,NA,NA,NA,NA,NA,NA,NA,NA,9.64182722260909,23.1435118284041,54.8443723944673,9.64182722260909,23.1435118284041,54.8443723944673
2033,"White-collared Blackbird","2033",NA,NA,NA,NA,NA,NA,NA,NA,NA,8.31629772848716,21.3212506890381,54.0980566849955,8.31629772848716,21.3212506890381,54.0980566849955
1985,"Oriental Magpie-Robin","before 2000",NA,NA,NA,NA,NA,NA,NA,NA,NA,NA,NA,NA,NA,NA,NA
2003,"Oriental Magpie-Robin","2000-2006",NA,NA,NA,NA,NA,NA,NA,NA,NA,NA,NA,NA,NA,NA,NA
2009,"Oriental Magpie-Robin","2007-2010",NA,NA,NA,NA,NA,NA,NA,NA,NA,NA,NA,NA,NA,NA,NA
2012,"Oriental Magpie-Robin","2011-2012",NA,NA,NA,NA,NA,NA,NA,NA,NA,NA,NA,NA,NA,NA,NA
2013,"Oriental Magpie-Robin","2013",NA,NA,NA,NA,NA,NA,NA,NA,NA,NA,NA,NA,NA,NA,NA
2014,"Oriental Magpie-Robin","2014",NA,NA,NA,NA,NA,NA,NA,NA,NA,NA,NA,NA,NA,NA,NA
2015,"Oriental Magpie-Robin","2015",0.22498677248683,0.274716698405351,0.331531350042547,NA,NA,NA,100,100,100,NA,NA,NA,100,100,100
2016,"Oriental Magpie-Robin","2016",0.234115502781037,0.279129038583361,0.330888780335679,NA,NA,NA,90.7174891189887,101.662370001882,115.47139598735,NA,NA,NA,90.7174891189887,101.662370001882,115.47139598735
2017,"Oriental Magpie-Robin","2017",0.224120988249601,0.267543677283583,0.319501159133587,NA,NA,NA,85.8957594359114,97.2420527340866,109.719455222221,NA,NA,NA,85.8957594359114,97.2420527340866,109.719455222221
2018,"Oriental Magpie-Robin","2018",0.249126360787722,0.293280607791495,0.346343166335081,NA,NA,NA,95.8563040615873,107.074375513131,119.961175225699,NA,NA,NA,95.8563040615873,107.074375513131,119.961175225699
2019,"Oriental Magpie-Robin","2019",0.280252490168362,0.324891094865438,0.37991671976854,NA,NA,NA,106.681243474522,118.629957416042,132.566085649167,NA,NA,NA,106.681243474522,118.629957416042,132.566085649167
2020,"Oriental Magpie-Robin","2020",0.267507868372556,0.315349358430122,0.36848684742717,NA,NA,NA,104.215095835564,115.029819498306,128.113886841878,NA,NA,NA,104.215095835564,115.029819498306,128.113886841878
2021,"Oriental Magpie-Robin","2021",0.281271823016197,0.329183721719382,0.380969080573176,NA,NA,NA,108.190426385657,119.975910743822,132.776303805693,NA,NA,NA,108.190426385657,119.975910743822,132.776303805693
2022,"Oriental Magpie-Robin","2022",0.272666590756935,0.318750872996492,0.372029491607045,NA,NA,NA,105.129169064669,116.036914171547,128.70079044227,NA,NA,NA,105.129169064669,116.036914171547,128.70079044227
2023,"Oriental Magpie-Robin","2023",0.275896979913225,0.322598869946656,0.374994237700335,NA,NA,NA,106.526847907752,117.052939552723,130.0185129539,NA,NA,NA,106.526847907752,117.052939552723,130.0185129539
2024,"Oriental Magpie-Robin","2024",0.262132008499752,0.304204999899195,0.35585360361363,NA,NA,NA,100.819027202723,110.920371829584,122.044877988725,NA,NA,NA,100.819027202723,110.920371829584,122.044877988725
2025,"Oriental Magpie-Robin","2025",0.253588097505449,0.295837640300905,0.345865348747343,NA,NA,NA,97.6807859213044,107.584744291594,119.072874614638,NA,NA,NA,97.6807859213044,107.584744291594,119.072874614638
2026,"Oriental Magpie-Robin","2026",NA,NA,NA,NA,NA,NA,NA,NA,NA,109.498624511418,118.872332828276,128.773035541889,109.498624511418,118.872332828276,128.773035541889
2027,"Oriental Magpie-Robin","2027",NA,NA,NA,NA,NA,NA,NA,NA,NA,109.790463263714,120.377551853271,131.984645827469,109.790463263714,120.377551853271,131.984645827469
2028,"Oriental Magpie-Robin","2028",NA,NA,NA,NA,NA,NA,NA,NA,NA,110.09568256666,121.885660332154,135.115205955169,110.09568256666,121.885660332154,135.115205955169
2029,"Oriental Magpie-Robin","2029",NA,NA,NA,NA,NA,NA,NA,NA,NA,110.302800993263,123.478649471046,138.601946798441,110.302800993263,123.478649471046,138.601946798441
2030,"Oriental Magpie-Robin","2030",NA,NA,NA,NA,NA,NA,NA,NA,NA,110.547623125922,125.077023626989,142.056376773714,110.547623125922,125.077023626989,142.056376773714
2031,"Oriental Magpie-Robin","2031",NA,NA,NA,NA,NA,NA,NA,NA,NA,110.773972218244,126.737924688537,145.547690823139,110.773972218244,126.737924688537,145.547690823139
2032,"Oriental Magpie-Robin","2032",NA,NA,NA,NA,NA,NA,NA,NA,NA,110.95921330363,128.356219168069,149.209602464649,110.95921330363,128.356219168069,149.209602464649
2033,"Oriental Magpie-Robin","2033",NA,NA,NA,NA,NA,NA,NA,NA,NA,111.131400691056,129.990594007048,153.093920776395,111.131400691056,129.990594007048,153.093920776395
1985,"Verditer Flycatcher","before 2000",NA,NA,NA,NA,NA,NA,NA,NA,NA,NA,NA,NA,NA,NA,NA
2003,"Verditer Flycatcher","2000-2006",NA,NA,NA,NA,NA,NA,NA,NA,NA,NA,NA,NA,NA,NA,NA
2009,"Verditer Flycatcher","2007-2010",NA,NA,NA,NA,NA,NA,NA,NA,NA,NA,NA,NA,NA,NA,NA
2012,"Verditer Flycatcher","2011-2012",NA,NA,NA,NA,NA,NA,NA,NA,NA,NA,NA,NA,NA,NA,NA
2013,"Verditer Flycatcher","2013",NA,NA,NA,NA,NA,NA,NA,NA,NA,NA,NA,NA,NA,NA,NA
2014,"Verditer Flycatcher","2014",NA,NA,NA,NA,NA,NA,NA,NA,NA,NA,NA,NA,NA,NA,NA
2015,"Verditer Flycatcher","2015",0.0201146135522297,0.0306617943227925,0.0451408930475364,NA,NA,NA,100,100,100,NA,NA,NA,100,100,100
2016,"Verditer Flycatcher","2016",0.0220892495304396,0.0310662186192286,0.0438558725815058,NA,NA,NA,69.869360199829,101.166247153863,153.516379719148,NA,NA,NA,69.869360199829,101.166247153863,153.516379719148
2017,"Verditer Flycatcher","2017",0.0274004763564167,0.0390781032009504,0.0530253644377702,NA,NA,NA,87.6204776203074,127.194991090902,186.024736390301,NA,NA,NA,87.6204776203074,127.194991090902,186.024736390301
2018,"Verditer Flycatcher","2018",0.023132032379509,0.0322149271435696,0.0430462703375245,NA,NA,NA,74.9230660012804,104.947554150915,146.437215776831,NA,NA,NA,74.9230660012804,104.947554150915,146.437215776831
2019,"Verditer Flycatcher","2019",0.0210916758407502,0.0291626285872026,0.0393409261527794,NA,NA,NA,68.8694845679451,94.8253832395025,136.287390298653,NA,NA,NA,68.8694845679451,94.8253832395025,136.287390298653
2020,"Verditer Flycatcher","2020",0.0230282513805582,0.0309416428231695,0.0403445818070019,NA,NA,NA,74.8954746673464,100.280659911971,143.551855648274,NA,NA,NA,74.8954746673464,100.280659911971,143.551855648274
2021,"Verditer Flycatcher","2021",0.02538843380711,0.0339553443669206,0.0444666660550503,NA,NA,NA,80.7335756545514,110.322658030189,156.68593415112,NA,NA,NA,80.7335756545514,110.322658030189,156.68593415112
2022,"Verditer Flycatcher","2022",0.0211685973624777,0.0281087872188363,0.0367953336400753,NA,NA,NA,66.308744663758,91.4887061973992,128.644041401061,NA,NA,NA,66.308744663758,91.4887061973992,128.644041401061
2023,"Verditer Flycatcher","2023",0.0221845954076654,0.0289409141736333,0.0387602426856399,NA,NA,NA,70.6293751159186,94.4132895550165,130.969737378022,NA,NA,NA,70.6293751159186,94.4132895550165,130.969737378022
2024,"Verditer Flycatcher","2024",0.0219004290985699,0.0290961333640568,0.0382814954383179,NA,NA,NA,70.3638802177414,94.3203294277089,131.889209318981,NA,NA,NA,70.3638802177414,94.3203294277089,131.889209318981
2025,"Verditer Flycatcher","2025",0.0203276504529883,0.0270430654714394,0.0353974220893855,NA,NA,NA,65.07335520504,86.8563233803054,122.542078188442,NA,NA,NA,65.07335520504,86.8563233803054,122.542078188442
2026,"Verditer Flycatcher","2026",NA,NA,NA,NA,NA,NA,NA,NA,NA,78.855459667145,90.4682105308979,103.322214500258,78.855459667145,90.4682105308979,103.322214500258
2027,"Verditer Flycatcher","2027",NA,NA,NA,NA,NA,NA,NA,NA,NA,76.0765858366068,88.8426906448885,103.314596948228,76.0765858366068,88.8426906448885,103.314596948228
2028,"Verditer Flycatcher","2028",NA,NA,NA,NA,NA,NA,NA,NA,NA,73.712879872161,87.220419245585,103.490061621307,73.712879872161,87.220419245585,103.490061621307
2029,"Verditer Flycatcher","2029",NA,NA,NA,NA,NA,NA,NA,NA,NA,70.9731733828145,85.6716380422733,103.650213467137,70.9731733828145,85.6716380422733,103.650213467137
2030,"Verditer Flycatcher","2030",NA,NA,NA,NA,NA,NA,NA,NA,NA,68.5248515982776,84.3346714359441,103.708349457558,68.5248515982776,84.3346714359441,103.708349457558
2031,"Verditer Flycatcher","2031",NA,NA,NA,NA,NA,NA,NA,NA,NA,66.0708865572061,82.8186451819803,103.879452601997,66.0708865572061,82.8186451819803,103.879452601997
2032,"Verditer Flycatcher","2032",NA,NA,NA,NA,NA,NA,NA,NA,NA,63.5327679980168,81.5186665508453,104.28909231195,63.5327679980168,81.5186665508453,104.28909231195
2033,"Verditer Flycatcher","2033",NA,NA,NA,NA,NA,NA,NA,NA,NA,61.2230222265707,80.0405472200978,104.459943081004,61.2230222265707,80.0405472200978,104.459943081004
1985,"Bluethroat","before 2000",NA,NA,NA,NA,NA,NA,NA,NA,NA,NA,NA,NA,NA,NA,NA
2003,"Bluethroat","2000-2006",NA,NA,NA,NA,NA,NA,NA,NA,NA,NA,NA,NA,NA,NA,NA
2009,"Bluethroat","2007-2010",NA,NA,NA,NA,NA,NA,NA,NA,NA,NA,NA,NA,NA,NA,NA
2012,"Bluethroat","2011-2012",NA,NA,NA,NA,NA,NA,NA,NA,NA,NA,NA,NA,NA,NA,NA
2013,"Bluethroat","2013",NA,NA,NA,NA,NA,NA,NA,NA,NA,NA,NA,NA,NA,NA,NA
2014,"Bluethroat","2014",NA,NA,NA,NA,NA,NA,NA,NA,NA,NA,NA,NA,NA,NA,NA
2015,"Bluethroat","2015",0.00220652393548383,0.00451571639955955,0.00783321717235543,NA,NA,NA,100,100,100,NA,NA,NA,100,100,100
2016,"Bluethroat","2016",0.00221443709657369,0.00414277425894382,0.00689154074594443,NA,NA,NA,52.4034600406867,90.1946009430043,163.470091877235,NA,NA,NA,52.4034600406867,90.1946009430043,163.470091877235
2017,"Bluethroat","2017",0.00405969311316718,0.00736617347374604,0.0119047432039358,NA,NA,NA,99.7268122902918,162.385551512712,293.439776174954,NA,NA,NA,99.7268122902918,162.385551512712,293.439776174954
2018,"Bluethroat","2018",0.00466981408372783,0.00784350213250106,0.0121485732906758,NA,NA,NA,111.832542326447,171.74925591561,289.048303738013,NA,NA,NA,111.832542326447,171.74925591561,289.048303738013
2019,"Bluethroat","2019",0.00259489697717688,0.00450245178712095,0.00698809669093643,NA,NA,NA,62.8700403756495,98.232658173482,173.006610509857,NA,NA,NA,62.8700403756495,98.232658173482,173.006610509857
2020,"Bluethroat","2020",0.00532639763728337,0.00843956570238403,0.0129411414878305,NA,NA,NA,127.896773138637,187.218254491081,323.052957080126,NA,NA,NA,127.896773138637,187.218254491081,323.052957080126
2021,"Bluethroat","2021",0.00390066157749411,0.00643855362200529,0.0099551778730951,NA,NA,NA,92.9227318274337,141.613990871235,244.119538886332,NA,NA,NA,92.9227318274337,141.613990871235,244.119538886332
2022,"Bluethroat","2022",0.00321570934277488,0.00537385229944322,0.0083670122382999,NA,NA,NA,79.5480209294638,117.915632040561,207.47746399069,NA,NA,NA,79.5480209294638,117.915632040561,207.47746399069
2023,"Bluethroat","2023",0.00414288433684323,0.00672716978710493,0.0101018049999172,NA,NA,NA,99.1254978065613,146.930837143336,248.520105289263,NA,NA,NA,99.1254978065613,146.930837143336,248.520105289263
2024,"Bluethroat","2024",0.0039143734175405,0.00633614229066762,0.00955832917651113,NA,NA,NA,93.3135442474072,139.094169345849,238.615763981898,NA,NA,NA,93.3135442474072,139.094169345849,238.615763981898
2025,"Bluethroat","2025",0.00319532296047966,0.00522475661800199,0.00795470064982268,NA,NA,NA,76.2207732502651,114.873567848529,200.913270099369,NA,NA,NA,76.2207732502651,114.873567848529,200.913270099369
2026,"Bluethroat","2026",NA,NA,NA,NA,NA,NA,NA,NA,NA,102.332939404613,143.70877376071,200.325960390532,102.332939404613,143.70877376071,200.325960390532
2027,"Bluethroat","2027",NA,NA,NA,NA,NA,NA,NA,NA,NA,99.3624124407199,146.364573176659,212.856210010056,99.3624124407199,146.364573176659,212.856210010056
2028,"Bluethroat","2028",NA,NA,NA,NA,NA,NA,NA,NA,NA,96.605408699494,148.69427752005,225.730034020885,96.605408699494,148.69427752005,225.730034020885
2029,"Bluethroat","2029",NA,NA,NA,NA,NA,NA,NA,NA,NA,93.8607779729582,151.061135676769,239.956083835465,93.8607779729582,151.061135676769,239.956083835465
2030,"Bluethroat","2030",NA,NA,NA,NA,NA,NA,NA,NA,NA,90.6767962704677,153.984229586883,255.860954182657,90.6767962704677,153.984229586883,255.860954182657
2031,"Bluethroat","2031",NA,NA,NA,NA,NA,NA,NA,NA,NA,87.8341617695157,156.598693091692,272.842053698332,87.8341617695157,156.598693091692,272.842053698332
2032,"Bluethroat","2032",NA,NA,NA,NA,NA,NA,NA,NA,NA,85.3314491501452,158.878978517735,290.122944655445,85.3314491501452,158.878978517735,290.122944655445
2033,"Bluethroat","2033",NA,NA,NA,NA,NA,NA,NA,NA,NA,82.7070313348052,161.374044676688,309.487613998754,82.7070313348052,161.374044676688,309.487613998754
1985,"White-browed Bush-Robin","before 2000",NA,NA,NA,NA,NA,NA,NA,NA,NA,NA,NA,NA,NA,NA,NA
2003,"White-browed Bush-Robin","2000-2006",NA,NA,NA,NA,NA,NA,NA,NA,NA,NA,NA,NA,NA,NA,NA
2009,"White-browed Bush-Robin","2007-2010",NA,NA,NA,NA,NA,NA,NA,NA,NA,NA,NA,NA,NA,NA,NA
2012,"White-browed Bush-Robin","2011-2012",NA,NA,NA,NA,NA,NA,NA,NA,NA,NA,NA,NA,NA,NA,NA
2013,"White-browed Bush-Robin","2013",NA,NA,NA,NA,NA,NA,NA,NA,NA,NA,NA,NA,NA,NA,NA
2014,"White-browed Bush-Robin","2014",NA,NA,NA,NA,NA,NA,NA,NA,NA,NA,NA,NA,NA,NA,NA
2015,"White-browed Bush-Robin","2015",0.0078244995793704,0.0187925238894671,0.0350232834245547,NA,NA,NA,100,100,100,NA,NA,NA,100,100,100
2016,"White-browed Bush-Robin","2016",0.00160343644426811,0.00765351013358575,0.0147984179423959,NA,NA,NA,8.3016669845919,40.4894734007001,136.280750105298,NA,NA,NA,8.3016669845919,40.4894734007001,136.280750105298
2017,"White-browed Bush-Robin","2017",0.00484439480439728,0.0135717454680255,0.0245988563364266,NA,NA,NA,24.510906431229,71.1257068785056,235.08773795261,NA,NA,NA,24.510906431229,71.1257068785056,235.08773795261
2018,"White-browed Bush-Robin","2018",0.00385804304229108,0.00871268323762197,0.015303732793376,NA,NA,NA,17.532849656468,46.463261457922,147.309512613762,NA,NA,NA,17.532849656468,46.463261457922,147.309512613762
2019,"White-browed Bush-Robin","2019",0.00667313344103784,0.0130447657831733,0.0201669689096794,NA,NA,NA,29.6028008790747,69.833262681502,207.849530028338,NA,NA,NA,29.6028008790747,69.833262681502,207.849530028338
2020,"White-browed Bush-Robin","2020",0.00456327174640752,0.00826263767383366,0.0128227382916145,NA,NA,NA,19.1151783322421,43.4613995301194,128.089721568061,NA,NA,NA,19.1151783322421,43.4613995301194,128.089721568061
2021,"White-browed Bush-Robin","2021",0.00245196010665328,0.00477164653737035,0.00750804144060682,NA,NA,NA,10.9963026355911,25.4443777861314,69.981015421831,NA,NA,NA,10.9963026355911,25.4443777861314,69.981015421831
2022,"White-browed Bush-Robin","2022",0.00846551401228555,0.0117246273427248,0.0154370632112271,NA,NA,NA,31.648929274198,62.9666418053166,170.77762661503,NA,NA,NA,31.648929274198,62.9666418053166,170.77762661503
2023,"White-browed Bush-Robin","2023",0.00438058653471808,0.00621608696220706,0.00821899153932303,NA,NA,NA,16.4908798902542,33.296361748851,89.606209435249,NA,NA,NA,16.4908798902542,33.296361748851,89.606209435249
2024,"White-browed Bush-Robin","2024",0.00489815707266339,0.00681895218195527,0.0088414703071537,NA,NA,NA,17.2129138956569,36.3364920817738,96.8063483033698,NA,NA,NA,17.2129138956569,36.3364920817738,96.8063483033698
2025,"White-browed Bush-Robin","2025",0.00625416237084672,0.00874031209428172,0.0114130600834698,NA,NA,NA,23.6040221841344,46.5452404050058,127.574273030077,NA,NA,NA,23.6040221841344,46.5452404050058,127.574273030077
2026,"White-browed Bush-Robin","2026",NA,NA,NA,NA,NA,NA,NA,NA,NA,18.726806668082,33.4890840990449,59.6262142410185,18.726806668082,33.4890840990449,59.6262142410185
2027,"White-browed Bush-Robin","2027",NA,NA,NA,NA,NA,NA,NA,NA,NA,16.3950755322954,31.7131460058971,60.7641916900714,16.3950755322954,31.7131460058971,60.7641916900714
2028,"White-browed Bush-Robin","2028",NA,NA,NA,NA,NA,NA,NA,NA,NA,14.3263885916338,29.914451970107,62.0634781465586,14.3263885916338,29.914451970107,62.0634781465586
2029,"White-browed Bush-Robin","2029",NA,NA,NA,NA,NA,NA,NA,NA,NA,12.5514499361714,28.2748192704054,63.3472409825735,12.5514499361714,28.2748192704054,63.3472409825735
2030,"White-browed Bush-Robin","2030",NA,NA,NA,NA,NA,NA,NA,NA,NA,10.9098252902436,26.6785548547309,64.82875324842,10.9098252902436,26.6785548547309,64.82875324842
2031,"White-browed Bush-Robin","2031",NA,NA,NA,NA,NA,NA,NA,NA,NA,9.48557880802966,25.1508068796889,66.1128193644869,9.48557880802966,25.1508068796889,66.1128193644869
2032,"White-browed Bush-Robin","2032",NA,NA,NA,NA,NA,NA,NA,NA,NA,8.21482376547323,23.7296766907876,67.9511554176225,8.21482376547323,23.7296766907876,67.9511554176225
2033,"White-browed Bush-Robin","2033",NA,NA,NA,NA,NA,NA,NA,NA,NA,7.14599578124185,22.3968346046709,69.4102147540139,7.14599578124185,22.3968346046709,69.4102147540139
1985,"Sapphire Flycatcher","before 2000",NA,NA,NA,NA,NA,NA,NA,NA,NA,NA,NA,NA,NA,NA,NA
2003,"Sapphire Flycatcher","2000-2006",NA,NA,NA,NA,NA,NA,NA,NA,NA,NA,NA,NA,NA,NA,NA
2009,"Sapphire Flycatcher","2007-2010",NA,NA,NA,NA,NA,NA,NA,NA,NA,NA,NA,NA,NA,NA,NA
2012,"Sapphire Flycatcher","2011-2012",NA,NA,NA,NA,NA,NA,NA,NA,NA,NA,NA,NA,NA,NA,NA
2013,"Sapphire Flycatcher","2013",NA,NA,NA,NA,NA,NA,NA,NA,NA,NA,NA,NA,NA,NA,NA
2014,"Sapphire Flycatcher","2014",NA,NA,NA,NA,NA,NA,NA,NA,NA,NA,NA,NA,NA,NA,NA
2015,"Sapphire Flycatcher","2015",2.55100374474688e-11,0.00108008293906781,0.00429188026615749,NA,NA,NA,100,100,100,NA,NA,NA,100,100,100
2016,"Sapphire Flycatcher","2016",3.31940361138341e-10,0.00323635553678966,0.00930088463727225,NA,NA,NA,43.6132993861029,325.057106883021,6996945385.6416,NA,NA,NA,43.6132993861029,325.057106883021,6996945385.6416
2017,"Sapphire Flycatcher","2017",0.000814136945813261,0.00497759805149429,0.0133801236925619,NA,NA,NA,64.6691921294163,469.748936072996,10658121917.8558,NA,NA,NA,64.6691921294163,469.748936072996,10658121917.8558
2018,"Sapphire Flycatcher","2018",0.00126302892680583,0.00429316769293334,0.0107346682668675,NA,NA,NA,101.237241617785,410.913325345427,10997160272.0697,NA,NA,NA,101.237241617785,410.913325345427,10997160272.0697
2019,"Sapphire Flycatcher","2019",0.00159221941719333,0.00575300994223336,0.0140884264222286,NA,NA,NA,136.974668818123,543.465132955423,12973759600.061,NA,NA,NA,136.974668818123,543.465132955423,12973759600.061
2020,"Sapphire Flycatcher","2020",0.000612147305331919,0.00217382620071948,0.00547647239745602,NA,NA,NA,49.8530341092518,210.520463728862,5280677936.36699,NA,NA,NA,49.8530341092518,210.520463728862,5280677936.36699
2021,"Sapphire Flycatcher","2021",0.000379336826989927,0.00170471510143348,0.00451519030358836,NA,NA,NA,34.2697178251419,171.009913732114,4404779182.54403,NA,NA,NA,34.2697178251419,171.009913732114,4404779182.54403
2022,"Sapphire Flycatcher","2022",0.000466092530464399,0.00171287010423238,0.00435633757647641,NA,NA,NA,36.6833524414834,167.359764445987,3940347734.36107,NA,NA,NA,36.6833524414834,167.359764445987,3940347734.36107
2023,"Sapphire Flycatcher","2023",0.00069378559239497,0.00224336081092125,0.00543719603384483,NA,NA,NA,56.3128753138134,215.085560042371,5266816961.88465,NA,NA,NA,56.3128753138134,215.085560042371,5266816961.88465
2024,"Sapphire Flycatcher","2024",0.0004268351123131,0.00149451060266061,0.0036255783644164,NA,NA,NA,34.0644330345264,142.72087155818,3645925691.46633,NA,NA,NA,34.0644330345264,142.72087155818,3645925691.46633
2025,"Sapphire Flycatcher","2025",0.00090926102037635,0.00283334767079122,0.00672234314383128,NA,NA,NA,71.2761246589261,272.913128818085,6533349549.437,NA,NA,NA,71.2761246589261,272.913128818085,6533349549.437
2026,"Sapphire Flycatcher","2026",NA,NA,NA,NA,NA,NA,NA,NA,NA,91.508742571092,204.446399674502,448.082803985539,91.508742571092,204.446399674502,448.082803985539
2027,"Sapphire Flycatcher","2027",NA,NA,NA,NA,NA,NA,NA,NA,NA,80.1787320136549,199.586686472588,490.764136770929,80.1787320136549,199.586686472588,490.764136770929
2028,"Sapphire Flycatcher","2028",NA,NA,NA,NA,NA,NA,NA,NA,NA,70.7201433351574,194.837631012797,531.179697482227,70.7201433351574,194.837631012797,531.179697482227
2029,"Sapphire Flycatcher","2029",NA,NA,NA,NA,NA,NA,NA,NA,NA,62.0063452501383,189.955267088955,574.474340248634,62.0063452501383,189.955267088955,574.474340248634
2030,"Sapphire Flycatcher","2030",NA,NA,NA,NA,NA,NA,NA,NA,NA,53.6638939384585,184.045412290903,621.711999054922,53.6638939384585,184.045412290903,621.711999054922
2031,"Sapphire Flycatcher","2031",NA,NA,NA,NA,NA,NA,NA,NA,NA,47.3824116275419,179.97324420045,670.584361876276,47.3824116275419,179.97324420045,670.584361876276
2032,"Sapphire Flycatcher","2032",NA,NA,NA,NA,NA,NA,NA,NA,NA,41.5005314960619,173.826735879735,729.739058077049,41.5005314960619,173.826735879735,729.739058077049
2033,"Sapphire Flycatcher","2033",NA,NA,NA,NA,NA,NA,NA,NA,NA,36.0879919723313,168.523679579816,796.354135621558,36.0879919723313,168.523679579816,796.354135621558
1985,"Red-breasted Flycatcher","before 2000",NA,NA,NA,NA,NA,NA,NA,NA,NA,NA,NA,NA,NA,NA,NA
2003,"Red-breasted Flycatcher","2000-2006",NA,NA,NA,NA,NA,NA,NA,NA,NA,NA,NA,NA,NA,NA,NA
2009,"Red-breasted Flycatcher","2007-2010",NA,NA,NA,NA,NA,NA,NA,NA,NA,NA,NA,NA,NA,NA,NA
2012,"Red-breasted Flycatcher","2011-2012",NA,NA,NA,NA,NA,NA,NA,NA,NA,NA,NA,NA,NA,NA,NA
2013,"Red-breasted Flycatcher","2013",NA,NA,NA,NA,NA,NA,NA,NA,NA,NA,NA,NA,NA,NA,NA
2014,"Red-breasted Flycatcher","2014",NA,NA,NA,NA,NA,NA,NA,NA,NA,NA,NA,NA,NA,NA,NA
2015,"Red-breasted Flycatcher","2015",0.08407239478855,0.107572993002634,0.134287201987765,NA,NA,NA,100,100,100,NA,NA,NA,100,100,100
2016,"Red-breasted Flycatcher","2016",0.104855249955451,0.131561547141814,0.161577680463787,NA,NA,NA,101.919505520494,121.224894644455,148.693587017564,NA,NA,NA,101.919505520494,121.224894644455,148.693587017564
2017,"Red-breasted Flycatcher","2017",0.0995878011742371,0.12226712349188,0.150914379370481,NA,NA,NA,94.9829245233914,113.816853200017,137.61620697374,NA,NA,NA,94.9829245233914,113.816853200017,137.61620697374
2018,"Red-breasted Flycatcher","2018",0.0770043562460417,0.0943048381215357,0.114462881418017,NA,NA,NA,73.8043676901709,87.7381892312632,106.048040257219,NA,NA,NA,73.8043676901709,87.7381892312632,106.048040257219
2019,"Red-breasted Flycatcher","2019",0.0975808346175617,0.119347988712741,0.145451887122859,NA,NA,NA,95.018043635725,110.690061204172,131.033541893797,NA,NA,NA,95.018043635725,110.690061204172,131.033541893797
2020,"Red-breasted Flycatcher","2020",0.11392130914524,0.137561696720057,0.165220364957536,NA,NA,NA,110.211858885487,127.525445000241,150.788141862738,NA,NA,NA,110.211858885487,127.525445000241,150.788141862738
2021,"Red-breasted Flycatcher","2021",0.0913423657300782,0.111073154809768,0.133695225587389,NA,NA,NA,88.1613533633251,103.26783534462,121.448294436592,NA,NA,NA,88.1613533633251,103.26783534462,121.448294436592
2022,"Red-breasted Flycatcher","2022",0.0888955254144859,0.107242511915188,0.129361272579207,NA,NA,NA,85.0705190222886,99.4346687354249,117.105713798014,NA,NA,NA,85.0705190222886,99.4346687354249,117.105713798014
2023,"Red-breasted Flycatcher","2023",0.0841047961010968,0.102665802588526,0.123887355518568,NA,NA,NA,82.0041998174677,95.1604817906754,112.284887463089,NA,NA,NA,82.0041998174677,95.1604817906754,112.284887463089
2024,"Red-breasted Flycatcher","2024",0.0786528539167779,0.0956020267571276,0.115149274929062,NA,NA,NA,76.5915458496044,88.8178350693606,104.414960135566,NA,NA,NA,76.5915458496044,88.8178350693606,104.414960135566
2025,"Red-breasted Flycatcher","2025",0.0874121438521745,0.106454351890936,0.128212496969541,NA,NA,NA,85.0342155332768,99.0593680249353,116.490016330471,NA,NA,NA,85.0342155332768,99.0593680249353,116.490016330471
2026,"Red-breasted Flycatcher","2026",NA,NA,NA,NA,NA,NA,NA,NA,NA,81.1933890164367,94.5737906952999,110.301209585331,81.1933890164367,94.5737906952999,110.301209585331
2027,"Red-breasted Flycatcher","2027",NA,NA,NA,NA,NA,NA,NA,NA,NA,78.2679445939315,93.1225855693848,110.923547828373,78.2679445939315,93.1225855693848,110.923547828373
2028,"Red-breasted Flycatcher","2028",NA,NA,NA,NA,NA,NA,NA,NA,NA,75.4524907944201,91.6721988327322,111.500977354954,75.4524907944201,91.6721988327322,111.500977354954
2029,"Red-breasted Flycatcher","2029",NA,NA,NA,NA,NA,NA,NA,NA,NA,72.7157793616244,90.2292262488657,112.046120597658,72.7157793616244,90.2292262488657,112.046120597658
2030,"Red-breasted Flycatcher","2030",NA,NA,NA,NA,NA,NA,NA,NA,NA,70.1515741471214,88.8110836496011,112.805508702108,70.1515741471214,88.8110836496011,112.805508702108
2031,"Red-breasted Flycatcher","2031",NA,NA,NA,NA,NA,NA,NA,NA,NA,67.5904166276078,87.3794101537138,113.638846866133,67.5904166276078,87.3794101537138,113.638846866133
2032,"Red-breasted Flycatcher","2032",NA,NA,NA,NA,NA,NA,NA,NA,NA,64.9415545611766,86.0367153801714,114.328323242837,64.9415545611766,86.0367153801714,114.328323242837
2033,"Red-breasted Flycatcher","2033",NA,NA,NA,NA,NA,NA,NA,NA,NA,62.5406869158815,84.721015525612,114.911201695467,62.5406869158815,84.721015525612,114.911201695467
1985,"Siberian Stonechat","before 2000",NA,NA,NA,NA,NA,NA,NA,NA,NA,NA,NA,NA,NA,NA,NA
2003,"Siberian Stonechat","2000-2006",NA,NA,NA,NA,NA,NA,NA,NA,NA,NA,NA,NA,NA,NA,NA
2009,"Siberian Stonechat","2007-2010",NA,NA,NA,NA,NA,NA,NA,NA,NA,NA,NA,NA,NA,NA,NA
2012,"Siberian Stonechat","2011-2012",NA,NA,NA,NA,NA,NA,NA,NA,NA,NA,NA,NA,NA,NA,NA
2013,"Siberian Stonechat","2013",NA,NA,NA,NA,NA,NA,NA,NA,NA,NA,NA,NA,NA,NA,NA
2014,"Siberian Stonechat","2014",NA,NA,NA,NA,NA,NA,NA,NA,NA,NA,NA,NA,NA,NA,NA
2015,"Siberian Stonechat","2015",0.00483738820070916,0.00935926280094866,0.0161734353014762,NA,NA,NA,100,100,100,NA,NA,NA,100,100,100
2016,"Siberian Stonechat","2016",0.00674781690100104,0.0120696537976153,0.0203818215551728,NA,NA,NA,89.5617906359134,129.251735880199,193.973286694956,NA,NA,NA,89.5617906359134,129.251735880199,193.973286694956
2017,"Siberian Stonechat","2017",0.00726407485652088,0.0131936564864609,0.0228489767548105,NA,NA,NA,98.5354475824569,141.390833601684,205.313003335408,NA,NA,NA,98.5354475824569,141.390833601684,205.313003335408
2018,"Siberian Stonechat","2018",0.00871699863423979,0.01497614767269,0.0247015101246903,NA,NA,NA,116.817443104228,159.610548342346,231.9627451391,NA,NA,NA,116.817443104228,159.610548342346,231.9627451391
2019,"Siberian Stonechat","2019",0.00863554510108243,0.0147439540113141,0.0245096081555079,NA,NA,NA,112.072112182016,158.450374136,225.129884120381,NA,NA,NA,112.072112182016,158.450374136,225.129884120381
2020,"Siberian Stonechat","2020",0.00818667233057117,0.0136705846430026,0.0227824656261067,NA,NA,NA,107.170236838939,146.17293619989,204.980220250204,NA,NA,NA,107.170236838939,146.17293619989,204.980220250204
2021,"Siberian Stonechat","2021",0.00798154256479104,0.013755132921325,0.0226373666409595,NA,NA,NA,107.093584077826,147.11396807575,205.964183717797,NA,NA,NA,107.093584077826,147.11396807575,205.964183717797
2022,"Siberian Stonechat","2022",0.00811178429997921,0.0137111021883392,0.0227810067658545,NA,NA,NA,106.323322894652,145.837072813093,206.331838052995,NA,NA,NA,106.323322894652,145.837072813093,206.331838052995
2023,"Siberian Stonechat","2023",0.0103508013889658,0.0176824520523632,0.0288905309086809,NA,NA,NA,139.768894185013,188.812460682467,266.837437166248,NA,NA,NA,139.768894185013,188.812460682467,266.837437166248
2024,"Siberian Stonechat","2024",0.0102960192377264,0.0171508543699147,0.0283205929630919,NA,NA,NA,136.263654237319,185.099595414501,259.627521745738,NA,NA,NA,136.263654237319,185.099595414501,259.627521745738
2025,"Siberian Stonechat","2025",0.00871910792529219,0.0148850028311787,0.0244223926200494,NA,NA,NA,117.630619658336,160.702605782529,226.416331537979,NA,NA,NA,117.630619658336,160.702605782529,226.416331537979
2026,"Siberian Stonechat","2026",NA,NA,NA,NA,NA,NA,NA,NA,NA,160.774328207287,190.085185403639,223.069062104747,160.774328207287,190.085185403639,223.069062104747
2027,"Siberian Stonechat","2027",NA,NA,NA,NA,NA,NA,NA,NA,NA,163.59170927288,198.287009556608,237.492799967057,163.59170927288,198.287009556608,237.492799967057
2028,"Siberian Stonechat","2028",NA,NA,NA,NA,NA,NA,NA,NA,NA,166.628091899972,206.509249720119,253.481002641036,166.628091899972,206.509249720119,253.481002641036
2029,"Siberian Stonechat","2029",NA,NA,NA,NA,NA,NA,NA,NA,NA,169.364374412602,214.973254832172,269.964939687138,169.364374412602,214.973254832172,269.964939687138
2030,"Siberian Stonechat","2030",NA,NA,NA,NA,NA,NA,NA,NA,NA,172.481093945045,223.462891727942,287.851114190099,172.481093945045,223.462891727942,287.851114190099
2031,"Siberian Stonechat","2031",NA,NA,NA,NA,NA,NA,NA,NA,NA,175.06742609513,232.964837408929,306.651747767046,175.06742609513,232.964837408929,306.651747767046
2032,"Siberian Stonechat","2032",NA,NA,NA,NA,NA,NA,NA,NA,NA,178.718506781353,242.024922117119,327.002252428696,178.718506781353,242.024922117119,327.002252428696
2033,"Siberian Stonechat","2033",NA,NA,NA,NA,NA,NA,NA,NA,NA,181.119371547701,252.527476341143,348.294043549027,181.119371547701,252.527476341143,348.294043549027
1985,"Pied Bushchat","before 2000",5.26541261334109e-10,0.00231395252820234,0.00895034403942484,100,100,100,NA,NA,NA,NA,NA,NA,NA,NA,NA
2003,"Pied Bushchat","2000-2006",5.24552614125029e-10,0.00222617055885297,0.011667017813397,2.34393984572886e-05,97.956167623569,539400489.203078,NA,NA,NA,NA,NA,NA,NA,NA,NA
2009,"Pied Bushchat","2007-2010",9.39437419768564e-10,0.0046888053728004,0.0162901652892178,3.73669273932785e-05,188.22570929323,1022912255.95628,NA,NA,NA,NA,NA,NA,NA,NA,NA
2012,"Pied Bushchat","2011-2012",1.93837116598125e-09,0.0097104734229476,0.0253351975771953,0.000206813320104766,395.37243059419,1862494816.00369,NA,NA,NA,NA,NA,NA,NA,NA,NA
2013,"Pied Bushchat","2013",9.65771422632613e-10,0.00537901972089051,0.016234955460379,6.08660431568211e-05,225.294433956186,979888215.921107,NA,NA,NA,NA,NA,NA,NA,NA,NA
2014,"Pied Bushchat","2014",6.98371823166422e-10,0.0022367614074956,0.00754207966409608,2.44948018942825e-05,100.819640822752,348555079.386403,NA,NA,NA,NA,NA,NA,NA,NA,NA
2015,"Pied Bushchat","2015",0.00102761760366585,0.00477297618260638,0.010349606030789,31.4854884950674,206.441130836986,865966140.714656,100,100,100,NA,NA,NA,100,100,100
2016,"Pied Bushchat","2016",0.00276531164393835,0.00658885434143685,0.0126649832186871,68.7795149575007,284.178806908404,1006688334.60338,54.1860128972695,137.817803352424,632.337026767662,NA,NA,NA,54.1860128972695,137.817803352424,632.337026767662
2017,"Pied Bushchat","2017",0.00424665134302142,0.00923658932195912,0.0163750521151604,100.986460169837,392.207532575923,1479223798.52312,78.6485903078263,196.721301714203,838.703466663268,NA,NA,NA,78.6485903078263,196.721301714203,838.703466663268
2018,"Pied Bushchat","2018",0.00407374538462771,0.00799713187805064,0.0132565924169128,85.3475027041369,338.518908354802,1344156092.09628,73.3817207032463,167.545600697202,691.647131266849,NA,NA,NA,73.3817207032463,167.545600697202,691.647131266849
2019,"Pied Bushchat","2019",0.00478302109540674,0.00889885186246706,0.0150671019644485,100.340415051387,384.826514476179,1486068096.91861,85.7872974786516,187.75538067377,895.233633896054,NA,NA,NA,85.7872974786516,187.75538067377,895.233633896054
2020,"Pied Bushchat","2020",0.00457770398188717,0.00840774980435766,0.0134042563463756,100.685463823735,355.034948332381,1321591731.06693,84.735472586504,177.753218140247,863.564899973617,NA,NA,NA,84.735472586504,177.753218140247,863.564899973617
2021,"Pied Bushchat","2021",0.00367142403945092,0.00657106428448594,0.0107836039634346,76.2184345100218,283.26349071753,1048515878.18228,66.3229767437081,142.329867802856,644.705492447869,NA,NA,NA,66.3229767437081,142.329867802856,644.705492447869
2022,"Pied Bushchat","2022",0.0042111230081429,0.00724991753992688,0.0113835096338831,86.6287042013698,305.830460618132,1157509540.39657,73.9287233577253,150.545428922688,646.080736212163,NA,NA,NA,73.9287233577253,150.545428922688,646.080736212163
2023,"Pied Bushchat","2023",0.00226077200188669,0.00409625498164581,0.00655997845688997,45.1491637904439,172.431349367877,647840995.456491,41.968376638313,84.352086897067,396.768507301465,NA,NA,NA,41.968376638313,84.352086897067,396.768507301465
2024,"Pied Bushchat","2024",0.00267927617840604,0.00460247922217323,0.00727592654091578,54.6352267116547,192.857898758405,765119108.899879,45.863560171312,96.7483330015664,426.782158027472,NA,NA,NA,45.863560171312,96.7483330015664,426.782158027472
2025,"Pied Bushchat","2025",0.00292049819685241,0.0051207584889171,0.00799880236580908,58.956772245579,214.987209101784,836298001.136106,52.2674309479807,106.846801689596,451.966008509397,NA,NA,NA,52.2674309479807,106.846801689596,451.966008509397
2026,"Pied Bushchat","2026",NA,NA,NA,NA,NA,NA,NA,NA,NA,72.4512484450777,109.269913462573,163.906559639752,72.4512484450777,109.269913462573,163.906559639752
2027,"Pied Bushchat","2027",NA,NA,NA,NA,NA,NA,NA,NA,NA,66.5774539210258,105.650193863346,166.748579095593,66.5774539210258,105.650193863346,166.748579095593
2028,"Pied Bushchat","2028",NA,NA,NA,NA,NA,NA,NA,NA,NA,60.9598911564924,102.634542690509,170.290368238842,60.9598911564924,102.634542690509,170.290368238842
2029,"Pied Bushchat","2029",NA,NA,NA,NA,NA,NA,NA,NA,NA,55.6807143182744,98.8293518017903,173.477242744574,55.6807143182744,98.8293518017903,173.477242744574
2030,"Pied Bushchat","2030",NA,NA,NA,NA,NA,NA,NA,NA,NA,50.9245651979117,94.6059142822567,177.83190082004,50.9245651979117,94.6059142822567,177.83190082004
2031,"Pied Bushchat","2031",NA,NA,NA,NA,NA,NA,NA,NA,NA,46.1984742591041,91.2075361677909,182.021104530834,46.1984742591041,91.2075361677909,182.021104530834
2032,"Pied Bushchat","2032",NA,NA,NA,NA,NA,NA,NA,NA,NA,41.956997684241,88.2913037968561,186.948463561362,41.956997684241,88.2913037968561,186.948463561362
2033,"Pied Bushchat","2033",NA,NA,NA,NA,NA,NA,NA,NA,NA,38.20587983301,85.3520205119102,191.822563770133,38.20587983301,85.3520205119102,191.822563770133
1985,"Pale-billed Flowerpecker","before 2000",NA,NA,NA,NA,NA,NA,NA,NA,NA,NA,NA,NA,NA,NA,NA
2003,"Pale-billed Flowerpecker","2000-2006",NA,NA,NA,NA,NA,NA,NA,NA,NA,NA,NA,NA,NA,NA,NA
2009,"Pale-billed Flowerpecker","2007-2010",NA,NA,NA,NA,NA,NA,NA,NA,NA,NA,NA,NA,NA,NA,NA
2012,"Pale-billed Flowerpecker","2011-2012",NA,NA,NA,NA,NA,NA,NA,NA,NA,NA,NA,NA,NA,NA,NA
2013,"Pale-billed Flowerpecker","2013",NA,NA,NA,NA,NA,NA,NA,NA,NA,NA,NA,NA,NA,NA,NA
2014,"Pale-billed Flowerpecker","2014",NA,NA,NA,NA,NA,NA,NA,NA,NA,NA,NA,NA,NA,NA,NA
2015,"Pale-billed Flowerpecker","2015",0.0266427018876595,0.0531590635402591,0.0923114670420805,NA,NA,NA,100,100,100,NA,NA,NA,100,100,100
2016,"Pale-billed Flowerpecker","2016",0.0261258802701786,0.0497799892496526,0.0870361111636001,NA,NA,NA,72.4010143819237,94.8570330484401,131.170305564823,NA,NA,NA,72.4010143819237,94.8570330484401,131.170305564823
2017,"Pale-billed Flowerpecker","2017",0.0327685627795739,0.061671364911543,0.105986433192491,NA,NA,NA,92.1908493591691,117.469993248524,160.093241543796,NA,NA,NA,92.1908493591691,117.469993248524,160.093241543796
2018,"Pale-billed Flowerpecker","2018",0.0239506923426131,0.0445128171853364,0.0769162786998281,NA,NA,NA,66.2448630168337,84.889955512643,113.234444711021,NA,NA,NA,66.2448630168337,84.889955512643,113.234444711021
2019,"Pale-billed Flowerpecker","2019",0.0308534908213506,0.0563254257301002,0.0960607994667289,NA,NA,NA,85.5768498659019,106.724729381015,140.261369720876,NA,NA,NA,85.5768498659019,106.724729381015,140.261369720876
2020,"Pale-billed Flowerpecker","2020",0.0316849107142288,0.0575794572995991,0.0976335665213871,NA,NA,NA,89.0941015640643,108.839843276125,141.863894608076,NA,NA,NA,89.0941015640643,108.839843276125,141.863894608076
2021,"Pale-billed Flowerpecker","2021",0.0329652815646454,0.0595382292831952,0.100960083931565,NA,NA,NA,90.9663381035148,112.865106259833,147.995444137478,NA,NA,NA,90.9663381035148,112.865106259833,147.995444137478
2022,"Pale-billed Flowerpecker","2022",0.0277868864022699,0.0515285650689715,0.0882223504181176,NA,NA,NA,78.2876219800997,97.6118113614814,127.118758816751,NA,NA,NA,78.2876219800997,97.6118113614814,127.118758816751
2023,"Pale-billed Flowerpecker","2023",0.0289354766005077,0.0525483831939251,0.0912718004473862,NA,NA,NA,80.7005619303324,99.8277003567467,130.225301690011,NA,NA,NA,80.7005619303324,99.8277003567467,130.225301690011
2024,"Pale-billed Flowerpecker","2024",0.0218875139812701,0.0411431171081716,0.0701824211405213,NA,NA,NA,62.8453833899995,78.3537729062618,101.013860902618,NA,NA,NA,62.8453833899995,78.3537729062618,101.013860902618
2025,"Pale-billed Flowerpecker","2025",0.0363694294519844,0.0656889930663339,0.111274476676829,NA,NA,NA,101.610468593015,124.942808554761,163.692571991765,NA,NA,NA,101.610468593015,124.942808554761,163.692571991765
2026,"Pale-billed Flowerpecker","2026",NA,NA,NA,NA,NA,NA,NA,NA,NA,84.6626772808094,102.831030423083,125.212295943933,84.6626772808094,102.831030423083,125.212295943933
2027,"Pale-billed Flowerpecker","2027",NA,NA,NA,NA,NA,NA,NA,NA,NA,82.6637300306573,102.988899472685,128.509338814126,82.6637300306573,102.988899472685,128.509338814126
2028,"Pale-billed Flowerpecker","2028",NA,NA,NA,NA,NA,NA,NA,NA,NA,80.7452110728165,103.236006613806,132.12059129893,80.7452110728165,103.236006613806,132.12059129893
2029,"Pale-billed Flowerpecker","2029",NA,NA,NA,NA,NA,NA,NA,NA,NA,78.7365041491931,103.400400305682,136.063800058398,78.7365041491931,103.400400305682,136.063800058398
2030,"Pale-billed Flowerpecker","2030",NA,NA,NA,NA,NA,NA,NA,NA,NA,76.792341077498,103.646750776627,140.180312919407,76.792341077498,103.646750776627,140.180312919407
2031,"Pale-billed Flowerpecker","2031",NA,NA,NA,NA,NA,NA,NA,NA,NA,74.8013214411946,103.944993641313,144.442366716448,74.8013214411946,103.944993641313,144.442366716448
2032,"Pale-billed Flowerpecker","2032",NA,NA,NA,NA,NA,NA,NA,NA,NA,72.7339514970066,104.202166516065,148.798589586255,72.7339514970066,104.202166516065,148.798589586255
2033,"Pale-billed Flowerpecker","2033",NA,NA,NA,NA,NA,NA,NA,NA,NA,70.9416247408309,104.417414490089,153.383601986154,70.9416247408309,104.417414490089,153.383601986154
1985,"Purple Sunbird","before 2000",NA,NA,NA,NA,NA,NA,NA,NA,NA,NA,NA,NA,NA,NA,NA
2003,"Purple Sunbird","2000-2006",NA,NA,NA,NA,NA,NA,NA,NA,NA,NA,NA,NA,NA,NA,NA
2009,"Purple Sunbird","2007-2010",NA,NA,NA,NA,NA,NA,NA,NA,NA,NA,NA,NA,NA,NA,NA
2012,"Purple Sunbird","2011-2012",NA,NA,NA,NA,NA,NA,NA,NA,NA,NA,NA,NA,NA,NA,NA
2013,"Purple Sunbird","2013",NA,NA,NA,NA,NA,NA,NA,NA,NA,NA,NA,NA,NA,NA,NA
2014,"Purple Sunbird","2014",NA,NA,NA,NA,NA,NA,NA,NA,NA,NA,NA,NA,NA,NA,NA
2015,"Purple Sunbird","2015",0.100721540481561,0.147829549972031,0.218797411507251,NA,NA,NA,100,100,100,NA,NA,NA,100,100,100
2016,"Purple Sunbird","2016",0.130313669870882,0.187017948162682,0.271390006980671,NA,NA,NA,108.226778252622,126.288454378152,149.61637671242,NA,NA,NA,108.226778252622,126.288454378152,149.61637671242
2017,"Purple Sunbird","2017",0.104545116536854,0.149740490651814,0.221065445118299,NA,NA,NA,86.8596693819466,101.621580038278,121.004864562974,NA,NA,NA,86.8596693819466,101.621580038278,121.004864562974
2018,"Purple Sunbird","2018",0.101849282701735,0.14578174019291,0.211503884472293,NA,NA,NA,86.1257843960128,98.4871371642806,116.46641642252,NA,NA,NA,86.1257843960128,98.4871371642806,116.46641642252
2019,"Purple Sunbird","2019",0.12214715116224,0.1740471425666,0.253651253207771,NA,NA,NA,102.305506003968,118.216493698866,138.58104282299,NA,NA,NA,102.305506003968,118.216493698866,138.58104282299
2020,"Purple Sunbird","2020",0.138019437904648,0.194902593805241,0.278825127100053,NA,NA,NA,116.359701381836,131.848157499904,154.121403997196,NA,NA,NA,116.359701381836,131.848157499904,154.121403997196
2021,"Purple Sunbird","2021",0.123998612551593,0.176928901116443,0.253225810182417,NA,NA,NA,104.884286806652,119.364651701531,139.523370677464,NA,NA,NA,104.884286806652,119.364651701531,139.523370677464
2022,"Purple Sunbird","2022",0.122023710830408,0.173488033695146,0.250562735971083,NA,NA,NA,103.229443235503,117.441666349462,137.625396395034,NA,NA,NA,103.229443235503,117.441666349462,137.625396395034
2023,"Purple Sunbird","2023",0.129182885872171,0.182370004954505,0.263550840918762,NA,NA,NA,109.151781342306,123.728565518112,144.641351731317,NA,NA,NA,109.151781342306,123.728565518112,144.641351731317
2024,"Purple Sunbird","2024",0.120632188005033,0.171832992972657,0.249286167721977,NA,NA,NA,102.901654598509,116.82905557672,136.018469683414,NA,NA,NA,102.901654598509,116.82905557672,136.018469683414
2025,"Purple Sunbird","2025",0.146080451568549,0.203407011723783,0.292704573212365,NA,NA,NA,122.612167704202,138.379905387111,161.079594130595,NA,NA,NA,122.612167704202,138.379905387111,161.079594130595
2026,"Purple Sunbird","2026",NA,NA,NA,NA,NA,NA,NA,NA,NA,117.089657611325,132.295647480745,149.110612446418,117.089657611325,132.295647480745,149.110612446418
2027,"Purple Sunbird","2027",NA,NA,NA,NA,NA,NA,NA,NA,NA,117.546260625939,134.932496729197,154.654687770333,117.546260625939,134.932496729197,154.654687770333
2028,"Purple Sunbird","2028",NA,NA,NA,NA,NA,NA,NA,NA,NA,117.966045231921,137.747632777966,160.620223574704,117.966045231921,137.747632777966,160.620223574704
2029,"Purple Sunbird","2029",NA,NA,NA,NA,NA,NA,NA,NA,NA,118.267082489766,140.565484905587,166.923198633763,118.267082489766,140.565484905587,166.923198633763
2030,"Purple Sunbird","2030",NA,NA,NA,NA,NA,NA,NA,NA,NA,118.657457421142,143.540102348326,173.464249255239,118.657457421142,143.540102348326,173.464249255239
2031,"Purple Sunbird","2031",NA,NA,NA,NA,NA,NA,NA,NA,NA,119.089172858406,146.498797539831,180.318322061565,119.089172858406,146.498797539831,180.318322061565
2032,"Purple Sunbird","2032",NA,NA,NA,NA,NA,NA,NA,NA,NA,119.425627426659,149.496665412836,187.533241848246,119.425627426659,149.496665412836,187.533241848246
2033,"Purple Sunbird","2033",NA,NA,NA,NA,NA,NA,NA,NA,NA,119.783256165109,152.583628810677,194.920995429854,119.783256165109,152.583628810677,194.920995429854
1985,"Loten's Sunbird","before 2000",NA,NA,NA,NA,NA,NA,NA,NA,NA,NA,NA,NA,NA,NA,NA
2003,"Loten's Sunbird","2000-2006",NA,NA,NA,NA,NA,NA,NA,NA,NA,NA,NA,NA,NA,NA,NA
2009,"Loten's Sunbird","2007-2010",NA,NA,NA,NA,NA,NA,NA,NA,NA,NA,NA,NA,NA,NA,NA
2012,"Loten's Sunbird","2011-2012",NA,NA,NA,NA,NA,NA,NA,NA,NA,NA,NA,NA,NA,NA,NA
2013,"Loten's Sunbird","2013",NA,NA,NA,NA,NA,NA,NA,NA,NA,NA,NA,NA,NA,NA,NA
2014,"Loten's Sunbird","2014",NA,NA,NA,NA,NA,NA,NA,NA,NA,NA,NA,NA,NA,NA,NA
2015,"Loten's Sunbird","2015",0.0019992891234228,0.00943019171384332,0.0200339162264804,NA,NA,NA,100,100,100,NA,NA,NA,100,100,100
2016,"Loten's Sunbird","2016",0.0012080237021774,0.00572855961186867,0.012935763395479,NA,NA,NA,10.1977367254995,60.8281611779233,311.219421435012,NA,NA,NA,10.1977367254995,60.8281611779233,311.219421435012
2017,"Loten's Sunbird","2017",9.34051653989559e-11,0.00206530675081176,0.00590497707924625,NA,NA,NA,1.23022669459097e-06,21.7197715425763,138.237820901217,NA,NA,NA,1.23022669459097e-06,21.7197715425763,138.237820901217
2018,"Loten's Sunbird","2018",7.30240365709063e-11,0.00122470401635815,0.00345833113033953,NA,NA,NA,9.38234725308654e-07,12.2880098573605,69.6709001097032,NA,NA,NA,9.38234725308654e-07,12.2880098573605,69.6709001097032
2019,"Loten's Sunbird","2019",5.59128281911815e-11,0.000306733951007306,0.00109450756698707,NA,NA,NA,5.22042172930406e-07,2.88907556369181,20.5047680645639,NA,NA,NA,5.22042172930406e-07,2.88907556369181,20.5047680645639
2020,"Loten's Sunbird","2020",0.000697097887752344,0.00175975280193147,0.00311467429435222,NA,NA,NA,6.32210588391332,18.8717525420691,85.6870973336466,NA,NA,NA,6.32210588391332,18.8717525420691,85.6870973336466
2021,"Loten's Sunbird","2021",4.34922492671035e-11,0.000324764163712157,0.000882474008094058,NA,NA,NA,4.70030800889429e-07,3.21127426565861,18.5791966901388,NA,NA,NA,4.70030800889429e-07,3.21127426565861,18.5791966901388
2022,"Loten's Sunbird","2022",0.00056952732597613,0.00145585405426969,0.00257335834317618,NA,NA,NA,4.71988132272955,15.1787006468588,67.909105688375,NA,NA,NA,4.71988132272955,15.1787006468588,67.909105688375
2023,"Loten's Sunbird","2023",0.000252828986936998,0.000862189935525445,0.00176461042513148,NA,NA,NA,2.34404034180041,8.95413298261429,38.9443902976967,NA,NA,NA,2.34404034180041,8.95413298261429,38.9443902976967
2024,"Loten's Sunbird","2024",0.000595952925692955,0.00122205952300487,0.00206766196932431,NA,NA,NA,4.6856985054945,12.8832727642327,59.7570438841205,NA,NA,NA,4.6856985054945,12.8832727642327,59.7570438841205
2025,"Loten's Sunbird","2025",0.000236476142554958,0.000741957606718245,0.00139108300250265,NA,NA,NA,2.0844337290886,7.95106988474547,40.4952817551194,NA,NA,NA,2.0844337290886,7.95106988474547,40.4952817551194
2026,"Loten's Sunbird","2026",NA,NA,NA,NA,NA,NA,NA,NA,NA,0.0149646476542514,3.83183581116416,1131.49729939546,0.0149646476542514,3.83183581116416,1131.49729939546
2027,"Loten's Sunbird","2027",NA,NA,NA,NA,NA,NA,NA,NA,NA,0.00717113981227772,3.46129866979628,2432.0426166711,0.00717113981227772,3.46129866979628,2432.0426166711
2028,"Loten's Sunbird","2028",NA,NA,NA,NA,NA,NA,NA,NA,NA,0.0033142358365409,3.09663674671955,5341.69725800657,0.0033142358365409,3.09663674671955,5341.69725800657
2029,"Loten's Sunbird","2029",NA,NA,NA,NA,NA,NA,NA,NA,NA,0.00158197239183398,2.78425221161027,11715.2874317515,0.00158197239183398,2.78425221161027,11715.2874317515
2030,"Loten's Sunbird","2030",NA,NA,NA,NA,NA,NA,NA,NA,NA,0.000733822591505996,2.51417315226339,26073.0109214683,0.000733822591505996,2.51417315226339,26073.0109214683
2031,"Loten's Sunbird","2031",NA,NA,NA,NA,NA,NA,NA,NA,NA,0.000346337963987817,2.23314009889459,59714.1077126406,0.000346337963987817,2.23314009889459,59714.1077126406
2032,"Loten's Sunbird","2032",NA,NA,NA,NA,NA,NA,NA,NA,NA,0.000159103876442433,2.02509588519345,135393.950417289,0.000159103876442433,2.02509588519345,135393.950417289
2033,"Loten's Sunbird","2033",NA,NA,NA,NA,NA,NA,NA,NA,NA,7.21882898973908e-05,1.75461665689513,309004.215385558,7.21882898973908e-05,1.75461665689513,309004.215385558
1985,"Baya Weaver","before 2000",NA,NA,NA,NA,NA,NA,NA,NA,NA,NA,NA,NA,NA,NA,NA
2003,"Baya Weaver","2000-2006",NA,NA,NA,NA,NA,NA,NA,NA,NA,NA,NA,NA,NA,NA,NA
2009,"Baya Weaver","2007-2010",NA,NA,NA,NA,NA,NA,NA,NA,NA,NA,NA,NA,NA,NA,NA
2012,"Baya Weaver","2011-2012",NA,NA,NA,NA,NA,NA,NA,NA,NA,NA,NA,NA,NA,NA,NA
2013,"Baya Weaver","2013",NA,NA,NA,NA,NA,NA,NA,NA,NA,NA,NA,NA,NA,NA,NA
2014,"Baya Weaver","2014",NA,NA,NA,NA,NA,NA,NA,NA,NA,NA,NA,NA,NA,NA,NA
2015,"Baya Weaver","2015",0.0188245689041515,0.0310441724797832,0.0496111212173212,NA,NA,NA,100,100,100,NA,NA,NA,100,100,100
2016,"Baya Weaver","2016",0.0149247149667106,0.024591149660068,0.0390526361622096,NA,NA,NA,58.8879314108119,79.0756009080396,105.227482596027,NA,NA,NA,58.8879314108119,79.0756009080396,105.227482596027
2017,"Baya Weaver","2017",0.01772817343676,0.0285638629828975,0.0433487886224901,NA,NA,NA,68.8875490502436,91.1160371435276,120.072990313326,NA,NA,NA,68.8875490502436,91.1160371435276,120.072990313326
2018,"Baya Weaver","2018",0.0156590013575337,0.0256600093871107,0.0396794423329991,NA,NA,NA,63.1353380707048,82.7276195284,108.358852484938,NA,NA,NA,63.1353380707048,82.7276195284,108.358852484938
2019,"Baya Weaver","2019",0.0183044440617016,0.0293746298578166,0.0441349672776109,NA,NA,NA,73.7188749231689,93.5851689610943,121.051474376311,NA,NA,NA,73.7188749231689,93.5851689610943,121.051474376311
2020,"Baya Weaver","2020",0.0159098984886138,0.0255341210974539,0.0394458611427461,NA,NA,NA,65.3642889360047,82.3253843934615,104.709794263998,NA,NA,NA,65.3642889360047,82.3253843934615,104.709794263998
2021,"Baya Weaver","2021",0.0155015852568918,0.0241599230771296,0.0368088439067642,NA,NA,NA,62.2397154163001,77.5986488745455,99.2360000165096,NA,NA,NA,62.2397154163001,77.5986488745455,99.2360000165096
2022,"Baya Weaver","2022",0.0146712048829069,0.023396696769884,0.0359324274892789,NA,NA,NA,59.6730846902599,75.179762443195,96.2833610809238,NA,NA,NA,59.6730846902599,75.179762443195,96.2833610809238
2023,"Baya Weaver","2023",0.0146543009220395,0.0234444134769771,0.0353593732891147,NA,NA,NA,60.3966987436355,75.0576221232606,95.8948768818141,NA,NA,NA,60.3966987436355,75.0576221232606,95.8948768818141
2024,"Baya Weaver","2024",0.0155561071915677,0.0246074816117514,0.0377077345167687,NA,NA,NA,63.8064106407257,79.2778900358094,101.381194937645,NA,NA,NA,63.8064106407257,79.2778900358094,101.381194937645
2025,"Baya Weaver","2025",0.0137165915333748,0.0218341313267433,0.0335012757538158,NA,NA,NA,55.8523102582414,70.6479934293209,88.7184597939898,NA,NA,NA,55.8523102582414,70.6479934293209,88.7184597939898
2026,"Baya Weaver","2026",NA,NA,NA,NA,NA,NA,NA,NA,NA,63.2890962061667,71.1452587715207,79.1967688724705,63.2890962061667,71.1452587715207,79.1967688724705
2027,"Baya Weaver","2027",NA,NA,NA,NA,NA,NA,NA,NA,NA,60.9093768334917,69.4417708593367,78.665605567634,60.9093768334917,69.4417708593367,78.665605567634
2028,"Baya Weaver","2028",NA,NA,NA,NA,NA,NA,NA,NA,NA,58.5754507535017,67.7891912907538,78.2345393718155,58.5754507535017,67.7891912907538,78.2345393718155
2029,"Baya Weaver","2029",NA,NA,NA,NA,NA,NA,NA,NA,NA,56.3320584410646,66.162494437956,77.5951248740561,56.3320584410646,66.162494437956,77.5951248740561
2030,"Baya Weaver","2030",NA,NA,NA,NA,NA,NA,NA,NA,NA,54.1254485436985,64.5630326350586,76.9111130918176,54.1254485436985,64.5630326350586,76.9111130918176
2031,"Baya Weaver","2031",NA,NA,NA,NA,NA,NA,NA,NA,NA,52.0237988882378,63.0363536982892,76.352314744346,52.0237988882378,63.0363536982892,76.352314744346
2032,"Baya Weaver","2032",NA,NA,NA,NA,NA,NA,NA,NA,NA,50.0393381903237,61.6477336231893,75.9136177636596,50.0393381903237,61.6477336231893,75.9136177636596
2033,"Baya Weaver","2033",NA,NA,NA,NA,NA,NA,NA,NA,NA,48.0285915273618,60.0934033091899,75.4145924482362,48.0285915273618,60.0934033091899,75.4145924482362
1985,"Indian Silverbill","before 2000",NA,NA,NA,NA,NA,NA,NA,NA,NA,NA,NA,NA,NA,NA,NA
2003,"Indian Silverbill","2000-2006",NA,NA,NA,NA,NA,NA,NA,NA,NA,NA,NA,NA,NA,NA,NA
2009,"Indian Silverbill","2007-2010",NA,NA,NA,NA,NA,NA,NA,NA,NA,NA,NA,NA,NA,NA,NA
2012,"Indian Silverbill","2011-2012",NA,NA,NA,NA,NA,NA,NA,NA,NA,NA,NA,NA,NA,NA,NA
2013,"Indian Silverbill","2013",NA,NA,NA,NA,NA,NA,NA,NA,NA,NA,NA,NA,NA,NA,NA
2014,"Indian Silverbill","2014",NA,NA,NA,NA,NA,NA,NA,NA,NA,NA,NA,NA,NA,NA,NA
2015,"Indian Silverbill","2015",0.0637696326683395,0.108788832723034,0.174307618463599,NA,NA,NA,100,100,100,NA,NA,NA,100,100,100
2016,"Indian Silverbill","2016",0.0528963891391327,0.0902302788931733,0.145283781754296,NA,NA,NA,64.6692904430746,82.0577530549902,105.980853143793,NA,NA,NA,64.6692904430746,82.0577530549902,105.980853143793
2017,"Indian Silverbill","2017",0.0414315879229262,0.0724659003557835,0.115141651732254,NA,NA,NA,52.4229751298538,65.9371944740104,85.1937768400378,NA,NA,NA,52.4229751298538,65.9371944740104,85.1937768400378
2018,"Indian Silverbill","2018",0.035818302711171,0.0607688055810475,0.0989968770248404,NA,NA,NA,45.0300237951747,55.8841616405247,69.2606773546157,NA,NA,NA,45.0300237951747,55.8841616405247,69.2606773546157
2019,"Indian Silverbill","2019",0.0334384286329021,0.0570265041381993,0.0902648306313173,NA,NA,NA,42.6505399772543,52.5371729787195,64.0496909267736,NA,NA,NA,42.6505399772543,52.5371729787195,64.0496909267736
2020,"Indian Silverbill","2020",0.0240032303811916,0.0399857042695566,0.063744253537511,NA,NA,NA,30.1100869659358,36.670499567563,45.0427938500395,NA,NA,NA,30.1100869659358,36.670499567563,45.0427938500395
2021,"Indian Silverbill","2021",0.0260370091606172,0.0430882631327676,0.0691020218801312,NA,NA,NA,32.2667324204959,39.3645704184649,48.8714980213128,NA,NA,NA,32.2667324204959,39.3645704184649,48.8714980213128
2022,"Indian Silverbill","2022",0.0199140400522309,0.0347119274726622,0.0559141666835378,NA,NA,NA,25.7829184548869,31.574885508078,38.6536300058523,NA,NA,NA,25.7829184548869,31.574885508078,38.6536300058523
2023,"Indian Silverbill","2023",0.0246718312255912,0.0409547648763754,0.0644958961273557,NA,NA,NA,30.7167999066311,37.4769030925436,45.6803642111524,NA,NA,NA,30.7167999066311,37.4769030925436,45.6803642111524
2024,"Indian Silverbill","2024",0.024032543148583,0.0394114721058823,0.062749903257241,NA,NA,NA,29.8160669482159,36.1621879126643,43.9274324972906,NA,NA,NA,29.8160669482159,36.1621879126643,43.9274324972906
2025,"Indian Silverbill","2025",0.0210657029415734,0.0356244652927552,0.0568019731066078,NA,NA,NA,26.6143633586443,32.4704922612737,40.2335588169414,NA,NA,NA,26.6143633586443,32.4704922612737,40.2335588169414
2026,"Indian Silverbill","2026",NA,NA,NA,NA,NA,NA,NA,NA,NA,20.2691477451993,24.9587815693075,30.8335403676126,20.2691477451993,24.9587815693075,30.8335403676126
2027,"Indian Silverbill","2027",NA,NA,NA,NA,NA,NA,NA,NA,NA,17.6792548296554,22.4058460453029,28.4351220029576,17.6792548296554,22.4058460453029,28.4351220029576
2028,"Indian Silverbill","2028",NA,NA,NA,NA,NA,NA,NA,NA,NA,15.4358793856777,20.0971932283463,26.188460189877,15.4358793856777,20.0971932283463,26.188460189877
2029,"Indian Silverbill","2029",NA,NA,NA,NA,NA,NA,NA,NA,NA,13.4429914110495,18.0138347117821,24.1989451496501,13.4429914110495,18.0138347117821,24.1989451496501
2030,"Indian Silverbill","2030",NA,NA,NA,NA,NA,NA,NA,NA,NA,11.6875417953104,16.1451913429309,22.3469066863045,11.6875417953104,16.1451913429309,22.3469066863045
2031,"Indian Silverbill","2031",NA,NA,NA,NA,NA,NA,NA,NA,NA,10.182865406474,14.4747089001466,20.6269150765202,10.182865406474,14.4747089001466,20.6269150765202
2032,"Indian Silverbill","2032",NA,NA,NA,NA,NA,NA,NA,NA,NA,8.86356414333786,12.9917731352789,19.0739428527736,8.86356414333786,12.9917731352789,19.0739428527736
2033,"Indian Silverbill","2033",NA,NA,NA,NA,NA,NA,NA,NA,NA,7.70681279171193,11.6510130197621,17.6229263563629,7.70681279171193,11.6510130197621,17.6229263563629
1985,"Scaly-breasted Munia","before 2000",NA,NA,NA,NA,NA,NA,NA,NA,NA,NA,NA,NA,NA,NA,NA
2003,"Scaly-breasted Munia","2000-2006",NA,NA,NA,NA,NA,NA,NA,NA,NA,NA,NA,NA,NA,NA,NA
2009,"Scaly-breasted Munia","2007-2010",NA,NA,NA,NA,NA,NA,NA,NA,NA,NA,NA,NA,NA,NA,NA
2012,"Scaly-breasted Munia","2011-2012",NA,NA,NA,NA,NA,NA,NA,NA,NA,NA,NA,NA,NA,NA,NA
2013,"Scaly-breasted Munia","2013",NA,NA,NA,NA,NA,NA,NA,NA,NA,NA,NA,NA,NA,NA,NA
2014,"Scaly-breasted Munia","2014",NA,NA,NA,NA,NA,NA,NA,NA,NA,NA,NA,NA,NA,NA,NA
2015,"Scaly-breasted Munia","2015",0.0688081674122811,0.10685474860792,0.162763368760165,NA,NA,NA,100,100,100,NA,NA,NA,100,100,100
2016,"Scaly-breasted Munia","2016",0.0698950730192544,0.105361841667189,0.157842160986514,NA,NA,NA,80.3421044600515,99.1254205542336,123.394759671985,NA,NA,NA,80.3421044600515,99.1254205542336,123.394759671985
2017,"Scaly-breasted Munia","2017",0.0688885566838065,0.103561378872027,0.157184701785518,NA,NA,NA,79.3346161490714,96.7487194855835,119.34090115029,NA,NA,NA,79.3346161490714,96.7487194855835,119.34090115029
2018,"Scaly-breasted Munia","2018",0.060874111023783,0.0896663279539463,0.134681510797099,NA,NA,NA,70.0648661144436,84.1517451991963,101.452605790194,NA,NA,NA,70.0648661144436,84.1517451991963,101.452605790194
2019,"Scaly-breasted Munia","2019",0.0570205932718895,0.0848180102424458,0.126227408545844,NA,NA,NA,67.2360885751374,79.8877880994096,95.1736575038993,NA,NA,NA,67.2360885751374,79.8877880994096,95.1736575038993
2020,"Scaly-breasted Munia","2020",0.0568918748627622,0.0847158721253385,0.125905248615471,NA,NA,NA,67.3389408287106,79.4526722375609,95.4652950844815,NA,NA,NA,67.3389408287106,79.4526722375609,95.4652950844815
2021,"Scaly-breasted Munia","2021",0.0511345099135078,0.0763612401169251,0.115247810107694,NA,NA,NA,60.7895558092868,71.5010596048775,86.0784538765067,NA,NA,NA,60.7895558092868,71.5010596048775,86.0784538765067
2022,"Scaly-breasted Munia","2022",0.0572265710656347,0.0841258989975594,0.126274068648643,NA,NA,NA,67.3448829132838,79.1050655508857,94.5309892636721,NA,NA,NA,67.3448829132838,79.1050655508857,94.5309892636721
2023,"Scaly-breasted Munia","2023",0.069359938653891,0.103673819413197,0.152653055321312,NA,NA,NA,81.9226493795431,96.6760686690685,115.118706642649,NA,NA,NA,81.9226493795431,96.6760686690685,115.118706642649
2024,"Scaly-breasted Munia","2024",0.060582488689181,0.0914414377932761,0.1370931294391,NA,NA,NA,72.6468565148744,85.71407685649,103.07158837205,NA,NA,NA,72.6468565148744,85.71407685649,103.07158837205
2025,"Scaly-breasted Munia","2025",0.0553569750153828,0.0825064785517206,0.122470798573505,NA,NA,NA,65.8950362761863,76.876779240391,92.4754193212631,NA,NA,NA,65.8950362761863,76.876779240391,92.4754193212631
2026,"Scaly-breasted Munia","2026",NA,NA,NA,NA,NA,NA,NA,NA,NA,66.4147188923614,76.3770475445972,87.5889625916188,66.4147188923614,76.3770475445972,87.5889625916188
2027,"Scaly-breasted Munia","2027",NA,NA,NA,NA,NA,NA,NA,NA,NA,63.9881196193658,74.8151177576407,87.616813172748,63.9881196193658,74.8151177576407,87.616813172748
2028,"Scaly-breasted Munia","2028",NA,NA,NA,NA,NA,NA,NA,NA,NA,61.6146474453412,73.4137544354087,87.5556696284797,61.6146474453412,73.4137544354087,87.5556696284797
2029,"Scaly-breasted Munia","2029",NA,NA,NA,NA,NA,NA,NA,NA,NA,59.2961054922176,72.0615043692042,87.4325832089716,59.2961054922176,72.0615043692042,87.4325832089716
2030,"Scaly-breasted Munia","2030",NA,NA,NA,NA,NA,NA,NA,NA,NA,57.1291570625249,70.7190541253759,87.3953832815888,57.1291570625249,70.7190541253759,87.3953832815888
2031,"Scaly-breasted Munia","2031",NA,NA,NA,NA,NA,NA,NA,NA,NA,54.9424021356522,69.301520015316,87.517522533583,54.9424021356522,69.301520015316,87.517522533583
2032,"Scaly-breasted Munia","2032",NA,NA,NA,NA,NA,NA,NA,NA,NA,52.8632855487769,67.9441166438709,87.4666938701828,52.8632855487769,67.9441166438709,87.4666938701828
2033,"Scaly-breasted Munia","2033",NA,NA,NA,NA,NA,NA,NA,NA,NA,50.8594345267245,66.6791655049392,87.5186571335908,50.8594345267245,66.6791655049392,87.5186571335908
1985,"Tricolored Munia","before 2000",NA,NA,NA,NA,NA,NA,NA,NA,NA,NA,NA,NA,NA,NA,NA
2003,"Tricolored Munia","2000-2006",NA,NA,NA,NA,NA,NA,NA,NA,NA,NA,NA,NA,NA,NA,NA
2009,"Tricolored Munia","2007-2010",NA,NA,NA,NA,NA,NA,NA,NA,NA,NA,NA,NA,NA,NA,NA
2012,"Tricolored Munia","2011-2012",NA,NA,NA,NA,NA,NA,NA,NA,NA,NA,NA,NA,NA,NA,NA
2013,"Tricolored Munia","2013",NA,NA,NA,NA,NA,NA,NA,NA,NA,NA,NA,NA,NA,NA,NA
2014,"Tricolored Munia","2014",NA,NA,NA,NA,NA,NA,NA,NA,NA,NA,NA,NA,NA,NA,NA
2015,"Tricolored Munia","2015",0.012616069215196,0.0226197939281957,0.0385920053213564,NA,NA,NA,100,100,100,NA,NA,NA,100,100,100
2016,"Tricolored Munia","2016",0.0137514938006115,0.0245008107646285,0.0419343841858445,NA,NA,NA,74.2179775270612,107.437227457049,151.430911343554,NA,NA,NA,74.2179775270612,107.437227457049,151.430911343554
2017,"Tricolored Munia","2017",0.0100153365728345,0.0179289671432222,0.0302065976214769,NA,NA,NA,54.4220701718762,79.1281706365156,111.887236137298,NA,NA,NA,54.4220701718762,79.1281706365156,111.887236137298
2018,"Tricolored Munia","2018",0.0141010148340687,0.0242612616495204,0.0396880263485001,NA,NA,NA,76.1098826369588,105.199758337507,148.565542165423,NA,NA,NA,76.1098826369588,105.199758337507,148.565542165423
2019,"Tricolored Munia","2019",0.0170072602591616,0.0281739243185183,0.0466537718955409,NA,NA,NA,91.1463467180185,124.677933329436,169.958329842879,NA,NA,NA,91.1463467180185,124.677933329436,169.958329842879
2020,"Tricolored Munia","2020",0.0139024138954499,0.023161787587607,0.0386381689388014,NA,NA,NA,75.8276671202516,101.609774351859,141.350343586345,NA,NA,NA,75.8276671202516,101.609774351859,141.350343586345
2021,"Tricolored Munia","2021",0.0158252931891403,0.0265032338988914,0.0438151810646407,NA,NA,NA,85.77270948993,116.241446586397,159.031004683739,NA,NA,NA,85.77270948993,116.241446586397,159.031004683739
2022,"Tricolored Munia","2022",0.0141288265707473,0.0235155411061996,0.039183321567607,NA,NA,NA,76.5195445195153,103.307478663366,140.28609622064,NA,NA,NA,76.5195445195153,103.307478663366,140.28609622064
2023,"Tricolored Munia","2023",0.0164197952158213,0.0279655118743607,0.0460763675921537,NA,NA,NA,91.4372387292776,122.320222920509,167.375803119592,NA,NA,NA,91.4372387292776,122.320222920509,167.375803119592
2024,"Tricolored Munia","2024",0.0139249436691162,0.023171662338123,0.0381843230663201,NA,NA,NA,76.2881907964249,102.1831361545,138.774107804079,NA,NA,NA,76.2881907964249,102.1831361545,138.774107804079
2025,"Tricolored Munia","2025",0.0126331008059894,0.0211907671460956,0.0353576943143066,NA,NA,NA,69.4691925215151,93.5570133426772,126.149412038228,NA,NA,NA,69.4691925215151,93.5570133426772,126.149412038228
2026,"Tricolored Munia","2026",NA,NA,NA,NA,NA,NA,NA,NA,NA,90.4855150680175,108.148483438248,130.360083557813,90.4855150680175,108.148483438248,130.360083557813
2027,"Tricolored Munia","2027",NA,NA,NA,NA,NA,NA,NA,NA,NA,88.6892142522897,109.023487648869,134.645902833952,88.6892142522897,109.023487648869,134.645902833952
2028,"Tricolored Munia","2028",NA,NA,NA,NA,NA,NA,NA,NA,NA,86.8657215622835,109.542764382927,138.629429184289,86.8657215622835,109.542764382927,138.629429184289
2029,"Tricolored Munia","2029",NA,NA,NA,NA,NA,NA,NA,NA,NA,85.2531757591547,110.259586522215,142.892412132012,85.2531757591547,110.259586522215,142.892412132012
2030,"Tricolored Munia","2030",NA,NA,NA,NA,NA,NA,NA,NA,NA,83.6887791465243,110.831014737164,147.72012400335,83.6887791465243,110.831014737164,147.72012400335
2031,"Tricolored Munia","2031",NA,NA,NA,NA,NA,NA,NA,NA,NA,81.9508043089374,111.565367347162,152.309617052004,81.9508043089374,111.565367347162,152.309617052004
2032,"Tricolored Munia","2032",NA,NA,NA,NA,NA,NA,NA,NA,NA,80.3111607818662,112.246238790463,157.615151019348,80.3111607818662,112.246238790463,157.615151019348
2033,"Tricolored Munia","2033",NA,NA,NA,NA,NA,NA,NA,NA,NA,78.8015334687444,113.00969062039,162.985050610775,78.8015334687444,113.00969062039,162.985050610775
1985,"House Sparrow","before 2000",NA,NA,NA,NA,NA,NA,NA,NA,NA,NA,NA,NA,NA,NA,NA
2003,"House Sparrow","2000-2006",NA,NA,NA,NA,NA,NA,NA,NA,NA,NA,NA,NA,NA,NA,NA
2009,"House Sparrow","2007-2010",NA,NA,NA,NA,NA,NA,NA,NA,NA,NA,NA,NA,NA,NA,NA
2012,"House Sparrow","2011-2012",NA,NA,NA,NA,NA,NA,NA,NA,NA,NA,NA,NA,NA,NA,NA
2013,"House Sparrow","2013",NA,NA,NA,NA,NA,NA,NA,NA,NA,NA,NA,NA,NA,NA,NA
2014,"House Sparrow","2014",NA,NA,NA,NA,NA,NA,NA,NA,NA,NA,NA,NA,NA,NA,NA
2015,"House Sparrow","2015",0.154398203702632,0.198828625906668,0.251861075203462,NA,NA,NA,100,100,100,NA,NA,NA,100,100,100
2016,"House Sparrow","2016",0.12903894375267,0.166331026650663,0.209405754363436,NA,NA,NA,71.3209831487124,83.9226156204573,97.4121392461644,NA,NA,NA,71.3209831487124,83.9226156204573,97.4121392461644
2017,"House Sparrow","2017",0.114747602426942,0.14784264747356,0.189042229009855,NA,NA,NA,63.2076301198601,74.4118623498115,86.5810149578793,NA,NA,NA,63.2076301198601,74.4118623498115,86.5810149578793
2018,"House Sparrow","2018",0.105766658742212,0.136055921317063,0.173545086577367,NA,NA,NA,59.5528675972033,68.684429344331,79.6811291000143,NA,NA,NA,59.5528675972033,68.684429344331,79.6811291000143
2019,"House Sparrow","2019",0.129737005132864,0.164156922258184,0.206357035751534,NA,NA,NA,72.8849265859334,83.0697920391006,94.8936648255457,NA,NA,NA,72.8849265859334,83.0697920391006,94.8936648255457
2020,"House Sparrow","2020",0.112518376624025,0.143024526272825,0.180190839701866,NA,NA,NA,62.9189328509121,72.27207037795,82.3568059584893,NA,NA,NA,62.9189328509121,72.27207037795,82.3568059584893
2021,"House Sparrow","2021",0.0991188222935613,0.125800247990231,0.158290442723428,NA,NA,NA,55.418970416782,63.1909328673228,71.932291542462,NA,NA,NA,55.418970416782,63.1909328673228,71.932291542462
2022,"House Sparrow","2022",0.101084207936737,0.128676181041297,0.161526812736655,NA,NA,NA,56.8228564274925,64.8290474692864,73.5608275865007,NA,NA,NA,56.8228564274925,64.8290474692864,73.5608275865007
2023,"House Sparrow","2023",0.106040903786355,0.134326770659999,0.169480614194527,NA,NA,NA,59.6179357352685,67.9015194899026,77.0982177512214,NA,NA,NA,59.6179357352685,67.9015194899026,77.0982177512214
2024,"House Sparrow","2024",0.0923146297590288,0.117395521889347,0.148035850371813,NA,NA,NA,52.2897175479124,59.3211409888174,67.225932397235,NA,NA,NA,52.2897175479124,59.3211409888174,67.225932397235
2025,"House Sparrow","2025",0.0970049283698108,0.124163112060652,0.155686281699676,NA,NA,NA,55.2262768547577,62.517092772412,70.7754523132862,NA,NA,NA,55.2262768547577,62.517092772412,70.7754523132862
2026,"House Sparrow","2026",NA,NA,NA,NA,NA,NA,NA,NA,NA,50.2575514149125,56.5731195653386,63.5554694428259,50.2575514149125,56.5731195653386,63.5554694428259
2027,"House Sparrow","2027",NA,NA,NA,NA,NA,NA,NA,NA,NA,47.5706637122419,54.364986235408,62.0347373467307,47.5706637122419,54.364986235408,62.0347373467307
2028,"House Sparrow","2028",NA,NA,NA,NA,NA,NA,NA,NA,NA,44.955427614726,52.2314807374497,60.5640294584535,44.955427614726,52.2314807374497,60.5640294584535
2029,"House Sparrow","2029",NA,NA,NA,NA,NA,NA,NA,NA,NA,42.5227740019928,50.2005370543677,59.1178122574995,42.5227740019928,50.2005370543677,59.1178122574995
2030,"House Sparrow","2030",NA,NA,NA,NA,NA,NA,NA,NA,NA,40.1701055648406,48.2748080390942,57.7304996053555,40.1701055648406,48.2748080390942,57.7304996053555
2031,"House Sparrow","2031",NA,NA,NA,NA,NA,NA,NA,NA,NA,37.9845579273413,46.4091868325037,56.4028143557545,37.9845579273413,46.4091868325037,56.4028143557545
2032,"House Sparrow","2032",NA,NA,NA,NA,NA,NA,NA,NA,NA,35.8911984110519,44.6053134814417,55.1133533431118,35.8911984110519,44.6053134814417,55.1133533431118
2033,"House Sparrow","2033",NA,NA,NA,NA,NA,NA,NA,NA,NA,33.9414124880027,42.8811838172905,53.8802151277012,33.9414124880027,42.8811838172905,53.8802151277012
1985,"Western Yellow Wagtail","before 2000",NA,NA,NA,NA,NA,NA,NA,NA,NA,NA,NA,NA,NA,NA,NA
2003,"Western Yellow Wagtail","2000-2006",NA,NA,NA,NA,NA,NA,NA,NA,NA,NA,NA,NA,NA,NA,NA
2009,"Western Yellow Wagtail","2007-2010",NA,NA,NA,NA,NA,NA,NA,NA,NA,NA,NA,NA,NA,NA,NA
2012,"Western Yellow Wagtail","2011-2012",NA,NA,NA,NA,NA,NA,NA,NA,NA,NA,NA,NA,NA,NA,NA
2013,"Western Yellow Wagtail","2013",NA,NA,NA,NA,NA,NA,NA,NA,NA,NA,NA,NA,NA,NA,NA
2014,"Western Yellow Wagtail","2014",NA,NA,NA,NA,NA,NA,NA,NA,NA,NA,NA,NA,NA,NA,NA
2015,"Western Yellow Wagtail","2015",0.010338301284591,0.0173615672182446,0.0267076002828326,NA,NA,NA,100,100,100,NA,NA,NA,100,100,100
2016,"Western Yellow Wagtail","2016",0.00790331624465259,0.0125098085511817,0.0189375582881274,NA,NA,NA,48.266712982816,72.1041623522881,104.753982634232,NA,NA,NA,48.266712982816,72.1041623522881,104.753982634232
2017,"Western Yellow Wagtail","2017",0.00910602399600243,0.0136501020077873,0.019750264773865,NA,NA,NA,55.7039350169287,78.0393590721016,117.12752987106,NA,NA,NA,55.7039350169287,78.0393590721016,117.12752987106
2018,"Western Yellow Wagtail","2018",0.00877775128112314,0.0133106847356803,0.019852364711993,NA,NA,NA,54.1057976820889,76.7894527115619,110.938114229517,NA,NA,NA,54.1057976820889,76.7894527115619,110.938114229517
2019,"Western Yellow Wagtail","2019",0.00714915701990376,0.0106890878492997,0.0151527485286369,NA,NA,NA,43.8928261153554,61.4435093594231,86.6778429028868,NA,NA,NA,43.8928261153554,61.4435093594231,86.6778429028868
2020,"Western Yellow Wagtail","2020",0.00875066507323697,0.0128970129569163,0.0182880805641581,NA,NA,NA,54.6834834556762,74.4003836974823,105.816471999249,NA,NA,NA,54.6834834556762,74.4003836974823,105.816471999249
2021,"Western Yellow Wagtail","2021",0.0091209425195359,0.0132486561055944,0.01920754780999,NA,NA,NA,55.5257576500845,76.5462502247494,108.253046850336,NA,NA,NA,55.5257576500845,76.5462502247494,108.253046850336
2022,"Western Yellow Wagtail","2022",0.00931196963848961,0.0134345515314354,0.0190471608673954,NA,NA,NA,57.0026677570047,77.4792586343471,107.544343265076,NA,NA,NA,57.0026677570047,77.4792586343471,107.544343265076
2023,"Western Yellow Wagtail","2023",0.0103283611305045,0.015167515289962,0.0213618905148809,NA,NA,NA,64.3064055159225,86.5933297492035,122.144065421609,NA,NA,NA,64.3064055159225,86.5933297492035,122.144065421609
2024,"Western Yellow Wagtail","2024",0.0100519016368005,0.0145167890857337,0.0207398350071111,NA,NA,NA,61.7013166772417,83.5900990108066,117.212970484278,NA,NA,NA,61.7013166772417,83.5900990108066,117.212970484278
2025,"Western Yellow Wagtail","2025",0.0109237700604932,0.0158653619436275,0.0224083372301731,NA,NA,NA,67.6003604191831,91.683554677003,128.358542048593,NA,NA,NA,67.6003604191831,91.683554677003,128.358542048593
2026,"Western Yellow Wagtail","2026",NA,NA,NA,NA,NA,NA,NA,NA,NA,67.8162317123272,82.2395440317551,100.140543157693,67.8162317123272,82.2395440317551,100.140543157693
2027,"Western Yellow Wagtail","2027",NA,NA,NA,NA,NA,NA,NA,NA,NA,66.5525048180191,82.8998833526857,103.367632473876,66.5525048180191,82.8998833526857,103.367632473876
2028,"Western Yellow Wagtail","2028",NA,NA,NA,NA,NA,NA,NA,NA,NA,65.1991311582198,83.46080377971,106.903086548737,65.1991311582198,83.46080377971,106.903086548737
2029,"Western Yellow Wagtail","2029",NA,NA,NA,NA,NA,NA,NA,NA,NA,63.880935513894,83.9479247392242,110.320954583883,63.880935513894,83.9479247392242,110.320954583883
2030,"Western Yellow Wagtail","2030",NA,NA,NA,NA,NA,NA,NA,NA,NA,62.6497940678297,84.4212258631045,114.268897204225,62.6497940678297,84.4212258631045,114.268897204225
2031,"Western Yellow Wagtail","2031",NA,NA,NA,NA,NA,NA,NA,NA,NA,61.4042206426599,84.8775798181873,118.129510879273,61.4042206426599,84.8775798181873,118.129510879273
2032,"Western Yellow Wagtail","2032",NA,NA,NA,NA,NA,NA,NA,NA,NA,60.1077638715327,85.5477634758369,122.222662725452,60.1077638715327,85.5477634758369,122.222662725452
2033,"Western Yellow Wagtail","2033",NA,NA,NA,NA,NA,NA,NA,NA,NA,58.7252290263263,86.1402901217907,126.61629218608,58.7252290263263,86.1402901217907,126.61629218608
1985,"Citrine Wagtail","before 2000",NA,NA,NA,NA,NA,NA,NA,NA,NA,NA,NA,NA,NA,NA,NA
2003,"Citrine Wagtail","2000-2006",NA,NA,NA,NA,NA,NA,NA,NA,NA,NA,NA,NA,NA,NA,NA
2009,"Citrine Wagtail","2007-2010",NA,NA,NA,NA,NA,NA,NA,NA,NA,NA,NA,NA,NA,NA,NA
2012,"Citrine Wagtail","2011-2012",NA,NA,NA,NA,NA,NA,NA,NA,NA,NA,NA,NA,NA,NA,NA
2013,"Citrine Wagtail","2013",NA,NA,NA,NA,NA,NA,NA,NA,NA,NA,NA,NA,NA,NA,NA
2014,"Citrine Wagtail","2014",NA,NA,NA,NA,NA,NA,NA,NA,NA,NA,NA,NA,NA,NA,NA
2015,"Citrine Wagtail","2015",0.0130857613373803,0.0203069398938309,0.0304641017287777,NA,NA,NA,100,100,100,NA,NA,NA,100,100,100
2016,"Citrine Wagtail","2016",0.0189409689568477,0.0274234228814903,0.0384175616955292,NA,NA,NA,95.4047234653281,135.003609671904,190.78695138145,NA,NA,NA,95.4047234653281,135.003609671904,190.78695138145
2017,"Citrine Wagtail","2017",0.0160720455579195,0.0236001167503778,0.0335528068434407,NA,NA,NA,83.1259327660571,116.611918193821,163.361413844012,NA,NA,NA,83.1259327660571,116.611918193821,163.361413844012
2018,"Citrine Wagtail","2018",0.0173325412622929,0.0245635260460577,0.0338908983627207,NA,NA,NA,86.5438157937529,120.370514879244,166.03279950103,NA,NA,NA,86.5438157937529,120.370514879244,166.03279950103
2019,"Citrine Wagtail","2019",0.0128502872403366,0.0181429618926558,0.0248916047154792,NA,NA,NA,65.0776483413377,88.3202401438562,120.37510048552,NA,NA,NA,65.0776483413377,88.3202401438562,120.37510048552
2020,"Citrine Wagtail","2020",0.0168270597301745,0.0236470557878368,0.0321296162005453,NA,NA,NA,85.8770260297039,116.41073957913,155.962733966232,NA,NA,NA,85.8770260297039,116.41073957913,155.962733966232
2021,"Citrine Wagtail","2021",0.0157678126871474,0.0220249659693609,0.0296716687817339,NA,NA,NA,78.9217588801664,108.405743772397,147.555107169372,NA,NA,NA,78.9217588801664,108.405743772397,147.555107169372
2022,"Citrine Wagtail","2022",0.0150445213386065,0.0209101351147319,0.0281117092279524,NA,NA,NA,76.136995164719,102.844580486607,136.964130441973,NA,NA,NA,76.136995164719,102.844580486607,136.964130441973
2023,"Citrine Wagtail","2023",0.0168147753136352,0.0230509305105679,0.0314114021875118,NA,NA,NA,82.9555056704431,113.275005159474,153.202572149895,NA,NA,NA,82.9555056704431,113.275005159474,153.202572149895
2024,"Citrine Wagtail","2024",0.0159531656054377,0.0225237852144954,0.0301571695266603,NA,NA,NA,80.9058773003045,110.004076199151,149.548878118782,NA,NA,NA,80.9058773003045,110.004076199151,149.548878118782
2025,"Citrine Wagtail","2025",0.0164443298985995,0.0229197649403655,0.0312295526563501,NA,NA,NA,82.7323557124209,112.272670150162,152.474891160942,NA,NA,NA,82.7323557124209,112.272670150162,152.474891160942
2026,"Citrine Wagtail","2026",NA,NA,NA,NA,NA,NA,NA,NA,NA,92.2441258285518,108.293518364268,127.511566307054,92.2441258285518,108.293518364268,127.511566307054
2027,"Citrine Wagtail","2027",NA,NA,NA,NA,NA,NA,NA,NA,NA,89.8555924935952,108.01408318491,129.68470828046,89.8555924935952,108.01408318491,129.68470828046
2028,"Citrine Wagtail","2028",NA,NA,NA,NA,NA,NA,NA,NA,NA,87.6471553794909,107.686633937723,132.136550459793,87.6471553794909,107.686633937723,132.136550459793
2029,"Citrine Wagtail","2029",NA,NA,NA,NA,NA,NA,NA,NA,NA,85.3298753265761,107.171801115559,134.746859129784,85.3298753265761,107.171801115559,134.746859129784
2030,"Citrine Wagtail","2030",NA,NA,NA,NA,NA,NA,NA,NA,NA,83.088304579352,106.866103272388,137.410350763533,83.088304579352,106.866103272388,137.410350763533
2031,"Citrine Wagtail","2031",NA,NA,NA,NA,NA,NA,NA,NA,NA,80.750554152911,106.606673600255,140.323002369992,80.750554152911,106.606673600255,140.323002369992
2032,"Citrine Wagtail","2032",NA,NA,NA,NA,NA,NA,NA,NA,NA,78.4568169769859,106.317942844229,143.04852114894,78.4568169769859,106.317942844229,143.04852114894
2033,"Citrine Wagtail","2033",NA,NA,NA,NA,NA,NA,NA,NA,NA,76.4427991152438,105.96086846042,146.130249467135,76.4427991152438,105.96086846042,146.130249467135
1985,"White-browed Wagtail","before 2000",NA,NA,NA,NA,NA,NA,NA,NA,NA,NA,NA,NA,NA,NA,NA
2003,"White-browed Wagtail","2000-2006",NA,NA,NA,NA,NA,NA,NA,NA,NA,NA,NA,NA,NA,NA,NA
2009,"White-browed Wagtail","2007-2010",NA,NA,NA,NA,NA,NA,NA,NA,NA,NA,NA,NA,NA,NA,NA
2012,"White-browed Wagtail","2011-2012",NA,NA,NA,NA,NA,NA,NA,NA,NA,NA,NA,NA,NA,NA,NA
2013,"White-browed Wagtail","2013",NA,NA,NA,NA,NA,NA,NA,NA,NA,NA,NA,NA,NA,NA,NA
2014,"White-browed Wagtail","2014",NA,NA,NA,NA,NA,NA,NA,NA,NA,NA,NA,NA,NA,NA,NA
2015,"White-browed Wagtail","2015",0.0297286045739651,0.0457145694178865,0.0680233643294894,NA,NA,NA,100,100,100,NA,NA,NA,100,100,100
2016,"White-browed Wagtail","2016",0.0223647119962533,0.0348169682560649,0.0524687910640678,NA,NA,NA,57.7544278032056,76.3930162230853,103.769136355728,NA,NA,NA,57.7544278032056,76.3930162230853,103.769136355728
2017,"White-browed Wagtail","2017",0.0155594364695951,0.0250013619360563,0.0383379869009384,NA,NA,NA,39.7836412630633,55.394362792012,75.1167745060762,NA,NA,NA,39.7836412630633,55.394362792012,75.1167745060762
2018,"White-browed Wagtail","2018",0.025849224329344,0.0380589393339127,0.0559268016674226,NA,NA,NA,67.1609999429589,83.9992507041352,110.235095840127,NA,NA,NA,67.1609999429589,83.9992507041352,110.235095840127
2019,"White-browed Wagtail","2019",0.0207995683425789,0.0303405202127783,0.044307938339164,NA,NA,NA,53.7798974254525,67.19567335156,87.6151115633811,NA,NA,NA,53.7798974254525,67.19567335156,87.6151115633811
2020,"White-browed Wagtail","2020",0.0230955389799877,0.03365014252066,0.049247502431126,NA,NA,NA,59.1147410500574,74.2141285243119,95.5591389273013,NA,NA,NA,59.1147410500574,74.2141285243119,95.5591389273013
2021,"White-browed Wagtail","2021",0.0211623297202722,0.0310841152674454,0.0444207410714667,NA,NA,NA,55.3060994655642,68.5432609317754,87.3316246963924,NA,NA,NA,55.3060994655642,68.5432609317754,87.3316246963924
2022,"White-browed Wagtail","2022",0.019152814178708,0.0282557070406752,0.0404163271054433,NA,NA,NA,50.1760525215101,61.9201711211489,80.4829543979524,NA,NA,NA,50.1760525215101,61.9201711211489,80.4829543979524
2023,"White-browed Wagtail","2023",0.0226942600133663,0.0333823985822223,0.0476147888320027,NA,NA,NA,59.2828412243171,73.1380053408963,94.709951037691,NA,NA,NA,59.2828412243171,73.1380053408963,94.709951037691
2024,"White-browed Wagtail","2024",0.0218162948490163,0.031986739819666,0.0456192096504851,NA,NA,NA,56.8036337042842,69.9804313785936,90.1482683390631,NA,NA,NA,56.8036337042842,69.9804313785936,90.1482683390631
2025,"White-browed Wagtail","2025",0.0200834783121581,0.02932456072317,0.0422800154408791,NA,NA,NA,53.0482372638401,64.5869483422063,83.7071693117688,NA,NA,NA,53.0482372638401,64.5869483422063,83.7071693117688
2026,"White-browed Wagtail","2026",NA,NA,NA,NA,NA,NA,NA,NA,NA,51.6286813685246,62.8996716835473,77.1335185510887,51.6286813685246,62.8996716835473,77.1335185510887
2027,"White-browed Wagtail","2027",NA,NA,NA,NA,NA,NA,NA,NA,NA,49.2902306488797,61.7182214863586,77.5326905024093,49.2902306488797,61.7182214863586,77.5326905024093
2028,"White-browed Wagtail","2028",NA,NA,NA,NA,NA,NA,NA,NA,NA,47.0225504728844,60.4582164451457,78.126920409843,47.0225504728844,60.4582164451457,78.126920409843
2029,"White-browed Wagtail","2029",NA,NA,NA,NA,NA,NA,NA,NA,NA,44.8596366202719,59.305160787158,78.7637553697644,44.8596366202719,59.305160787158,78.7637553697644
2030,"White-browed Wagtail","2030",NA,NA,NA,NA,NA,NA,NA,NA,NA,42.6909166186362,58.1407692068119,79.3589563939938,42.6909166186362,58.1407692068119,79.3589563939938
2031,"White-browed Wagtail","2031",NA,NA,NA,NA,NA,NA,NA,NA,NA,40.6298161837465,56.9432836551726,79.9192972206099,40.6298161837465,56.9432836551726,79.9192972206099
2032,"White-browed Wagtail","2032",NA,NA,NA,NA,NA,NA,NA,NA,NA,38.6510202148718,55.778640548328,80.592466236828,38.6510202148718,55.778640548328,80.592466236828
2033,"White-browed Wagtail","2033",NA,NA,NA,NA,NA,NA,NA,NA,NA,36.8504806840995,54.6452739035225,81.4155040903426,36.8504806840995,54.6452739035225,81.4155040903426
1985,"White Wagtail","before 2000",0.0816789626590733,0.120530098939898,0.177567311684387,100,100,100,NA,NA,NA,NA,NA,NA,NA,NA,NA
2003,"White Wagtail","2000-2006",0.0815078044890034,0.169533084272343,0.283367898337522,66.8619797124834,138.68947293694,259.966784885794,NA,NA,NA,NA,NA,NA,NA,NA,NA
2009,"White Wagtail","2007-2010",0.0526722395297645,0.0880457875847835,0.140365896271713,40.89548037519,73.3225556873182,125.752356864072,NA,NA,NA,NA,NA,NA,NA,NA,NA
2012,"White Wagtail","2011-2012",0.059523372354666,0.0856509193006212,0.115856456484343,43.6320961982801,70.9911040669715,114.807847005265,NA,NA,NA,NA,NA,NA,NA,NA,NA
2013,"White Wagtail","2013",0.0800884109961575,0.105629316810202,0.13782041657581,55.0735423508702,88.770708024646,135.384224006431,NA,NA,NA,NA,NA,NA,NA,NA,NA
2014,"White Wagtail","2014",0.112447540231443,0.139977239426071,0.181263209553532,78.1518093693758,116.096576435689,172.247898208785,NA,NA,NA,NA,NA,NA,NA,NA,NA
2015,"White Wagtail","2015",0.104722075379009,0.129114932049822,0.159335085505846,70.9192827247604,107.73758411822,159.71441601653,100,100,100,NA,NA,NA,100,100,100
2016,"White Wagtail","2016",0.0891004306095162,0.107179387464668,0.128644949876605,60.6382697342604,88.2403521192278,130.477116010841,68.9531784836751,85.3080981502101,105.429982329902,NA,NA,NA,68.9531784836751,85.3080981502101,105.429982329902
2017,"White Wagtail","2017",0.0785206928170443,0.0943871723390551,0.112950341322615,53.20617251649,78.2255979926466,117.574510915475,60.7521558682311,75.3685081510762,91.6371043371757,NA,NA,NA,60.7521558682311,75.3685081510762,91.6371043371757
2018,"White Wagtail","2018",0.0841103132408263,0.0976735116618437,0.114529452019467,54.7031492664062,81.193704173361,117.252827997537,64.512916141659,78.0912617726879,92.5147031639204,NA,NA,NA,64.512916141659,78.0912617726879,92.5147031639204
2019,"White Wagtail","2019",0.0757422247694674,0.0881858898476919,0.103735116655443,50.1517456784656,73.2249733544655,106.064518798248,58.9446073855162,69.8433250905276,83.1720816698046,NA,NA,NA,58.9446073855162,69.8433250905276,83.1720816698046
2020,"White Wagtail","2020",0.072744314364195,0.0845051396574102,0.0977031594312616,48.7472860615972,70.5692260130162,100.913803314597,56.6764735202886,67.2780517295845,79.8350027371288,NA,NA,NA,56.6764735202886,67.2780517295845,79.8350027371288
2021,"White Wagtail","2021",0.0729391698136403,0.0850934612219006,0.0991297329041317,48.3992338986449,70.8113621228463,102.856045706331,56.906605285249,67.515929150697,79.9612278195,NA,NA,NA,56.906605285249,67.515929150697,79.9612278195
2022,"White Wagtail","2022",0.0615547633531268,0.0717225480858026,0.0838297124994601,41.2196119005594,59.4090248237716,85.7040098012416,48.1162372374211,57.1557469629134,67.9439512001659,NA,NA,NA,48.1162372374211,57.1557469629134,67.9439512001659
2023,"White Wagtail","2023",0.0633421005354956,0.0740976683196156,0.0867909861157049,42.6340269777375,61.8281132227496,89.0920444091834,49.6630759528042,58.8643471927799,69.5914754430472,NA,NA,NA,49.6630759528042,58.8643471927799,69.5914754430472
2024,"White Wagtail","2024",0.067652056602361,0.0778805113783745,0.0904207167817073,44.5203238973175,64.7721178577662,94.241088421997,52.6189530352071,62.0299895296961,73.1069696338986,NA,NA,NA,52.6189530352071,62.0299895296961,73.1069696338986
2025,"White Wagtail","2025",0.0692453022115565,0.0800164107785157,0.0928506638749022,46.132019919027,67.0534425973967,96.0695937003716,53.8377057499256,63.6064580854899,74.7299464216078,NA,NA,NA,53.8377057499256,63.6064580854899,74.7299464216078
2026,"White Wagtail","2026",NA,NA,NA,NA,NA,NA,NA,NA,NA,48.0531756487908,53.8352506429537,60.4133802060721,48.0531756487908,53.8352506429537,60.4133802060721
2027,"White Wagtail","2027",NA,NA,NA,NA,NA,NA,NA,NA,NA,45.2326655434528,51.5730635442649,58.6136486314654,45.2326655434528,51.5730635442649,58.6136486314654
2028,"White Wagtail","2028",NA,NA,NA,NA,NA,NA,NA,NA,NA,42.5970953451585,49.345738361092,56.9308702924957,42.5970953451585,49.345738361092,56.9308702924957
2029,"White Wagtail","2029",NA,NA,NA,NA,NA,NA,NA,NA,NA,40.0848194575737,47.1449783910221,55.3783511546188,40.0848194575737,47.1449783910221,55.3783511546188
2030,"White Wagtail","2030",NA,NA,NA,NA,NA,NA,NA,NA,NA,37.7110898636727,45.0924566304199,53.8322035399503,37.7110898636727,45.0924566304199,53.8322035399503
2031,"White Wagtail","2031",NA,NA,NA,NA,NA,NA,NA,NA,NA,35.5038223492197,43.0921983538388,52.3208872357552,35.5038223492197,43.0921983538388,52.3208872357552
2032,"White Wagtail","2032",NA,NA,NA,NA,NA,NA,NA,NA,NA,33.3676288196415,41.1678312535504,50.847365641107,33.3676288196415,41.1678312535504,50.847365641107
2033,"White Wagtail","2033",NA,NA,NA,NA,NA,NA,NA,NA,NA,31.328094691227,39.353644431232,49.3776301427448,31.328094691227,39.353644431232,49.3776301427448
1985,"Paddyfield Pipit","before 2000",NA,NA,NA,NA,NA,NA,NA,NA,NA,NA,NA,NA,NA,NA,NA
2003,"Paddyfield Pipit","2000-2006",NA,NA,NA,NA,NA,NA,NA,NA,NA,NA,NA,NA,NA,NA,NA
2009,"Paddyfield Pipit","2007-2010",NA,NA,NA,NA,NA,NA,NA,NA,NA,NA,NA,NA,NA,NA,NA
2012,"Paddyfield Pipit","2011-2012",NA,NA,NA,NA,NA,NA,NA,NA,NA,NA,NA,NA,NA,NA,NA
2013,"Paddyfield Pipit","2013",NA,NA,NA,NA,NA,NA,NA,NA,NA,NA,NA,NA,NA,NA,NA
2014,"Paddyfield Pipit","2014",NA,NA,NA,NA,NA,NA,NA,NA,NA,NA,NA,NA,NA,NA,NA
2015,"Paddyfield Pipit","2015",0.0600982570450845,0.0920189073014705,0.13267117023499,NA,NA,NA,100,100,100,NA,NA,NA,100,100,100
2016,"Paddyfield Pipit","2016",0.0545251474891905,0.0829920435530024,0.120687682116557,NA,NA,NA,75.7951183355082,90.7970961020543,108.605152394859,NA,NA,NA,75.7951183355082,90.7970961020543,108.605152394859
2017,"Paddyfield Pipit","2017",0.0557676689623321,0.0840250904838195,0.122676565873883,NA,NA,NA,76.6924937220801,92.3662123484147,108.833651190266,NA,NA,NA,76.6924937220801,92.3662123484147,108.833651190266
2018,"Paddyfield Pipit","2018",0.0532058978362598,0.0801308391775935,0.116773186329989,NA,NA,NA,74.6081798487333,87.5128431915662,101.854420794055,NA,NA,NA,74.6081798487333,87.5128431915662,101.854420794055
2019,"Paddyfield Pipit","2019",0.0454421284534287,0.0674020007530324,0.097059385302917,NA,NA,NA,63.4408436298543,73.6088401524626,85.1897245773689,NA,NA,NA,63.4408436298543,73.6088401524626,85.1897245773689
2020,"Paddyfield Pipit","2020",0.0402352221710129,0.0595929710647153,0.0865860264888492,NA,NA,NA,56.2777858584039,65.0094779956466,75.3953048438868,NA,NA,NA,56.2777858584039,65.0094779956466,75.3953048438868
2021,"Paddyfield Pipit","2021",0.0414423246503904,0.0622349577891418,0.0902788199667111,NA,NA,NA,58.3140897148743,67.956082265982,78.6791252722309,NA,NA,NA,58.3140897148743,67.956082265982,78.6791252722309
2022,"Paddyfield Pipit","2022",0.0379733748559613,0.0561519019799956,0.0829897463144297,NA,NA,NA,53.1605440795003,61.5855079975898,71.3265202990912,NA,NA,NA,53.1605440795003,61.5855079975898,71.3265202990912
2023,"Paddyfield Pipit","2023",0.0369328262766469,0.0550654801504513,0.0810676074316629,NA,NA,NA,51.9019106352236,60.1239136939156,69.4263526315575,NA,NA,NA,51.9019106352236,60.1239136939156,69.4263526315575
2024,"Paddyfield Pipit","2024",0.0391280164424448,0.0577836459912243,0.0836975403476417,NA,NA,NA,54.6324958708906,63.1217607359371,72.459538569517,NA,NA,NA,54.6324958708906,63.1217607359371,72.459538569517
2025,"Paddyfield Pipit","2025",0.0352617600137875,0.0528777066363161,0.0774496446680129,NA,NA,NA,50.0317649949893,57.9774157766648,67.1833199231029,NA,NA,NA,50.0317649949893,57.9774157766648,67.1833199231029
2026,"Paddyfield Pipit","2026",NA,NA,NA,NA,NA,NA,NA,NA,NA,47.4543650343887,52.1177852156753,57.1521155594983,47.4543650343887,52.1177852156753,57.1521155594983
2027,"Paddyfield Pipit","2027",NA,NA,NA,NA,NA,NA,NA,NA,NA,44.3125285248047,49.2032550344609,54.6347755749978,44.3125285248047,49.2032550344609,54.6347755749978
2028,"Paddyfield Pipit","2028",NA,NA,NA,NA,NA,NA,NA,NA,NA,41.3167722703526,46.4472866867081,52.2885670937322,41.3167722703526,46.4472866867081,52.2885670937322
2029,"Paddyfield Pipit","2029",NA,NA,NA,NA,NA,NA,NA,NA,NA,38.5536197858214,43.8825138190442,50.0463114447149,38.5536197858214,43.8825138190442,50.0463114447149
2030,"Paddyfield Pipit","2030",NA,NA,NA,NA,NA,NA,NA,NA,NA,35.9953223684064,41.4629712069065,47.9183899242075,35.9953223684064,41.4629712069065,47.9183899242075
2031,"Paddyfield Pipit","2031",NA,NA,NA,NA,NA,NA,NA,NA,NA,33.5035238520955,39.1749618893319,45.8759440742031,33.5035238520955,39.1749618893319,45.8759440742031
2032,"Paddyfield Pipit","2032",NA,NA,NA,NA,NA,NA,NA,NA,NA,31.246851375011,37.0346709573148,43.9130974618437,31.246851375011,37.0346709573148,43.9130974618437
2033,"Paddyfield Pipit","2033",NA,NA,NA,NA,NA,NA,NA,NA,NA,29.1299083049402,35.0221311386981,42.0361394434617,29.1299083049402,35.0221311386981,42.0361394434617
1985,"Olive-backed Pipit","before 2000",NA,NA,NA,NA,NA,NA,NA,NA,NA,NA,NA,NA,NA,NA,NA
2003,"Olive-backed Pipit","2000-2006",NA,NA,NA,NA,NA,NA,NA,NA,NA,NA,NA,NA,NA,NA,NA
2009,"Olive-backed Pipit","2007-2010",NA,NA,NA,NA,NA,NA,NA,NA,NA,NA,NA,NA,NA,NA,NA
2012,"Olive-backed Pipit","2011-2012",NA,NA,NA,NA,NA,NA,NA,NA,NA,NA,NA,NA,NA,NA,NA
2013,"Olive-backed Pipit","2013",NA,NA,NA,NA,NA,NA,NA,NA,NA,NA,NA,NA,NA,NA,NA
2014,"Olive-backed Pipit","2014",NA,NA,NA,NA,NA,NA,NA,NA,NA,NA,NA,NA,NA,NA,NA
2015,"Olive-backed Pipit","2015",0.0209100265841613,0.0341188932385014,0.048905064240305,NA,NA,NA,100,100,100,NA,NA,NA,100,100,100
2016,"Olive-backed Pipit","2016",0.0170797865219049,0.0264475424313449,0.0379159990848165,NA,NA,NA,54.5254327019687,78.5756823080419,111.783016761361,NA,NA,NA,54.5254327019687,78.5756823080419,111.783016761361
2017,"Olive-backed Pipit","2017",0.0209728545181797,0.0308494547539579,0.0436620446055457,NA,NA,NA,66.6207041478468,91.4004071639352,125.770678478317,NA,NA,NA,66.6207041478468,91.4004071639352,125.770678478317
2018,"Olive-backed Pipit","2018",0.0142341103842325,0.0221040357352956,0.0313353396675528,NA,NA,NA,47.3836252278804,64.7575462858162,89.0546785951674,NA,NA,NA,47.3836252278804,64.7575462858162,89.0546785951674
2019,"Olive-backed Pipit","2019",0.0168526731288529,0.0249546568136415,0.0343810272647067,NA,NA,NA,55.0653836179113,73.7707386197173,99.9560583510155,NA,NA,NA,55.0653836179113,73.7707386197173,99.9560583510155
2020,"Olive-backed Pipit","2020",0.0193164402696844,0.0270728816860082,0.0370516345728763,NA,NA,NA,61.0714399669008,80.1799150134862,107.184849374859,NA,NA,NA,61.0714399669008,80.1799150134862,107.184849374859
2021,"Olive-backed Pipit","2021",0.0171769838283911,0.0243269315797371,0.0334084216422728,NA,NA,NA,54.7183941681456,71.9149586217076,97.2281597218473,NA,NA,NA,54.7183941681456,71.9149586217076,97.2281597218473
2022,"Olive-backed Pipit","2022",0.0159254549768564,0.02263393365034,0.0309955726083646,NA,NA,NA,51.1238746244868,67.0777307101561,90.3319242916424,NA,NA,NA,51.1238746244868,67.0777307101561,90.3319242916424
2023,"Olive-backed Pipit","2023",0.0143035661685354,0.0202620435503386,0.0276535417827895,NA,NA,NA,46.0274817970506,59.946958095745,79.6674490418131,NA,NA,NA,46.0274817970506,59.946958095745,79.6674490418131
2024,"Olive-backed Pipit","2024",0.0128523295205095,0.0187379337429319,0.0256064427221718,NA,NA,NA,41.7022847603878,55.1586600761729,74.0085199513012,NA,NA,NA,41.7022847603878,55.1586600761729,74.0085199513012
2025,"Olive-backed Pipit","2025",0.0102441658563524,0.0146150716647108,0.0200516987952237,NA,NA,NA,33.1724445863317,43.1249218040835,57.9997731701922,NA,NA,NA,33.1724445863317,43.1249218040835,57.9997731701922
2026,"Olive-backed Pipit","2026",NA,NA,NA,NA,NA,NA,NA,NA,NA,40.1779469257088,47.8706972630464,57.3247869960653,40.1779469257088,47.8706972630464,57.3247869960653
2027,"Olive-backed Pipit","2027",NA,NA,NA,NA,NA,NA,NA,NA,NA,36.8844375359776,44.9435558357541,55.2172825626714,36.8844375359776,44.9435558357541,55.2172825626714
2028,"Olive-backed Pipit","2028",NA,NA,NA,NA,NA,NA,NA,NA,NA,33.8159592443052,42.2619730045499,53.0492806900285,33.8159592443052,42.2619730045499,53.0492806900285
2029,"Olive-backed Pipit","2029",NA,NA,NA,NA,NA,NA,NA,NA,NA,31.0371335555736,39.8089183124345,50.947285789373,31.0371335555736,39.8089183124345,50.947285789373
2030,"Olive-backed Pipit","2030",NA,NA,NA,NA,NA,NA,NA,NA,NA,28.4047571055187,37.3903572794172,49.0864946431583,28.4047571055187,37.3903572794172,49.0864946431583
2031,"Olive-backed Pipit","2031",NA,NA,NA,NA,NA,NA,NA,NA,NA,26.0398982079281,35.1686854683561,47.32534035063,26.0398982079281,35.1686854683561,47.32534035063
2032,"Olive-backed Pipit","2032",NA,NA,NA,NA,NA,NA,NA,NA,NA,23.8672762153539,33.0843862152857,45.5863615418772,23.8672762153539,33.0843862152857,45.5863615418772
2033,"Olive-backed Pipit","2033",NA,NA,NA,NA,NA,NA,NA,NA,NA,21.8773318455792,31.0498410315281,43.9435941955943,21.8773318455792,31.0498410315281,43.9435941955943
1985,"Pink-browed Rosefinch","before 2000",NA,NA,NA,NA,NA,NA,NA,NA,NA,NA,NA,NA,NA,NA,NA
2003,"Pink-browed Rosefinch","2000-2006",NA,NA,NA,NA,NA,NA,NA,NA,NA,NA,NA,NA,NA,NA,NA
2009,"Pink-browed Rosefinch","2007-2010",NA,NA,NA,NA,NA,NA,NA,NA,NA,NA,NA,NA,NA,NA,NA
2012,"Pink-browed Rosefinch","2011-2012",NA,NA,NA,NA,NA,NA,NA,NA,NA,NA,NA,NA,NA,NA,NA
2013,"Pink-browed Rosefinch","2013",NA,NA,NA,NA,NA,NA,NA,NA,NA,NA,NA,NA,NA,NA,NA
2014,"Pink-browed Rosefinch","2014",NA,NA,NA,NA,NA,NA,NA,NA,NA,NA,NA,NA,NA,NA,NA
2015,"Pink-browed Rosefinch","2015",9.95041301219951e-11,0.00311703704024671,0.0112426932298878,NA,NA,NA,100,100,100,NA,NA,NA,100,100,100
2016,"Pink-browed Rosefinch","2016",1.68104352783159e-10,0.00338385049818792,0.00906732153774426,NA,NA,NA,5.08181833417723e-06,109.445531267675,2968731835.45312,NA,NA,NA,5.08181833417723e-06,109.445531267675,2968731835.45312
2017,"Pink-browed Rosefinch","2017",1.80103138618457e-10,0.00420130727691478,0.0125865516266799,NA,NA,NA,6.23815137134866e-06,141.582749923776,3683506186.44735,NA,NA,NA,6.23815137134866e-06,141.582749923776,3683506186.44735
2018,"Pink-browed Rosefinch","2018",7.63272038232595e-11,0.00108557585069806,0.00381951864668434,NA,NA,NA,2.03624506843392e-06,52.6063644876892,914274388.290232,NA,NA,NA,2.03624506843392e-06,52.6063644876892,914274388.290232
2019,"Pink-browed Rosefinch","2019",1.73870934927602e-10,0.00221179208611478,0.00652594681069002,NA,NA,NA,3.3199621278522e-06,76.2969616350932,1860988512.95506,NA,NA,NA,3.3199621278522e-06,76.2969616350932,1860988512.95506
2020,"Pink-browed Rosefinch","2020",0.00135874670875734,0.00471996411185625,0.00901767011991095,NA,NA,NA,25.3438142508659,174.930014754018,3571907572.57859,NA,NA,NA,25.3438142508659,174.930014754018,3571907572.57859
2021,"Pink-browed Rosefinch","2021",5.2711407669822e-11,0.000439866745552765,0.00151955766112817,NA,NA,NA,1.52115017337142e-06,15.5283532408174,214635461.143913,NA,NA,NA,1.52115017337142e-06,15.5283532408174,214635461.143913
2022,"Pink-browed Rosefinch","2022",1.21792963928018e-10,0.00104887476769545,0.00252764263297671,NA,NA,NA,4.16123812726716e-06,41.6789501167255,747111270.668268,NA,NA,NA,4.16123812726716e-06,41.6789501167255,747111270.668268
2023,"Pink-browed Rosefinch","2023",0.0010888297158673,0.0026313223374734,0.00439696638256018,NA,NA,NA,17.3154698669282,92.3192796727104,1784082546.70416,NA,NA,NA,17.3154698669282,92.3192796727104,1784082546.70416
2024,"Pink-browed Rosefinch","2024",0.00136744735211687,0.00287095808101453,0.00469594961080832,NA,NA,NA,21.1295217951964,101.977862509448,1895604845.54795,NA,NA,NA,21.1295217951964,101.977862509448,1895604845.54795
2025,"Pink-browed Rosefinch","2025",0.000470725521222299,0.00151546593660483,0.00293953100788314,NA,NA,NA,8.36422777993998,56.7545385348802,1099560342.50808,NA,NA,NA,8.36422777993998,56.7545385348802,1099560342.50808
2026,"Pink-browed Rosefinch","2026",NA,NA,NA,NA,NA,NA,NA,NA,NA,7.04676120952901,58.1015336023792,67260.4274220404,7.04676120952901,58.1015336023792,67260.4274220404
2027,"Pink-browed Rosefinch","2027",NA,NA,NA,NA,NA,NA,NA,NA,NA,5.53694795886609,69.3462156628753,252050.136734548,5.53694795886609,69.3462156628753,252050.136734548
2028,"Pink-browed Rosefinch","2028",NA,NA,NA,NA,NA,NA,NA,NA,NA,4.24244036563515,92.2235033312022,1023561.78129316,4.24244036563515,92.2235033312022,1023561.78129316
2029,"Pink-browed Rosefinch","2029",NA,NA,NA,NA,NA,NA,NA,NA,NA,3.25647869350361,122.300012362952,3878242.88257823,3.25647869350361,122.300012362952,3878242.88257823
2030,"Pink-browed Rosefinch","2030",NA,NA,NA,NA,NA,NA,NA,NA,NA,2.54645134307989,169.921323529231,17473971.2856958,2.54645134307989,169.921323529231,17473971.2856958
2031,"Pink-browed Rosefinch","2031",NA,NA,NA,NA,NA,NA,NA,NA,NA,1.96603600175439,251.602344410184,76829563.2929253,1.96603600175439,251.602344410184,76829563.2929253
2032,"Pink-browed Rosefinch","2032",NA,NA,NA,NA,NA,NA,NA,NA,NA,1.49981579033603,329.086522820716,326459305.377576,1.49981579033603,329.086522820716,326459305.377576
2033,"Pink-browed Rosefinch","2033",NA,NA,NA,NA,NA,NA,NA,NA,NA,1.11941077017524,470.473770791552,1522159228.68076,1.11941077017524,470.473770791552,1522159228.68076
1985,"Crimson-browed Finch","before 2000",NA,NA,NA,NA,NA,NA,NA,NA,NA,NA,NA,NA,NA,NA,NA
2003,"Crimson-browed Finch","2000-2006",NA,NA,NA,NA,NA,NA,NA,NA,NA,NA,NA,NA,NA,NA,NA
2009,"Crimson-browed Finch","2007-2010",NA,NA,NA,NA,NA,NA,NA,NA,NA,NA,NA,NA,NA,NA,NA
2012,"Crimson-browed Finch","2011-2012",NA,NA,NA,NA,NA,NA,NA,NA,NA,NA,NA,NA,NA,NA,NA
2013,"Crimson-browed Finch","2013",NA,NA,NA,NA,NA,NA,NA,NA,NA,NA,NA,NA,NA,NA,NA
2014,"Crimson-browed Finch","2014",NA,NA,NA,NA,NA,NA,NA,NA,NA,NA,NA,NA,NA,NA,NA
2015,"Crimson-browed Finch","2015",1.44895946801721e-10,0.00176479863441456,0.00704154830957609,NA,NA,NA,100,100,100,NA,NA,NA,100,100,100
2016,"Crimson-browed Finch","2016",5.4128872988532e-11,0.000464798239517194,0.002484914582198,NA,NA,NA,2.91984147548768e-06,34.7206199824875,365144203.707213,NA,NA,NA,2.91984147548768e-06,34.7206199824875,365144203.707213
2017,"Crimson-browed Finch","2017",0.00149977324194124,0.00442733700539379,0.0100831217421775,NA,NA,NA,47.5198637235748,266.924161427342,3309225991.29354,NA,NA,NA,47.5198637235748,266.924161427342,3309225991.29354
2018,"Crimson-browed Finch","2018",1.07758017791479e-10,0.00126911206348366,0.00360625563651012,NA,NA,NA,1.26230934510336e-05,74.6805491681915,815184515.89223,NA,NA,NA,1.26230934510336e-05,74.6805491681915,815184515.89223
2019,"Crimson-browed Finch","2019",1.27340719126815e-10,0.00130465525564015,0.00393538548120663,NA,NA,NA,7.34132889112272e-06,79.8429952438782,651874213.893931,NA,NA,NA,7.34132889112272e-06,79.8429952438782,651874213.893931
2020,"Crimson-browed Finch","2020",0.000669943108383427,0.00209135123079729,0.00437233241129012,NA,NA,NA,22.7282906796918,123.477607925637,1344381629.04235,NA,NA,NA,22.7282906796918,123.477607925637,1344381629.04235
2021,"Crimson-browed Finch","2021",0.00169905774032778,0.00349408580949388,0.00626870279317499,NA,NA,NA,46.0558098612991,213.236801386816,2314620433.26949,NA,NA,NA,46.0558098612991,213.236801386816,2314620433.26949
2022,"Crimson-browed Finch","2022",0.000344940035699539,0.00115708195310313,0.00241054136865852,NA,NA,NA,12.4690479072256,71.4430122678166,848217170.565901,NA,NA,NA,12.4690479072256,71.4430122678166,848217170.565901
2023,"Crimson-browed Finch","2023",0.000411043445983312,0.00126145684371385,0.00235063996044062,NA,NA,NA,13.288274050049,75.6375705619781,850445086.761414,NA,NA,NA,13.288274050049,75.6375705619781,850445086.761414
2024,"Crimson-browed Finch","2024",0.000133853497367528,0.000638159990855811,0.00140066348721916,NA,NA,NA,5.79841520218655,39.989046952551,460983539.633553,NA,NA,NA,5.79841520218655,39.989046952551,460983539.633553
2025,"Crimson-browed Finch","2025",0.000271318376848542,0.00103721177585866,0.00203068305655668,NA,NA,NA,10.2195625316906,64.1812115276909,641338732.634764,NA,NA,NA,10.2195625316906,64.1812115276909,641338732.634764
2026,"Crimson-browed Finch","2026",NA,NA,NA,NA,NA,NA,NA,NA,NA,17.1568898096469,173.96929942925,89452.0154621973,17.1568898096469,173.96929942925,89452.0154621973
2027,"Crimson-browed Finch","2027",NA,NA,NA,NA,NA,NA,NA,NA,NA,14.1428915116071,276.683869057401,309309.3873689,14.1428915116071,276.683869057401,309309.3873689
2028,"Crimson-browed Finch","2028",NA,NA,NA,NA,NA,NA,NA,NA,NA,11.5148535096772,443.264054192917,1128839.66044127,11.5148535096772,443.264054192917,1128839.66044127
2029,"Crimson-browed Finch","2029",NA,NA,NA,NA,NA,NA,NA,NA,NA,9.42331170049084,708.096760061564,4158776.99411294,9.42331170049084,708.096760061564,4158776.99411294
2030,"Crimson-browed Finch","2030",NA,NA,NA,NA,NA,NA,NA,NA,NA,7.69765159422978,1143.78486740027,15533446.6203359,7.69765159422978,1143.78486740027,15533446.6203359
2031,"Crimson-browed Finch","2031",NA,NA,NA,NA,NA,NA,NA,NA,NA,6.2567385923192,1814.22374864219,57610090.0224258,6.2567385923192,1814.22374864219,57610090.0224258
2032,"Crimson-browed Finch","2032",NA,NA,NA,NA,NA,NA,NA,NA,NA,5.1159961553292,2742.99947795561,215508957.039659,5.1159961553292,2742.99947795561,215508957.039659
2033,"Crimson-browed Finch","2033",NA,NA,NA,NA,NA,NA,NA,NA,NA,4.07514102962956,4265.43525069571,816177006.442852,4.07514102962956,4265.43525069571,816177006.442852
1985,"Brown Bullfinch","before 2000",0.0248627015641597,0.0496223335851933,0.0860028784958076,100,100,100,NA,NA,NA,NA,NA,NA,NA,NA,NA
2003,"Brown Bullfinch","2000-2006",0.0196713025729071,0.0434275452262814,0.0814514328414339,34.6000275017295,85.8764717815801,200.333352113046,NA,NA,NA,NA,NA,NA,NA,NA,NA
2009,"Brown Bullfinch","2007-2010",0.00707974292607024,0.0325849576410046,0.0665677343946338,15.0274969708558,66.7211788482174,183.755375946301,NA,NA,NA,NA,NA,NA,NA,NA,NA
2012,"Brown Bullfinch","2011-2012",0.00960953214571296,0.0399687277210222,0.0830479397449952,21.3095588767961,78.2279963904021,216.296697781285,NA,NA,NA,NA,NA,NA,NA,NA,NA
2013,"Brown Bullfinch","2013",6.50567249212169e-09,0.0139819081926472,0.0370557676728491,1.46944686773931e-05,26.3190797603946,91.5975215969926,NA,NA,NA,NA,NA,NA,NA,NA,NA
2014,"Brown Bullfinch","2014",0.00755934898204385,0.024317958404725,0.0482791432538614,12.9490424916896,49.7520779798876,120.725863188558,NA,NA,NA,NA,NA,NA,NA,NA,NA
2015,"Brown Bullfinch","2015",5.05508683358789e-09,0.00781210057471995,0.0180978692785424,8.81152060571359e-06,15.3787929813519,46.8202116800769,100,100,100,NA,NA,NA,100,100,100
2016,"Brown Bullfinch","2016",0.00373935817849553,0.00965128421493474,0.0186026196551748,7.60987605487241,19.4989145365399,44.3079904957468,37.12119828845,129.098228561504,228155488.420451,NA,NA,NA,37.12119828845,129.098228561504,228155488.420451
2017,"Brown Bullfinch","2017",0.00900721790483939,0.0177842810019595,0.0298763065318645,16.0630534640005,35.5551243962912,76.8002662403548,82.3730524028766,237.511824881561,365818434.447401,NA,NA,NA,82.3730524028766,237.511824881561,365818434.447401
2018,"Brown Bullfinch","2018",0.00676289402175866,0.0124183121214231,0.0200105309647373,11.5284633790648,25.4930963817098,53.1728136753472,59.4501788402315,168.015558754281,259577473.273544,NA,NA,NA,59.4501788402315,168.015558754281,259577473.273544
2019,"Brown Bullfinch","2019",0.00816895552928097,0.0150649687809596,0.0242528143031615,13.7461800972235,29.7279240322953,71.9147159100949,68.5020764697556,201.591156789617,313788667.882572,NA,NA,NA,68.5020764697556,201.591156789617,313788667.882572
2020,"Brown Bullfinch","2020",0.00665069671178415,0.0115496403891482,0.0173828419584772,12.013613751424,23.136546148614,48.5714872917427,57.5705431252962,153.776483040204,243502055.9058,NA,NA,NA,57.5705431252962,153.776483040204,243502055.9058
2021,"Brown Bullfinch","2021",0.00652006197235358,0.0103318929864119,0.0145576122481261,10.6616247114206,20.6050615362018,43.9674048906142,50.4307387180024,137.297823148671,217761870.645213,NA,NA,NA,50.4307387180024,137.297823148671,217761870.645213
2022,"Brown Bullfinch","2022",0.00660629316968102,0.00955590227101787,0.0134875534251808,10.0148764225749,19.4277890205089,39.618786805782,53.1930655543693,125.490791793409,192663865.816803,NA,NA,NA,53.1930655543693,125.490791793409,192663865.816803
2023,"Brown Bullfinch","2023",0.0033372648377189,0.00530995629918572,0.00765803629831423,5.49928056477882,10.4450795384127,23.2382753613885,27.1074244180272,70.1878857459465,114444032.79895,NA,NA,NA,27.1074244180272,70.1878857459465,114444032.79895
2024,"Brown Bullfinch","2024",0.00488457799079403,0.00680385263759048,0.00903218850907756,7.65617809103976,13.6670802061149,28.1913379194087,34.2723735194012,90.093090551452,136946087.885041,NA,NA,NA,34.2723735194012,90.093090551452,136946087.885041
2025,"Brown Bullfinch","2025",0.00473992042746541,0.00657596064876017,0.00876457772511717,7.15502208479753,13.1711731309539,27.2572459577103,34.6237996525902,85.4673208478524,134091927.004132,NA,NA,NA,34.6237996525902,85.4673208478524,134091927.004132
2026,"Brown Bullfinch","2026",NA,NA,NA,NA,NA,NA,NA,NA,NA,52.9647712586439,85.7167133952422,140.308355883164,52.9647712586439,85.7167133952422,140.308355883164
2027,"Brown Bullfinch","2027",NA,NA,NA,NA,NA,NA,NA,NA,NA,46.6681847252695,80.9127410679242,140.914001215437,46.6681847252695,80.9127410679242,140.914001215437
2028,"Brown Bullfinch","2028",NA,NA,NA,NA,NA,NA,NA,NA,NA,40.8832868482219,76.7769252582941,142.663416172329,40.8832868482219,76.7769252582941,142.663416172329
2029,"Brown Bullfinch","2029",NA,NA,NA,NA,NA,NA,NA,NA,NA,36.0922359313544,72.6613572297096,145.175123635097,36.0922359313544,72.6613572297096,145.175123635097
2030,"Brown Bullfinch","2030",NA,NA,NA,NA,NA,NA,NA,NA,NA,31.6722518387427,68.6982672754979,147.661871684547,31.6722518387427,68.6982672754979,147.661871684547
2031,"Brown Bullfinch","2031",NA,NA,NA,NA,NA,NA,NA,NA,NA,27.7681165122987,65.0854348362617,149.462773263374,27.7681165122987,65.0854348362617,149.462773263374
2032,"Brown Bullfinch","2032",NA,NA,NA,NA,NA,NA,NA,NA,NA,24.2939254518213,61.7464429346622,151.801123127401,24.2939254518213,61.7464429346622,151.801123127401
2033,"Brown Bullfinch","2033",NA,NA,NA,NA,NA,NA,NA,NA,NA,21.4157443551748,58.3630562686064,154.599634838298,21.4157443551748,58.3630562686064,154.599634838298
1985,"Red-headed Bullfinch","before 2000",0.0142293532095775,0.0306678145927625,0.0514416980670732,100,100,100,NA,NA,NA,NA,NA,NA,NA,NA,NA
2003,"Red-headed Bullfinch","2000-2006",0.00529776587322898,0.0176082990569328,0.0352007255562496,17.4113498305666,56.2263250622038,151.08580875263,NA,NA,NA,NA,NA,NA,NA,NA,NA
2009,"Red-headed Bullfinch","2007-2010",3.58069279588005e-09,0.009390541060298,0.0258862683996838,9.81956618911733e-06,29.9970189278609,104.155484116264,NA,NA,NA,NA,NA,NA,NA,NA,NA
2012,"Red-headed Bullfinch","2011-2012",9.31252931600777e-09,0.0144630357136826,0.0347751768534922,2.93694660657127e-05,45.7360046301942,151.362330176795,NA,NA,NA,NA,NA,NA,NA,NA,NA
2013,"Red-headed Bullfinch","2013",3.74396566041389e-09,0.00876274155402988,0.0236981598310547,1.1383414565633e-05,26.5440980884552,99.0410248923996,NA,NA,NA,NA,NA,NA,NA,NA,NA
2014,"Red-headed Bullfinch","2014",0.0175734192378859,0.0359998148468181,0.0588783520129526,50.423463079747,118.458192320938,279.964566334778,NA,NA,NA,NA,NA,NA,NA,NA,NA
2015,"Red-headed Bullfinch","2015",1.54593538128178e-09,0.00381039130935518,0.0103615769233645,6.09097118778321e-06,10.9426553023308,40.4857167159173,100,100,100,NA,NA,NA,100,100,100
2016,"Red-headed Bullfinch","2016",0.00788208455257888,0.0142228651283151,0.0225843505686094,22.88371846143,47.0977451661021,97.0489597662239,124.393761268589,425.028142117947,766668067.544141,NA,NA,NA,124.393761268589,425.028142117947,766668067.544141
2017,"Red-headed Bullfinch","2017",0.00647143174479107,0.0122853830542881,0.0199358359958868,19.6386333467047,40.3151539991566,89.957878873257,107.496619195077,359.247237940632,719177716.525424,NA,NA,NA,107.496619195077,359.247237940632,719177716.525424
2018,"Red-headed Bullfinch","2018",0.00393719218143952,0.00780232931312497,0.0121352699768187,11.7462204198869,25.0925418925124,54.9972188627813,68.2973098267774,221.687355622991,440107947.614859,NA,NA,NA,68.2973098267774,221.687355622991,440107947.614859
2019,"Red-headed Bullfinch","2019",0.00400257875242242,0.00812142756529858,0.0136268759731567,11.5495538093583,26.6775047476048,63.1407096856249,64.6765254018651,247.5883682473,441638391.838608,NA,NA,NA,64.6765254018651,247.5883682473,441638391.838608
2020,"Red-headed Bullfinch","2020",0.00855887601170366,0.0126026546270921,0.0176824931057778,22.6524899801089,41.1255996812633,86.448208863524,117.530492043984,358.416870760696,791255361.413434,NA,NA,NA,117.530492043984,358.416870760696,791255361.413434
2021,"Red-headed Bullfinch","2021",0.00585052027274949,0.00846033604538751,0.0114194212377339,14.8274860009099,27.5640437879737,60.4506392035373,81.9172826703125,245.526486203737,521901406.683447,NA,NA,NA,81.9172826703125,245.526486203737,521901406.683447
2022,"Red-headed Bullfinch","2022",0.00548978997530877,0.00776761507665334,0.0104436803411752,13.9802516523162,25.0739167871979,55.3339079905471,74.4360735870656,217.34628544051,471180302.86365,NA,NA,NA,74.4360735870656,217.34628544051,471180302.86365
2023,"Red-headed Bullfinch","2023",0.00376680733217027,0.00540619157154718,0.00719621267051219,9.70003084356082,17.4615337098582,37.961738833617,50.5321426245951,152.250093024952,347795196.098296,NA,NA,NA,50.5321426245951,152.250093024952,347795196.098296
2024,"Red-headed Bullfinch","2024",0.00184362985056743,0.00294134121279197,0.00414336723126607,4.68308478858648,9.67947677596849,21.2905532918259,26.9350604820803,84.6849615681634,168962232.837076,NA,NA,NA,26.9350604820803,84.6849615681634,168962232.837076
2025,"Red-headed Bullfinch","2025",0.0048666232926339,0.00687899657686007,0.00911645723784224,12.1044963657488,22.2842605148116,46.7599224950658,65.5003417115072,191.57441234526,398405778.151307,NA,NA,NA,65.5003417115072,191.57441234526,398405778.151307
2026,"Red-headed Bullfinch","2026",NA,NA,NA,NA,NA,NA,NA,NA,NA,79.4371927811532,146.999879468389,280.902844224594,79.4371927811532,146.999879468389,280.902844224594
2027,"Red-headed Bullfinch","2027",NA,NA,NA,NA,NA,NA,NA,NA,NA,70.383952369514,141.592826750214,292.928617373029,70.383952369514,141.592826750214,292.928617373029
2028,"Red-headed Bullfinch","2028",NA,NA,NA,NA,NA,NA,NA,NA,NA,62.1557728494724,136.599999247358,307.892689842182,62.1557728494724,136.599999247358,307.892689842182
2029,"Red-headed Bullfinch","2029",NA,NA,NA,NA,NA,NA,NA,NA,NA,54.2148165579563,131.207302774556,322.773869464892,54.2148165579563,131.207302774556,322.773869464892
2030,"Red-headed Bullfinch","2030",NA,NA,NA,NA,NA,NA,NA,NA,NA,47.4223395888254,126.539237032836,338.799726101609,47.4223395888254,126.539237032836,338.799726101609
2031,"Red-headed Bullfinch","2031",NA,NA,NA,NA,NA,NA,NA,NA,NA,41.0442515670807,122.050872392983,355.734224585306,41.0442515670807,122.050872392983,355.734224585306
2032,"Red-headed Bullfinch","2032",NA,NA,NA,NA,NA,NA,NA,NA,NA,35.1796115174449,117.683426747657,374.675174507678,35.1796115174449,117.683426747657,374.675174507678
2033,"Red-headed Bullfinch","2033",NA,NA,NA,NA,NA,NA,NA,NA,NA,30.5665394755453,113.665491213297,394.335206102017,30.5665394755453,113.665491213297,394.335206102017
1985,"Gold-naped Finch","before 2000",NA,NA,NA,NA,NA,NA,NA,NA,NA,NA,NA,NA,NA,NA,NA
2003,"Gold-naped Finch","2000-2006",NA,NA,NA,NA,NA,NA,NA,NA,NA,NA,NA,NA,NA,NA,NA
2009,"Gold-naped Finch","2007-2010",NA,NA,NA,NA,NA,NA,NA,NA,NA,NA,NA,NA,NA,NA,NA
2012,"Gold-naped Finch","2011-2012",NA,NA,NA,NA,NA,NA,NA,NA,NA,NA,NA,NA,NA,NA,NA
2013,"Gold-naped Finch","2013",NA,NA,NA,NA,NA,NA,NA,NA,NA,NA,NA,NA,NA,NA,NA
2014,"Gold-naped Finch","2014",NA,NA,NA,NA,NA,NA,NA,NA,NA,NA,NA,NA,NA,NA,NA
2015,"Gold-naped Finch","2015",0.00259328162911325,0.00757699738055031,0.0140953093929592,NA,NA,NA,100,100,100,NA,NA,NA,100,100,100
2016,"Gold-naped Finch","2016",0.00164840210365488,0.00348935379578859,0.00663055044536987,NA,NA,NA,19.43074593385,46.3567244753007,147.418499972126,NA,NA,NA,19.43074593385,46.3567244753007,147.418499972126
2017,"Gold-naped Finch","2017",0.00285178471366008,0.00530839414034112,0.00860217800435467,NA,NA,NA,31.2401576315969,70.7258404221922,205.031038470412,NA,NA,NA,31.2401576315969,70.7258404221922,205.031038470412
2018,"Gold-naped Finch","2018",0.00492602552543236,0.0076893346590239,0.0110058774499496,NA,NA,NA,51.6782293685759,101.481367567291,293.600458802872,NA,NA,NA,51.6782293685759,101.481367567291,293.600458802872
2019,"Gold-naped Finch","2019",0.000427479901877406,0.00203237677284846,0.00436097158461747,NA,NA,NA,5.46486825576749,27.448479471981,92.0737158872642,NA,NA,NA,5.46486825576749,27.448479471981,92.0737158872642
2020,"Gold-naped Finch","2020",0.00298647788093681,0.00476317688752861,0.00688276484041264,NA,NA,NA,30.5414790920474,61.7305455090041,188.472463838923,NA,NA,NA,30.5414790920474,61.7305455090041,188.472463838923
2021,"Gold-naped Finch","2021",0.00380432205653976,0.00560062053819174,0.00759776068637297,NA,NA,NA,37.5562891588545,73.3256543217826,226.987196932179,NA,NA,NA,37.5562891588545,73.3256543217826,226.987196932179
2022,"Gold-naped Finch","2022",0.00571766002973876,0.00771022251659567,0.00984184177264666,NA,NA,NA,53.7069499551637,102.174295479566,290.275229326032,NA,NA,NA,53.7069499551637,102.174295479566,290.275229326032
2023,"Gold-naped Finch","2023",0.003937901975313,0.00537747139961289,0.00707077809142592,NA,NA,NA,37.0196330714618,70.6712962114962,199.672545164618,NA,NA,NA,37.0196330714618,70.6712962114962,199.672545164618
2024,"Gold-naped Finch","2024",0.00393835651385901,0.00530078011110757,0.00678131848027673,NA,NA,NA,36.3171570036543,70.0637085365559,216.014268748498,NA,NA,NA,36.3171570036543,70.0637085365559,216.014268748498
2025,"Gold-naped Finch","2025",0.000956383800759462,0.00163713122665585,0.00247251388486835,NA,NA,NA,9.69884281818749,21.3603079389185,66.0032648360189,NA,NA,NA,9.69884281818749,21.3603079389185,66.0032648360189
2026,"Gold-naped Finch","2026",NA,NA,NA,NA,NA,NA,NA,NA,NA,22.3787072819682,45.8450350325872,97.5042295224306,22.3787072819682,45.8450350325872,97.5042295224306
2027,"Gold-naped Finch","2027",NA,NA,NA,NA,NA,NA,NA,NA,NA,19.4754896005656,43.769703222804,103.542393907868,19.4754896005656,43.769703222804,103.542393907868
2028,"Gold-naped Finch","2028",NA,NA,NA,NA,NA,NA,NA,NA,NA,16.7228899645616,42.3523756570443,109.353237983422,16.7228899645616,42.3523756570443,109.353237983422
2029,"Gold-naped Finch","2029",NA,NA,NA,NA,NA,NA,NA,NA,NA,14.3699250427601,40.1993872203459,115.565576791096,14.3699250427601,40.1993872203459,115.565576791096
2030,"Gold-naped Finch","2030",NA,NA,NA,NA,NA,NA,NA,NA,NA,12.3698046660423,38.3990615248076,122.719390127181,12.3698046660423,38.3990615248076,122.719390127181
2031,"Gold-naped Finch","2031",NA,NA,NA,NA,NA,NA,NA,NA,NA,10.6448283878643,36.8880200135603,130.757217749036,10.6448283878643,36.8880200135603,130.757217749036
2032,"Gold-naped Finch","2032",NA,NA,NA,NA,NA,NA,NA,NA,NA,9.19374990410099,35.1866781053478,139.362603820738,9.19374990410099,35.1866781053478,139.362603820738
2033,"Gold-naped Finch","2033",NA,NA,NA,NA,NA,NA,NA,NA,NA,7.94440431806976,33.6884877071705,147.670906690229,7.94440431806976,33.6884877071705,147.670906690229
1985,"Yellow-breasted Greenfinch","before 2000",0.0442092704900464,0.0799078317024679,0.128427571634893,100,100,100,NA,NA,NA,NA,NA,NA,NA,NA,NA
2003,"Yellow-breasted Greenfinch","2000-2006",7.68674426961616e-09,0.00535610539303455,0.0186524003363168,7.87792167148843e-06,6.40808308703211,26.6382327827149,NA,NA,NA,NA,NA,NA,NA,NA,NA
2009,"Yellow-breasted Greenfinch","2007-2010",0.00686967601730143,0.0291468941895048,0.0624175024534145,7.32852348436756,35.2905546292315,95.5966505460853,NA,NA,NA,NA,NA,NA,NA,NA,NA
2012,"Yellow-breasted Greenfinch","2011-2012",0.0248901874962233,0.0704473900544907,0.133606881923239,30.1747661271533,87.7811523927817,215.905957529766,NA,NA,NA,NA,NA,NA,NA,NA,NA
2013,"Yellow-breasted Greenfinch","2013",0.00875998035362125,0.0410728476885495,0.0845618190226084,12.6494333959526,50.0931484517309,128.300691755015,NA,NA,NA,NA,NA,NA,NA,NA,NA
2014,"Yellow-breasted Greenfinch","2014",0.0272152743314992,0.0595632781228849,0.100733083544129,33.3383889766983,74.8004453675617,157.979386084506,NA,NA,NA,NA,NA,NA,NA,NA,NA
2015,"Yellow-breasted Greenfinch","2015",6.35777322309838e-09,0.011924017576435,0.0253846566634963,1.18003430997879e-05,14.4932193327995,40.2248968135155,100,100,100,NA,NA,NA,100,100,100
2016,"Yellow-breasted Greenfinch","2016",0.0209745960795975,0.0363111105163566,0.0529897824462188,22.2958704586906,45.404484007696,85.4349061752668,121.668682731649,307.829162767973,479450182.987417,NA,NA,NA,121.668682731649,307.829162767973,479450182.987417
2017,"Yellow-breasted Greenfinch","2017",0.0107434653593228,0.0230286796754072,0.0393344462355547,12.3125971898278,28.6980806950347,59.4749460491134,64.3707365350482,196.218278947108,209159136.765562,NA,NA,NA,64.3707365350482,196.218278947108,209159136.765562
2018,"Yellow-breasted Greenfinch","2018",0.0113614079052645,0.0191085393254831,0.0284451139335719,12.8961916508103,23.4823860574559,48.927164593793,66.183407080991,162.651531486928,206784149.547011,NA,NA,NA,66.183407080991,162.651531486928,206784149.547011
2019,"Yellow-breasted Greenfinch","2019",0.0227444149292697,0.0343331335200142,0.046473778819015,23.3634387799586,42.7676759322026,82.2415598624436,125.108959707761,295.441719029449,488723075.390165,NA,NA,NA,125.108959707761,295.441719029449,488723075.390165
2020,"Yellow-breasted Greenfinch","2020",0.0287857410640187,0.0392247344849275,0.0506550768960822,29.0338091892911,49.1228363887323,88.5751987390787,147.218433206297,338.471620594888,477510807.054019,NA,NA,NA,147.218433206297,338.471620594888,477510807.054019
2021,"Yellow-breasted Greenfinch","2021",0.01560829600928,0.0213567288773172,0.0277901905090022,15.4454082031112,26.5654497483319,52.0074700032412,78.8511729140047,187.116586053729,301805105.899906,NA,NA,NA,78.8511729140047,187.116586053729,301805105.899906
2022,"Yellow-breasted Greenfinch","2022",0.0211860196562675,0.0267367145743943,0.0326637781009639,20.1817567265627,33.0165003856416,62.0484817189025,104.401897534281,232.62096284809,349088762.576658,NA,NA,NA,104.401897534281,232.62096284809,349088762.576658
2023,"Yellow-breasted Greenfinch","2023",0.0154329836419636,0.0189506231778687,0.0229556024547554,14.0412727695394,23.5809355808722,43.614271768428,69.8935341425322,164.309991388218,273349704.645452,NA,NA,NA,69.8935341425322,164.309991388218,273349704.645452
2024,"Yellow-breasted Greenfinch","2024",0.014838312623453,0.0183329607852843,0.0220353412958472,13.7539112219975,22.678025070778,40.9774581209375,69.6928855962339,157.824661813712,244160698.152909,NA,NA,NA,69.6928855962339,157.824661813712,244160698.152909
2025,"Yellow-breasted Greenfinch","2025",0.0123966838973836,0.0155925256593532,0.0189893768517024,11.8319610360475,19.2301456988183,36.2812827074502,58.1603621244359,136.653944224222,227131106.696746,NA,NA,NA,58.1603621244359,136.653944224222,227131106.696746
2026,"Yellow-breasted Greenfinch","2026",NA,NA,NA,NA,NA,NA,NA,NA,NA,104.927750052897,176.127872305162,299.970401902715,104.927750052897,176.127872305162,299.970401902715
2027,"Yellow-breasted Greenfinch","2027",NA,NA,NA,NA,NA,NA,NA,NA,NA,96.641822345767,174.975027174602,317.126270755894,96.641822345767,174.975027174602,317.126270755894
2028,"Yellow-breasted Greenfinch","2028",NA,NA,NA,NA,NA,NA,NA,NA,NA,89.3144268786921,173.50047870624,338.748291865562,89.3144268786921,173.50047870624,338.748291865562
2029,"Yellow-breasted Greenfinch","2029",NA,NA,NA,NA,NA,NA,NA,NA,NA,81.7849194602392,171.419890839714,360.999341461867,81.7849194602392,171.419890839714,360.999341461867
2030,"Yellow-breasted Greenfinch","2030",NA,NA,NA,NA,NA,NA,NA,NA,NA,74.9690909426025,170.167379437328,386.591073035341,74.9690909426025,170.167379437328,386.591073035341
2031,"Yellow-breasted Greenfinch","2031",NA,NA,NA,NA,NA,NA,NA,NA,NA,68.2260970365948,168.557317913948,411.761022232774,68.2260970365948,168.557317913948,411.761022232774
2032,"Yellow-breasted Greenfinch","2032",NA,NA,NA,NA,NA,NA,NA,NA,NA,62.1709558677384,166.560616847643,438.87027295883,62.1709558677384,166.560616847643,438.87027295883
2033,"Yellow-breasted Greenfinch","2033",NA,NA,NA,NA,NA,NA,NA,NA,NA,56.9741861298638,164.967821770687,469.499093294164,56.9741861298638,164.967821770687,469.499093294164
1985,NA,"before 2000",NA,NA,NA,NA,NA,NA,NA,NA,NA,NA,NA,NA,NA,NA,NA
1985,NA,"before 2000",NA,NA,NA,NA,NA,NA,NA,NA,NA,NA,NA,NA,NA,NA,NA
1985,NA,"before 2000",0.258994791781412,0.34475827789282,0.438142727443695,100,100,100,NA,NA,NA,NA,NA,NA,NA,NA,NA
1985,NA,"before 2000",NA,NA,NA,NA,NA,NA,NA,NA,NA,NA,NA,NA,NA,NA,NA
1985,NA,"before 2000",NA,NA,NA,NA,NA,NA,NA,NA,NA,NA,NA,NA,NA,NA,NA
2003,NA,"2000-2006",NA,NA,NA,NA,NA,NA,NA,NA,NA,NA,NA,NA,NA,NA,NA
2003,NA,"2000-2006",NA,NA,NA,NA,NA,NA,NA,NA,NA,NA,NA,NA,NA,NA,NA
2003,NA,"2000-2006",0.170393520993856,0.243404606588429,0.330826438719954,50.1823639098804,71.6291709873104,96.9103960967348,NA,NA,NA,NA,NA,NA,NA,NA,NA
2003,NA,"2000-2006",NA,NA,NA,NA,NA,NA,NA,NA,NA,NA,NA,NA,NA,NA,NA
2003,NA,"2000-2006",NA,NA,NA,NA,NA,NA,NA,NA,NA,NA,NA,NA,NA,NA,NA
2009,NA,"2007-2010",NA,NA,NA,NA,NA,NA,NA,NA,NA,NA,NA,NA,NA,NA,NA
2009,NA,"2007-2010",NA,NA,NA,NA,NA,NA,NA,NA,NA,NA,NA,NA,NA,NA,NA
2009,NA,"2007-2010",0.25625834575918,0.337758558692986,0.424977383345082,76.510396710728,97.7832554638226,128.953967411937,NA,NA,NA,NA,NA,NA,NA,NA,NA
2009,NA,"2007-2010",NA,NA,NA,NA,NA,NA,NA,NA,NA,NA,NA,NA,NA,NA,NA
2009,NA,"2007-2010",NA,NA,NA,NA,NA,NA,NA,NA,NA,NA,NA,NA,NA,NA,NA
2012,NA,"2011-2012",NA,NA,NA,NA,NA,NA,NA,NA,NA,NA,NA,NA,NA,NA,NA
2012,NA,"2011-2012",NA,NA,NA,NA,NA,NA,NA,NA,NA,NA,NA,NA,NA,NA,NA
2012,NA,"2011-2012",0.207884649500012,0.270324376468177,0.34382142543913,62.0112800989427,79.0289792891704,98.9737552374254,NA,NA,NA,NA,NA,NA,NA,NA,NA
2012,NA,"2011-2012",NA,NA,NA,NA,NA,NA,NA,NA,NA,NA,NA,NA,NA,NA,NA
2012,NA,"2011-2012",NA,NA,NA,NA,NA,NA,NA,NA,NA,NA,NA,NA,NA,NA,NA
2013,NA,"2013",NA,NA,NA,NA,NA,NA,NA,NA,NA,NA,NA,NA,NA,NA,NA
2013,NA,"2013",NA,NA,NA,NA,NA,NA,NA,NA,NA,NA,NA,NA,NA,NA,NA
2013,NA,"2013",0.234192280355801,0.296627276347446,0.37453271110136,69.2786217370178,86.7905830044941,108.929877508512,NA,NA,NA,NA,NA,NA,NA,NA,NA
2013,NA,"2013",NA,NA,NA,NA,NA,NA,NA,NA,NA,NA,NA,NA,NA,NA,NA
2013,NA,"2013",NA,NA,NA,NA,NA,NA,NA,NA,NA,NA,NA,NA,NA,NA,NA
2014,NA,"2014",NA,NA,NA,NA,NA,NA,NA,NA,NA,NA,NA,NA,NA,NA,NA
2014,NA,"2014",NA,NA,NA,NA,NA,NA,NA,NA,NA,NA,NA,NA,NA,NA,NA
2014,NA,"2014",0.249433100772864,0.310371687426714,0.381369604305959,73.3077812321037,90.8136077255232,113.165348063813,NA,NA,NA,NA,NA,NA,NA,NA,NA
2014,NA,"2014",NA,NA,NA,NA,NA,NA,NA,NA,NA,NA,NA,NA,NA,NA,NA
2014,NA,"2014",NA,NA,NA,NA,NA,NA,NA,NA,NA,NA,NA,NA,NA,NA,NA
2015,NA,"2015",0.0234965565165892,0.0413224110513627,0.0676000597321402,NA,NA,NA,100,100,100,NA,NA,NA,100,100,100
2015,NA,"2015",0.0420854403681241,0.05696201422377,0.0760916916096376,NA,NA,NA,100,100,100,NA,NA,NA,100,100,100
2015,NA,"2015",0.291752878016703,0.359331383210323,0.436838506563723,86.7055699177986,104.400582940719,129.958013099464,100,100,100,NA,NA,NA,100,100,100
2015,NA,"2015",0.00791263705568308,0.0151255979138713,0.0240835562311974,NA,NA,NA,100,100,100,NA,NA,NA,100,100,100
2015,NA,"2015",0.00905875415345518,0.017131235520746,0.0310897579316027,NA,NA,NA,100,100,100,NA,NA,NA,100,100,100
2016,NA,"2016",0.0253379871300097,0.0432465956548044,0.0694870547902255,NA,NA,NA,80.2252680694297,105.355489943529,138.818517957062,NA,NA,NA,80.2252680694297,105.355489943529,138.818517957062
2016,NA,"2016",0.0486264575502058,0.0651061803335681,0.0849193194270439,NA,NA,NA,94.3376345546418,113.839579097497,140.964565207342,NA,NA,NA,94.3376345546418,113.839579097497,140.964565207342
2016,NA,"2016",0.289759818182187,0.353681027981757,0.427168779768584,85.5871829197258,103.821729252064,126.160829464251,89.56951244776,99.3452623774376,110.699653149348,NA,NA,NA,89.56951244776,99.3452623774376,110.699653149348
2016,NA,"2016",0.010122389636926,0.0168160094223414,0.0267921104421011,NA,NA,NA,73.6341505559326,111.78796953606,183.33334349625,NA,NA,NA,73.6341505559326,111.78796953606,183.33334349625
2016,NA,"2016",0.0144063413851202,0.0269847153665421,0.0452720252194177,NA,NA,NA,106.032073083527,154.918080130803,235.956232294352,NA,NA,NA,106.032073083527,154.918080130803,235.956232294352
2017,NA,"2017",0.0285169084019739,0.0486157096140553,0.0776790749201017,NA,NA,NA,91.7563625073417,117.911994161979,152.555674441471,NA,NA,NA,91.7563625073417,117.911994161979,152.555674441471
2017,NA,"2017",0.0463157427720479,0.0625739430694051,0.0806519326072293,NA,NA,NA,89.9946144781625,109.450046384885,135.632616366661,NA,NA,NA,89.9946144781625,109.450046384885,135.632616366661
2017,NA,"2017",0.260098465562557,0.320988172159792,0.386671890998672,77.4688195606701,93.377710175828,114.173268812577,80.6659234001425,89.6794302872638,99.8538827538233,NA,NA,NA,80.6659234001425,89.6794302872638,99.8538827538233
2017,NA,"2017",0.0109544767404983,0.0176526407304698,0.0265136410355637,NA,NA,NA,78.0556957520119,117.321326747793,186.810600486267,NA,NA,NA,78.0556957520119,117.321326747793,186.810600486267
2017,NA,"2017",0.0146119119905011,0.0261974941602497,0.0437541604261451,NA,NA,NA,102.711339473444,149.968113748043,221.771008678516,NA,NA,NA,102.711339473444,149.968113748043,221.771008678516
2018,NA,"2018",0.0211985664381349,0.0360937335542227,0.0587908029253482,NA,NA,NA,69.5909388954721,87.6009325014114,112.022748640836,NA,NA,NA,69.5909388954721,87.6009325014114,112.022748640836
2018,NA,"2018",0.0458325868171924,0.0612558394869419,0.0797954838644219,NA,NA,NA,89.3726646889461,107.301017719537,129.893406400152,NA,NA,NA,89.3726646889461,107.301017719537,129.893406400152
2018,NA,"2018",0.269644927871451,0.329248854365775,0.397048891175557,80.0305889754697,96.3477634528276,116.788431022179,84.1390156965018,92.1209867015035,101.524209422429,NA,NA,NA,84.1390156965018,92.1209867015035,101.524209422429
2018,NA,"2018",0.0144950425129286,0.0222099684946754,0.0329171464880563,NA,NA,NA,101.296966131431,148.221918521694,230.798502757378,NA,NA,NA,101.296966131431,148.221918521694,230.798502757378
2018,NA,"2018",0.012001628646437,0.0209170596263729,0.0357035834097997,NA,NA,NA,85.9898767035471,121.535933541625,181.908040337689,NA,NA,NA,85.9898767035471,121.535933541625,181.908040337689
2019,NA,"2019",0.0237484733675328,0.040222607481435,0.0623739473199752,NA,NA,NA,76.1571575088704,97.1762066950972,124.994371831504,NA,NA,NA,76.1571575088704,97.1762066950972,124.994371831504
2019,NA,"2019",0.0441940831134091,0.0584077723579297,0.0751930825999094,NA,NA,NA,85.6746700682936,102.65801525456,124.091923298327,NA,NA,NA,85.6746700682936,102.65801525456,124.091923298327
2019,NA,"2019",0.265175726166308,0.323402603910978,0.387328894226389,78.618069807724,94.2731766521786,114.333053002645,82.3301161094836,90.2487659972783,99.1238362944119,NA,NA,NA,82.3301161094836,90.2487659972783,99.1238362944119
2019,NA,"2019",0.00899087799568275,0.0141523002620942,0.0207150520160455,NA,NA,NA,63.399751539226,94.1821333569663,153.784065084713,NA,NA,NA,63.399751539226,94.1821333569663,153.784065084713
2019,NA,"2019",0.0125970417791606,0.0222337875352375,0.0379006261439744,NA,NA,NA,91.1210169479078,128.594209557514,187.953625065854,NA,NA,NA,91.1210169479078,128.594209557514,187.953625065854
2020,NA,"2020",0.0222173363863453,0.0372835972249589,0.0603707255774496,NA,NA,NA,72.3676982610927,90.7569917802784,115.754201591746,NA,NA,NA,72.3676982610927,90.7569917802784,115.754201591746
2020,NA,"2020",0.0390045109061467,0.0510023619198963,0.0655485061258402,NA,NA,NA,75.1532986056878,89.644310638198,106.618619974386,NA,NA,NA,75.1532986056878,89.644310638198,106.618619974386
2020,NA,"2020",0.274560734866094,0.334109161094695,0.401578576364139,82.3222228344895,98.0107541893247,118.197508265566,85.6827324236606,93.4740105721839,102.030764272661,NA,NA,NA,85.6827324236606,93.4740105721839,102.030764272661
2020,NA,"2020",0.00894290104827287,0.0136648265492711,0.0203315971018947,NA,NA,NA,61.8666749400118,91.7457242811125,144.368945810443,NA,NA,NA,61.8666749400118,91.7457242811125,144.368945810443
2020,NA,"2020",0.0120763730372936,0.0209318172973934,0.035303125966494,NA,NA,NA,87.0968568969848,120.460902985229,173.451069692044,NA,NA,NA,87.0968568969848,120.460902985229,173.451069692044
2021,NA,"2021",0.0225190319696441,0.0381314883200631,0.0613867238151627,NA,NA,NA,75.1974224606239,92.5218905024567,116.24215020325,NA,NA,NA,75.1974224606239,92.5218905024567,116.24215020325
2021,NA,"2021",0.0432572062005751,0.0557029885022456,0.0725986283639729,NA,NA,NA,82.9552472271584,97.7572152591369,117.287303533608,NA,NA,NA,82.9552472271584,97.7572152591369,117.287303533608
2021,NA,"2021",0.29714359420026,0.357137973615494,0.425167751621998,87.7829157813572,104.487507449243,126.56390450694,91.2168382405277,99.7368223695869,108.829121155193,NA,NA,NA,91.2168382405277,99.7368223695869,108.829121155193
2021,NA,"2021",0.0114194654083907,0.0173550457447797,0.0257626835083738,NA,NA,NA,79.6587615940005,114.720717003347,181.498551251506,NA,NA,NA,79.6587615940005,114.720717003347,181.498551251506
2021,NA,"2021",0.0143364837516989,0.0242066277329651,0.0414455488935908,NA,NA,NA,102.28354873893,141.205096882569,202.48774592065,NA,NA,NA,102.28354873893,141.205096882569,202.48774592065
2022,NA,"2022",0.0198561669799049,0.0326795001363941,0.052475462651033,NA,NA,NA,64.6218068594802,79.8279240182345,100.503062624249,NA,NA,NA,64.6218068594802,79.8279240182345,100.503062624249
2022,NA,"2022",0.0312784120303257,0.0409040723277991,0.0537172509748889,NA,NA,NA,60.3009307794096,71.6516125966904,84.8127087693456,NA,NA,NA,60.3009307794096,71.6516125966904,84.8127087693456
2022,NA,"2022",0.244224362897053,0.300497762913024,0.362205945693657,73.6884238799126,88.184168377914,106.034222636398,77.0650709877036,84.1365212324339,92.3294688276043,NA,NA,NA,77.0650709877036,84.1365212324339,92.3294688276043
2022,NA,"2022",0.00843977114031553,0.0127911428697824,0.0188001197416658,NA,NA,NA,60.4341300825624,85.3930817734535,130.752017732612,NA,NA,NA,60.4341300825624,85.3930817734535,130.752017732612
2022,NA,"2022",0.015009098118437,0.0255384828630538,0.0427121820407566,NA,NA,NA,109.612810605777,148.543413517514,209.432258518358,NA,NA,NA,109.612810605777,148.543413517514,209.432258518358
2023,NA,"2023",0.0236725321843919,0.0388739882373382,0.0618396132795431,NA,NA,NA,76.0414286449347,93.976503532982,118.156593070212,NA,NA,NA,76.0414286449347,93.976503532982,118.156593070212
2023,NA,"2023",0.0318700058098814,0.041706903277166,0.0540466326921185,NA,NA,NA,62.3459152518797,73.3427229987403,86.890742691854,NA,NA,NA,62.3459152518797,73.3427229987403,86.890742691854
2023,NA,"2023",0.214637667535157,0.262074081367296,0.318245056388546,64.0308923288485,77.0570187362793,93.1395759082836,67.4156247751807,73.7236568816475,80.0155081456075,NA,NA,NA,67.4156247751807,73.7236568816475,80.0155081456075
2023,NA,"2023",0.0103636878176877,0.0157561047108172,0.0231466332269121,NA,NA,NA,73.2756038831381,104.369106878912,164.355557519715,NA,NA,NA,73.2756038831381,104.369106878912,164.355557519715
2023,NA,"2023",0.0151625167406605,0.0259957091430586,0.0434619994272804,NA,NA,NA,110.140788757494,151.133148061626,215.472971931262,NA,NA,NA,110.140788757494,151.133148061626,215.472971931262
2024,NA,"2024",0.0185949875235239,0.0304179363197657,0.0488365301643521,NA,NA,NA,59.694020586099,73.8727724043304,92.9232029722766,NA,NA,NA,59.694020586099,73.8727724043304,92.9232029722766
2024,NA,"2024",0.0362476227305333,0.0474145120207191,0.0618331707960002,NA,NA,NA,70.5534442932836,82.8681728924877,99.3025523526801,NA,NA,NA,70.5534442932836,82.8681728924877,99.3025523526801
2024,NA,"2024",0.215392375954155,0.26351961459334,0.319924087561676,64.4885274609204,77.412639391869,92.791561743055,67.6648223368719,73.8162718536147,80.4301236893668,NA,NA,NA,67.6648223368719,73.8162718536147,80.4301236893668
2024,NA,"2024",0.00927574857265575,0.0142487603620647,0.0205655010890555,NA,NA,NA,66.8357056539446,95.048250409843,149.338051508371,NA,NA,NA,66.8357056539446,95.048250409843,149.338051508371
2024,NA,"2024",0.0123127399308172,0.0209935840502557,0.0352208132547985,NA,NA,NA,88.2007303439293,122.021637493628,173.572162496467,NA,NA,NA,88.2007303439293,122.021637493628,173.572162496467
2025,NA,"2025",0.0194205159026618,0.0324191529119684,0.0523257311777747,NA,NA,NA,63.1557206545225,78.6467674488638,97.9094904689258,NA,NA,NA,63.1557206545225,78.6467674488638,97.9094904689258
2025,NA,"2025",0.0349392933916074,0.0452525912480339,0.0584665320121898,NA,NA,NA,67.2528962531682,79.5556183965405,94.3417058893268,NA,NA,NA,67.2528962531682,79.5556183965405,94.3417058893268
2025,NA,"2025",0.20991337804052,0.257865614569847,0.311695819001243,62.9626022024148,75.4163595629878,90.8841416497077,66.2646276486099,72.3119349403098,78.7033500500292,NA,NA,NA,66.2646276486099,72.3119349403098,78.7033500500292
2025,NA,"2025",0.010371883061439,0.0156640442877489,0.0228731818061288,NA,NA,NA,73.6002734759376,103.584777977768,162.411794616405,NA,NA,NA,73.6002734759376,103.584777977768,162.411794616405
2025,NA,"2025",0.0142069002490996,0.0248035260144653,0.041499497196437,NA,NA,NA,102.559869425687,143.979412754314,204.529898438833,NA,NA,NA,102.559869425687,143.979412754314,204.529898438833
2026,NA,"2026",NA,NA,NA,NA,NA,NA,NA,NA,NA,66.6379077434848,75.6339028525221,85.893514639699,66.6379077434848,75.6339028525221,85.893514639699
2026,NA,"2026",NA,NA,NA,NA,NA,NA,NA,NA,NA,63.3945876483307,72.4330982845216,82.5552879948354,63.3945876483307,72.4330982845216,82.5552879948354
2026,NA,"2026",NA,NA,NA,NA,NA,NA,NA,NA,NA,65.87444170863,72.3842947085481,79.5341208458926,65.87444170863,72.3842947085481,79.5341208458926
2026,NA,"2026",NA,NA,NA,NA,NA,NA,NA,NA,NA,77.0107237219387,95.6430156694238,119.281555342096,77.0107237219387,95.6430156694238,119.281555342096
2026,NA,"2026",NA,NA,NA,NA,NA,NA,NA,NA,NA,120.299483007595,144.330202672584,173.137309255799,120.299483007595,144.330202672584,173.137309255799
2027,NA,"2027",NA,NA,NA,NA,NA,NA,NA,NA,NA,63.3718497278822,73.2466074302196,84.6139207652868,63.3718497278822,73.2466074302196,84.6139207652868
2027,NA,"2027",NA,NA,NA,NA,NA,NA,NA,NA,NA,59.7932934861324,69.6004035202534,80.6617478780256,59.7932934861324,69.6004035202534,80.6617478780256
2027,NA,"2027",NA,NA,NA,NA,NA,NA,NA,NA,NA,63.0476004863738,70.094933986503,78.0452376423344,63.0476004863738,70.094933986503,78.0452376423344
2027,NA,"2027",NA,NA,NA,NA,NA,NA,NA,NA,NA,73.69909571967,94.1480358798921,120.983216158028,73.69909571967,94.1480358798921,120.983216158028
2027,NA,"2027",NA,NA,NA,NA,NA,NA,NA,NA,NA,118.801926116679,146.051679796817,179.890717366978,118.801926116679,146.051679796817,179.890717366978
2028,NA,"2028",NA,NA,NA,NA,NA,NA,NA,NA,NA,60.2276720038498,70.9504801304893,83.2489546874978,60.2276720038498,70.9504801304893,83.2489546874978
2028,NA,"2028",NA,NA,NA,NA,NA,NA,NA,NA,NA,56.3888863672854,66.7643305376877,78.8052031712853,56.3888863672854,66.7643305376877,78.8052031712853
2028,NA,"2028",NA,NA,NA,NA,NA,NA,NA,NA,NA,60.2702559981987,67.9101999973519,76.6127797169487,60.2702559981987,67.9101999973519,76.6127797169487
2028,NA,"2028",NA,NA,NA,NA,NA,NA,NA,NA,NA,70.5784165376903,92.7138964381226,122.404666550554,70.5784165376903,92.7138964381226,122.404666550554
2028,NA,"2028",NA,NA,NA,NA,NA,NA,NA,NA,NA,117.026842240996,148.08326058374,187.02119198022,117.026842240996,148.08326058374,187.02119198022
2029,NA,"2029",NA,NA,NA,NA,NA,NA,NA,NA,NA,57.3070715549799,68.6562433946033,82.0440573210227,57.3070715549799,68.6562433946033,82.0440573210227
2029,NA,"2029",NA,NA,NA,NA,NA,NA,NA,NA,NA,53.1301831815501,64.0324322977464,77.0577331480334,53.1301831815501,64.0324322977464,77.0577331480334
2029,NA,"2029",NA,NA,NA,NA,NA,NA,NA,NA,NA,57.5998653340874,65.8158099701485,75.2086084643881,57.5998653340874,65.8158099701485,75.2086084643881
2029,NA,"2029",NA,NA,NA,NA,NA,NA,NA,NA,NA,67.4907255825638,91.2039123567226,123.946840439582,67.4907255825638,91.2039123567226,123.946840439582
2029,NA,"2029",NA,NA,NA,NA,NA,NA,NA,NA,NA,115.508024777595,149.932722715205,194.507209566868,115.508024777595,149.932722715205,194.507209566868
2030,NA,"2030",NA,NA,NA,NA,NA,NA,NA,NA,NA,54.4129135058653,66.4808118992717,81.0134340406733,54.4129135058653,66.4808118992717,81.0134340406733
2030,NA,"2030",NA,NA,NA,NA,NA,NA,NA,NA,NA,50.0932544655312,61.49354543664,75.4292678837001,50.0932544655312,61.49354543664,75.4292678837001
2030,NA,"2030",NA,NA,NA,NA,NA,NA,NA,NA,NA,55.1161397372146,63.7946501049356,73.8586907774643,55.1161397372146,63.7946501049356,73.8586907774643
2030,NA,"2030",NA,NA,NA,NA,NA,NA,NA,NA,NA,64.4100719967429,89.8475489773895,125.90363576778,64.4100719967429,89.8475489773895,125.90363576778
2030,NA,"2030",NA,NA,NA,NA,NA,NA,NA,NA,NA,113.665188215426,151.79941817064,202.339524016568,113.665188215426,151.79941817064,202.339524016568
2031,NA,"2031",NA,NA,NA,NA,NA,NA,NA,NA,NA,51.6692285462998,64.4140109662171,79.8695090843666,51.6692285462998,64.4140109662171,79.8695090843666
2031,NA,"2031",NA,NA,NA,NA,NA,NA,NA,NA,NA,47.2369395898332,59.0426079961358,73.8222890332972,47.2369395898332,59.0426079961358,73.8222890332972
2031,NA,"2031",NA,NA,NA,NA,NA,NA,NA,NA,NA,52.7031969912014,61.8109619930396,72.521893635412,52.7031969912014,61.8109619930396,72.521893635412
2031,NA,"2031",NA,NA,NA,NA,NA,NA,NA,NA,NA,61.4460519984744,88.6136399231729,127.898371354398,61.4460519984744,88.6136399231729,127.898371354398
2031,NA,"2031",NA,NA,NA,NA,NA,NA,NA,NA,NA,112.09641155823,153.872704760235,210.456179034109,112.09641155823,153.872704760235,210.456179034109
2032,NA,"2032",NA,NA,NA,NA,NA,NA,NA,NA,NA,49.2426722337744,62.3818144088077,78.8312785021816,49.2426722337744,62.3818144088077,78.8312785021816
2032,NA,"2032",NA,NA,NA,NA,NA,NA,NA,NA,NA,44.5009970225719,56.6590784610053,72.2468440127206,44.5009970225719,56.6590784610053,72.2468440127206
2032,NA,"2032",NA,NA,NA,NA,NA,NA,NA,NA,NA,50.3808659354153,59.8972871036438,71.2841891889956,50.3808659354153,59.8972871036438,71.2841891889956
2032,NA,"2032",NA,NA,NA,NA,NA,NA,NA,NA,NA,58.6821504753682,87.307419068724,129.997689572084,58.6821504753682,87.307419068724,129.997689572084
2032,NA,"2032",NA,NA,NA,NA,NA,NA,NA,NA,NA,110.707002468499,155.932825650497,218.994348674014,110.707002468499,155.932825650497,218.994348674014
2033,NA,"2033",NA,NA,NA,NA,NA,NA,NA,NA,NA,46.8369798274906,60.4586067951171,77.7638055795073,46.8369798274906,60.4586067951171,77.7638055795073
2033,NA,"2033",NA,NA,NA,NA,NA,NA,NA,NA,NA,41.9117188523881,54.3719310506707,70.6957473975877,41.9117188523881,54.3719310506707,70.6957473975877
2033,NA,"2033",NA,NA,NA,NA,NA,NA,NA,NA,NA,48.13233525719,58.0586139953199,70.0443239056738,48.13233525719,58.0586139953199,70.0443239056738
2033,NA,"2033",NA,NA,NA,NA,NA,NA,NA,NA,NA,56.1234078890273,85.9782294596844,131.945396356036,56.1234078890273,85.9782294596844,131.945396356036
2033,NA,"2033",NA,NA,NA,NA,NA,NA,NA,NA,NA,109.003196682981,157.925379059091,227.951301715877,109.003196682981,157.925379059091,227.951301715877
