"timegroups","COMMON.NAME","timegroupsf","lci","mean","rci","lci_std","mean_std","rci_std","lci_std_recent","mean_std_recent","rci_std_recent","lci_ext_std","mean_ext_std","rci_ext_std","lci_std_comb","mean_std_comb","rci_std_comb"
1991,"Hill Partridge","before 2000",NA,NA,NA,NA,NA,NA,NA,NA,NA,NA,NA,NA,NA,NA,NA
2004,"Hill Partridge","2000-2006",NA,NA,NA,NA,NA,NA,NA,NA,NA,NA,NA,NA,NA,NA,NA
2009,"Hill Partridge","2007-2010",NA,NA,NA,NA,NA,NA,NA,NA,NA,NA,NA,NA,NA,NA,NA
2012,"Hill Partridge","2011-2012",NA,NA,NA,NA,NA,NA,NA,NA,NA,NA,NA,NA,NA,NA,NA
2013,"Hill Partridge","2013",NA,NA,NA,NA,NA,NA,NA,NA,NA,NA,NA,NA,NA,NA,NA
2014,"Hill Partridge","2014",NA,NA,NA,NA,NA,NA,NA,NA,NA,NA,NA,NA,NA,NA,NA
2015,"Hill Partridge","2015",0.00271263800495012,0.00620541581188452,0.011877208822768,NA,NA,NA,100,100,100,NA,NA,NA,100,100,100
2016,"Hill Partridge","2016",0.00287652166013776,0.0059743827182985,0.0100665402573659,NA,NA,NA,48.6317350773867,94.2635987031947,202.517991623682,NA,NA,NA,48.6317350773867,94.2635987031947,202.517991623682
2017,"Hill Partridge","2017",0.00322260450281926,0.00618272993493819,0.0103944601541988,NA,NA,NA,56.3007308653598,97.046528181302,214.684831711742,NA,NA,NA,56.3007308653598,97.046528181302,214.684831711742
2018,"Hill Partridge","2018",0.00451043375189484,0.00846242275892347,0.0141933360430577,NA,NA,NA,79.3869345162853,134.134980779567,280.875074691022,NA,NA,NA,79.3869345162853,134.134980779567,280.875074691022
2019,"Hill Partridge","2019",0.00549415289615758,0.00985036499591014,0.0157590424750491,NA,NA,NA,94.2240641943337,156.50310765463,329.78779856222,NA,NA,NA,94.2240641943337,156.50310765463,329.78779856222
2020,"Hill Partridge","2020",0.00238321782420773,0.00483164436852202,0.00812943772794961,NA,NA,NA,42.7196631752167,77.2126650398662,159.910911062956,NA,NA,NA,42.7196631752167,77.2126650398662,159.910911062956
2021,"Hill Partridge","2021",0.00486854786543439,0.00867421531417387,0.014217502804904,NA,NA,NA,81.289950838943,138.433870289246,289.881689293757,NA,NA,NA,81.289950838943,138.433870289246,289.881689293757
2022,"Hill Partridge","2022",0.00370619586857773,0.00709781182246091,0.0115791318124503,NA,NA,NA,66.0211843138895,112.853134741804,228.979336080407,NA,NA,NA,66.0211843138895,112.853134741804,228.979336080407
2023,"Hill Partridge","2023",0.00347090269560884,0.00618125060473905,0.0103312672060342,NA,NA,NA,57.6731818468371,100.343995683583,199.918449093633,NA,NA,NA,57.6731818468371,100.343995683583,199.918449093633
2024,"Hill Partridge","2024",0.00364479977230731,0.00671604969034411,0.0106971316407125,NA,NA,NA,62.296432180739,105.562898355777,211.573154472861,NA,NA,NA,62.296432180739,105.562898355777,211.573154472861
2025,"Hill Partridge","2025",0.00360412099818624,0.00621932403116611,0.00999714477508986,NA,NA,NA,60.4973254966532,99.5970212389841,201.013962806684,NA,NA,NA,60.4973254966532,99.5970212389841,201.013962806684
2026,"Hill Partridge","2026",NA,NA,NA,NA,NA,NA,NA,NA,NA,79.4507405476025,108.837304507713,148.737532806076,79.4507405476025,108.837304507713,148.737532806076
2027,"Hill Partridge","2027",NA,NA,NA,NA,NA,NA,NA,NA,NA,76.0225088595299,108.898788447775,155.275969994829,76.0225088595299,108.898788447775,155.275969994829
2028,"Hill Partridge","2028",NA,NA,NA,NA,NA,NA,NA,NA,NA,73.1639940033769,109.15948337999,162.235842981052,73.1639940033769,109.15948337999,162.235842981052
2029,"Hill Partridge","2029",NA,NA,NA,NA,NA,NA,NA,NA,NA,70.1869212064225,109.117286684069,170.358229521226,70.1869212064225,109.117286684069,170.358229521226
2030,"Hill Partridge","2030",NA,NA,NA,NA,NA,NA,NA,NA,NA,67.2710963577215,108.860058749228,177.991027846245,67.2710963577215,108.860058749228,177.991027846245
2031,"Hill Partridge","2031",NA,NA,NA,NA,NA,NA,NA,NA,NA,64.0548018085343,109.480432409031,185.890101375642,64.0548018085343,109.480432409031,185.890101375642
2032,"Hill Partridge","2032",NA,NA,NA,NA,NA,NA,NA,NA,NA,61.420150146339,109.108911870386,194.531141085396,61.420150146339,109.108911870386,194.531141085396
2033,"Hill Partridge","2033",NA,NA,NA,NA,NA,NA,NA,NA,NA,58.7982711400578,109.035466407671,203.406813118247,58.7982711400578,109.035466407671,203.406813118247
1991,"Himalayan Monal","before 2000",0.0230699196084734,0.042994166378105,0.0749562114057761,100,100,100,NA,NA,NA,NA,NA,NA,NA,NA,NA
2004,"Himalayan Monal","2000-2006",0.0164818062855953,0.0412201773730543,0.0818366414039206,43.9682112570738,94.8334016996623,183.064289747891,NA,NA,NA,NA,NA,NA,NA,NA,NA
2009,"Himalayan Monal","2007-2010",4.20748460908306e-09,0.00657545693915714,0.0196845323771633,9.24547554899102e-06,15.4500710698845,46.5711034128255,NA,NA,NA,NA,NA,NA,NA,NA,NA
2012,"Himalayan Monal","2011-2012",0.0190225075038122,0.0391511032947967,0.074470764737697,45.9911946220058,92.1741489891303,159.833599910696,NA,NA,NA,NA,NA,NA,NA,NA,NA
2013,"Himalayan Monal","2013",0.0109608396181895,0.0290862765885559,0.055291751695961,32.0674635892782,65.6784723344485,134.201002378243,NA,NA,NA,NA,NA,NA,NA,NA,NA
2014,"Himalayan Monal","2014",0.0171192506877222,0.0372909700360127,0.0660392925487856,44.2417781305875,84.5155897151102,160.864978842547,NA,NA,NA,NA,NA,NA,NA,NA,NA
2015,"Himalayan Monal","2015",0.00548789709907128,0.0121694153232933,0.0225804901836507,13.8530404973666,28.0745093011891,53.2445452976826,100,100,100,NA,NA,NA,100,100,100
2016,"Himalayan Monal","2016",0.00887101667493512,0.0157351842809213,0.0267376965952634,21.9675136487295,36.4406935089683,59.7053467573116,73.7892245320601,131.002783293597,256.585255906328,NA,NA,NA,73.7892245320601,131.002783293597,256.585255906328
2017,"Himalayan Monal","2017",0.0104982977890316,0.0174732918965669,0.0286165982568435,26.0727827356971,40.6901320890304,67.3204129356688,88.4129526323265,145.809598563722,265.754676898529,NA,NA,NA,88.4129526323265,145.809598563722,265.754676898529
2018,"Himalayan Monal","2018",0.00603811557572774,0.0106395585846678,0.0187350537552674,16.0234748117135,25.3949078435706,42.0629547635802,54.0217258877248,89.5496275892306,170.114456836508,NA,NA,NA,54.0217258877248,89.5496275892306,170.114456836508
2019,"Himalayan Monal","2019",0.00646137193632017,0.0106007979312236,0.0180147484973599,16.4061393651786,24.7534012654345,40.713048638407,53.7298998450461,89.3654230654276,170.852249142359,NA,NA,NA,53.7298998450461,89.3654230654276,170.852249142359
2020,"Himalayan Monal","2020",0.00555945168138175,0.00944012375781015,0.015984735698164,13.8182789112433,22.0396859211807,36.024013715413,45.6264641798446,79.1915489919997,153.797959714725,NA,NA,NA,45.6264641798446,79.1915489919997,153.797959714725
2021,"Himalayan Monal","2021",0.00297893036794211,0.005523431421897,0.00932185495832495,7.71673491124594,12.697593270617,21.7392742613559,26.7797937740671,45.2506847479508,87.4943447059171,NA,NA,NA,26.7797937740671,45.2506847479508,87.4943447059171
2022,"Himalayan Monal","2022",0.00550570629840494,0.00915353072504085,0.0152032774505332,13.9151558104335,21.4756482992832,32.8375254161919,45.3096945314528,76.9209536202058,145.116673072717,NA,NA,NA,45.3096945314528,76.9209536202058,145.116673072717
2023,"Himalayan Monal","2023",0.00640129497686392,0.0104642218938176,0.0174450657574152,15.9708373151093,24.526652775801,38.742077613693,51.5368434054979,87.312253423668,167.221850098205,NA,NA,NA,51.5368434054979,87.312253423668,167.221850098205
2024,"Himalayan Monal","2024",0.00651084031721839,0.0110464595001057,0.0182716955447324,16.704552105137,25.787464265081,41.7329837946569,56.2459768142761,92.5999334253599,174.333889070924,NA,NA,NA,56.2459768142761,92.5999334253599,174.333889070924
2025,"Himalayan Monal","2025",0.00541577624758152,0.00911596296550615,0.0150210865714085,13.8714991415335,21.2881558966084,32.7986814033192,46.8101236850483,75.9752627753916,142.11174311715,NA,NA,NA,46.8101236850483,75.9752627753916,142.11174311715
2026,"Himalayan Monal","2026",NA,NA,NA,NA,NA,NA,NA,NA,NA,45.6986542147037,66.0897606779182,94.7341473718517,45.6986542147037,66.0897606779182,94.7341473718517
2027,"Himalayan Monal","2027",NA,NA,NA,NA,NA,NA,NA,NA,NA,41.4828528924858,63.0427507213746,94.8562475244688,41.4828528924858,63.0427507213746,94.8562475244688
2028,"Himalayan Monal","2028",NA,NA,NA,NA,NA,NA,NA,NA,NA,37.5503712648677,60.134985137655,95.2149401177201,37.5503712648677,60.134985137655,95.2149401177201
2029,"Himalayan Monal","2029",NA,NA,NA,NA,NA,NA,NA,NA,NA,33.937070311894,57.3244221952838,95.4423648236585,33.937070311894,57.3244221952838,95.4423648236585
2030,"Himalayan Monal","2030",NA,NA,NA,NA,NA,NA,NA,NA,NA,30.7880057380374,54.6911101084571,96.1484973455113,30.7880057380374,54.6911101084571,96.1484973455113
2031,"Himalayan Monal","2031",NA,NA,NA,NA,NA,NA,NA,NA,NA,27.8002273029762,52.3814439943123,96.664798076805,27.8002273029762,52.3814439943123,96.664798076805
2032,"Himalayan Monal","2032",NA,NA,NA,NA,NA,NA,NA,NA,NA,25.1065773243666,49.9874674668099,97.2465471738851,25.1065773243666,49.9874674668099,97.2465471738851
2033,"Himalayan Monal","2033",NA,NA,NA,NA,NA,NA,NA,NA,NA,22.7336630495929,47.6235762407714,97.7555443407089,22.7336630495929,47.6235762407714,97.7555443407089
1991,"Koklass Pheasant","before 2000",0.0243763904876366,0.0442722338031556,0.0750868179206943,100,100,100,NA,NA,NA,NA,NA,NA,NA,NA,NA
2004,"Koklass Pheasant","2000-2006",1.0157523242095e-08,0.0100965524191203,0.0265154499706305,2.68964562729607e-05,23.0981998337296,61.2181032576129,NA,NA,NA,NA,NA,NA,NA,NA,NA
2009,"Koklass Pheasant","2007-2010",2.11652583509666e-08,0.0132697498967999,0.0335093647557162,4.75052766078367e-05,29.5093536336733,82.222253848385,NA,NA,NA,NA,NA,NA,NA,NA,NA
2012,"Koklass Pheasant","2011-2012",0.00826148681132793,0.0208225000603916,0.0395417664866882,21.1550074219274,47.4823686257661,90.2372135297654,NA,NA,NA,NA,NA,NA,NA,NA,NA
2013,"Koklass Pheasant","2013",0.00370034274877007,0.014646949824887,0.0321182300476679,10.1634110744239,33.1168983585727,73.0664899536207,NA,NA,NA,NA,NA,NA,NA,NA,NA
2014,"Koklass Pheasant","2014",0.00818076907192184,0.0204158127362575,0.0406947547961403,20.4725173554675,45.9113382444499,91.7422916384262,NA,NA,NA,NA,NA,NA,NA,NA,NA
2015,"Koklass Pheasant","2015",0.00403425194492968,0.00943930664845947,0.0173878256335165,10.0203614063672,21.1070844571742,39.3199629816662,100,100,100,NA,NA,NA,100,100,100
2016,"Koklass Pheasant","2016",0.0101284704436178,0.0172874248011632,0.0279526081578597,24.40734349053,38.6043131132096,63.6646808059663,104.663596744153,183.385094424711,383.513512664362,NA,NA,NA,104.663596744153,183.385094424711,383.513512664362
2017,"Koklass Pheasant","2017",0.0102280635093688,0.0171570144314278,0.0269787623478497,24.6265979227687,38.4067480191185,61.684712322723,104.715765715922,182.521438302117,382.893042111475,NA,NA,NA,104.715765715922,182.521438302117,382.893042111475
2018,"Koklass Pheasant","2018",0.00835722584195403,0.0145326735217623,0.0233225898998065,21.3901700911731,32.761406532493,51.559592016378,88.4688528615364,154.243259954208,332.565480316874,NA,NA,NA,88.4688528615364,154.243259954208,332.565480316874
2019,"Koklass Pheasant","2019",0.0055335809369385,0.00941302489655532,0.0145485581234662,13.801664356087,21.2251354995635,33.6679474995057,59.9802440852061,99.5279359265906,208.582346652344,NA,NA,NA,59.9802440852061,99.5279359265906,208.582346652344
2020,"Koklass Pheasant","2020",0.00907515807484842,0.0153244099760181,0.0241530725161376,21.9789400353105,34.9225710524817,55.4668895319911,96.9714700036357,163.763234520361,341.482909302131,NA,NA,NA,96.9714700036357,163.763234520361,341.482909302131
2021,"Koklass Pheasant","2021",0.00398840791127278,0.00701111009323924,0.0113381193486333,9.92969144699382,15.8589484382829,25.7779121552081,43.0991817957265,74.2360788154969,159.595056786177,NA,NA,NA,43.0991817957265,74.2360788154969,159.595056786177
2022,"Koklass Pheasant","2022",0.00512540605397283,0.00825793584326444,0.0133381191740731,12.0560778317796,18.8412282664086,30.3143931250998,53.083597673063,88.5629100647313,184.866146458502,NA,NA,NA,53.083597673063,88.5629100647313,184.866146458502
2023,"Koklass Pheasant","2023",0.00580014260600318,0.00952744720049692,0.0151422720159249,14.30836227026,21.719323991947,34.2566011703134,60.0603719694444,101.294321407306,212.825509954371,NA,NA,NA,60.0603719694444,101.294321407306,212.825509954371
2024,"Koklass Pheasant","2024",0.00458502570210122,0.00755953349377737,0.0123814090072902,10.9961963588948,17.0743289964241,27.0880094114518,47.8768801576187,80.5241568077988,160.632977964845,NA,NA,NA,47.8768801576187,80.5241568077988,160.632977964845
2025,"Koklass Pheasant","2025",0.0047513484620272,0.00790611401869164,0.0123323499993591,11.88443953785,17.8292295936611,27.2018501075059,51.0407396653023,83.133767234191,167.952801208186,NA,NA,NA,51.0407396653023,83.133767234191,167.952801208186
2026,"Koklass Pheasant","2026",NA,NA,NA,NA,NA,NA,NA,NA,NA,51.9690667041028,75.1575760772379,108.695146403331,51.9690667041028,75.1575760772379,108.695146403331
2027,"Koklass Pheasant","2027",NA,NA,NA,NA,NA,NA,NA,NA,NA,46.3697661582131,70.5111530784903,107.193238659592,46.3697661582131,70.5111530784903,107.193238659592
2028,"Koklass Pheasant","2028",NA,NA,NA,NA,NA,NA,NA,NA,NA,41.2351944807621,66.2218967311801,105.861471415833,41.2351944807621,66.2218967311801,105.861471415833
2029,"Koklass Pheasant","2029",NA,NA,NA,NA,NA,NA,NA,NA,NA,36.6252384729783,61.982192518841,104.724278650695,36.6252384729783,61.982192518841,104.724278650695
2030,"Koklass Pheasant","2030",NA,NA,NA,NA,NA,NA,NA,NA,NA,32.5425846115209,57.9457852627809,103.314314893578,32.5425846115209,57.9457852627809,103.314314893578
2031,"Koklass Pheasant","2031",NA,NA,NA,NA,NA,NA,NA,NA,NA,28.9125517829467,54.2177349399245,101.887150390469,28.9125517829467,54.2177349399245,101.887150390469
2032,"Koklass Pheasant","2032",NA,NA,NA,NA,NA,NA,NA,NA,NA,25.6263750874286,50.872916628755,100.802601071549,25.6263750874286,50.872916628755,100.802601071549
2033,"Koklass Pheasant","2033",NA,NA,NA,NA,NA,NA,NA,NA,NA,22.6373725877319,47.6311964869997,99.5521527971881,22.6373725877319,47.6311964869997,99.5521527971881
1991,"Indian Peafowl","before 2000",NA,NA,NA,NA,NA,NA,NA,NA,NA,NA,NA,NA,NA,NA,NA
2004,"Indian Peafowl","2000-2006",NA,NA,NA,NA,NA,NA,NA,NA,NA,NA,NA,NA,NA,NA,NA
2009,"Indian Peafowl","2007-2010",NA,NA,NA,NA,NA,NA,NA,NA,NA,NA,NA,NA,NA,NA,NA
2012,"Indian Peafowl","2011-2012",NA,NA,NA,NA,NA,NA,NA,NA,NA,NA,NA,NA,NA,NA,NA
2013,"Indian Peafowl","2013",NA,NA,NA,NA,NA,NA,NA,NA,NA,NA,NA,NA,NA,NA,NA
2014,"Indian Peafowl","2014",NA,NA,NA,NA,NA,NA,NA,NA,NA,NA,NA,NA,NA,NA,NA
2015,"Indian Peafowl","2015",0.015726961110051,0.0282775429528084,0.050465124837656,NA,NA,NA,100,100,100,NA,NA,NA,100,100,100
2016,"Indian Peafowl","2016",0.0134847242753149,0.0238107219874007,0.0405286688145628,NA,NA,NA,58.1936072268965,83.3854775158037,120.906393840657,NA,NA,NA,58.1936072268965,83.3854775158037,120.906393840657
2017,"Indian Peafowl","2017",0.019540784831506,0.0320764252496246,0.0537236298554266,NA,NA,NA,82.5780322433157,112.926798480042,157.554428127007,NA,NA,NA,82.5780322433157,112.926798480042,157.554428127007
2018,"Indian Peafowl","2018",0.02088344354168,0.0351125914959971,0.0581645049485103,NA,NA,NA,88.1227356180476,122.443502113694,169.824633469956,NA,NA,NA,88.1227356180476,122.443502113694,169.824633469956
2019,"Indian Peafowl","2019",0.0183681576591259,0.0314662422861698,0.0520068821351374,NA,NA,NA,80.4086030426056,109.934132176775,153.716477904191,NA,NA,NA,80.4086030426056,109.934132176775,153.716477904191
2020,"Indian Peafowl","2020",0.0124420146479371,0.0212632838810968,0.0358586822815648,NA,NA,NA,53.0670754211556,74.5638624331356,109.47652402147,NA,NA,NA,53.0670754211556,74.5638624331356,109.47652402147
2021,"Indian Peafowl","2021",0.0177781319183701,0.0290437914634808,0.0489946776257595,NA,NA,NA,76.7523348097035,102.861220118625,142.291570293147,NA,NA,NA,76.7523348097035,102.861220118625,142.291570293147
2022,"Indian Peafowl","2022",0.0162631778493467,0.0272233096652533,0.0448829783702267,NA,NA,NA,69.379676080973,95.1022380469527,133.130302779455,NA,NA,NA,69.379676080973,95.1022380469527,133.130302779455
2023,"Indian Peafowl","2023",0.0207870109171682,0.0334245145102573,0.0549781455449919,NA,NA,NA,86.365889133529,117.493914022594,164.126926810659,NA,NA,NA,86.365889133529,117.493914022594,164.126926810659
2024,"Indian Peafowl","2024",0.0205834500982624,0.0335084159502182,0.055313997245191,NA,NA,NA,86.8674543199656,117.821258746426,163.04135662281,NA,NA,NA,86.8674543199656,117.821258746426,163.04135662281
2025,"Indian Peafowl","2025",0.0232786280294363,0.0382545427664956,0.0628741920050145,NA,NA,NA,100.533859758071,133.761113350471,183.929494933039,NA,NA,NA,100.533859758071,133.761113350471,183.929494933039
2026,"Indian Peafowl","2026",NA,NA,NA,NA,NA,NA,NA,NA,NA,95.7451060930643,119.524225149876,150.77579984431,95.7451060930643,119.524225149876,150.77579984431
2027,"Indian Peafowl","2027",NA,NA,NA,NA,NA,NA,NA,NA,NA,94.9728525534303,122.29790735238,159.06382659207,94.9728525534303,122.29790735238,159.06382659207
2028,"Indian Peafowl","2028",NA,NA,NA,NA,NA,NA,NA,NA,NA,93.9862361425632,125.002507260749,167.41378383612,93.9862361425632,125.002507260749,167.41378383612
2029,"Indian Peafowl","2029",NA,NA,NA,NA,NA,NA,NA,NA,NA,92.9577537287856,127.837221199039,176.736849514659,92.9577537287856,127.837221199039,176.736849514659
2030,"Indian Peafowl","2030",NA,NA,NA,NA,NA,NA,NA,NA,NA,91.9135918888486,130.768519864555,187.046506590324,91.9135918888486,130.768519864555,187.046506590324
2031,"Indian Peafowl","2031",NA,NA,NA,NA,NA,NA,NA,NA,NA,91.0097186917315,133.588939066043,197.31633533331,91.0097186917315,133.588939066043,197.31633533331
2032,"Indian Peafowl","2032",NA,NA,NA,NA,NA,NA,NA,NA,NA,89.9204297800964,136.625922350115,208.403117936951,89.9204297800964,136.625922350115,208.403117936951
2033,"Indian Peafowl","2033",NA,NA,NA,NA,NA,NA,NA,NA,NA,88.86231226922,139.700886059832,219.877122413331,88.86231226922,139.700886059832,219.877122413331
1991,"Black Francolin","before 2000",0.0367400951974117,0.0594484621516782,0.0895177850320134,100,100,100,NA,NA,NA,NA,NA,NA,NA,NA,NA
2004,"Black Francolin","2000-2006",0.0113540205251567,0.0242646543899114,0.0419289130458217,21.0892947275922,40.2837237960312,72.4292057398852,NA,NA,NA,NA,NA,NA,NA,NA,NA
2009,"Black Francolin","2007-2010",0.013100664791616,0.0303387456726627,0.0557741451669001,23.4373853330443,50.6669515574825,95.566651994072,NA,NA,NA,NA,NA,NA,NA,NA,NA
2012,"Black Francolin","2011-2012",0.0064983145562427,0.0161384937282589,0.0315905631445665,11.0221492674973,26.940743614138,53.0258104112074,NA,NA,NA,NA,NA,NA,NA,NA,NA
2013,"Black Francolin","2013",0.00351863917417205,0.0113626747011265,0.0218433074636776,6.6074795477766,18.8910424929944,37.3118458469511,NA,NA,NA,NA,NA,NA,NA,NA,NA
2014,"Black Francolin","2014",0.0111789400738753,0.0240788221545618,0.0409640903563838,19.0977291042585,40.3618826672248,70.1891783631104,NA,NA,NA,NA,NA,NA,NA,NA,NA
2015,"Black Francolin","2015",0.023208252040988,0.0362411377542956,0.053734664089488,40.3891926020565,60.7639856544337,93.1521295666198,100,100,100,NA,NA,NA,100,100,100
2016,"Black Francolin","2016",0.0184576270006636,0.027076798763972,0.039362341665891,31.9627714056731,45.5495201538308,66.9649547475418,52.7790118212275,74.500229360457,107.808649057969,NA,NA,NA,52.7790118212275,74.500229360457,107.808649057969
2017,"Black Francolin","2017",0.0159979042811838,0.0232213244890831,0.0334481277555458,28.166393915396,39.0592409178978,57.8879723213442,46.2851591729118,64.2498471514713,89.6457337278253,NA,NA,NA,46.2851591729118,64.2498471514713,89.6457337278253
2018,"Black Francolin","2018",0.0288084448100272,0.0409039087808325,0.0576886339237418,49.9763179042016,69.1768424500509,97.5200701114004,82.9299638885465,113.742462323167,157.251991541207,NA,NA,NA,82.9299638885465,113.742462323167,157.251991541207
2019,"Black Francolin","2019",0.0280448304167184,0.0384359423502858,0.0548100055322103,46.3877011561842,65.5112545674935,92.4113045293909,79.434702435532,106.694156519623,147.528389601894,NA,NA,NA,79.434702435532,106.694156519623,147.528389601894
2020,"Black Francolin","2020",0.0279023217346168,0.0397137531491496,0.0559222148591333,47.1713952629723,67.1180443739425,95.7230623887152,81.0526366778076,110.155390285809,156.6143595175,NA,NA,NA,81.0526366778076,110.155390285809,156.6143595175
2021,"Black Francolin","2021",0.0316626241936125,0.0436469414557239,0.0615600165515394,54.5098568740052,73.7251930135765,103.636918273439,91.7272519905152,120.200326993271,165.448111854685,NA,NA,NA,91.7272519905152,120.200326993271,165.448111854685
2022,"Black Francolin","2022",0.0271438778100538,0.0380211873756807,0.0534494787874484,47.401197497802,63.8992843112496,89.5771001216876,78.8729831914232,103.983385097932,144.550205872825,NA,NA,NA,78.8729831914232,103.983385097932,144.550205872825
2023,"Black Francolin","2023",0.0262617692892523,0.0361560232154533,0.0507716298489709,44.9522490658419,61.3327472040414,85.1882786614352,74.2454174003594,100.653607335773,139.712633250093,NA,NA,NA,74.2454174003594,100.653607335773,139.712633250093
2024,"Black Francolin","2024",0.0306565352121466,0.0420719671122964,0.0587562974840888,51.4264574001833,71.0951397481514,99.2518738921185,87.9426605980682,116.461407269494,158.466783416607,NA,NA,NA,87.9426605980682,116.461407269494,158.466783416607
2025,"Black Francolin","2025",0.0281926665847973,0.0383825550076742,0.0539408254071152,47.9143641153204,64.6174222426335,91.751997211303,80.5222946583842,107.065809586576,141.951747606989,NA,NA,NA,80.5222946583842,107.065809586576,141.951747606989
2026,"Black Francolin","2026",NA,NA,NA,NA,NA,NA,NA,NA,NA,95.1983531915355,120.595228002574,152.913887864116,95.1983531915355,120.595228002574,152.913887864116
2027,"Black Francolin","2027",NA,NA,NA,NA,NA,NA,NA,NA,NA,95.1956826899058,124.502299113272,162.766676115022,95.1956826899058,124.502299113272,162.766676115022
2028,"Black Francolin","2028",NA,NA,NA,NA,NA,NA,NA,NA,NA,94.9943312904893,128.422587960015,173.965157796525,94.9943312904893,128.422587960015,173.965157796525
2029,"Black Francolin","2029",NA,NA,NA,NA,NA,NA,NA,NA,NA,94.9190765959496,132.621954384748,185.558934949486,94.9190765959496,132.621954384748,185.558934949486
2030,"Black Francolin","2030",NA,NA,NA,NA,NA,NA,NA,NA,NA,94.6021038930884,136.605387378474,198.038141034996,94.6021038930884,136.605387378474,198.038141034996
2031,"Black Francolin","2031",NA,NA,NA,NA,NA,NA,NA,NA,NA,94.3489374665729,141.076360687042,211.418593877081,94.3489374665729,141.076360687042,211.418593877081
2032,"Black Francolin","2032",NA,NA,NA,NA,NA,NA,NA,NA,NA,93.9764658593953,145.766000883175,225.934673115957,93.9764658593953,145.766000883175,225.934673115957
2033,"Black Francolin","2033",NA,NA,NA,NA,NA,NA,NA,NA,NA,93.6500520424535,150.43135007439,240.928076977362,93.6500520424535,150.43135007439,240.928076977362
1991,"Himalayan Snowcock","before 2000",0.164975642888623,0.338697132327088,0.573722752692555,100,100,100,NA,NA,NA,NA,NA,NA,NA,NA,NA
2004,"Himalayan Snowcock","2000-2006",0.0142007791055381,0.0386417460835585,0.0842927004337529,5.07625601376576,11.4210354795372,23.0118445857623,NA,NA,NA,NA,NA,NA,NA,NA,NA
2009,"Himalayan Snowcock","2007-2010",0.021630354341212,0.0673333094954709,0.162976519229717,8.32708796490265,19.9147606681464,42.2203855903362,NA,NA,NA,NA,NA,NA,NA,NA,NA
2012,"Himalayan Snowcock","2011-2012",0.00497263983013955,0.0170539386071747,0.0388428552645357,1.8562268884568,5.15457445560228,10.361346806472,NA,NA,NA,NA,NA,NA,NA,NA,NA
2013,"Himalayan Snowcock","2013",0.0105277802724098,0.0309777813432516,0.0731126523764784,3.79510286714097,9.24181525682685,18.3352409982414,NA,NA,NA,NA,NA,NA,NA,NA,NA
2014,"Himalayan Snowcock","2014",0.00353728498828183,0.0112525459489865,0.0265530540172361,1.18073981607408,3.40915956118449,7.04466765872421,NA,NA,NA,NA,NA,NA,NA,NA,NA
2015,"Himalayan Snowcock","2015",0.00239598850123312,0.0085317657511817,0.0199000465910661,0.756192973574875,2.53697464796687,5.28770949628512,100,100,100,NA,NA,NA,100,100,100
2016,"Himalayan Snowcock","2016",0.00547166530330889,0.0132921689539791,0.0270862547889046,2.17335704559223,4.01632018234157,6.7742591745184,74.5611531839735,157.817517157292,397.560147246716,NA,NA,NA,74.5611531839735,157.817517157292,397.560147246716
2017,"Himalayan Snowcock","2017",0.00410819341866432,0.00981677712258523,0.0205507333447966,1.54433448374852,2.98116839454688,5.07352958290016,50.6046667189109,116.34413894435,346.680997358239,NA,NA,NA,50.6046667189109,116.34413894435,346.680997358239
2018,"Himalayan Snowcock","2018",0.00565187575933118,0.013344348335115,0.0274785155362296,2.21697237562909,4.06195772452319,6.63839488055758,77.9923605325518,156.163308066014,446.764181933296,NA,NA,NA,77.9923605325518,156.163308066014,446.764181933296
2019,"Himalayan Snowcock","2019",0.00643151087994447,0.0143550770866681,0.0291391571016874,2.58034805091002,4.3199781111739,7.16779003323679,82.2989427252653,168.812473244063,470.42379380515,NA,NA,NA,82.2989427252653,168.812473244063,470.42379380515
2020,"Himalayan Snowcock","2020",0.00917081290515056,0.02164577583488,0.0442360703174735,3.50157125156533,6.49376716458707,10.7407142387811,120.512662765318,254.322877111209,717.443104245252,NA,NA,NA,120.512662765318,254.322877111209,717.443104245252
2021,"Himalayan Snowcock","2021",0.00906236257470066,0.0208392874889269,0.0404806710959257,3.69192222069085,6.29581446903822,9.84942132850041,128.050760941174,246.069007218217,641.453070162177,NA,NA,NA,128.050760941174,246.069007218217,641.453070162177
2022,"Himalayan Snowcock","2022",0.00528977422647104,0.0111047175885468,0.0226805286899491,1.97227706722543,3.37659192812966,5.27764733846001,69.6688505798674,130.431775102614,348.808579261674,NA,NA,NA,69.6688505798674,130.431775102614,348.808579261674
2023,"Himalayan Snowcock","2023",0.00546222565477001,0.0120018656497418,0.0239884475928399,2.13579048266732,3.62904323106028,5.66918089257876,69.5009187398955,140.960551692303,394.727324294522,NA,NA,NA,69.5009187398955,140.960551692303,394.727324294522
2024,"Himalayan Snowcock","2024",0.00747398200430547,0.0156586630608148,0.0305657008063206,2.88245308998795,4.71772610465643,7.50801491522277,95.4476405187822,184.258018762221,499.199782595556,NA,NA,NA,95.4476405187822,184.258018762221,499.199782595556
2025,"Himalayan Snowcock","2025",0.00704194077364897,0.0151686161486327,0.0303160991207867,2.76909377797536,4.57031014386822,6.95944192752951,93.2692262287172,177.782824203421,480.813528686019,NA,NA,NA,93.2692262287172,177.782824203421,480.813528686019
2026,"Himalayan Snowcock","2026",NA,NA,NA,NA,NA,NA,NA,NA,NA,138.337524008681,201.2748998962,294.494105479442,138.337524008681,201.2748998962,294.494105479442
2027,"Himalayan Snowcock","2027",NA,NA,NA,NA,NA,NA,NA,NA,NA,136.704961178945,209.547051101957,323.184494921424,136.704961178945,209.547051101957,323.184494921424
2028,"Himalayan Snowcock","2028",NA,NA,NA,NA,NA,NA,NA,NA,NA,135.149376891411,217.92420865208,352.952290700397,135.149376891411,217.92420865208,352.952290700397
2029,"Himalayan Snowcock","2029",NA,NA,NA,NA,NA,NA,NA,NA,NA,133.286333355445,226.577201043864,386.025709530015,133.286333355445,226.577201043864,386.025709530015
2030,"Himalayan Snowcock","2030",NA,NA,NA,NA,NA,NA,NA,NA,NA,131.212107827414,235.791227823756,423.069429936252,131.212107827414,235.791227823756,423.069429936252
2031,"Himalayan Snowcock","2031",NA,NA,NA,NA,NA,NA,NA,NA,NA,129.522088716688,245.042884923048,464.605094759883,129.522088716688,245.042884923048,464.605094759883
2032,"Himalayan Snowcock","2032",NA,NA,NA,NA,NA,NA,NA,NA,NA,127.637194292308,254.302672257737,508.55300657993,127.637194292308,254.302672257737,508.55300657993
2033,"Himalayan Snowcock","2033",NA,NA,NA,NA,NA,NA,NA,NA,NA,125.9287373213,263.997604573558,560.840264220289,125.9287373213,263.997604573558,560.840264220289
1991,"Jungle Bush-Quail","before 2000",NA,NA,NA,NA,NA,NA,NA,NA,NA,NA,NA,NA,NA,NA,NA
2004,"Jungle Bush-Quail","2000-2006",NA,NA,NA,NA,NA,NA,NA,NA,NA,NA,NA,NA,NA,NA,NA
2009,"Jungle Bush-Quail","2007-2010",NA,NA,NA,NA,NA,NA,NA,NA,NA,NA,NA,NA,NA,NA,NA
2012,"Jungle Bush-Quail","2011-2012",NA,NA,NA,NA,NA,NA,NA,NA,NA,NA,NA,NA,NA,NA,NA
2013,"Jungle Bush-Quail","2013",NA,NA,NA,NA,NA,NA,NA,NA,NA,NA,NA,NA,NA,NA,NA
2014,"Jungle Bush-Quail","2014",NA,NA,NA,NA,NA,NA,NA,NA,NA,NA,NA,NA,NA,NA,NA
2015,"Jungle Bush-Quail","2015",0.00195816731748244,0.00975063341726733,0.0222281159569665,NA,NA,NA,100,100,100,NA,NA,NA,100,100,100
2016,"Jungle Bush-Quail","2016",0.00316339422422348,0.0103168108779759,0.023006479348661,NA,NA,NA,37.3093642177151,107.392620741235,510.638005232789,NA,NA,NA,37.3093642177151,107.392620741235,510.638005232789
2017,"Jungle Bush-Quail","2017",0.00441455949681045,0.0102932424715003,0.0198305209208236,NA,NA,NA,46.3137921631165,107.98101253068,437.950527918772,NA,NA,NA,46.3137921631165,107.98101253068,437.950527918772
2018,"Jungle Bush-Quail","2018",0.00265344273186721,0.00689711044769191,0.0139516346693174,NA,NA,NA,25.8096562543314,72.0278293061095,329.692890590811,NA,NA,NA,25.8096562543314,72.0278293061095,329.692890590811
2019,"Jungle Bush-Quail","2019",0.00236667137534364,0.00574394566653785,0.0112024705960446,NA,NA,NA,22.8018698388493,60.891391767824,259.795511692385,NA,NA,NA,22.8018698388493,60.891391767824,259.795511692385
2020,"Jungle Bush-Quail","2020",0.00125471496961025,0.0037634915956814,0.00745181290456673,NA,NA,NA,12.6243598491833,37.9776826128303,181.718787408379,NA,NA,NA,12.6243598491833,37.9776826128303,181.718787408379
2021,"Jungle Bush-Quail","2021",0.00255139290435308,0.00613781450564403,0.0114949411027581,NA,NA,NA,22.3281155661752,63.8563884082924,304.321269768989,NA,NA,NA,22.3281155661752,63.8563884082924,304.321269768989
2022,"Jungle Bush-Quail","2022",7.13378034011314e-11,0.000527412532498986,0.00185357606736226,NA,NA,NA,7.31761949057266e-07,5.5930544668665,32.0211629607024,NA,NA,NA,7.31761949057266e-07,5.5930544668665,32.0211629607024
2023,"Jungle Bush-Quail","2023",0.00295818354041717,0.00706233512222814,0.0128922568777212,NA,NA,NA,27.6401911751622,71.6457380217574,314.272291121717,NA,NA,NA,27.6401911751622,71.6457380217574,314.272291121717
2024,"Jungle Bush-Quail","2024",0.00278433090937643,0.006849217923296,0.0130148244554674,NA,NA,NA,27.0836501655845,70.3056072909449,284.202698871662,NA,NA,NA,27.0836501655845,70.3056072909449,284.202698871662
2025,"Jungle Bush-Quail","2025",0.00338842790718421,0.00739688682391325,0.0132972268206131,NA,NA,NA,31.7219582482023,76.3959461970067,325.543014265411,NA,NA,NA,31.7219582482023,76.3959461970067,325.543014265411
2026,"Jungle Bush-Quail","2026",NA,NA,NA,NA,NA,NA,NA,NA,NA,10.7699403687533,31.3530171286958,115.958178450423,10.7699403687533,31.3530171286958,115.958178450423
2027,"Jungle Bush-Quail","2027",NA,NA,NA,NA,NA,NA,NA,NA,NA,8.60231166729357,28.7458211690176,123.585014344657,8.60231166729357,28.7458211690176,123.585014344657
2028,"Jungle Bush-Quail","2028",NA,NA,NA,NA,NA,NA,NA,NA,NA,6.81664927452175,26.4481573282748,132.331753046492,6.81664927452175,26.4481573282748,132.331753046492
2029,"Jungle Bush-Quail","2029",NA,NA,NA,NA,NA,NA,NA,NA,NA,5.36703909760534,24.134934761313,142.621279558326,5.36703909760534,24.134934761313,142.621279558326
2030,"Jungle Bush-Quail","2030",NA,NA,NA,NA,NA,NA,NA,NA,NA,4.25002515902966,22.026255828943,151.798449434007,4.25002515902966,22.026255828943,151.798449434007
2031,"Jungle Bush-Quail","2031",NA,NA,NA,NA,NA,NA,NA,NA,NA,3.37223455293347,20.2022569076222,164.547975728949,3.37223455293347,20.2022569076222,164.547975728949
2032,"Jungle Bush-Quail","2032",NA,NA,NA,NA,NA,NA,NA,NA,NA,2.66162052744881,18.4990993083806,177.754216905962,2.66162052744881,18.4990993083806,177.754216905962
2033,"Jungle Bush-Quail","2033",NA,NA,NA,NA,NA,NA,NA,NA,NA,2.11429567841622,16.8989279068752,191.106695713238,2.11429567841622,16.8989279068752,191.106695713238
1991,"Greater Coucal","before 2000",8.50008960698048e-10,0.00174288486245613,0.00586433391519206,100,100,100,NA,NA,NA,NA,NA,NA,NA,NA,NA
2004,"Greater Coucal","2000-2006",1.80331840736091e-09,0.00609543584696646,0.0198110419188267,0.000132915014751431,336.234118974915,757946291.877181,NA,NA,NA,NA,NA,NA,NA,NA,NA
2009,"Greater Coucal","2007-2010",2.02432967914956e-09,0.00428609929878928,0.0179979175595017,0.000122081095825158,231.470798561639,536887286.624393,NA,NA,NA,NA,NA,NA,NA,NA,NA
2012,"Greater Coucal","2011-2012",0.00886288489786472,0.0314437261294688,0.0646981204815634,364.466820314223,1802.97792374601,3775580928.02152,NA,NA,NA,NA,NA,NA,NA,NA,NA
2013,"Greater Coucal","2013",7.79198784198759e-09,0.0186596092032578,0.0500431050005055,0.00340362318738562,1047.66508375722,2141906596.09844,NA,NA,NA,NA,NA,NA,NA,NA,NA
2014,"Greater Coucal","2014",1.59165124960026e-09,0.00314860424040023,0.0110081255168028,0.000101096273133859,179.056013476746,369680295.779571,NA,NA,NA,NA,NA,NA,NA,NA,NA
2015,"Greater Coucal","2015",0.00553630030131422,0.0120725823066976,0.0213780439529116,183.826139543092,695.755739381584,1367437977.53972,100,100,100,NA,NA,NA,100,100,100
2016,"Greater Coucal","2016",0.0108136268131102,0.0193091520522194,0.0311803540589346,310.294414668688,1092.01562027831,2093556178.67049,89.3576336244733,159.636242258733,311.048665339447,NA,NA,NA,89.3576336244733,159.636242258733,311.048665339447
2017,"Greater Coucal","2017",0.01411473640274,0.0231128602442808,0.0357070471998643,383.672349657165,1312.85106057076,2568947799.78592,118.215677869059,191.287872365366,345.974953671617,NA,NA,NA,118.215677869059,191.287872365366,345.974953671617
2018,"Greater Coucal","2018",0.0138501986456963,0.0228855378236869,0.0356399019339263,399.333434910062,1286.35826265601,2323744943.68572,111.002795846709,190.516159893317,351.678737435048,NA,NA,NA,111.002795846709,190.516159893317,351.678737435048
2019,"Greater Coucal","2019",0.00988723544005767,0.0166104114061332,0.0252225920958055,285.91841613311,936.785115713288,1763461213.30154,81.3932156839624,136.042424921119,257.496128945728,NA,NA,NA,81.3932156839624,136.042424921119,257.496128945728
2020,"Greater Coucal","2020",0.0118806682291498,0.0200168120392136,0.0301113635006338,335.248575756789,1100.34838243075,2076826351.40682,99.2700034718331,163.148581402997,319.670853809015,NA,NA,NA,99.2700034718331,163.148581402997,319.670853809015
2021,"Greater Coucal","2021",0.01153863855323,0.0185848845556421,0.0291845167699848,327.0260874141,1059.26795182755,1894308476.24274,93.3485889013294,153.697269858332,302.875754202313,NA,NA,NA,93.3485889013294,153.697269858332,302.875754202313
2022,"Greater Coucal","2022",0.0144748074398765,0.0227889737912307,0.0342624550253444,398.644372799236,1301.15108377413,2364895653.90057,113.75634038114,186.741047183412,359.452995939041,NA,NA,NA,113.75634038114,186.741047183412,359.452995939041
2023,"Greater Coucal","2023",0.0131708800492157,0.0213670061480021,0.0325182107886991,364.418705000931,1198.59947359439,2197845845.88691,104.198955356355,174.348040685894,336.69714178666,NA,NA,NA,104.198955356355,174.348040685894,336.69714178666
2024,"Greater Coucal","2024",0.00999691602330613,0.0164104731324728,0.0248892934108753,282.274969539774,929.660087458518,1699735067.15161,79.0923073182378,134.284609898559,259.279135925994,NA,NA,NA,79.0923073182378,134.284609898559,259.279135925994
2025,"Greater Coucal","2025",0.011482033138221,0.0186763137210905,0.0279205606224421,326.464583827279,1043.94418160622,1864717820.9757,93.8183049865707,151.918697389816,276.525170840771,NA,NA,NA,93.8183049865707,151.918697389816,276.525170840771
2026,"Greater Coucal","2026",NA,NA,NA,NA,NA,NA,NA,NA,NA,125.881168641321,165.819966494306,219.440305665579,125.881168641321,165.819966494306,219.440305665579
2027,"Greater Coucal","2027",NA,NA,NA,NA,NA,NA,NA,NA,NA,123.213634596116,167.366072622331,230.354428713085,123.213634596116,167.366072622331,230.354428713085
2028,"Greater Coucal","2028",NA,NA,NA,NA,NA,NA,NA,NA,NA,120.481666309184,169.660822615138,241.868579744706,120.481666309184,169.660822615138,241.868579744706
2029,"Greater Coucal","2029",NA,NA,NA,NA,NA,NA,NA,NA,NA,116.428999006061,171.73350555184,254.935492387296,116.428999006061,171.73350555184,254.935492387296
2030,"Greater Coucal","2030",NA,NA,NA,NA,NA,NA,NA,NA,NA,113.585507824278,173.967942655718,268.305876612323,113.585507824278,173.967942655718,268.305876612323
2031,"Greater Coucal","2031",NA,NA,NA,NA,NA,NA,NA,NA,NA,110.017926609857,176.043293058615,281.237788123383,110.017926609857,176.043293058615,281.237788123383
2032,"Greater Coucal","2032",NA,NA,NA,NA,NA,NA,NA,NA,NA,106.827122020306,177.898909487035,295.562060635061,106.827122020306,177.898909487035,295.562060635061
2033,"Greater Coucal","2033",NA,NA,NA,NA,NA,NA,NA,NA,NA,103.755626078787,179.946345465817,311.63876422009,103.755626078787,179.946345465817,311.63876422009
1991,"Asian Koel","before 2000",NA,NA,NA,NA,NA,NA,NA,NA,NA,NA,NA,NA,NA,NA,NA
2004,"Asian Koel","2000-2006",NA,NA,NA,NA,NA,NA,NA,NA,NA,NA,NA,NA,NA,NA,NA
2009,"Asian Koel","2007-2010",NA,NA,NA,NA,NA,NA,NA,NA,NA,NA,NA,NA,NA,NA,NA
2012,"Asian Koel","2011-2012",NA,NA,NA,NA,NA,NA,NA,NA,NA,NA,NA,NA,NA,NA,NA
2013,"Asian Koel","2013",NA,NA,NA,NA,NA,NA,NA,NA,NA,NA,NA,NA,NA,NA,NA
2014,"Asian Koel","2014",NA,NA,NA,NA,NA,NA,NA,NA,NA,NA,NA,NA,NA,NA,NA
2015,"Asian Koel","2015",0.0296279777057399,0.0456587920155035,0.0652783849610589,NA,NA,NA,100,100,100,NA,NA,NA,100,100,100
2016,"Asian Koel","2016",0.031336260706312,0.0448050725285335,0.0611790750463034,NA,NA,NA,71.4133349325488,99.755094665237,143.675548714665,NA,NA,NA,71.4133349325488,99.755094665237,143.675548714665
2017,"Asian Koel","2017",0.0365003941876812,0.0503240820082027,0.0677064037652527,NA,NA,NA,81.8286120794544,111.952500476528,156.719345046483,NA,NA,NA,81.8286120794544,111.952500476528,156.719345046483
2018,"Asian Koel","2018",0.0420869253115994,0.0572673653346531,0.0768759396974744,NA,NA,NA,95.6829749933079,127.302204827606,172.312771461643,NA,NA,NA,95.6829749933079,127.302204827606,172.312771461643
2019,"Asian Koel","2019",0.0315769114797143,0.0444619882728801,0.0599810064724336,NA,NA,NA,73.1172998341517,98.1219119721243,139.790867833847,NA,NA,NA,73.1172998341517,98.1219119721243,139.790867833847
2020,"Asian Koel","2020",0.033500499152033,0.046735554791249,0.0632300436934896,NA,NA,NA,76.2675691558708,102.470314995047,146.387748250248,NA,NA,NA,76.2675691558708,102.470314995047,146.387748250248
2021,"Asian Koel","2021",0.0434297970140188,0.0576590946146452,0.0769548444263802,NA,NA,NA,96.4785643252525,126.773229729148,177.448717115395,NA,NA,NA,96.4785643252525,126.773229729148,177.448717115395
2022,"Asian Koel","2022",0.0417455507562145,0.0549135820882758,0.0718499074553234,NA,NA,NA,91.7791876062089,122.360276075956,171.344419513285,NA,NA,NA,91.7791876062089,122.360276075956,171.344419513285
2023,"Asian Koel","2023",0.0558230013781491,0.0745320013329148,0.0962823149551123,NA,NA,NA,128.119654761562,163.211272524717,228.500980194623,NA,NA,NA,128.119654761562,163.211272524717,228.500980194623
2024,"Asian Koel","2024",0.0549695532055482,0.0731869393283251,0.0964688089719277,NA,NA,NA,123.583930213667,160.802302189508,223.96374211559,NA,NA,NA,123.583930213667,160.802302189508,223.96374211559
2025,"Asian Koel","2025",0.0534041798773361,0.0692908391813829,0.0907390254385792,NA,NA,NA,119.573803295149,153.584751253537,213.743122130317,NA,NA,NA,119.573803295149,153.584751253537,213.743122130317
2026,"Asian Koel","2026",NA,NA,NA,NA,NA,NA,NA,NA,NA,137.664140503951,163.809913558567,194.145719664598,137.664140503951,163.809913558567,194.145719664598
2027,"Asian Koel","2027",NA,NA,NA,NA,NA,NA,NA,NA,NA,141.37971342896,172.188021228873,208.849235327141,141.37971342896,172.188021228873,208.849235327141
2028,"Asian Koel","2028",NA,NA,NA,NA,NA,NA,NA,NA,NA,145.272269292512,180.740627785753,224.708457865427,145.272269292512,180.740627785753,224.708457865427
2029,"Asian Koel","2029",NA,NA,NA,NA,NA,NA,NA,NA,NA,149.117224847372,189.88588821348,241.74864556669,149.117224847372,189.88588821348,241.74864556669
2030,"Asian Koel","2030",NA,NA,NA,NA,NA,NA,NA,NA,NA,153.260093806923,199.442114830247,260.498416599333,153.260093806923,199.442114830247,260.498416599333
2031,"Asian Koel","2031",NA,NA,NA,NA,NA,NA,NA,NA,NA,157.148019736492,209.815063079612,280.610992737567,157.148019736492,209.815063079612,280.610992737567
2032,"Asian Koel","2032",NA,NA,NA,NA,NA,NA,NA,NA,NA,161.732084766399,220.432849082812,302.635610362297,161.732084766399,220.432849082812,302.635610362297
2033,"Asian Koel","2033",NA,NA,NA,NA,NA,NA,NA,NA,NA,165.475515969651,231.606899766094,326.068755855239,165.475515969651,231.606899766094,326.068755855239
1991,"Common Hawk-Cuckoo","before 2000",NA,NA,NA,NA,NA,NA,NA,NA,NA,NA,NA,NA,NA,NA,NA
2004,"Common Hawk-Cuckoo","2000-2006",NA,NA,NA,NA,NA,NA,NA,NA,NA,NA,NA,NA,NA,NA,NA
2009,"Common Hawk-Cuckoo","2007-2010",NA,NA,NA,NA,NA,NA,NA,NA,NA,NA,NA,NA,NA,NA,NA
2012,"Common Hawk-Cuckoo","2011-2012",NA,NA,NA,NA,NA,NA,NA,NA,NA,NA,NA,NA,NA,NA,NA
2013,"Common Hawk-Cuckoo","2013",NA,NA,NA,NA,NA,NA,NA,NA,NA,NA,NA,NA,NA,NA,NA
2014,"Common Hawk-Cuckoo","2014",NA,NA,NA,NA,NA,NA,NA,NA,NA,NA,NA,NA,NA,NA,NA
2015,"Common Hawk-Cuckoo","2015",0.00486346584939755,0.0124267574842268,0.0260954397053058,NA,NA,NA,100,100,100,NA,NA,NA,100,100,100
2016,"Common Hawk-Cuckoo","2016",0.00408727724424241,0.00901348022112541,0.0181286734790412,NA,NA,NA,33.5302480565482,73.2572732453592,167.26930780702,NA,NA,NA,33.5302480565482,73.2572732453592,167.26930780702
2017,"Common Hawk-Cuckoo","2017",0.0108616007164448,0.0202542671938569,0.0369022268919356,NA,NA,NA,90.587871173797,165.684616147057,356.275924729493,NA,NA,NA,90.587871173797,165.684616147057,356.275924729493
2018,"Common Hawk-Cuckoo","2018",0.00991390430827152,0.0186273747679385,0.0334882237563481,NA,NA,NA,80.2158451362693,151.988756341812,329.377249378586,NA,NA,NA,80.2158451362693,151.988756341812,329.377249378586
2019,"Common Hawk-Cuckoo","2019",0.00706918347243561,0.0132330273431038,0.0247962294686136,NA,NA,NA,56.9238733608187,107.99138619526,232.736953644784,NA,NA,NA,56.9238733608187,107.99138619526,232.736953644784
2020,"Common Hawk-Cuckoo","2020",0.00507345830259572,0.0100595288058315,0.0187741935731876,NA,NA,NA,43.5268193098027,81.889123084116,188.329779752487,NA,NA,NA,43.5268193098027,81.889123084116,188.329779752487
2021,"Common Hawk-Cuckoo","2021",0.0107680656276465,0.0190493444076873,0.0340808705551459,NA,NA,NA,82.0619022745827,156.493818169249,341.822765465221,NA,NA,NA,82.0619022745827,156.493818169249,341.822765465221
2022,"Common Hawk-Cuckoo","2022",0.00959035499975096,0.0168579775665815,0.0308720493886362,NA,NA,NA,76.1042519762827,136.997775900823,298.100691801661,NA,NA,NA,76.1042519762827,136.997775900823,298.100691801661
2023,"Common Hawk-Cuckoo","2023",0.0123336971628986,0.0225168921730964,0.0398553742709279,NA,NA,NA,99.6600593559499,182.118424375828,368.555728018565,NA,NA,NA,99.6600593559499,182.118424375828,368.555728018565
2024,"Common Hawk-Cuckoo","2024",0.0137486673961729,0.0245923527318116,0.0434947248694296,NA,NA,NA,109.880904487263,199.186263913568,440.982382793858,NA,NA,NA,109.880904487263,199.186263913568,440.982382793858
2025,"Common Hawk-Cuckoo","2025",0.0160546432363175,0.0279908981224489,0.0494306496909152,NA,NA,NA,130.875995270856,227.341754347286,499.294913072619,NA,NA,NA,130.875995270856,227.341754347286,499.294913072619
2026,"Common Hawk-Cuckoo","2026",NA,NA,NA,NA,NA,NA,NA,NA,NA,147.631469063111,215.455225380427,320.034975807494,147.631469063111,215.455225380427,320.034975807494
2027,"Common Hawk-Cuckoo","2027",NA,NA,NA,NA,NA,NA,NA,NA,NA,151.567869599323,233.266807315309,364.207076413378,151.567869599323,233.266807315309,364.207076413378
2028,"Common Hawk-Cuckoo","2028",NA,NA,NA,NA,NA,NA,NA,NA,NA,156.022956026207,252.404175883825,413.970438744883,156.022956026207,252.404175883825,413.970438744883
2029,"Common Hawk-Cuckoo","2029",NA,NA,NA,NA,NA,NA,NA,NA,NA,160.287942130246,273.004997398076,470.811517838264,160.287942130246,273.004997398076,470.811517838264
2030,"Common Hawk-Cuckoo","2030",NA,NA,NA,NA,NA,NA,NA,NA,NA,164.797118802351,296.129082724056,538.387495443434,164.797118802351,296.129082724056,538.387495443434
2031,"Common Hawk-Cuckoo","2031",NA,NA,NA,NA,NA,NA,NA,NA,NA,169.302334418491,321.35248474115,617.684625790398,169.302334418491,321.35248474115,617.684625790398
2032,"Common Hawk-Cuckoo","2032",NA,NA,NA,NA,NA,NA,NA,NA,NA,173.008689115457,347.224889015272,705.115391278227,173.008689115457,347.224889015272,705.115391278227
2033,"Common Hawk-Cuckoo","2033",NA,NA,NA,NA,NA,NA,NA,NA,NA,177.381918835076,376.287493275249,805.257386472904,177.381918835076,376.287493275249,805.257386472904
1991,"Indian Thick-knee","before 2000",NA,NA,NA,NA,NA,NA,NA,NA,NA,NA,NA,NA,NA,NA,NA
2004,"Indian Thick-knee","2000-2006",NA,NA,NA,NA,NA,NA,NA,NA,NA,NA,NA,NA,NA,NA,NA
2009,"Indian Thick-knee","2007-2010",NA,NA,NA,NA,NA,NA,NA,NA,NA,NA,NA,NA,NA,NA,NA
2012,"Indian Thick-knee","2011-2012",NA,NA,NA,NA,NA,NA,NA,NA,NA,NA,NA,NA,NA,NA,NA
2013,"Indian Thick-knee","2013",NA,NA,NA,NA,NA,NA,NA,NA,NA,NA,NA,NA,NA,NA,NA
2014,"Indian Thick-knee","2014",NA,NA,NA,NA,NA,NA,NA,NA,NA,NA,NA,NA,NA,NA,NA
2015,"Indian Thick-knee","2015",3.74288687567705e-09,0.00693216886657569,0.025149282124219,NA,NA,NA,100,100,100,NA,NA,NA,100,100,100
2016,"Indian Thick-knee","2016",0.0131029150711239,0.0400399465717001,0.0809867163073873,NA,NA,NA,109.963887146576,592.229901060005,1386868003.85833,NA,NA,NA,109.963887146576,592.229901060005,1386868003.85833
2017,"Indian Thick-knee","2017",0.0168802535265947,0.0339877803116338,0.0591456955687177,NA,NA,NA,119.192236314699,497.484461005987,1021886269.16563,NA,NA,NA,119.192236314699,497.484461005987,1021886269.16563
2018,"Indian Thick-knee","2018",0.00319061441855932,0.0151518168093939,0.0345002156558254,NA,NA,NA,26.5313730796688,230.685035718053,592882832.713866,NA,NA,NA,26.5313730796688,230.685035718053,592882832.713866
2019,"Indian Thick-knee","2019",0.00985271491810361,0.0188685542767883,0.0309248714583313,NA,NA,NA,64.0838931467421,273.537494125571,559271654.537395,NA,NA,NA,64.0838931467421,273.537494125571,559271654.537395
2020,"Indian Thick-knee","2020",0.00810685269061719,0.0189193862695116,0.0348164419745623,NA,NA,NA,58.8576552087745,293.008979800561,638755495.181207,NA,NA,NA,58.8576552087745,293.008979800561,638755495.181207
2021,"Indian Thick-knee","2021",0.0115601120399514,0.0206304937422825,0.0330883781843633,NA,NA,NA,73.1222109191093,299.469498893693,608879955.49994,NA,NA,NA,73.1222109191093,299.469498893693,608879955.49994
2022,"Indian Thick-knee","2022",0.0102716747089447,0.0206601723463975,0.0338174937092289,NA,NA,NA,72.238423209892,306.566737723419,664384959.681352,NA,NA,NA,72.238423209892,306.566737723419,664384959.681352
2023,"Indian Thick-knee","2023",0.00652462068014053,0.0163862837730524,0.0300211286274894,NA,NA,NA,47.6480945657755,239.11575378839,561845205.924373,NA,NA,NA,47.6480945657755,239.11575378839,561845205.924373
2024,"Indian Thick-knee","2024",0.00126291800613477,0.00587749464284627,0.01378413434104,NA,NA,NA,9.84379804319573,91.17445360147,236295409.807272,NA,NA,NA,9.84379804319573,91.17445360147,236295409.807272
2025,"Indian Thick-knee","2025",0.011455472201541,0.0200149539845073,0.0303500883290816,NA,NA,NA,70.5020209206669,290.540371315382,583116644.397635,NA,NA,NA,70.5020209206669,290.540371315382,583116644.397635
2026,"Indian Thick-knee","2026",NA,NA,NA,NA,NA,NA,NA,NA,NA,84.7471754652025,200.814164980549,462.644746428752,84.7471754652025,200.814164980549,462.644746428752
2027,"Indian Thick-knee","2027",NA,NA,NA,NA,NA,NA,NA,NA,NA,73.2164739170455,192.64712728344,501.38657312772,73.2164739170455,192.64712728344,501.38657312772
2028,"Indian Thick-knee","2028",NA,NA,NA,NA,NA,NA,NA,NA,NA,64.0188354708604,186.229433848564,544.982364636629,64.0188354708604,186.229433848564,544.982364636629
2029,"Indian Thick-knee","2029",NA,NA,NA,NA,NA,NA,NA,NA,NA,55.2208734776868,179.589089013549,595.197961551693,55.2208734776868,179.589089013549,595.197961551693
2030,"Indian Thick-knee","2030",NA,NA,NA,NA,NA,NA,NA,NA,NA,48.0814431808048,173.527774351834,648.072903929958,48.0814431808048,173.527774351834,648.072903929958
2031,"Indian Thick-knee","2031",NA,NA,NA,NA,NA,NA,NA,NA,NA,41.3669426275203,168.536646217082,709.016070496205,41.3669426275203,168.536646217082,709.016070496205
2032,"Indian Thick-knee","2032",NA,NA,NA,NA,NA,NA,NA,NA,NA,35.2191975249858,163.619707695348,776.154988283054,35.2191975249858,163.619707695348,776.154988283054
2033,"Indian Thick-knee","2033",NA,NA,NA,NA,NA,NA,NA,NA,NA,30.4261451392572,159.578653815504,846.358642140946,30.4261451392572,159.578653815504,846.358642140946
1991,"Great Thick-knee","before 2000",NA,NA,NA,NA,NA,NA,NA,NA,NA,NA,NA,NA,NA,NA,NA
2004,"Great Thick-knee","2000-2006",NA,NA,NA,NA,NA,NA,NA,NA,NA,NA,NA,NA,NA,NA,NA
2009,"Great Thick-knee","2007-2010",NA,NA,NA,NA,NA,NA,NA,NA,NA,NA,NA,NA,NA,NA,NA
2012,"Great Thick-knee","2011-2012",NA,NA,NA,NA,NA,NA,NA,NA,NA,NA,NA,NA,NA,NA,NA
2013,"Great Thick-knee","2013",NA,NA,NA,NA,NA,NA,NA,NA,NA,NA,NA,NA,NA,NA,NA
2014,"Great Thick-knee","2014",NA,NA,NA,NA,NA,NA,NA,NA,NA,NA,NA,NA,NA,NA,NA
2015,"Great Thick-knee","2015",2.92919878446231e-10,0.0336643447786535,0.127907158971419,NA,NA,NA,100,100,100,NA,NA,NA,100,100,100
2016,"Great Thick-knee","2016",2.01271484549977e-10,0.0197031447035849,0.0571615005070156,NA,NA,NA,1.10080938551735e-06,62.0035986230743,2602987230.3543,NA,NA,NA,1.10080938551735e-06,62.0035986230743,2602987230.3543
2017,"Great Thick-knee","2017",0.00759736310101915,0.0331559498651129,0.0831514550675706,NA,NA,NA,18.7175145306721,104.48391405176,7795703156.36523,NA,NA,NA,18.7175145306721,104.48391405176,7795703156.36523
2018,"Great Thick-knee","2018",0.00640547386347032,0.0363628426275395,0.0929758284100226,NA,NA,NA,18.6712827075807,114.561388983322,6163432278.58654,NA,NA,NA,18.6712827075807,114.561388983322,6163432278.58654
2019,"Great Thick-knee","2019",0.00918255898897758,0.0301351433665184,0.0696244083567477,NA,NA,NA,23.1342743571014,94.1512765814156,6537195631.03263,NA,NA,NA,23.1342743571014,94.1512765814156,6537195631.03263
2020,"Great Thick-knee","2020",6.75603597461e-10,0.0113126578993845,0.0336866483425836,NA,NA,NA,3.69151848776653,36.649964215276,1620831122.39739,NA,NA,NA,3.69151848776653,36.649964215276,1620831122.39739
2021,"Great Thick-knee","2021",0.00458257687496983,0.0200740985753249,0.0479174041694721,NA,NA,NA,13.6430999714253,62.3089346985147,4012733478.36726,NA,NA,NA,13.6430999714253,62.3089346985147,4012733478.36726
2022,"Great Thick-knee","2022",0.0111271941525526,0.0402257347018492,0.0900765100631201,NA,NA,NA,29.0964049732294,120.798618388113,10134841482.2247,NA,NA,NA,29.0964049732294,120.798618388113,10134841482.2247
2023,"Great Thick-knee","2023",0.00431944427827909,0.0194595191715709,0.0494753309217042,NA,NA,NA,10.7780068987126,61.9547442794036,3810508175.98852,NA,NA,NA,10.7780068987126,61.9547442794036,3810508175.98852
2024,"Great Thick-knee","2024",0.00146447520875835,0.012308773438953,0.0358988257060494,NA,NA,NA,4.86865145742711,40.1373246620384,1818715385.45458,NA,NA,NA,4.86865145742711,40.1373246620384,1818715385.45458
2025,"Great Thick-knee","2025",0.00418489784051912,0.0185002337751696,0.041632738310932,NA,NA,NA,12.6574821382672,55.2655542565742,4233001015.61872,NA,NA,NA,12.6574821382672,55.2655542565742,4233001015.61872
2026,"Great Thick-knee","2026",NA,NA,NA,NA,NA,NA,NA,NA,NA,23.5167025231269,52.4915042745307,118.044243262254,23.5167025231269,52.4915042745307,118.044243262254
2027,"Great Thick-knee","2027",NA,NA,NA,NA,NA,NA,NA,NA,NA,20.2580995229432,50.5692863900108,125.220154604057,20.2580995229432,50.5692863900108,125.220154604057
2028,"Great Thick-knee","2028",NA,NA,NA,NA,NA,NA,NA,NA,NA,17.5296472804503,48.7459722808131,131.665883790652,17.5296472804503,48.7459722808131,131.665883790652
2029,"Great Thick-knee","2029",NA,NA,NA,NA,NA,NA,NA,NA,NA,14.9848792469953,46.6386189710513,138.164636147807,14.9848792469953,46.6386189710513,138.164636147807
2030,"Great Thick-knee","2030",NA,NA,NA,NA,NA,NA,NA,NA,NA,12.7387453591091,44.6041122618468,145.582181988185,12.7387453591091,44.6041122618468,145.582181988185
2031,"Great Thick-knee","2031",NA,NA,NA,NA,NA,NA,NA,NA,NA,10.9057916021077,42.7108751301394,153.336600885141,10.9057916021077,42.7108751301394,153.336600885141
2032,"Great Thick-knee","2032",NA,NA,NA,NA,NA,NA,NA,NA,NA,9.35731942940026,41.0487290651892,163.574561270158,9.35731942940026,41.0487290651892,163.574561270158
2033,"Great Thick-knee","2033",NA,NA,NA,NA,NA,NA,NA,NA,NA,8.05532095241954,39.6276115748958,172.535844534485,8.05532095241954,39.6276115748958,172.535844534485
1991,"Yellow-wattled Lapwing","before 2000",NA,NA,NA,NA,NA,NA,NA,NA,NA,NA,NA,NA,NA,NA,NA
2004,"Yellow-wattled Lapwing","2000-2006",NA,NA,NA,NA,NA,NA,NA,NA,NA,NA,NA,NA,NA,NA,NA
2009,"Yellow-wattled Lapwing","2007-2010",NA,NA,NA,NA,NA,NA,NA,NA,NA,NA,NA,NA,NA,NA,NA
2012,"Yellow-wattled Lapwing","2011-2012",NA,NA,NA,NA,NA,NA,NA,NA,NA,NA,NA,NA,NA,NA,NA
2013,"Yellow-wattled Lapwing","2013",NA,NA,NA,NA,NA,NA,NA,NA,NA,NA,NA,NA,NA,NA,NA
2014,"Yellow-wattled Lapwing","2014",NA,NA,NA,NA,NA,NA,NA,NA,NA,NA,NA,NA,NA,NA,NA
2015,"Yellow-wattled Lapwing","2015",6.57629202568104e-09,0.0237026888665621,0.0569058465401654,NA,NA,NA,100,100,100,NA,NA,NA,100,100,100
2016,"Yellow-wattled Lapwing","2016",0.0112705084526298,0.0289726816920305,0.056899736151995,NA,NA,NA,35.2933186866833,124.650564534197,362564275.696264,NA,NA,NA,35.2933186866833,124.650564534197,362564275.696264
2017,"Yellow-wattled Lapwing","2017",0.0112435936759276,0.0227386203407134,0.038955106002713,NA,NA,NA,35.0290338979755,96.4293296993094,295218908.40678,NA,NA,NA,35.0290338979755,96.4293296993094,295218908.40678
2018,"Yellow-wattled Lapwing","2018",0.00845606954939924,0.0199809274220968,0.0376733598230282,NA,NA,NA,24.7504202486834,85.5477179671567,237966293.622482,NA,NA,NA,24.7504202486834,85.5477179671567,237966293.622482
2019,"Yellow-wattled Lapwing","2019",0.000773100753746928,0.00384715301260345,0.00930012032450724,NA,NA,NA,2.06446363793932,16.4887692617694,49722084.1862192,NA,NA,NA,2.06446363793932,16.4887692617694,49722084.1862192
2020,"Yellow-wattled Lapwing","2020",0.0231154530037461,0.0388343788657663,0.0596549038086825,NA,NA,NA,60.899660031145,165.424322029252,575483925.053264,NA,NA,NA,60.899660031145,165.424322029252,575483925.053264
2021,"Yellow-wattled Lapwing","2021",0.0139573105956307,0.023010513690214,0.033279449496493,NA,NA,NA,37.8412236915092,97.8103576398714,339648018.378699,NA,NA,NA,37.8412236915092,97.8103576398714,339648018.378699
2022,"Yellow-wattled Lapwing","2022",0.017589250944768,0.0289845982487683,0.044030995781535,NA,NA,NA,45.5279013297378,122.419752999894,398379967.443614,NA,NA,NA,45.5279013297378,122.419752999894,398379967.443614
2023,"Yellow-wattled Lapwing","2023",0.00621272477200736,0.0138832205126344,0.0244720222003418,NA,NA,NA,17.7579105706727,59.097433152074,198825655.565444,NA,NA,NA,17.7579105706727,59.097433152074,198825655.565444
2024,"Yellow-wattled Lapwing","2024",0.0021736485062447,0.00718959335303948,0.0137458946705243,NA,NA,NA,7.22851870296671,30.8497669541738,88582359.525586,NA,NA,NA,7.22851870296671,30.8497669541738,88582359.525586
2025,"Yellow-wattled Lapwing","2025",0.012034041847833,0.0193192144378355,0.0286290934465911,NA,NA,NA,31.0378998436882,82.83139017186,281230779.996459,NA,NA,NA,31.0378998436882,82.83139017186,281230779.996459
2026,"Yellow-wattled Lapwing","2026",NA,NA,NA,NA,NA,NA,NA,NA,NA,20.45891380669,54.8188692772846,144.616691964214,20.45891380669,54.8188692772846,144.616691964214
2027,"Yellow-wattled Lapwing","2027",NA,NA,NA,NA,NA,NA,NA,NA,NA,17.0565235737999,52.3118727935985,156.184954605127,17.0565235737999,52.3118727935985,156.184954605127
2028,"Yellow-wattled Lapwing","2028",NA,NA,NA,NA,NA,NA,NA,NA,NA,14.2882987740163,50.0256113251656,171.064009776037,14.2882987740163,50.0256113251656,171.064009776037
2029,"Yellow-wattled Lapwing","2029",NA,NA,NA,NA,NA,NA,NA,NA,NA,11.9490735715522,47.8711814292305,186.716315914829,11.9490735715522,47.8711814292305,186.716315914829
2030,"Yellow-wattled Lapwing","2030",NA,NA,NA,NA,NA,NA,NA,NA,NA,9.93289592269497,45.7531140831376,203.566274895415,9.93289592269497,45.7531140831376,203.566274895415
2031,"Yellow-wattled Lapwing","2031",NA,NA,NA,NA,NA,NA,NA,NA,NA,8.42454096631947,44.1876016917978,223.558077011079,8.42454096631947,44.1876016917978,223.558077011079
2032,"Yellow-wattled Lapwing","2032",NA,NA,NA,NA,NA,NA,NA,NA,NA,7.04841460384044,42.3642008752045,244.537863124501,7.04841460384044,42.3642008752045,244.537863124501
2033,"Yellow-wattled Lapwing","2033",NA,NA,NA,NA,NA,NA,NA,NA,NA,5.84213340673457,40.9563828581268,269.542928755796,5.84213340673457,40.9563828581268,269.542928755796
1991,"Kentish Plover","before 2000",NA,NA,NA,NA,NA,NA,NA,NA,NA,NA,NA,NA,NA,NA,NA
2004,"Kentish Plover","2000-2006",NA,NA,NA,NA,NA,NA,NA,NA,NA,NA,NA,NA,NA,NA,NA
2009,"Kentish Plover","2007-2010",NA,NA,NA,NA,NA,NA,NA,NA,NA,NA,NA,NA,NA,NA,NA
2012,"Kentish Plover","2011-2012",NA,NA,NA,NA,NA,NA,NA,NA,NA,NA,NA,NA,NA,NA,NA
2013,"Kentish Plover","2013",NA,NA,NA,NA,NA,NA,NA,NA,NA,NA,NA,NA,NA,NA,NA
2014,"Kentish Plover","2014",NA,NA,NA,NA,NA,NA,NA,NA,NA,NA,NA,NA,NA,NA,NA
2015,"Kentish Plover","2015",0.0176203476845818,0.0874395013389909,0.208843440553441,NA,NA,NA,100,100,100,NA,NA,NA,100,100,100
2016,"Kentish Plover","2016",0.00770348788308351,0.0368361575141054,0.076502608532337,NA,NA,NA,9.23986265117734,43.5715021597622,212.133972952407,NA,NA,NA,9.23986265117734,43.5715021597622,212.133972952407
2017,"Kentish Plover","2017",0.0208691677461066,0.0434714273169246,0.0761567166798805,NA,NA,NA,17.1871855733152,50.9319324621246,270.54816635355,NA,NA,NA,17.1871855733152,50.9319324621246,270.54816635355
2018,"Kentish Plover","2018",0.0779410984800828,0.134464343067399,0.220378379515599,NA,NA,NA,58.6345480916838,159.255246386879,778.776312382773,NA,NA,NA,58.6345480916838,159.255246386879,778.776312382773
2019,"Kentish Plover","2019",0.0723628797720086,0.102422145573192,0.139693956254284,NA,NA,NA,48.3694480585501,117.537021086699,581.215845374861,NA,NA,NA,48.3694480585501,117.537021086699,581.215845374861
2020,"Kentish Plover","2020",0.0581073581077236,0.0929327778627582,0.142651364676349,NA,NA,NA,37.8526857619068,108.449574694979,546.768657028195,NA,NA,NA,37.8526857619068,108.449574694979,546.768657028195
2021,"Kentish Plover","2021",0.104130317189129,0.142148393717185,0.188779041406425,NA,NA,NA,67.5347317632656,160.552001007005,801.444682238397,NA,NA,NA,67.5347317632656,160.552001007005,801.444682238397
2022,"Kentish Plover","2022",0.0791200320651551,0.115041220635872,0.160042226242789,NA,NA,NA,52.0140830153843,133.577567422055,667.56748542395,NA,NA,NA,52.0140830153843,133.577567422055,667.56748542395
2023,"Kentish Plover","2023",0.0866633848600723,0.128890520610093,0.175456374628667,NA,NA,NA,57.8268524442793,145.826216766749,729.754932244458,NA,NA,NA,57.8268524442793,145.826216766749,729.754932244458
2024,"Kentish Plover","2024",0.0317324185744977,0.0636220306832259,0.103873916402826,NA,NA,NA,26.5416865104939,73.0728607227772,362.918898767614,NA,NA,NA,26.5416865104939,73.0728607227772,362.918898767614
2025,"Kentish Plover","2025",0.087848329950689,0.116688459598972,0.151843349832977,NA,NA,NA,54.798947185352,134.760606686285,668.246419104032,NA,NA,NA,54.798947185352,134.760606686285,668.246419104032
2026,"Kentish Plover","2026",NA,NA,NA,NA,NA,NA,NA,NA,NA,79.6213434803788,147.866357263158,279.318532548633,79.6213434803788,147.866357263158,279.318532548633
2027,"Kentish Plover","2027",NA,NA,NA,NA,NA,NA,NA,NA,NA,78.919254682539,157.699819766218,320.082624358777,78.919254682539,157.699819766218,320.082624358777
2028,"Kentish Plover","2028",NA,NA,NA,NA,NA,NA,NA,NA,NA,78.3236523659471,167.69653007422,376.701059586818,78.3236523659471,167.69653007422,376.701059586818
2029,"Kentish Plover","2029",NA,NA,NA,NA,NA,NA,NA,NA,NA,76.4402683899081,178.561320113296,436.6360286899,76.4402683899081,178.561320113296,436.6360286899
2030,"Kentish Plover","2030",NA,NA,NA,NA,NA,NA,NA,NA,NA,74.2069255147427,189.765700748283,511.837562736429,74.2069255147427,189.765700748283,511.837562736429
2031,"Kentish Plover","2031",NA,NA,NA,NA,NA,NA,NA,NA,NA,72.2724113155904,203.202627326234,600.457420941462,72.2724113155904,203.202627326234,600.457420941462
2032,"Kentish Plover","2032",NA,NA,NA,NA,NA,NA,NA,NA,NA,70.0351217460749,217.755421331457,697.808152005061,70.0351217460749,217.755421331457,697.808152005061
2033,"Kentish Plover","2033",NA,NA,NA,NA,NA,NA,NA,NA,NA,67.9378652045516,232.996836036669,813.005556931362,67.9378652045516,232.996836036669,813.005556931362
1991,"Indian Pond-Heron","before 2000",2.722903813797e-09,0.00308899948391678,0.00820400063938947,100,100,100,NA,NA,NA,NA,NA,NA,NA,NA,NA
2004,"Indian Pond-Heron","2000-2006",0.00381796346686233,0.0134360653669924,0.0285893039053699,92.3458839480551,433.830085518552,574144561.248868,NA,NA,NA,NA,NA,NA,NA,NA,NA
2009,"Indian Pond-Heron","2007-2010",8.37711155664205e-09,0.00832137301166906,0.0226053367067397,0.000375487626232376,273.663518819338,324221952.176249,NA,NA,NA,NA,NA,NA,NA,NA,NA
2012,"Indian Pond-Heron","2011-2012",0.00742407737537641,0.0199920089774708,0.0387061025598307,157.143528736903,644.067001686925,741683593.01299,NA,NA,NA,NA,NA,NA,NA,NA,NA
2013,"Indian Pond-Heron","2013",2.16621455614708e-08,0.00894404870386366,0.0200418058930406,0.000740292276855308,287.54445231142,392643020.146115,NA,NA,NA,NA,NA,NA,NA,NA,NA
2014,"Indian Pond-Heron","2014",0.0090666405878504,0.0255633359505279,0.0468834233838143,208.021423809756,833.577950364346,883902242.703302,NA,NA,NA,NA,NA,NA,NA,NA,NA
2015,"Indian Pond-Heron","2015",0.0144753399212282,0.0258487635204315,0.0418847114968917,287.082750334495,827.022978117888,995966754.005714,100,100,100,NA,NA,NA,100,100,100
2016,"Indian Pond-Heron","2016",0.0144189032172212,0.0243753705702945,0.0372035949845012,276.043170364447,786.558123589012,891586152.068321,58.2650797873985,93.9748980376914,153.349261558856,NA,NA,NA,58.2650797873985,93.9748980376914,153.349261558856
2017,"Indian Pond-Heron","2017",0.0139122902028035,0.0220440417733868,0.0328541784466345,263.738877962227,703.99053180533,906955495.024803,57.8739608186229,84.781531722946,135.912732349573,NA,NA,NA,57.8739608186229,84.781531722946,135.912732349573
2018,"Indian Pond-Heron","2018",0.0144376609005046,0.022483291856724,0.0338546712956401,266.14942474709,715.397658577297,865883048.029739,56.7643489201542,86.3189905111568,140.4967419059,NA,NA,NA,56.7643489201542,86.3189905111568,140.4967419059
2019,"Indian Pond-Heron","2019",0.00822161671305129,0.0126859445657133,0.018769889179836,155.475826455791,405.149521767703,475413695.48781,32.4238118360617,48.8057743302503,78.9251296332799,NA,NA,NA,32.4238118360617,48.8057743302503,78.9251296332799
2020,"Indian Pond-Heron","2020",0.0112102341684888,0.0175635234848176,0.0256936105979466,210.91491467892,571.282500777294,688311460.93023,43.266771856596,67.7085810078243,110.274583492339,NA,NA,NA,43.266771856596,67.7085810078243,110.274583492339
2021,"Indian Pond-Heron","2021",0.0100120353557953,0.0152661177683511,0.0225844223565875,187.247484619457,493.11433180244,548451569.294249,38.2589294022495,59.3880877844305,93.1616358540793,NA,NA,NA,38.2589294022495,59.3880877844305,93.1616358540793
2022,"Indian Pond-Heron","2022",0.0120954052298431,0.0180569655082776,0.0262113505819628,217.912995148394,598.677333646558,689153530.069754,46.5585342535824,69.3299296211203,111.644253652978,NA,NA,NA,46.5585342535824,69.3299296211203,111.644253652978
2023,"Indian Pond-Heron","2023",0.0105208512167638,0.016203365900989,0.0237687305506414,194.322044172717,523.971429598864,619830698.728336,41.6078562080147,62.2239516140636,102.415840836121,NA,NA,NA,41.6078562080147,62.2239516140636,102.415840836121
2024,"Indian Pond-Heron","2024",0.00878964277420231,0.0134576716236291,0.0193855345635785,159.634181468714,436.876630703133,506407059.533073,34.4621863357119,51.3568662544881,82.1125078117478,NA,NA,NA,34.4621863357119,51.3568662544881,82.1125078117478
2025,"Indian Pond-Heron","2025",0.00697587366206587,0.0104254569424743,0.0153022911679109,123.888953351365,339.116937467967,388932262.395969,26.7031058520424,40.1708608467232,65.5233254160546,NA,NA,NA,26.7031058520424,40.1708608467232,65.5233254160546
2026,"Indian Pond-Heron","2026",NA,NA,NA,NA,NA,NA,NA,NA,NA,33.3224918707417,42.7645564368862,55.0474409938087,33.3224918707417,42.7645564368862,55.0474409938087
2027,"Indian Pond-Heron","2027",NA,NA,NA,NA,NA,NA,NA,NA,NA,30.0084252719611,39.7572494819957,52.9500445120155,30.0084252719611,39.7572494819957,52.9500445120155
2028,"Indian Pond-Heron","2028",NA,NA,NA,NA,NA,NA,NA,NA,NA,26.9953185196994,36.9128016375207,51.1409448098264,26.9953185196994,36.9128016375207,51.1409448098264
2029,"Indian Pond-Heron","2029",NA,NA,NA,NA,NA,NA,NA,NA,NA,24.2175282472187,34.3420191719288,49.1057191027942,24.2175282472187,34.3420191719288,49.1057191027942
2030,"Indian Pond-Heron","2030",NA,NA,NA,NA,NA,NA,NA,NA,NA,21.6851777091479,31.9722311762749,47.4167584821113,21.6851777091479,31.9722311762749,47.4167584821113
2031,"Indian Pond-Heron","2031",NA,NA,NA,NA,NA,NA,NA,NA,NA,19.495734968636,29.7572708378817,45.8235641655291,19.495734968636,29.7572708378817,45.8235641655291
2032,"Indian Pond-Heron","2032",NA,NA,NA,NA,NA,NA,NA,NA,NA,17.4383931161537,27.6651988092336,44.209694420913,17.4383931161537,27.6651988092336,44.209694420913
2033,"Indian Pond-Heron","2033",NA,NA,NA,NA,NA,NA,NA,NA,NA,15.6258988861764,25.6808889948569,42.7057484245524,15.6258988861764,25.6808889948569,42.7057484245524
1991,"White-rumped Vulture","before 2000",0.0848572297595704,0.15619223699119,0.260147952672524,100,100,100,NA,NA,NA,NA,NA,NA,NA,NA,NA
2004,"White-rumped Vulture","2000-2006",0.0236873304583538,0.0755576631957498,0.152066343866408,17.7082153178463,48.8858641809355,102.774134515562,NA,NA,NA,NA,NA,NA,NA,NA,NA
2009,"White-rumped Vulture","2007-2010",4.58309315000194e-10,0.00491506610148998,0.0223713263511257,2.98353482943481e-07,3.15687271643173,14.7367782148896,NA,NA,NA,NA,NA,NA,NA,NA,NA
2012,"White-rumped Vulture","2011-2012",2.09021634285065e-10,9.82912342770237e-09,0.00651040464123056,1.41837014420732e-07,7.68211492186523e-06,4.37785590806704,NA,NA,NA,NA,NA,NA,NA,NA,NA
2013,"White-rumped Vulture","2013",2.84416639382764e-10,0.00348338982374904,0.0124880311819966,2.04974165595345e-07,2.24792189439137,8.36992418078624,NA,NA,NA,NA,NA,NA,NA,NA,NA
2014,"White-rumped Vulture","2014",1.05688283066412e-09,0.00724883483410091,0.017910749006533,7.99338648529418e-07,4.63320634433089,11.2729861541535,NA,NA,NA,NA,NA,NA,NA,NA,NA
2015,"White-rumped Vulture","2015",0.00325923582893182,0.00810896886238877,0.016258839815137,2.12341499278611,5.1182838306395,10.6841345071052,100,100,100,NA,NA,NA,100,100,100
2016,"White-rumped Vulture","2016",0.000676497191838246,0.00247787831733774,0.00531384655690176,0.436833430055002,1.60135171134828,3.42674663653706,9.24811637999193,31.431901233506,79.2819541077008,NA,NA,NA,9.24811637999193,31.431901233506,79.2819541077008
2017,"White-rumped Vulture","2017",0.00193571587831301,0.00438471793586828,0.0079590570561022,1.40229160141138,2.81374431258798,5.04524508752542,26.1087821544193,54.7836547760759,113.839319051803,NA,NA,NA,26.1087821544193,54.7836547760759,113.839319051803
2018,"White-rumped Vulture","2018",0.000602446367944995,0.00214247584517185,0.004388560593171,0.458534123365441,1.3868897684527,2.8109352894055,8.36897522761646,26.457974363644,66.2448883371111,NA,NA,NA,8.36897522761646,26.457974363644,66.2448883371111
2019,"White-rumped Vulture","2019",0.000968864581463098,0.00216421854152435,0.00389747843537126,0.689355115305328,1.37107771333047,2.57300446653151,12.7674422427054,26.9869848425401,65.2339298543856,NA,NA,NA,12.7674422427054,26.9869848425401,65.2339298543856
2020,"White-rumped Vulture","2020",0.00107665096424272,0.00271315744303266,0.00535644826795742,0.811565413239793,1.75371552178232,3.1913438536985,14.2146713897216,34.3146694160776,73.0935159487749,NA,NA,NA,14.2146713897216,34.3146694160776,73.0935159487749
2021,"White-rumped Vulture","2021",0.00103551792067909,0.00252068901813068,0.00456579020638755,0.775819552521941,1.61457834435615,2.90930134906834,13.4497464298622,31.2983730664139,71.8076815152775,NA,NA,NA,13.4497464298622,31.2983730664139,71.8076815152775
2022,"White-rumped Vulture","2022",0.0019442236649901,0.00402916165581816,0.0072871865998159,1.45643455929972,2.61921517785051,4.46577818252919,25.7408983466237,50.5043420871786,110.543329609395,NA,NA,NA,25.7408983466237,50.5043420871786,110.543329609395
2023,"White-rumped Vulture","2023",0.00148250126284571,0.00315107682286702,0.00571453404612219,1.02399300454377,1.99918301529899,3.56422268203966,18.4555785143223,38.8851328089676,89.5129425370434,NA,NA,NA,18.4555785143223,38.8851328089676,89.5129425370434
2024,"White-rumped Vulture","2024",0.00171487035444994,0.00341704579512021,0.00618080755394971,1.22142155251329,2.2135433077212,3.75842581142175,21.6364270805722,42.3098661155579,95.239787273398,NA,NA,NA,21.6364270805722,42.3098661155579,95.239787273398
2025,"White-rumped Vulture","2025",0.00182940052396799,0.0035957631110509,0.0062888533699126,1.36504253822734,2.30599768853164,3.8850850152627,24.7385105411109,44.7295940914191,103.443179684428,NA,NA,NA,24.7385105411109,44.7295940914191,103.443179684428
2026,"White-rumped Vulture","2026",NA,NA,NA,NA,NA,NA,NA,NA,NA,19.4012587627438,35.2215645237363,64.3525480001757,19.4012587627438,35.2215645237363,64.3525480001757
2027,"White-rumped Vulture","2027",NA,NA,NA,NA,NA,NA,NA,NA,NA,17.5635231399989,34.9093119541255,68.250436611365,17.5635231399989,34.9093119541255,68.250436611365
2028,"White-rumped Vulture","2028",NA,NA,NA,NA,NA,NA,NA,NA,NA,15.901890410803,34.0307388815304,72.7887090740554,15.901890410803,34.0307388815304,72.7887090740554
2029,"White-rumped Vulture","2029",NA,NA,NA,NA,NA,NA,NA,NA,NA,14.3332379211244,33.2726929486277,77.4732135845521,14.3332379211244,33.2726929486277,77.4732135845521
2030,"White-rumped Vulture","2030",NA,NA,NA,NA,NA,NA,NA,NA,NA,12.8689697588692,32.6217145445995,81.9525390131762,12.8689697588692,32.6217145445995,81.9525390131762
2031,"White-rumped Vulture","2031",NA,NA,NA,NA,NA,NA,NA,NA,NA,11.5329252302834,32.1445609127009,87.1074862876185,11.5329252302834,32.1445609127009,87.1074862876185
2032,"White-rumped Vulture","2032",NA,NA,NA,NA,NA,NA,NA,NA,NA,10.3603195896702,31.5087138137488,92.3465924584179,10.3603195896702,31.5087138137488,92.3465924584179
2033,"White-rumped Vulture","2033",NA,NA,NA,NA,NA,NA,NA,NA,NA,9.35347198631505,30.7699298021973,98.158815575762,9.35347198631505,30.7699298021973,98.158815575762
1991,"Black Kite","before 2000",0.041520262998237,0.0645630930070615,0.0952838176960496,100,100,100,NA,NA,NA,NA,NA,NA,NA,NA,NA
2004,"Black Kite","2000-2006",0.067704216492279,0.106491164924124,0.16138619115283,107.332139690112,165.89690093249,260.60102279322,NA,NA,NA,NA,NA,NA,NA,NA,NA
2009,"Black Kite","2007-2010",0.0483080306585927,0.0858391309450151,0.132402493891996,79.0325030944092,132.822545516587,213.928301515369,NA,NA,NA,NA,NA,NA,NA,NA,NA
2012,"Black Kite","2011-2012",0.0405620114938995,0.0644175139756219,0.0983309332739768,64.2571418483654,98.4600035690992,157.966549326368,NA,NA,NA,NA,NA,NA,NA,NA,NA
2013,"Black Kite","2013",0.0414698095252133,0.0689558603188716,0.108657708951531,65.5349418462039,106.179906291248,171.26597455231,NA,NA,NA,NA,NA,NA,NA,NA,NA
2014,"Black Kite","2014",0.05890912341381,0.0906620570666407,0.137257556342865,93.682217250161,138.975179079572,218.106678225395,NA,NA,NA,NA,NA,NA,NA,NA,NA
2015,"Black Kite","2015",0.0851283194393104,0.122349276747167,0.171522857286923,137.017242617563,187.332372490414,272.414637769813,100,100,100,NA,NA,NA,100,100,100
2016,"Black Kite","2016",0.079576435192762,0.107700927566604,0.146246640723461,123.17759854391,168.52252276351,231.548070923225,71.5915606011691,89.1210270815081,111.214980428551,NA,NA,NA,71.5915606011691,89.1210270815081,111.214980428551
2017,"Black Kite","2017",0.0680302900409575,0.0931573681131068,0.124127458950288,107.456553787149,143.912715481926,196.749708126424,62.840526599932,76.1363412987193,94.3897838774214,NA,NA,NA,62.840526599932,76.1363412987193,94.3897838774214
2018,"Black Kite","2018",0.077264957632885,0.103110794721191,0.138618081774963,119.443600792188,160.576936232576,216.976398159456,70.5986870362927,85.0705923406862,104.791070017618,NA,NA,NA,70.5986870362927,85.0705923406862,104.791070017618
2019,"Black Kite","2019",0.0646596603054018,0.0870704142048996,0.117302924559415,100.342458320164,135.574791265464,184.992541666234,59.7700133934425,71.5176126719976,88.1284451959531,NA,NA,NA,59.7700133934425,71.5176126719976,88.1284451959531
2020,"Black Kite","2020",0.0644896068955837,0.0874357462113088,0.117571407592202,101.296173679209,135.465026382639,183.47799687472,58.0767483792929,72.1587088426025,89.0496044504227,NA,NA,NA,58.0767483792929,72.1587088426025,89.0496044504227
2021,"Black Kite","2021",0.0673088879876051,0.0924382835854551,0.123686217913792,107.029997307612,142.569439388944,196.175111613661,63.56882497627,75.4824489178531,91.6410430171759,NA,NA,NA,63.56882497627,75.4824489178531,91.6410430171759
2022,"Black Kite","2022",0.0741207101355723,0.0996055128633565,0.134249468259408,116.906894190478,155.073294491291,211.548183049995,67.570835251037,82.1738384079367,100.596826318415,NA,NA,NA,67.570835251037,82.1738384079367,100.596826318415
2023,"Black Kite","2023",0.0653537949078582,0.087860370937277,0.118195901633978,103.269514607531,135.88328517414,188.564068348652,60.2455722410695,72.2800790816639,87.9309365537223,NA,NA,NA,60.2455722410695,72.2800790816639,87.9309365537223
2024,"Black Kite","2024",0.0746561635771665,0.10054056830082,0.134288382562387,116.934471364448,155.868848797992,214.339235254783,69.289630548006,82.6752477649682,101.098175686071,NA,NA,NA,69.289630548006,82.6752477649682,101.098175686071
2025,"Black Kite","2025",0.0671682674903538,0.089904981384683,0.119475713350646,103.793076674038,139.258345327885,188.658747787527,62.0026529891256,73.8400735906918,90.5854287873767,NA,NA,NA,62.0026529891256,73.8400735906918,90.5854287873767
2026,"Black Kite","2026",NA,NA,NA,NA,NA,NA,NA,NA,NA,62.6870430759089,71.3862604088629,81.4227564029867,62.6870430759089,71.3862604088629,81.4227564029867
2027,"Black Kite","2027",NA,NA,NA,NA,NA,NA,NA,NA,NA,60.4588303235693,70.0188837659499,81.4023641065363,60.4588303235693,70.0188837659499,81.4023641065363
2028,"Black Kite","2028",NA,NA,NA,NA,NA,NA,NA,NA,NA,58.3719850911305,68.7734413160899,81.3414097837831,58.3719850911305,68.7734413160899,81.3414097837831
2029,"Black Kite","2029",NA,NA,NA,NA,NA,NA,NA,NA,NA,56.301744044729,67.5376903567495,81.5301079032895,56.301744044729,67.5376903567495,81.5301079032895
2030,"Black Kite","2030",NA,NA,NA,NA,NA,NA,NA,NA,NA,54.2427308494647,66.3901602857967,81.6690325458198,54.2427308494647,66.3901602857967,81.6690325458198
2031,"Black Kite","2031",NA,NA,NA,NA,NA,NA,NA,NA,NA,52.1954116306109,65.209066725985,81.6888296789392,52.1954116306109,65.209066725985,81.6888296789392
2032,"Black Kite","2032",NA,NA,NA,NA,NA,NA,NA,NA,NA,50.2633817550101,64.0211254044902,81.7830420830106,50.2633817550101,64.0211254044902,81.7830420830106
2033,"Black Kite","2033",NA,NA,NA,NA,NA,NA,NA,NA,NA,48.3757069817005,62.8187474811634,81.7614844646479,48.3757069817005,62.8187474811634,81.7614844646479
1991,"Jungle Owlet","before 2000",NA,NA,NA,NA,NA,NA,NA,NA,NA,NA,NA,NA,NA,NA,NA
2004,"Jungle Owlet","2000-2006",NA,NA,NA,NA,NA,NA,NA,NA,NA,NA,NA,NA,NA,NA,NA
2009,"Jungle Owlet","2007-2010",NA,NA,NA,NA,NA,NA,NA,NA,NA,NA,NA,NA,NA,NA,NA
2012,"Jungle Owlet","2011-2012",NA,NA,NA,NA,NA,NA,NA,NA,NA,NA,NA,NA,NA,NA,NA
2013,"Jungle Owlet","2013",NA,NA,NA,NA,NA,NA,NA,NA,NA,NA,NA,NA,NA,NA,NA
2014,"Jungle Owlet","2014",NA,NA,NA,NA,NA,NA,NA,NA,NA,NA,NA,NA,NA,NA,NA
2015,"Jungle Owlet","2015",3.50222341689211e-11,0.00509394727921267,0.0195561453283234,NA,NA,NA,100,100,100,NA,NA,NA,100,100,100
2016,"Jungle Owlet","2016",3.78529541887531e-10,0.0256704861666905,0.0662931418831796,NA,NA,NA,23.829713338756,489.425068208619,53119803575.4301,NA,NA,NA,23.829713338756,489.425068208619,53119803575.4301
2017,"Jungle Owlet","2017",0.00210516226375098,0.0103506709824248,0.0250692047245251,NA,NA,NA,35.6833411746136,207.262120770115,19787128826.5211,NA,NA,NA,35.6833411746136,207.262120770115,19787128826.5211
2018,"Jungle Owlet","2018",1.08137723775144e-10,0.00852501561900562,0.0223228869944369,NA,NA,NA,3.50750099907147e-06,161.467241738171,20891848947.1441,NA,NA,NA,3.50750099907147e-06,161.467241738171,20891848947.1441
2019,"Jungle Owlet","2019",0.00246505006032029,0.00804352837102329,0.0167551995671147,NA,NA,NA,27.4486408825245,155.68647205291,17200680276.8798,NA,NA,NA,27.4486408825245,155.68647205291,17200680276.8798
2020,"Jungle Owlet","2020",3.32382218657518e-11,0.00274936104962681,0.00926432946868617,NA,NA,NA,5.66750387982206e-07,53.977598473978,6464320933.91615,NA,NA,NA,5.66750387982206e-07,53.977598473978,6464320933.91615
2021,"Jungle Owlet","2021",4.52323523697821e-11,0.00433126430269922,0.0127942828977382,NA,NA,NA,1.01702749015786e-06,84.6886743021882,9919303622.33131,NA,NA,NA,1.01702749015786e-06,84.6886743021882,9919303622.33131
2022,"Jungle Owlet","2022",4.18763120120812e-10,0.00909471882696924,0.0239371879215078,NA,NA,NA,9.82097131911351,174.86532665329,23852533878.8779,NA,NA,NA,9.82097131911351,174.86532665329,23852533878.8779
2023,"Jungle Owlet","2023",2.15193809745589e-11,1.19692441235238e-10,7.14614251581987e-10,NA,NA,NA,2.56875830356102e-07,2.98770879359554e-06,120.662299088686,NA,NA,NA,2.56875830356102e-07,2.98770879359554e-06,120.662299088686
2024,"Jungle Owlet","2024",2.65370147031571e-11,0.00113795923582184,0.00431666410545972,NA,NA,NA,3.58108244436135e-07,21.2269231339747,2539346296.21385,NA,NA,NA,3.58108244436135e-07,21.2269231339747,2539346296.21385
2025,"Jungle Owlet","2025",0.00226171566486215,0.00781790737098016,0.0168849134148568,NA,NA,NA,25.4472151211558,151.217441154868,17104746476.2509,NA,NA,NA,25.4472151211558,151.217441154868,17104746476.2509
2026,"Jungle Owlet","2026",NA,NA,NA,NA,NA,NA,NA,NA,NA,0.000492276496020931,0.436243095513469,514.438830837052,0.000492276496020931,0.436243095513469,514.438830837052
2027,"Jungle Owlet","2027",NA,NA,NA,NA,NA,NA,NA,NA,NA,0.000111752455174402,0.244507254457067,735.390463562621,0.000111752455174402,0.244507254457067,735.390463562621
2028,"Jungle Owlet","2028",NA,NA,NA,NA,NA,NA,NA,NA,NA,2.51430847197871e-05,0.136058669686852,1077.02938848273,2.51430847197871e-05,0.136058669686852,1077.02938848273
2029,"Jungle Owlet","2029",NA,NA,NA,NA,NA,NA,NA,NA,NA,5.53461053762447e-06,0.0742770172914086,1519.0869855804,5.53461053762447e-06,0.0742770172914086,1519.0869855804
2030,"Jungle Owlet","2030",NA,NA,NA,NA,NA,NA,NA,NA,NA,1.20822974118229e-06,0.041262855366359,2166.07653361029,1.20822974118229e-06,0.041262855366359,2166.07653361029
2031,"Jungle Owlet","2031",NA,NA,NA,NA,NA,NA,NA,NA,NA,2.61576712403973e-07,0.0229801941045142,3150.28483744454,2.61576712403973e-07,0.0229801941045142,3150.28483744454
2032,"Jungle Owlet","2032",NA,NA,NA,NA,NA,NA,NA,NA,NA,5.42583483926324e-08,0.0127000561596205,4740.1659949405,5.42583483926324e-08,0.0127000561596205,4740.1659949405
2033,"Jungle Owlet","2033",NA,NA,NA,NA,NA,NA,NA,NA,NA,1.12675115187883e-08,0.00720012297915734,7182.7119301108,1.12675115187883e-08,0.00720012297915734,7182.7119301108
1991,"Indian Gray Hornbill","before 2000",0.0289472935997382,0.0548245968375846,0.0982853869346205,100,100,100,NA,NA,NA,NA,NA,NA,NA,NA,NA
2004,"Indian Gray Hornbill","2000-2006",0.00365529283071749,0.0149044686822757,0.0363203228601935,7.67646145261149,26.8811703960695,66.4931733573319,NA,NA,NA,NA,NA,NA,NA,NA,NA
2009,"Indian Gray Hornbill","2007-2010",0.00855881106260252,0.0291333602065061,0.065849784230988,16.3625933236183,53.9749171244034,118.442217732727,NA,NA,NA,NA,NA,NA,NA,NA,NA
2012,"Indian Gray Hornbill","2011-2012",0.00725639164624409,0.0185680016776284,0.037797737465423,14.5946725681482,33.3631995309417,64.9724313141212,NA,NA,NA,NA,NA,NA,NA,NA,NA
2013,"Indian Gray Hornbill","2013",0.0129756259280264,0.0363906166270826,0.0742005447255135,26.4959848949452,66.2269778984795,122.208810792907,NA,NA,NA,NA,NA,NA,NA,NA,NA
2014,"Indian Gray Hornbill","2014",0.00923842204122746,0.0223085105638739,0.0454702994561802,17.6904182759732,41.3490901874808,76.5393904934444,NA,NA,NA,NA,NA,NA,NA,NA,NA
2015,"Indian Gray Hornbill","2015",0.0106386567751541,0.0215689099777674,0.037984234020833,24.3664876412328,39.0452437222681,59.6255553907161,100,100,100,NA,NA,NA,100,100,100
2016,"Indian Gray Hornbill","2016",0.0172930797858752,0.0310918638243841,0.0539874941245376,37.9913212273454,56.9473809068781,83.4585592069788,96.7872621283616,145.046743530007,224.97541593865,NA,NA,NA,96.7872621283616,145.046743530007,224.97541593865
2017,"Indian Gray Hornbill","2017",0.0225859789667433,0.0384082319568635,0.064971322155742,48.659046960793,70.4073330904932,99.5016428170235,128.091228213106,179.03174207101,262.056464695506,NA,NA,NA,128.091228213106,179.03174207101,262.056464695506
2018,"Indian Gray Hornbill","2018",0.0202818493778087,0.0351038760961348,0.0601529185701858,44.0582539709602,64.3883828099295,92.1607270045213,115.512660158076,164.952644230033,240.376068700758,NA,NA,NA,115.512660158076,164.952644230033,240.376068700758
2019,"Indian Gray Hornbill","2019",0.0147855253698079,0.0257905880064815,0.0447201751439116,32.7746862155924,47.0739761053556,66.4369193849012,85.3602653997254,119.58967098976,176.267612360378,NA,NA,NA,85.3602653997254,119.58967098976,176.267612360378
2020,"Indian Gray Hornbill","2020",0.0168048179754313,0.0294866602375042,0.0499879819007338,36.9941880366634,53.7381000411198,76.9527478998677,95.0759968023808,137.088102391532,209.110841286849,NA,NA,NA,95.0759968023808,137.088102391532,209.110841286849
2021,"Indian Gray Hornbill","2021",0.0171646739579292,0.0294093452127381,0.0503663210163232,37.1147749369017,54.0126928841733,79.110718968237,97.9276534428675,136.442561235094,199.584149284503,NA,NA,NA,97.9276534428675,136.442561235094,199.584149284503
2022,"Indian Gray Hornbill","2022",0.0172626056021916,0.0297315985877594,0.0500009634902236,36.9027024773862,53.9453205292545,77.2225825972347,97.0794828277621,138.113220268578,204.735980607506,NA,NA,NA,97.0794828277621,138.113220268578,204.735980607506
2023,"Indian Gray Hornbill","2023",0.017302958223993,0.029686240750612,0.0501700712094661,38.1365683069536,54.3696066616959,77.4470438999852,99.4508326465099,137.824006500435,206.051230172612,NA,NA,NA,99.4508326465099,137.824006500435,206.051230172612
2024,"Indian Gray Hornbill","2024",0.0195810427157237,0.033579198131908,0.0569014669127136,43.4544498808866,61.6148442391475,87.3393022274172,114.367820586989,157.135821647081,231.759625113052,NA,NA,NA,114.367820586989,157.135821647081,231.759625113052
2025,"Indian Gray Hornbill","2025",0.0195079140622375,0.033386401386317,0.0572990863921088,43.058384041809,61.487001703833,84.449342450351,115.069725273182,156.0891771586,230.21639845531,NA,NA,NA,115.069725273182,156.0891771586,230.21639845531
2026,"Indian Gray Hornbill","2026",NA,NA,NA,NA,NA,NA,NA,NA,NA,123.494176301134,153.625588248339,191.078786185322,123.494176301134,153.625588248339,191.078786185322
2027,"Indian Gray Hornbill","2027",NA,NA,NA,NA,NA,NA,NA,NA,NA,121.539687911929,155.458425779291,199.735695709801,121.539687911929,155.458425779291,199.735695709801
2028,"Indian Gray Hornbill","2028",NA,NA,NA,NA,NA,NA,NA,NA,NA,119.629561322263,157.692450550847,208.14589921043,119.629561322263,157.692450550847,208.14589921043
2029,"Indian Gray Hornbill","2029",NA,NA,NA,NA,NA,NA,NA,NA,NA,117.751619663704,159.800533975054,217.234940737892,117.751619663704,159.800533975054,217.234940737892
2030,"Indian Gray Hornbill","2030",NA,NA,NA,NA,NA,NA,NA,NA,NA,115.904875672203,161.779234284074,227.047082081646,115.904875672203,161.779234284074,227.047082081646
2031,"Indian Gray Hornbill","2031",NA,NA,NA,NA,NA,NA,NA,NA,NA,114.034156397632,163.97804456266,237.309837482932,114.034156397632,163.97804456266,237.309837482932
2032,"Indian Gray Hornbill","2032",NA,NA,NA,NA,NA,NA,NA,NA,NA,112.21975070808,166.207643638956,247.878368224721,112.21975070808,166.207643638956,247.878368224721
2033,"Indian Gray Hornbill","2033",NA,NA,NA,NA,NA,NA,NA,NA,NA,110.200420272755,168.557886143046,258.74987085763,110.200420272755,168.557886143046,258.74987085763
1991,"Brown-headed Barbet","before 2000",0.0388732553333505,0.0827313692491774,0.161655265579503,100,100,100,NA,NA,NA,NA,NA,NA,NA,NA,NA
2004,"Brown-headed Barbet","2000-2006",0.00740715074704235,0.0241534656445779,0.059221925723937,9.45478896032912,29.6264363833997,67.209830676453,NA,NA,NA,NA,NA,NA,NA,NA,NA
2009,"Brown-headed Barbet","2007-2010",0.0188990423139905,0.0581146084816591,0.126722082265379,26.0860019387157,67.519171111515,157.956779097153,NA,NA,NA,NA,NA,NA,NA,NA,NA
2012,"Brown-headed Barbet","2011-2012",0.0285484806918398,0.0687661925924598,0.15371022134624,36.8625837888477,83.6626011562436,175.603608978634,NA,NA,NA,NA,NA,NA,NA,NA,NA
2013,"Brown-headed Barbet","2013",0.00876752729604301,0.0382609150225522,0.106350695395754,12.103955992775,45.2035640185716,129.925581868538,NA,NA,NA,NA,NA,NA,NA,NA,NA
2014,"Brown-headed Barbet","2014",0.00824705674476488,0.0235988922705804,0.0523016729525814,10.903402190711,28.2978567120743,64.4087327422335,NA,NA,NA,NA,NA,NA,NA,NA,NA
2015,"Brown-headed Barbet","2015",0.0151673421743948,0.0317247208651368,0.060398038969368,21.1756997380268,38.2647054750547,69.6870788316208,100,100,100,NA,NA,NA,100,100,100
2016,"Brown-headed Barbet","2016",0.0124097843224144,0.0238573150541143,0.0447216138512312,17.6717938115157,29.1284338565924,50.4313062151698,47.9025988351026,76.7303473292287,120.561757301852,NA,NA,NA,47.9025988351026,76.7303473292287,120.561757301852
2017,"Brown-headed Barbet","2017",0.0189847364426606,0.0346829682403001,0.0613856675773059,25.7787109456493,42.2595796275281,69.7696340908167,74.998305678444,110.665235202793,175.98716568416,NA,NA,NA,74.998305678444,110.665235202793,175.98716568416
2018,"Brown-headed Barbet","2018",0.0158440782233261,0.02955403578612,0.0539784985750348,22.2363522897257,35.5187927641322,60.8309504697997,62.546529584655,93.4583758188903,144.044002124136,NA,NA,NA,62.546529584655,93.4583758188903,144.044002124136
2019,"Brown-headed Barbet","2019",0.0129699808683533,0.024512400158155,0.0437143140406084,18.8674231527699,29.5063113190851,47.2911288478139,52.4075884153786,77.011011162853,118.082748706508,NA,NA,NA,52.4075884153786,77.011011162853,118.082748706508
2020,"Brown-headed Barbet","2020",0.00632931979492023,0.012197615634071,0.0226698823213447,8.93169722710955,14.6881974134751,24.1311975259484,24.6462251583487,38.2686754340146,61.5514039901254,NA,NA,NA,24.6462251583487,38.2686754340146,61.5514039901254
2021,"Brown-headed Barbet","2021",0.00810334474353101,0.0151774185397821,0.0273183856972942,11.4826864420597,18.3587823664723,31.1581053210905,32.0125584435206,47.9403024784383,76.3052228323725,NA,NA,NA,32.0125584435206,47.9403024784383,76.3052228323725
2022,"Brown-headed Barbet","2022",0.0112674247215027,0.0196363310300218,0.0351777773412928,15.0900183270775,23.9937522327319,39.9801195924407,42.5125518073061,62.8922575340689,97.4745006627201,NA,NA,NA,42.5125518073061,62.8922575340689,97.4745006627201
2023,"Brown-headed Barbet","2023",0.0091268058327773,0.0166893166413073,0.0302918295509101,13.0087071189769,20.0105125636175,33.2226623404188,35.6915366267724,52.3490050821021,82.4332894778512,NA,NA,NA,35.6915366267724,52.3490050821021,82.4332894778512
2024,"Brown-headed Barbet","2024",0.00903601977402894,0.0162941673382844,0.0291578660977024,12.6079611744914,19.5521971957125,32.4998424801406,34.1591213799229,51.14463584693,78.8245620476647,NA,NA,NA,34.1591213799229,51.14463584693,78.8245620476647
2025,"Brown-headed Barbet","2025",0.00968145646673525,0.0172599218607263,0.0310411133460305,13.0989681102029,20.8853608331722,34.4801576343217,36.8494739403979,54.2563871984391,83.4364980987041,NA,NA,NA,36.8494739403979,54.2563871984391,83.4364980987041
2026,"Brown-headed Barbet","2026",NA,NA,NA,NA,NA,NA,NA,NA,NA,30.2793764249146,42.0809029144605,58.6333359097829,30.2793764249146,42.0809029144605,58.6333359097829
2027,"Brown-headed Barbet","2027",NA,NA,NA,NA,NA,NA,NA,NA,NA,26.9588781704414,39.1320009460825,57.0224596637772,26.9588781704414,39.1320009460825,57.0224596637772
2028,"Brown-headed Barbet","2028",NA,NA,NA,NA,NA,NA,NA,NA,NA,23.8956001834504,36.3508317517324,55.4857595000285,23.8956001834504,36.3508317517324,55.4857595000285
2029,"Brown-headed Barbet","2029",NA,NA,NA,NA,NA,NA,NA,NA,NA,21.1506181726003,33.8015531839509,53.9866412512753,21.1506181726003,33.8015531839509,53.9866412512753
2030,"Brown-headed Barbet","2030",NA,NA,NA,NA,NA,NA,NA,NA,NA,18.7162798489974,31.4324030947328,52.5743658303717,18.7162798489974,31.4324030947328,52.5743658303717
2031,"Brown-headed Barbet","2031",NA,NA,NA,NA,NA,NA,NA,NA,NA,16.5813846752347,29.2115886366194,51.2609782226312,16.5813846752347,29.2115886366194,51.2609782226312
2032,"Brown-headed Barbet","2032",NA,NA,NA,NA,NA,NA,NA,NA,NA,14.6720901127014,27.1921734496478,50.0315612493982,14.6720901127014,27.1921734496478,50.0315612493982
2033,"Brown-headed Barbet","2033",NA,NA,NA,NA,NA,NA,NA,NA,NA,12.9845347563297,25.2743445980895,48.7185970950094,12.9845347563297,25.2743445980895,48.7185970950094
1991,"Brown-capped Pygmy Woodpecker","before 2000",NA,NA,NA,NA,NA,NA,NA,NA,NA,NA,NA,NA,NA,NA,NA
2004,"Brown-capped Pygmy Woodpecker","2000-2006",NA,NA,NA,NA,NA,NA,NA,NA,NA,NA,NA,NA,NA,NA,NA
2009,"Brown-capped Pygmy Woodpecker","2007-2010",NA,NA,NA,NA,NA,NA,NA,NA,NA,NA,NA,NA,NA,NA,NA
2012,"Brown-capped Pygmy Woodpecker","2011-2012",NA,NA,NA,NA,NA,NA,NA,NA,NA,NA,NA,NA,NA,NA,NA
2013,"Brown-capped Pygmy Woodpecker","2013",NA,NA,NA,NA,NA,NA,NA,NA,NA,NA,NA,NA,NA,NA,NA
2014,"Brown-capped Pygmy Woodpecker","2014",NA,NA,NA,NA,NA,NA,NA,NA,NA,NA,NA,NA,NA,NA,NA
2015,"Brown-capped Pygmy Woodpecker","2015",2.90703365951255e-10,0.00860313249090794,0.0280366061511893,NA,NA,NA,100,100,100,NA,NA,NA,100,100,100
2016,"Brown-capped Pygmy Woodpecker","2016",0.00591557688044029,0.020168239018254,0.050842025795215,NA,NA,NA,69.0378608584901,240.874860968589,5477240311.04369,NA,NA,NA,69.0378608584901,240.874860968589,5477240311.04369
2017,"Brown-capped Pygmy Woodpecker","2017",0.00205535820677719,0.00848314702159848,0.0211293082814554,NA,NA,NA,29.4464687302591,97.9788540619389,1933445225.22611,NA,NA,NA,29.4464687302591,97.9788540619389,1933445225.22611
2018,"Brown-capped Pygmy Woodpecker","2018",0.00295453268127487,0.0112415818145184,0.0281927050240185,NA,NA,NA,31.8106653511116,126.623715026228,3316489459.34471,NA,NA,NA,31.8106653511116,126.623715026228,3316489459.34471
2019,"Brown-capped Pygmy Woodpecker","2019",0.0017147825847099,0.00710560051017818,0.0177644924105221,NA,NA,NA,22.1270612005372,84.0389982051961,1736401128.406,NA,NA,NA,22.1270612005372,84.0389982051961,1736401128.406
2020,"Brown-capped Pygmy Woodpecker","2020",1.67386954000118e-10,0.00364432507782041,0.0106811485622495,NA,NA,NA,4.74673746092905e-06,42.980700719136,766746278.033013,NA,NA,NA,4.74673746092905e-06,42.980700719136,766746278.033013
2021,"Brown-capped Pygmy Woodpecker","2021",0.000553877203632048,0.00361899639164052,0.0101467151237252,NA,NA,NA,6.29679293402378,41.7140385074748,697049796.410799,NA,NA,NA,6.29679293402378,41.7140385074748,697049796.410799
2022,"Brown-capped Pygmy Woodpecker","2022",3.78522476180624e-10,0.00425405305315569,0.0127710190856781,NA,NA,NA,1.99071165130001e-05,49.708237526906,930108755.476821,NA,NA,NA,1.99071165130001e-05,49.708237526906,930108755.476821
2023,"Brown-capped Pygmy Woodpecker","2023",0.0017650369732021,0.00680789692549002,0.0168926281686283,NA,NA,NA,21.9566503586091,77.8290400427066,1506919961.66508,NA,NA,NA,21.9566503586091,77.8290400427066,1506919961.66508
2024,"Brown-capped Pygmy Woodpecker","2024",0.000566424599251667,0.00318578554494392,0.00810403141742604,NA,NA,NA,7.99488581251348,36.796573528329,777021312.784824,NA,NA,NA,7.99488581251348,36.796573528329,777021312.784824
2025,"Brown-capped Pygmy Woodpecker","2025",0.00192816993194156,0.00644084525104548,0.0151223121750218,NA,NA,NA,23.9159172371704,74.4635865751106,1625539657.63611,NA,NA,NA,23.9159172371704,74.4635865751106,1625539657.63611
2026,"Brown-capped Pygmy Woodpecker","2026",NA,NA,NA,NA,NA,NA,NA,NA,NA,18.1328141386336,36.6645832677018,84.6639213255218,18.1328141386336,36.6645832677018,84.6639213255218
2027,"Brown-capped Pygmy Woodpecker","2027",NA,NA,NA,NA,NA,NA,NA,NA,NA,14.8415279279636,32.9295004362025,83.7473622660048,14.8415279279636,32.9295004362025,83.7473622660048
2028,"Brown-capped Pygmy Woodpecker","2028",NA,NA,NA,NA,NA,NA,NA,NA,NA,12.0333309871508,29.3745175271256,83.1811557099992,12.0333309871508,29.3745175271256,83.1811557099992
2029,"Brown-capped Pygmy Woodpecker","2029",NA,NA,NA,NA,NA,NA,NA,NA,NA,9.78719947215413,26.4131070367449,82.1370771121296,9.78719947215413,26.4131070367449,82.1370771121296
2030,"Brown-capped Pygmy Woodpecker","2030",NA,NA,NA,NA,NA,NA,NA,NA,NA,7.89096314971036,23.4570587807498,81.9307161476935,7.89096314971036,23.4570587807498,81.9307161476935
2031,"Brown-capped Pygmy Woodpecker","2031",NA,NA,NA,NA,NA,NA,NA,NA,NA,6.31040919063414,20.8866228771291,81.4047286413161,6.31040919063414,20.8866228771291,81.4047286413161
2032,"Brown-capped Pygmy Woodpecker","2032",NA,NA,NA,NA,NA,NA,NA,NA,NA,5.10469750984184,18.5488973305841,80.6831580663208,5.10469750984184,18.5488973305841,80.6831580663208
2033,"Brown-capped Pygmy Woodpecker","2033",NA,NA,NA,NA,NA,NA,NA,NA,NA,4.13193853980323,16.541935029146,80.766577781703,4.13193853980323,16.541935029146,80.766577781703
1991,"Brown-fronted Woodpecker","before 2000",0.0267095080777893,0.0433477034504574,0.0673230806542885,100,100,100,NA,NA,NA,NA,NA,NA,NA,NA,NA
2004,"Brown-fronted Woodpecker","2000-2006",0.0371472938390126,0.0649936529947272,0.108307599549939,88.5487112058038,151.644805362243,257.352457699319,NA,NA,NA,NA,NA,NA,NA,NA,NA
2009,"Brown-fronted Woodpecker","2007-2010",0.0301729251520021,0.0594716630535222,0.103125846159584,71.6271688371407,139.440556739954,243.096009081512,NA,NA,NA,NA,NA,NA,NA,NA,NA
2012,"Brown-fronted Woodpecker","2011-2012",0.0106525697003036,0.0220274518492486,0.039283950075834,24.5318533989264,51.1176847687727,93.4530285304781,NA,NA,NA,NA,NA,NA,NA,NA,NA
2013,"Brown-fronted Woodpecker","2013",0.0241931565337948,0.0429590437112429,0.0737368654997904,58.7506263253387,101.621060579191,170.881347639254,NA,NA,NA,NA,NA,NA,NA,NA,NA
2014,"Brown-fronted Woodpecker","2014",0.0216086052497071,0.0415669798950802,0.0710548422018154,52.2811433968458,97.1739093875937,159.32751844377,NA,NA,NA,NA,NA,NA,NA,NA,NA
2015,"Brown-fronted Woodpecker","2015",0.0213183967065879,0.0338896036548652,0.0511403091379906,50.332528389243,78.5580237039492,123.215958150711,100,100,100,NA,NA,NA,100,100,100
2016,"Brown-fronted Woodpecker","2016",0.0243287195501639,0.0352353350223618,0.0518833393738654,55.5481383422843,82.2890322525615,125.675005925825,74.7989100157158,104.908365075903,151.164235254362,NA,NA,NA,74.7989100157158,104.908365075903,151.164235254362
2017,"Brown-fronted Woodpecker","2017",0.0217996163145741,0.031368174725964,0.04407961954512,50.2346874658787,73.078592154566,106.098184247427,67.8882140272046,92.3536207659451,127.495901143191,NA,NA,NA,67.8882140272046,92.3536207659451,127.495901143191
2018,"Brown-fronted Woodpecker","2018",0.0172892869432865,0.0255798133832853,0.036885081781898,40.0233737564621,59.7829877213508,87.9384356995738,53.5168763437247,75.8412686128369,107.957139201837,NA,NA,NA,53.5168763437247,75.8412686128369,107.957139201837
2019,"Brown-fronted Woodpecker","2019",0.0206343386173864,0.0292995374473745,0.042443478863402,48.1440597061924,69.0362620095884,100.958732220724,65.1975526876152,87.1607640074032,119.637774295711,NA,NA,NA,65.1975526876152,87.1607640074032,119.637774295711
2020,"Brown-fronted Woodpecker","2020",0.0216527048361707,0.0311409734595767,0.0446070036653596,50.8916566720576,72.0769290842627,105.220436322965,65.8910449163953,91.4309887142612,129.702998036713,NA,NA,NA,65.8910449163953,91.4309887142612,129.702998036713
2021,"Brown-fronted Woodpecker","2021",0.022672198409371,0.0329204328041438,0.046973466141315,54.9052962720233,77.1664289205542,112.447003168921,71.6886520085964,97.602557801052,133.142380322568,NA,NA,NA,71.6886520085964,97.602557801052,133.142380322568
2022,"Brown-fronted Woodpecker","2022",0.0190011965921675,0.0270309934543448,0.0388514179309214,44.3746430037711,63.3764447320243,93.0399305671477,57.2625566552515,79.894220239343,114.202977427796,NA,NA,NA,57.2625566552515,79.894220239343,114.202977427796
2023,"Brown-fronted Woodpecker","2023",0.0182902062492082,0.026282396493821,0.0375854439841773,42.5174463154157,61.870099581106,88.9460152653444,57.8612943248541,78.4678663405188,109.224438738512,NA,NA,NA,57.8612943248541,78.4678663405188,109.224438738512
2024,"Brown-fronted Woodpecker","2024",0.0209643967172327,0.0298806534713819,0.0423017711491201,49.435359644129,69.3645846831424,100.064389645716,65.2058657118062,88.130577980821,120.443063267601,NA,NA,NA,65.2058657118062,88.130577980821,120.443063267601
2025,"Brown-fronted Woodpecker","2025",0.0269451718837006,0.0373088243487299,0.052647559477942,62.7924519913689,87.3161522202912,124.69050520061,82.3772766441166,110.426203565073,154.051268455985,NA,NA,NA,82.3772766441166,110.426203565073,154.051268455985
2026,"Brown-fronted Woodpecker","2026",NA,NA,NA,NA,NA,NA,NA,NA,NA,74.0854138699778,89.0209718672072,106.372656634967,74.0854138699778,89.0209718672072,106.372656634967
2027,"Brown-fronted Woodpecker","2027",NA,NA,NA,NA,NA,NA,NA,NA,NA,71.8921727396099,88.4332889580183,108.201605560573,71.8921727396099,88.4332889580183,108.201605560573
2028,"Brown-fronted Woodpecker","2028",NA,NA,NA,NA,NA,NA,NA,NA,NA,69.6945705369897,88.1356786627843,110.34813176735,69.6945705369897,88.1356786627843,110.34813176735
2029,"Brown-fronted Woodpecker","2029",NA,NA,NA,NA,NA,NA,NA,NA,NA,67.7681728531402,87.722871846611,112.829906822293,67.7681728531402,87.722871846611,112.829906822293
2030,"Brown-fronted Woodpecker","2030",NA,NA,NA,NA,NA,NA,NA,NA,NA,65.7416194602439,87.4846138201391,115.141802666989,65.7416194602439,87.4846138201391,115.141802666989
2031,"Brown-fronted Woodpecker","2031",NA,NA,NA,NA,NA,NA,NA,NA,NA,63.7292854484812,87.0315333061586,117.80539118021,63.7292854484812,87.0315333061586,117.80539118021
2032,"Brown-fronted Woodpecker","2032",NA,NA,NA,NA,NA,NA,NA,NA,NA,61.8061301109098,86.7740536408978,120.31536118761,61.8061301109098,86.7740536408978,120.31536118761
2033,"Brown-fronted Woodpecker","2033",NA,NA,NA,NA,NA,NA,NA,NA,NA,59.9660342711541,86.338965655249,122.710260805129,59.9660342711541,86.338965655249,122.710260805129
1991,"Himalayan Woodpecker","before 2000",0.0395886562340637,0.0676746096225189,0.114794580114859,100,100,100,NA,NA,NA,NA,NA,NA,NA,NA,NA
2004,"Himalayan Woodpecker","2000-2006",0.0268120904538253,0.0502048590108705,0.0906337522374444,40.9957988214551,75.6033484983094,123.982161788255,NA,NA,NA,NA,NA,NA,NA,NA,NA
2009,"Himalayan Woodpecker","2007-2010",0.0240853677131947,0.0513256001056854,0.0943193905395743,39.84331269421,76.0601501424202,137.980104993023,NA,NA,NA,NA,NA,NA,NA,NA,NA
2012,"Himalayan Woodpecker","2011-2012",0.0393007634956916,0.0673426669728163,0.112475280957462,63.4394508262886,98.7303700233528,153.1044466962,NA,NA,NA,NA,NA,NA,NA,NA,NA
2013,"Himalayan Woodpecker","2013",0.027810581148025,0.0569395710880866,0.101608883521863,48.670018684819,83.6917065239534,138.754229259638,NA,NA,NA,NA,NA,NA,NA,NA,NA
2014,"Himalayan Woodpecker","2014",0.0309201703378747,0.055573731844403,0.0930257415225036,49.4420154758473,83.0502601527205,131.269839468351,NA,NA,NA,NA,NA,NA,NA,NA,NA
2015,"Himalayan Woodpecker","2015",0.0194597456817807,0.0312484720631705,0.0505327865060603,31.9417246945992,46.5184812771088,69.7052824555615,100,100,100,NA,NA,NA,100,100,100
2016,"Himalayan Woodpecker","2016",0.0323838503314253,0.0521665396565175,0.0837252898355109,54.3133563610202,77.1974175807326,110.134942920174,123.336381495793,165.105257868735,231.114632025261,NA,NA,NA,123.336381495793,165.105257868735,231.114632025261
2017,"Himalayan Woodpecker","2017",0.0264095732003576,0.0408438658260322,0.0644125848292516,43.9564141711025,60.8153353730942,85.067159148601,98.1643429373739,130.175095476404,173.735071142718,NA,NA,NA,98.1643429373739,130.175095476404,173.735071142718
2018,"Himalayan Woodpecker","2018",0.0217485772260605,0.034139305712421,0.0533427225162603,36.1175725803354,50.9123512032238,70.8707999416618,79.7077698535098,108.901071750678,148.533813940321,NA,NA,NA,79.7077698535098,108.901071750678,148.533813940321
2019,"Himalayan Woodpecker","2019",0.0148903260789081,0.0230453208020107,0.0372320322385096,24.2645585801206,34.675253185481,47.9316287782217,55.4574739140363,73.974257991704,99.6106216628607,NA,NA,NA,55.4574739140363,73.974257991704,99.6106216628607
2020,"Himalayan Woodpecker","2020",0.017055631730557,0.0270926938028739,0.0440432388509293,28.8943438716373,40.7291384218318,56.8545738220286,63.3608988234526,86.7064206440075,116.303771123254,NA,NA,NA,63.3608988234526,86.7064206440075,116.303771123254
2021,"Himalayan Woodpecker","2021",0.0127206141152049,0.0198772736229953,0.0319257382833398,21.4305212843642,29.5999709499367,42.056390197849,47.142838920158,63.9849667995576,86.7493205695648,NA,NA,NA,47.142838920158,63.9849667995576,86.7493205695648
2022,"Himalayan Woodpecker","2022",0.015752582545924,0.0248894101858844,0.0393293608020105,26.7492832030014,37.2008915347686,51.0484394199003,59.2647309342862,79.9233220012068,107.185183589176,NA,NA,NA,59.2647309342862,79.9233220012068,107.185183589176
2023,"Himalayan Woodpecker","2023",0.0168588570576524,0.0260337125807297,0.0415192977872083,27.8543095014977,39.1739163167974,53.7220558774097,63.1216179880419,84.1499863699582,113.989306615238,NA,NA,NA,63.1216179880419,84.1499863699582,113.989306615238
2024,"Himalayan Woodpecker","2024",0.0136789656683708,0.0212135461252649,0.0334205675512318,23.0199783609487,31.604715533887,43.1742343170441,50.4202041405443,68.1215434857007,91.7900327018768,NA,NA,NA,50.4202041405443,68.1215434857007,91.7900327018768
2025,"Himalayan Woodpecker","2025",0.0160224901766811,0.0242833651516998,0.0387601531170964,26.6799127167671,36.2324125789145,49.1171052872714,60.2291009091848,77.4924882704849,103.601719266844,NA,NA,NA,60.2291009091848,77.4924882704849,103.601719266844
2026,"Himalayan Woodpecker","2026",NA,NA,NA,NA,NA,NA,NA,NA,NA,47.0949259560532,62.2821476938928,82.0551607841522,47.0949259560532,62.2821476938928,82.0551607841522
2027,"Himalayan Woodpecker","2027",NA,NA,NA,NA,NA,NA,NA,NA,NA,42.466960749147,58.4705673389096,79.8501919398661,42.466960749147,58.4705673389096,79.8501919398661
2028,"Himalayan Woodpecker","2028",NA,NA,NA,NA,NA,NA,NA,NA,NA,38.3822756765465,54.8022869329712,77.7467958974347,38.3822756765465,54.8022869329712,77.7467958974347
2029,"Himalayan Woodpecker","2029",NA,NA,NA,NA,NA,NA,NA,NA,NA,34.6400107941798,51.4077304841078,75.8195776593529,34.6400107941798,51.4077304841078,75.8195776593529
2030,"Himalayan Woodpecker","2030",NA,NA,NA,NA,NA,NA,NA,NA,NA,31.2481017745822,48.3206387136342,73.912235539984,31.2481017745822,48.3206387136342,73.912235539984
2031,"Himalayan Woodpecker","2031",NA,NA,NA,NA,NA,NA,NA,NA,NA,28.2613926828697,45.38401585891,72.1683812761707,28.2613926828697,45.38401585891,72.1683812761707
2032,"Himalayan Woodpecker","2032",NA,NA,NA,NA,NA,NA,NA,NA,NA,25.5225596214557,42.593473529466,70.4276534242907,25.5225596214557,42.593473529466,70.4276534242907
2033,"Himalayan Woodpecker","2033",NA,NA,NA,NA,NA,NA,NA,NA,NA,23.0065961577906,40.0525833753122,68.752483584144,23.0065961577906,40.0525833753122,68.752483584144
1991,"Greater Flameback","before 2000",NA,NA,NA,NA,NA,NA,NA,NA,NA,NA,NA,NA,NA,NA,NA
2004,"Greater Flameback","2000-2006",NA,NA,NA,NA,NA,NA,NA,NA,NA,NA,NA,NA,NA,NA,NA
2009,"Greater Flameback","2007-2010",NA,NA,NA,NA,NA,NA,NA,NA,NA,NA,NA,NA,NA,NA,NA
2012,"Greater Flameback","2011-2012",NA,NA,NA,NA,NA,NA,NA,NA,NA,NA,NA,NA,NA,NA,NA
2013,"Greater Flameback","2013",NA,NA,NA,NA,NA,NA,NA,NA,NA,NA,NA,NA,NA,NA,NA
2014,"Greater Flameback","2014",NA,NA,NA,NA,NA,NA,NA,NA,NA,NA,NA,NA,NA,NA,NA
2015,"Greater Flameback","2015",0.0817424980409029,0.116451582610625,0.159813679021966,NA,NA,NA,100,100,100,NA,NA,NA,100,100,100
2016,"Greater Flameback","2016",0.00495975481681749,0.021505102730922,0.0461889086834956,NA,NA,NA,3.98939545709282,18.0899530546522,43.4116497644149,NA,NA,NA,3.98939545709282,18.0899530546522,43.4116497644149
2017,"Greater Flameback","2017",0.07823113056327,0.103548367557101,0.12996670747805,NA,NA,NA,61.5132510163874,88.4729466914083,132.145163551874,NA,NA,NA,61.5132510163874,88.4729466914083,132.145163551874
2018,"Greater Flameback","2018",0.024545807983328,0.0413185460453534,0.0607812891337283,NA,NA,NA,20.7687043375208,35.4482408863726,60.0321158248041,NA,NA,NA,20.7687043375208,35.4482408863726,60.0321158248041
2019,"Greater Flameback","2019",0.0299006102015077,0.0414470268567815,0.0568254110903224,NA,NA,NA,22.946974345909,35.7940991281316,57.554505809166,NA,NA,NA,22.946974345909,35.7940991281316,57.554505809166
2020,"Greater Flameback","2020",0.0172198238316873,0.0287613364947421,0.0423113075202775,NA,NA,NA,14.3211285312057,24.8311944510326,40.8820957389309,NA,NA,NA,14.3211285312057,24.8311944510326,40.8820957389309
2021,"Greater Flameback","2021",0.00552153003121029,0.0126281017890583,0.0228006392682016,NA,NA,NA,4.24098503338159,10.6940196042651,20.8458088076188,NA,NA,NA,4.24098503338159,10.6940196042651,20.8458088076188
2022,"Greater Flameback","2022",0.00817864052704956,0.0184920098459935,0.0309130745866099,NA,NA,NA,6.68405077605674,15.7782999016569,29.8388608124193,NA,NA,NA,6.68405077605674,15.7782999016569,29.8388608124193
2023,"Greater Flameback","2023",0.0113067790985343,0.019263370267226,0.0297148046680501,NA,NA,NA,9.00516927163183,16.7636823376705,29.5142635898684,NA,NA,NA,9.00516927163183,16.7636823376705,29.5142635898684
2024,"Greater Flameback","2024",0.00887563762533148,0.0157860275400819,0.023524982928238,NA,NA,NA,7.25301364643481,13.4360534392927,23.6097002825402,NA,NA,NA,7.25301364643481,13.4360534392927,23.6097002825402
2025,"Greater Flameback","2025",0.0158822662025928,0.0226889785341083,0.0323441101302642,NA,NA,NA,12.0877666911749,19.5883604765017,31.9412810426773,NA,NA,NA,12.0877666911749,19.5883604765017,31.9412810426773
2026,"Greater Flameback","2026",NA,NA,NA,NA,NA,NA,NA,NA,NA,4.61545536199603,10.1911253903149,21.9370078017761,4.61545536199603,10.1911253903149,21.9370078017761
2027,"Greater Flameback","2027",NA,NA,NA,NA,NA,NA,NA,NA,NA,3.54870709218056,8.70970778215084,20.7050374558375,3.54870709218056,8.70970778215084,20.7050374558375
2028,"Greater Flameback","2028",NA,NA,NA,NA,NA,NA,NA,NA,NA,2.73466788137626,7.43473347130372,19.6622480097931,2.73466788137626,7.43473347130372,19.6622480097931
2029,"Greater Flameback","2029",NA,NA,NA,NA,NA,NA,NA,NA,NA,2.10533191286088,6.34309477704683,18.7163458049391,2.10533191286088,6.34309477704683,18.7163458049391
2030,"Greater Flameback","2030",NA,NA,NA,NA,NA,NA,NA,NA,NA,1.61291938277579,5.42739232204408,17.8052476685142,1.61291938277579,5.42739232204408,17.8052476685142
2031,"Greater Flameback","2031",NA,NA,NA,NA,NA,NA,NA,NA,NA,1.23252989554114,4.64320074174664,16.9309296149239,1.23252989554114,4.64320074174664,16.9309296149239
2032,"Greater Flameback","2032",NA,NA,NA,NA,NA,NA,NA,NA,NA,0.945171623563694,3.99160372026349,16.0235916613485,0.945171623563694,3.99160372026349,16.0235916613485
2033,"Greater Flameback","2033",NA,NA,NA,NA,NA,NA,NA,NA,NA,0.722006831927592,3.41479843491473,15.2690623770678,0.722006831927592,3.41479843491473,15.2690623770678
1991,"Black-rumped Flameback","before 2000",NA,NA,NA,NA,NA,NA,NA,NA,NA,NA,NA,NA,NA,NA,NA
2004,"Black-rumped Flameback","2000-2006",NA,NA,NA,NA,NA,NA,NA,NA,NA,NA,NA,NA,NA,NA,NA
2009,"Black-rumped Flameback","2007-2010",NA,NA,NA,NA,NA,NA,NA,NA,NA,NA,NA,NA,NA,NA,NA
2012,"Black-rumped Flameback","2011-2012",NA,NA,NA,NA,NA,NA,NA,NA,NA,NA,NA,NA,NA,NA,NA
2013,"Black-rumped Flameback","2013",NA,NA,NA,NA,NA,NA,NA,NA,NA,NA,NA,NA,NA,NA,NA
2014,"Black-rumped Flameback","2014",NA,NA,NA,NA,NA,NA,NA,NA,NA,NA,NA,NA,NA,NA,NA
2015,"Black-rumped Flameback","2015",0.00525913993882567,0.0125085615801612,0.0246793656777297,NA,NA,NA,100,100,100,NA,NA,NA,100,100,100
2016,"Black-rumped Flameback","2016",0.0108412930080755,0.0212826610887203,0.0403988344412957,NA,NA,NA,94.1697920937486,172.657232196198,344.626994883097,NA,NA,NA,94.1697920937486,172.657232196198,344.626994883097
2017,"Black-rumped Flameback","2017",0.00972753775408471,0.0188909410201808,0.0360186892161297,NA,NA,NA,86.200704352726,151.357759854652,293.339364765001,NA,NA,NA,86.200704352726,151.357759854652,293.339364765001
2018,"Black-rumped Flameback","2018",0.00969815696859908,0.0188432493262062,0.035028041269378,NA,NA,NA,85.2692397778245,155.63873436871,299.481355561674,NA,NA,NA,85.2692397778245,155.63873436871,299.481355561674
2019,"Black-rumped Flameback","2019",0.00703022444282067,0.0132134874052594,0.0236208460163205,NA,NA,NA,63.178727738278,106.863502854557,202.781515780753,NA,NA,NA,63.178727738278,106.863502854557,202.781515780753
2020,"Black-rumped Flameback","2020",0.00531678825613964,0.0103255095867919,0.0187798804104503,NA,NA,NA,47.1119076164594,84.1541265138809,168.741651573914,NA,NA,NA,47.1119076164594,84.1541265138809,168.741651573914
2021,"Black-rumped Flameback","2021",0.00634585300497682,0.0120289735396596,0.02191940378365,NA,NA,NA,55.8141378470962,97.2573006949925,190.280865767989,NA,NA,NA,55.8141378470962,97.2573006949925,190.280865767989
2022,"Black-rumped Flameback","2022",0.00437366393260895,0.00870684460199777,0.0161573969800725,NA,NA,NA,39.2986936180867,71.367121739998,139.629671574998,NA,NA,NA,39.2986936180867,71.367121739998,139.629671574998
2023,"Black-rumped Flameback","2023",0.00521666120226819,0.00953443348948503,0.0171815212438319,NA,NA,NA,45.2000015614357,76.5850753003558,148.843310437823,NA,NA,NA,45.2000015614357,76.5850753003558,148.843310437823
2024,"Black-rumped Flameback","2024",0.00602380444634553,0.0111385806354217,0.0201519774455897,NA,NA,NA,53.5309953544798,89.423514479676,171.475247061917,NA,NA,NA,53.5309953544798,89.423514479676,171.475247061917
2025,"Black-rumped Flameback","2025",0.00473823390080252,0.00892387055730959,0.0159583886699668,NA,NA,NA,42.1287512293492,72.8273954539877,139.794795624944,NA,NA,NA,42.1287512293492,72.8273954539877,139.794795624944
2026,"Black-rumped Flameback","2026",NA,NA,NA,NA,NA,NA,NA,NA,NA,48.9841810745272,66.4449597813824,91.1215349114479,48.9841810745272,66.4449597813824,91.1215349114479
2027,"Black-rumped Flameback","2027",NA,NA,NA,NA,NA,NA,NA,NA,NA,43.8173744910315,61.6395595158519,88.34290621768,43.8173744910315,61.6395595158519,88.34290621768
2028,"Black-rumped Flameback","2028",NA,NA,NA,NA,NA,NA,NA,NA,NA,38.9140328629094,57.3649220153994,85.9483063705784,38.9140328629094,57.3649220153994,85.9483063705784
2029,"Black-rumped Flameback","2029",NA,NA,NA,NA,NA,NA,NA,NA,NA,34.8233376189563,53.5773578976174,83.5984333429259,34.8233376189563,53.5773578976174,83.5984333429259
2030,"Black-rumped Flameback","2030",NA,NA,NA,NA,NA,NA,NA,NA,NA,30.955192717984,49.8429191404007,81.536591227914,30.955192717984,49.8429191404007,81.536591227914
2031,"Black-rumped Flameback","2031",NA,NA,NA,NA,NA,NA,NA,NA,NA,27.4678317405367,46.4304656521704,79.5585953637512,27.4678317405367,46.4304656521704,79.5585953637512
2032,"Black-rumped Flameback","2032",NA,NA,NA,NA,NA,NA,NA,NA,NA,24.3455402250751,43.151558909411,77.4090704918697,24.3455402250751,43.151558909411,77.4090704918697
2033,"Black-rumped Flameback","2033",NA,NA,NA,NA,NA,NA,NA,NA,NA,21.6424044686427,40.3173236997617,75.4527823649071,21.6424044686427,40.3173236997617,75.4527823649071
1991,"Scaly-bellied Woodpecker","before 2000",0.0338128243749975,0.0537770416624229,0.0793786457649502,100,100,100,NA,NA,NA,NA,NA,NA,NA,NA,NA
2004,"Scaly-bellied Woodpecker","2000-2006",0.0151326988417968,0.031482661585925,0.0529838624332977,28.9068725892938,57.4092675984287,99.2421526588334,NA,NA,NA,NA,NA,NA,NA,NA,NA
2009,"Scaly-bellied Woodpecker","2007-2010",0.0220396008979186,0.0470253352042397,0.0843794601371584,43.8618979772612,87.1359873883252,163.995580362474,NA,NA,NA,NA,NA,NA,NA,NA,NA
2012,"Scaly-bellied Woodpecker","2011-2012",0.0166490498035972,0.0322413747430055,0.0521508202856255,32.4461515920715,60.3808068367928,102.78491174115,NA,NA,NA,NA,NA,NA,NA,NA,NA
2013,"Scaly-bellied Woodpecker","2013",0.0420727680536431,0.0711784297142515,0.1120657248276,78.0294129153155,132.426101680494,209.067742908421,NA,NA,NA,NA,NA,NA,NA,NA,NA
2014,"Scaly-bellied Woodpecker","2014",0.0274034153943495,0.0459373741388307,0.0761440820393836,49.5992825479547,85.3870657811795,140.163809721778,NA,NA,NA,NA,NA,NA,NA,NA,NA
2015,"Scaly-bellied Woodpecker","2015",0.0227681490576188,0.0352063582615083,0.0532445556594471,42.8648078746074,66.4429629919208,98.5582815697142,100,100,100,NA,NA,NA,100,100,100
2016,"Scaly-bellied Woodpecker","2016",0.0322884631567232,0.0464364594358094,0.0666322797367303,62.2748770876996,86.2902060111974,122.381014060448,94.9282605976208,131.386577970686,184.035206524849,NA,NA,NA,94.9282605976208,131.386577970686,184.035206524849
2017,"Scaly-bellied Woodpecker","2017",0.0259570199534551,0.0377647287027952,0.0527253217029796,50.0276126481789,70.91426566063,99.430465100577,79.2841668571979,106.779086248512,147.000869886196,NA,NA,NA,79.2841668571979,106.779086248512,147.000869886196
2018,"Scaly-bellied Woodpecker","2018",0.0279563661446303,0.0400536318733202,0.0572897258740148,54.8848515068103,74.7905698043174,108.79296893355,83.13707067705,113.62003924488,157.181729908847,NA,NA,NA,83.13707067705,113.62003924488,157.181729908847
2019,"Scaly-bellied Woodpecker","2019",0.0258269351553227,0.0362647368594932,0.0510308841247598,48.9730945691534,67.1629279910114,94.8132133875909,76.7798013739052,102.695785182557,139.86201389144,NA,NA,NA,76.7798013739052,102.695785182557,139.86201389144
2020,"Scaly-bellied Woodpecker","2020",0.0287321890008639,0.0405190915060665,0.0566920782053261,53.9489446819174,74.7520394205313,106.993698050714,84.3436218163944,113.641488327726,154.180588332003,NA,NA,NA,84.3436218163944,113.641488327726,154.180588332003
2021,"Scaly-bellied Woodpecker","2021",0.0241081016634798,0.0330670175479739,0.0456594730306321,44.7895105627978,61.8101893933442,84.7996067422043,68.3297191569468,93.5246236239515,127.233911633435,NA,NA,NA,68.3297191569468,93.5246236239515,127.233911633435
2022,"Scaly-bellied Woodpecker","2022",0.0198534973660549,0.0278979409869258,0.0388328786729856,37.4015294782853,52.120254377124,73.1603309004417,58.5514976514057,78.7199794397799,106.977771694536,NA,NA,NA,58.5514976514057,78.7199794397799,106.977771694536
2023,"Scaly-bellied Woodpecker","2023",0.0212808379868311,0.0297822321084887,0.0417664594745323,40.192875044728,55.5808691267985,78.2397679660855,62.1645041128591,83.9807785094183,113.648261456869,NA,NA,NA,62.1645041128591,83.9807785094183,113.648261456869
2024,"Scaly-bellied Woodpecker","2024",0.0176716204203662,0.0249223961925097,0.034769254872238,33.7200968216291,46.4220153584017,65.8803220759178,51.7201398893114,70.3768560256507,96.9458016072227,NA,NA,NA,51.7201398893114,70.3768560256507,96.9458016072227
2025,"Scaly-bellied Woodpecker","2025",0.0162510820869415,0.0226166834434492,0.0314142913396875,30.9065283858358,41.8484664158089,59.2205013881897,47.2715712924231,63.659523660659,87.3231091108063,NA,NA,NA,47.2715712924231,63.659523660659,87.3231091108063
2026,"Scaly-bellied Woodpecker","2026",NA,NA,NA,NA,NA,NA,NA,NA,NA,56.2722833749226,66.9581730435002,79.7324752485964,56.2722833749226,66.9581730435002,79.7324752485964
2027,"Scaly-bellied Woodpecker","2027",NA,NA,NA,NA,NA,NA,NA,NA,NA,52.0568592493142,63.1844766277773,76.9526606977035,52.0568592493142,63.1844766277773,76.9526606977035
2028,"Scaly-bellied Woodpecker","2028",NA,NA,NA,NA,NA,NA,NA,NA,NA,48.0152592724799,59.777426981631,74.4474637554957,48.0152592724799,59.777426981631,74.4474637554957
2029,"Scaly-bellied Woodpecker","2029",NA,NA,NA,NA,NA,NA,NA,NA,NA,44.3323328564884,56.3113020604914,71.860664313979,44.3323328564884,56.3113020604914,71.860664313979
2030,"Scaly-bellied Woodpecker","2030",NA,NA,NA,NA,NA,NA,NA,NA,NA,40.9171188333349,53.2400889842844,69.5426267657987,40.9171188333349,53.2400889842844,69.5426267657987
2031,"Scaly-bellied Woodpecker","2031",NA,NA,NA,NA,NA,NA,NA,NA,NA,37.7080317465632,50.3855000871274,67.3082358134547,37.7080317465632,50.3855000871274,67.3082358134547
2032,"Scaly-bellied Woodpecker","2032",NA,NA,NA,NA,NA,NA,NA,NA,NA,34.7745194389833,47.5394151183657,65.0992783077489,34.7745194389833,47.5394151183657,65.0992783077489
2033,"Scaly-bellied Woodpecker","2033",NA,NA,NA,NA,NA,NA,NA,NA,NA,32.028489224381,44.8719952344797,63.0961418669614,32.028489224381,44.8719952344797,63.0961418669614
1991,"Slaty-headed Parakeet","before 2000",0.0267118434474153,0.0440843173855965,0.0671288133616302,100,100,100,NA,NA,NA,NA,NA,NA,NA,NA,NA
2004,"Slaty-headed Parakeet","2000-2006",0.0515504843084351,0.0821644699870257,0.127967744829404,114.10103451644,187.475340620447,295.679041574115,NA,NA,NA,NA,NA,NA,NA,NA,NA
2009,"Slaty-headed Parakeet","2007-2010",0.0164233141351266,0.0364081238489174,0.0642454675185131,40.7785507789475,82.9191272132322,142.971485513899,NA,NA,NA,NA,NA,NA,NA,NA,NA
2012,"Slaty-headed Parakeet","2011-2012",0.0154227860070082,0.029654443355079,0.048683866703513,34.3958461781204,66.1304386838194,118.270984729119,NA,NA,NA,NA,NA,NA,NA,NA,NA
2013,"Slaty-headed Parakeet","2013",0.0165035975486825,0.0306557889882778,0.0503326573788172,36.9924198405739,69.5886286319652,118.191336441592,NA,NA,NA,NA,NA,NA,NA,NA,NA
2014,"Slaty-headed Parakeet","2014",0.0193277276559173,0.0345707610607494,0.0560606614263554,45.1932703114139,78.7317964480717,130.027052831215,NA,NA,NA,NA,NA,NA,NA,NA,NA
2015,"Slaty-headed Parakeet","2015",0.0327784839569137,0.049467235704032,0.0703819864225584,73.9613032330553,111.914526965806,174.21634246216,100,100,100,NA,NA,NA,100,100,100
2016,"Slaty-headed Parakeet","2016",0.036395133207261,0.0518544836020043,0.0738055416834095,81.2061547774574,117.823253206805,170.645418236792,79.7594694664398,105.244627450646,139.153973418363,NA,NA,NA,79.7594694664398,105.244627450646,139.153973418363
2017,"Slaty-headed Parakeet","2017",0.0268567457946018,0.0381922577263646,0.054529664992658,61.6922788928774,86.2583071874767,124.425683468035,59.2884385000873,77.2849834679073,102.313057243514,NA,NA,NA,59.2884385000873,77.2849834679073,102.313057243514
2018,"Slaty-headed Parakeet","2018",0.0280212823899969,0.0395881731307084,0.0554112374444828,63.6853165214227,89.5612099275301,130.658351958534,61.2103554416423,80.5438198135642,107.299755010312,NA,NA,NA,61.2103554416423,80.5438198135642,107.299755010312
2019,"Slaty-headed Parakeet","2019",0.025373967422082,0.0352754357674561,0.0490208989066984,55.8484935660848,80.2783151313742,115.403307926593,55.7966941272929,71.4003806053208,93.4310171952921,NA,NA,NA,55.7966941272929,71.4003806053208,93.4310171952921
2020,"Slaty-headed Parakeet","2020",0.0295142596485301,0.0414540169326977,0.0575475611310697,67.5430952063097,94.8941363884652,137.556652677681,63.9386729741169,84.5507192312775,113.171269277785,NA,NA,NA,63.9386729741169,84.5507192312775,113.171269277785
2021,"Slaty-headed Parakeet","2021",0.0395321608259464,0.0541764355982708,0.074789085404536,86.4514150226274,123.865202002271,177.305876385317,86.1558578412309,109.859370098504,145.096565001227,NA,NA,NA,86.1558578412309,109.859370098504,145.096565001227
2022,"Slaty-headed Parakeet","2022",0.0315348513223556,0.0432284191020864,0.0600941321508817,68.7630308915589,99.1657528570306,141.902353116835,68.2480545999688,88.1614441203169,115.404049461189,NA,NA,NA,68.2480545999688,88.1614441203169,115.404049461189
2023,"Slaty-headed Parakeet","2023",0.0343250431145424,0.0480558799548363,0.0659702953373999,77.8584170638889,108.956990053726,154.283675386387,74.6750371650695,97.8083610029471,126.324404748152,NA,NA,NA,74.6750371650695,97.8083610029471,126.324404748152
2024,"Slaty-headed Parakeet","2024",0.0263766798107575,0.0367795698211536,0.0505010896356733,59.7377155647942,83.4369490879121,119.951431354561,57.8857165411319,74.5258284069523,97.0458296379133,NA,NA,NA,57.8857165411319,74.5258284069523,97.0458296379133
2025,"Slaty-headed Parakeet","2025",0.0285967189040885,0.0392334893730012,0.0532656484934082,64.2305640719548,88.8301552195602,126.497514672033,61.8709607322232,79.3449694252449,102.479583384585,NA,NA,NA,61.8709607322232,79.3449694252449,102.479583384585
2026,"Slaty-headed Parakeet","2026",NA,NA,NA,NA,NA,NA,NA,NA,NA,66.36027810144,81.5063972376554,100.738834027435,66.36027810144,81.5063972376554,100.738834027435
2027,"Slaty-headed Parakeet","2027",NA,NA,NA,NA,NA,NA,NA,NA,NA,63.9135021993003,80.6715294801097,102.316246963953,63.9135021993003,80.6715294801097,102.316246963953
2028,"Slaty-headed Parakeet","2028",NA,NA,NA,NA,NA,NA,NA,NA,NA,61.3802558575177,79.7252678813589,103.998351352714,61.3802558575177,79.7252678813589,103.998351352714
2029,"Slaty-headed Parakeet","2029",NA,NA,NA,NA,NA,NA,NA,NA,NA,59.0209439184661,78.6619909147572,105.981888224034,59.0209439184661,78.6619909147572,105.981888224034
2030,"Slaty-headed Parakeet","2030",NA,NA,NA,NA,NA,NA,NA,NA,NA,56.6358951083631,77.8132555888347,108.027014587461,56.6358951083631,77.8132555888347,108.027014587461
2031,"Slaty-headed Parakeet","2031",NA,NA,NA,NA,NA,NA,NA,NA,NA,54.3228103032953,76.9125814286358,109.956656156285,54.3228103032953,76.9125814286358,109.956656156285
2032,"Slaty-headed Parakeet","2032",NA,NA,NA,NA,NA,NA,NA,NA,NA,52.2086713436761,76.1199012780487,112.027924425359,52.2086713436761,76.1199012780487,112.027924425359
2033,"Slaty-headed Parakeet","2033",NA,NA,NA,NA,NA,NA,NA,NA,NA,50.1564127302458,75.2840269922731,113.949808578438,50.1564127302458,75.2840269922731,113.949808578438
1991,"Plum-headed Parakeet","before 2000",0.0372474787357683,0.0582653006808291,0.0844129747116603,100,100,100,NA,NA,NA,NA,NA,NA,NA,NA,NA
2004,"Plum-headed Parakeet","2000-2006",0.0620260841696608,0.100753211805965,0.151782885074628,111.21953769888,172.055266576004,278.675817577944,NA,NA,NA,NA,NA,NA,NA,NA,NA
2009,"Plum-headed Parakeet","2007-2010",0.0556107962224484,0.0902373278253716,0.14106469458759,96.1382023217904,155.726719402936,245.438547037443,NA,NA,NA,NA,NA,NA,NA,NA,NA
2012,"Plum-headed Parakeet","2011-2012",0.0443653467921119,0.0745162911371266,0.117921889946631,80.0177722942078,128.607949517661,202.435607141206,NA,NA,NA,NA,NA,NA,NA,NA,NA
2013,"Plum-headed Parakeet","2013",0.0546696106456784,0.0867673246194527,0.135438352014334,93.2092953497649,149.321762718031,231.150456851625,NA,NA,NA,NA,NA,NA,NA,NA,NA
2014,"Plum-headed Parakeet","2014",0.0389398800603033,0.0639365908476058,0.101955480731764,70.4942637006572,109.801886912737,169.792081501838,NA,NA,NA,NA,NA,NA,NA,NA,NA
2015,"Plum-headed Parakeet","2015",0.0407577503889543,0.0604584438732366,0.0874571887945603,72.0333688170224,103.832393554135,153.204257404486,100,100,100,NA,NA,NA,100,100,100
2016,"Plum-headed Parakeet","2016",0.0416323699897956,0.0586723367330772,0.0838810724701449,73.6365589804157,101.542444160472,145.37607758447,75.2309118719011,98.1075725130361,129.185896424454,NA,NA,NA,75.2309118719011,98.1075725130361,129.185896424454
2017,"Plum-headed Parakeet","2017",0.0374231803551385,0.0527074854168898,0.0730402281550848,66.6707813588023,90.8217374663241,124.774576177599,68.9415139822707,87.136534981178,111.430269127543,NA,NA,NA,68.9415139822707,87.136534981178,111.430269127543
2018,"Plum-headed Parakeet","2018",0.0305989148785712,0.0435149753013482,0.0620859434100279,54.3130515526254,75.2877836860631,104.344628974449,55.9813200509383,72.0648676333305,94.3003275808273,NA,NA,NA,55.9813200509383,72.0648676333305,94.3003275808273
2019,"Plum-headed Parakeet","2019",0.0322710143861183,0.0452322918017833,0.0625323152105309,57.1502314350252,78.6374549591512,109.260612904859,59.1091617419938,75.2459153552072,95.4616151748937,NA,NA,NA,59.1091617419938,75.2459153552072,95.4616151748937
2020,"Plum-headed Parakeet","2020",0.0269126396807042,0.0376338127917371,0.0531281625426585,47.3084279013904,65.289753036787,90.2960858436831,48.5975900320721,62.7715443784169,83.9667532419751,NA,NA,NA,48.5975900320721,62.7715443784169,83.9667532419751
2021,"Plum-headed Parakeet","2021",0.0289975832862003,0.0400587223471888,0.0565853757984742,49.7330553941316,68.9761834199607,93.2849803632449,52.8554462152356,66.0386966076934,84.640549089067,NA,NA,NA,52.8554462152356,66.0386966076934,84.640549089067
2022,"Plum-headed Parakeet","2022",0.0309037244660646,0.0427278553342657,0.0596393012850835,54.1960330431374,74.1803972600003,103.403417957335,56.7595870780151,71.2710692276259,92.1888463027556,NA,NA,NA,56.7595870780151,71.2710692276259,92.1888463027556
2023,"Plum-headed Parakeet","2023",0.0297779464744686,0.0411099594642436,0.0577835145978601,52.6872984278441,71.1846148054598,100.155935975289,54.1565680658918,68.4464206081054,87.5149557195885,NA,NA,NA,54.1565680658918,68.4464206081054,87.5149557195885
2024,"Plum-headed Parakeet","2024",0.03727209231786,0.0514559177650866,0.0712807677019586,64.8932117529098,88.8481514290387,121.84787512662,68.6862770582339,85.0347631797655,109.881804222481,NA,NA,NA,68.6862770582339,85.0347631797655,109.881804222481
2025,"Plum-headed Parakeet","2025",0.032836609469557,0.0451313312951065,0.0628021384501942,57.5013048208527,78.1401529231267,105.960486983271,60.730901441728,74.4161702500522,95.209464870758,NA,NA,NA,60.730901441728,74.4161702500522,95.209464870758
2026,"Plum-headed Parakeet","2026",NA,NA,NA,NA,NA,NA,NA,NA,NA,54.655491154953,65.9746217298116,79.5799702209254,54.655491154953,65.9746217298116,79.5799702209254
2027,"Plum-headed Parakeet","2027",NA,NA,NA,NA,NA,NA,NA,NA,NA,51.9215675533558,64.2330327795822,79.4823128537812,51.9215675533558,64.2330327795822,79.4823128537812
2028,"Plum-headed Parakeet","2028",NA,NA,NA,NA,NA,NA,NA,NA,NA,49.2574636673583,62.6364093281611,79.4257911599924,49.2574636673583,62.6364093281611,79.4257911599924
2029,"Plum-headed Parakeet","2029",NA,NA,NA,NA,NA,NA,NA,NA,NA,46.8773396303507,60.9730568818079,79.3273223234511,46.8773396303507,60.9730568818079,79.3273223234511
2030,"Plum-headed Parakeet","2030",NA,NA,NA,NA,NA,NA,NA,NA,NA,44.4493979551086,59.3683562325914,79.3737376558045,44.4493979551086,59.3683562325914,79.3737376558045
2031,"Plum-headed Parakeet","2031",NA,NA,NA,NA,NA,NA,NA,NA,NA,42.1689930711006,57.8131323909704,79.5615312922707,42.1689930711006,57.8131323909704,79.5615312922707
2032,"Plum-headed Parakeet","2032",NA,NA,NA,NA,NA,NA,NA,NA,NA,39.9960090597543,56.2285972434238,79.4232370080673,39.9960090597543,56.2285972434238,79.4232370080673
2033,"Plum-headed Parakeet","2033",NA,NA,NA,NA,NA,NA,NA,NA,NA,37.9019007757686,54.8125421920324,79.4427885180322,37.9019007757686,54.8125421920324,79.4427885180322
1991,"Small Minivet","before 2000",NA,NA,NA,NA,NA,NA,NA,NA,NA,NA,NA,NA,NA,NA,NA
2004,"Small Minivet","2000-2006",NA,NA,NA,NA,NA,NA,NA,NA,NA,NA,NA,NA,NA,NA,NA
2009,"Small Minivet","2007-2010",NA,NA,NA,NA,NA,NA,NA,NA,NA,NA,NA,NA,NA,NA,NA
2012,"Small Minivet","2011-2012",NA,NA,NA,NA,NA,NA,NA,NA,NA,NA,NA,NA,NA,NA,NA
2013,"Small Minivet","2013",NA,NA,NA,NA,NA,NA,NA,NA,NA,NA,NA,NA,NA,NA,NA
2014,"Small Minivet","2014",NA,NA,NA,NA,NA,NA,NA,NA,NA,NA,NA,NA,NA,NA,NA
2015,"Small Minivet","2015",0.00610341103018221,0.0177822588925704,0.0381317732930527,NA,NA,NA,100,100,100,NA,NA,NA,100,100,100
2016,"Small Minivet","2016",0.00367898854279373,0.00970126964620221,0.0196387991948242,NA,NA,NA,23.1410558858706,53.9055806410038,146.806007325115,NA,NA,NA,23.1410558858706,53.9055806410038,146.806007325115
2017,"Small Minivet","2017",0.00297210385935141,0.00674827794725123,0.0131144075386963,NA,NA,NA,19.3977662745597,37.3304108048191,89.7767458242224,NA,NA,NA,19.3977662745597,37.3304108048191,89.7767458242224
2018,"Small Minivet","2018",0.00180864245384456,0.00507880628278845,0.0107415295658521,NA,NA,NA,12.0514569108572,28.4207611010827,74.9331845510208,NA,NA,NA,12.0514569108572,28.4207611010827,74.9331845510208
2019,"Small Minivet","2019",0.00206431296097686,0.00491797809170392,0.0094399555364347,NA,NA,NA,13.1845488396897,27.4435309433321,72.8081520810911,NA,NA,NA,13.1845488396897,27.4435309433321,72.8081520810911
2020,"Small Minivet","2020",0.00111643666928224,0.00339838603869077,0.00696336826265382,NA,NA,NA,6.51850635137031,19.6652915787509,52.4705590667823,NA,NA,NA,6.51850635137031,19.6652915787509,52.4705590667823
2021,"Small Minivet","2021",0.00141764120195873,0.00362936699208785,0.00689521151660937,NA,NA,NA,8.68443656897174,20.1571126150539,54.9148833449709,NA,NA,NA,8.68443656897174,20.1571126150539,54.9148833449709
2022,"Small Minivet","2022",0.00213636812970383,0.00490348306873348,0.0093760179883891,NA,NA,NA,14.0496104940394,27.4446495593578,70.9947877586445,NA,NA,NA,14.0496104940394,27.4446495593578,70.9947877586445
2023,"Small Minivet","2023",0.00430401329651978,0.0092359860199094,0.0161646586461818,NA,NA,NA,26.5985485237103,50.7841367078918,118.324313101174,NA,NA,NA,26.5985485237103,50.7841367078918,118.324313101174
2024,"Small Minivet","2024",0.00183598782554384,0.00417929157238594,0.00788279711812201,NA,NA,NA,10.5585339948902,23.6603415975883,58.7902163481881,NA,NA,NA,10.5585339948902,23.6603415975883,58.7902163481881
2025,"Small Minivet","2025",0.00230627468597338,0.00484912725567219,0.00897728509622958,NA,NA,NA,14.5949756272116,27.3711074436127,65.7523070711206,NA,NA,NA,14.5949756272116,27.3711074436127,65.7523070711206
2026,"Small Minivet","2026",NA,NA,NA,NA,NA,NA,NA,NA,NA,10.7247251109044,19.9671906370943,36.778646665343,10.7247251109044,19.9671906370943,36.778646665343
2027,"Small Minivet","2027",NA,NA,NA,NA,NA,NA,NA,NA,NA,9.08527812746866,18.3025731782812,36.6034416308918,9.08527812746866,18.3025731782812,36.6034416308918
2028,"Small Minivet","2028",NA,NA,NA,NA,NA,NA,NA,NA,NA,7.66562588007392,16.8318599906789,36.5292382513495,7.66562588007392,16.8318599906789,36.5292382513495
2029,"Small Minivet","2029",NA,NA,NA,NA,NA,NA,NA,NA,NA,6.43930902284056,15.5429669149574,36.7845213986621,6.43930902284056,15.5429669149574,36.7845213986621
2030,"Small Minivet","2030",NA,NA,NA,NA,NA,NA,NA,NA,NA,5.41414992505972,14.2661304409316,36.8178137653839,5.41414992505972,14.2661304409316,36.8178137653839
2031,"Small Minivet","2031",NA,NA,NA,NA,NA,NA,NA,NA,NA,4.55250463485259,13.0407766890843,36.9396879372047,4.55250463485259,13.0407766890843,36.9396879372047
2032,"Small Minivet","2032",NA,NA,NA,NA,NA,NA,NA,NA,NA,3.81115533746569,12.0033397234825,36.8299293057006,3.81115533746569,12.0033397234825,36.8299293057006
2033,"Small Minivet","2033",NA,NA,NA,NA,NA,NA,NA,NA,NA,3.20658330865714,11.067183200374,36.9917202397973,3.20658330865714,11.067183200374,36.9917202397973
1991,"Indian Paradise-Flycatcher","before 2000",0.016715451273894,0.031825898005911,0.0518522032576969,100,100,100,NA,NA,NA,NA,NA,NA,NA,NA,NA
2004,"Indian Paradise-Flycatcher","2000-2006",0.0193157696359437,0.0439968033570477,0.0736777090669675,58.4291205102275,139.226243802786,295.710735157495,NA,NA,NA,NA,NA,NA,NA,NA,NA
2009,"Indian Paradise-Flycatcher","2007-2010",0.00778273108380054,0.0280093122759364,0.0542342457618187,25.0068505362368,87.4811404108472,213.031950650576,NA,NA,NA,NA,NA,NA,NA,NA,NA
2012,"Indian Paradise-Flycatcher","2011-2012",0.0147501286460926,0.0383147309056756,0.0682199265871513,45.0504079777363,122.20163932958,279.036701022981,NA,NA,NA,NA,NA,NA,NA,NA,NA
2013,"Indian Paradise-Flycatcher","2013",0.00518160132391552,0.0181902721844625,0.03730823689885,16.6606691681029,57.6668404637876,131.009752408566,NA,NA,NA,NA,NA,NA,NA,NA,NA
2014,"Indian Paradise-Flycatcher","2014",0.0251520796160356,0.0480003207918721,0.0771509355081485,68.171532051688,150.573560903059,308.957212423712,NA,NA,NA,NA,NA,NA,NA,NA,NA
2015,"Indian Paradise-Flycatcher","2015",0.0219610938756731,0.0367151818790581,0.0546398542677972,61.1757028197633,115.25567122886,224.115194887942,100,100,100,NA,NA,NA,100,100,100
2016,"Indian Paradise-Flycatcher","2016",0.0245560530212267,0.0364459124461531,0.0514660729191514,65.6420694170134,115.545387385401,218.623570549565,64.5497641706824,99.2957335120517,161.523996560743,NA,NA,NA,64.5497641706824,99.2957335120517,161.523996560743
2017,"Indian Paradise-Flycatcher","2017",0.0210232725397578,0.0302107116102118,0.0411816390186148,54.1764604878308,95.295865420863,173.773462877926,53.3814901085286,82.0857591202315,130.591172506707,NA,NA,NA,53.3814901085286,82.0857591202315,130.591172506707
2018,"Indian Paradise-Flycatcher","2018",0.0258811248459228,0.0356820346678136,0.0483841929389988,67.3057167466313,113.930341556357,205.974368492655,62.3916668663762,98.204278424976,160.382232975157,NA,NA,NA,62.3916668663762,98.204278424976,160.382232975157
2019,"Indian Paradise-Flycatcher","2019",0.0293638563218059,0.0404658484721673,0.0543970962060539,78.4016944438504,128.108566761013,233.051761415242,74.1662032853942,110.180345207129,172.920527751359,NA,NA,NA,74.1662032853942,110.180345207129,172.920527751359
2020,"Indian Paradise-Flycatcher","2020",0.0243060093521975,0.0351141165747887,0.0483415621216096,64.9279533807547,110.756193231912,205.991089268365,64.2597750619224,95.4065941462406,160.062032878205,NA,NA,NA,64.2597750619224,95.4065941462406,160.062032878205
2021,"Indian Paradise-Flycatcher","2021",0.0335706309922966,0.0465880578779733,0.0612117363332301,90.4471517633174,146.023661284625,265.845934527966,86.6845235754345,126.065177678193,196.132094898228,NA,NA,NA,86.6845235754345,126.065177678193,196.132094898228
2022,"Indian Paradise-Flycatcher","2022",0.0315307799754145,0.0419240414341572,0.0552908232438403,80.2983449069733,133.749748696135,234.976088818845,77.1074602136919,114.674763327126,180.785815718886,NA,NA,NA,77.1074602136919,114.674763327126,180.785815718886
2023,"Indian Paradise-Flycatcher","2023",0.0283402875961345,0.0375920941089603,0.0492561022812775,72.033988376405,117.909019918437,215.390265113064,69.8667613738536,101.344751180018,165.079220141723,NA,NA,NA,69.8667613738536,101.344751180018,165.079220141723
2024,"Indian Paradise-Flycatcher","2024",0.0299307740686681,0.0401342294676561,0.052446514416506,77.2378597265127,126.407883491356,227.704756920074,77.5141998397367,108.969158221274,171.529600661583,NA,NA,NA,77.5141998397367,108.969158221274,171.529600661583
2025,"Indian Paradise-Flycatcher","2025",0.0258907290364911,0.0347365609835917,0.0452656059264038,68.5286278595318,108.921855591152,198.079487627262,66.792731306103,93.8851479985021,151.13063167293,NA,NA,NA,66.792731306103,93.8851479985021,151.13063167293
2026,"Indian Paradise-Flycatcher","2026",NA,NA,NA,NA,NA,NA,NA,NA,NA,89.800023955449,108.506320022962,130.883612639263,89.800023955449,108.506320022962,130.883612639263
2027,"Indian Paradise-Flycatcher","2027",NA,NA,NA,NA,NA,NA,NA,NA,NA,88.6754011443794,109.900219588517,135.559566410168,88.6754011443794,109.900219588517,135.559566410168
2028,"Indian Paradise-Flycatcher","2028",NA,NA,NA,NA,NA,NA,NA,NA,NA,87.4329618524242,111.081994846101,140.74017358819,87.4329618524242,111.081994846101,140.74017358819
2029,"Indian Paradise-Flycatcher","2029",NA,NA,NA,NA,NA,NA,NA,NA,NA,86.0146214653437,112.15575120193,146.300588375546,86.0146214653437,112.15575120193,146.300588375546
2030,"Indian Paradise-Flycatcher","2030",NA,NA,NA,NA,NA,NA,NA,NA,NA,84.5618038548853,112.986478842774,151.935880430853,84.5618038548853,112.986478842774,151.935880430853
2031,"Indian Paradise-Flycatcher","2031",NA,NA,NA,NA,NA,NA,NA,NA,NA,83.1181387674668,114.175173928189,157.696456167581,83.1181387674668,114.175173928189,157.696456167581
2032,"Indian Paradise-Flycatcher","2032",NA,NA,NA,NA,NA,NA,NA,NA,NA,81.7952272226305,115.431847685383,163.765306894658,81.7952272226305,115.431847685383,163.765306894658
2033,"Indian Paradise-Flycatcher","2033",NA,NA,NA,NA,NA,NA,NA,NA,NA,80.553592233762,116.555870744971,170.380840679758,80.553592233762,116.555870744971,170.380840679758
1991,"Black-headed Jay","before 2000",0.0147314763360795,0.0292146553996961,0.0503547902800848,100,100,100,NA,NA,NA,NA,NA,NA,NA,NA,NA
2004,"Black-headed Jay","2000-2006",0.0121191609342589,0.0271314799503364,0.0524279013574393,45.8125053063663,93.0687673248433,185.439984528232,NA,NA,NA,NA,NA,NA,NA,NA,NA
2009,"Black-headed Jay","2007-2010",0.0105739242054648,0.0269542607402401,0.0545312897389862,37.369031860456,94.6936067129939,211.550631482574,NA,NA,NA,NA,NA,NA,NA,NA,NA
2012,"Black-headed Jay","2011-2012",0.0059463676982197,0.0154810596880934,0.0288952921644194,21.5343301149357,52.1382156086402,106.465965689249,NA,NA,NA,NA,NA,NA,NA,NA,NA
2013,"Black-headed Jay","2013",0.00362639726353958,0.0115790999708269,0.0245915474576965,12.2747665696948,39.860258084751,86.6068640886034,NA,NA,NA,NA,NA,NA,NA,NA,NA
2014,"Black-headed Jay","2014",0.00765399153776522,0.0179717445152354,0.0342601597338827,27.2781170792078,62.5973611552101,121.470470745824,NA,NA,NA,NA,NA,NA,NA,NA,NA
2015,"Black-headed Jay","2015",0.00260769205782326,0.00549210341083929,0.0101208167389176,9.03443421079069,18.977386963899,39.2149361003548,100,100,100,NA,NA,NA,100,100,100
2016,"Black-headed Jay","2016",0.00853684755467014,0.0150578389642711,0.02427737993275,31.4130754693202,51.6108931157022,89.8572162881873,154.34119926456,273.022889996893,518.69446223908,NA,NA,NA,154.34119926456,273.022889996893,518.69446223908
2017,"Black-headed Jay","2017",0.00908209067984762,0.0150915960947541,0.0240484916089073,33.6751557623725,51.8614660557306,86.9894527426241,157.306601032286,275.436680765159,519.439350288177,NA,NA,NA,157.306601032286,275.436680765159,519.439350288177
2018,"Black-headed Jay","2018",0.0119532645566381,0.0200416990643023,0.0327899390980543,45.4733673932222,69.7277684370639,116.528895278359,211.588670804934,371.319035839968,705.141523109326,NA,NA,NA,211.588670804934,371.319035839968,705.141523109326
2019,"Black-headed Jay","2019",0.0085164884909845,0.0138508000383231,0.0216252054130657,31.6775384808213,48.0650210239022,80.3188989766902,146.206321868581,254.15878528089,489.931183755327,NA,NA,NA,146.206321868581,254.15878528089,489.931183755327
2020,"Black-headed Jay","2020",0.0131672510159423,0.0218351301200057,0.0352879766655218,48.3160199558514,76.2966373059131,125.062687010204,227.019508107595,397.03159436449,762.854822817107,NA,NA,NA,227.019508107595,397.03159436449,762.854822817107
2021,"Black-headed Jay","2021",0.0123266167749938,0.0204009221508534,0.0328278856317852,46.6413733202489,70.6629079478364,117.62499168277,218.598303869416,371.042538750838,682.525616475611,NA,NA,NA,218.598303869416,371.042538750838,682.525616475611
2022,"Black-headed Jay","2022",0.0104027580374142,0.0177260586635382,0.0275551400961156,39.0074667151209,61.1495545651326,98.8575663988916,186.528448074227,316.436647750356,595.547627375732,NA,NA,NA,186.528448074227,316.436647750356,595.547627375732
2023,"Black-headed Jay","2023",0.00919048530097607,0.0149057193312266,0.0237937388597377,33.3084045547051,51.2570315731773,81.2111081322169,161.824445893006,269.437069890621,497.040886038424,NA,NA,NA,161.824445893006,269.437069890621,497.040886038424
2024,"Black-headed Jay","2024",0.0117324708256194,0.018819451661491,0.0291555943954354,42.3323498371272,65.1524776265328,108.558930461545,205.048159898548,341.386580184286,626.262447392914,NA,NA,NA,205.048159898548,341.386580184286,626.262447392914
2025,"Black-headed Jay","2025",0.0139006322496578,0.0224354765018321,0.0346571019816577,51.6799088955332,77.5013329292804,127.223567484472,243.289427581909,406.054567404254,752.137894321012,NA,NA,NA,243.289427581909,406.054567404254,752.137894321012
2026,"Black-headed Jay","2026",NA,NA,NA,NA,NA,NA,NA,NA,NA,294.515618136969,450.691105778513,686.654897269122,294.515618136969,450.691105778513,686.654897269122
2027,"Black-headed Jay","2027",NA,NA,NA,NA,NA,NA,NA,NA,NA,299.911903118643,485.641429794567,782.163270048355,299.911903118643,485.641429794567,782.163270048355
2028,"Black-headed Jay","2028",NA,NA,NA,NA,NA,NA,NA,NA,NA,304.203717522552,523.52128793873,891.559415574602,304.203717522552,523.52128793873,891.559415574602
2029,"Black-headed Jay","2029",NA,NA,NA,NA,NA,NA,NA,NA,NA,308.837492681796,562.354963684166,1018.47936646488,308.837492681796,562.354963684166,1018.47936646488
2030,"Black-headed Jay","2030",NA,NA,NA,NA,NA,NA,NA,NA,NA,313.93566612735,604.719181361313,1164.57474687718,313.93566612735,604.719181361313,1164.57474687718
2031,"Black-headed Jay","2031",NA,NA,NA,NA,NA,NA,NA,NA,NA,318.174932410146,650.204134560097,1331.53576960261,318.174932410146,650.204134560097,1331.53576960261
2032,"Black-headed Jay","2032",NA,NA,NA,NA,NA,NA,NA,NA,NA,323.48737700845,697.416820161058,1523.04098361071,323.48737700845,697.416820161058,1523.04098361071
2033,"Black-headed Jay","2033",NA,NA,NA,NA,NA,NA,NA,NA,NA,327.652918008801,748.847645898157,1739.28059898479,327.652918008801,748.847645898157,1739.28059898479
1991,"Yellow-billed Blue-Magpie","before 2000",0.0174463461710283,0.0318603615942453,0.0516855013481271,100,100,100,NA,NA,NA,NA,NA,NA,NA,NA,NA
2004,"Yellow-billed Blue-Magpie","2000-2006",0.0254107332635238,0.0497521712125781,0.0825148994348292,85.1646548551497,156.482653823235,267.070843430919,NA,NA,NA,NA,NA,NA,NA,NA,NA
2009,"Yellow-billed Blue-Magpie","2007-2010",0.0371211736821286,0.0744486600819347,0.13134310142364,127.45776393114,236.525077965579,446.913473983981,NA,NA,NA,NA,NA,NA,NA,NA,NA
2012,"Yellow-billed Blue-Magpie","2011-2012",0.0152524710089015,0.0298765134523123,0.0521868247182014,52.9711792375581,93.4880398784957,171.395838198048,NA,NA,NA,NA,NA,NA,NA,NA,NA
2013,"Yellow-billed Blue-Magpie","2013",0.0288099461559749,0.0540478798964413,0.0902630407765035,91.2788050410566,168.030336631615,293.323443069345,NA,NA,NA,NA,NA,NA,NA,NA,NA
2014,"Yellow-billed Blue-Magpie","2014",0.0327348121670055,0.0578146838310825,0.0996541750544132,105.94441715763,183.313119017486,324.484063001928,NA,NA,NA,NA,NA,NA,NA,NA,NA
2015,"Yellow-billed Blue-Magpie","2015",0.0371691623022985,0.0611620450746737,0.0956279757000092,127.522311802729,194.587673986439,302.275735506877,100,100,100,NA,NA,NA,100,100,100
2016,"Yellow-billed Blue-Magpie","2016",0.0366582786069305,0.0575343477352068,0.0879510556095653,123.297351945941,184.124272138928,275.338177865131,69.9019984011663,94.2387293158587,127.448610101505,NA,NA,NA,69.9019984011663,94.2387293158587,127.448610101505
2017,"Yellow-billed Blue-Magpie","2017",0.0338270467501077,0.0522809901989258,0.0783510003143094,112.422449085073,163.852712399573,247.620859074343,65.652365877229,84.8870478119481,113.625575975883,NA,NA,NA,65.652365877229,84.8870478119481,113.625575975883
2018,"Yellow-billed Blue-Magpie","2018",0.0409379421932527,0.0629177105857272,0.0950136802368711,140.242297941313,197.406581336239,301.034814298264,77.8880839462837,101.948929840909,135.937307161773,NA,NA,NA,77.8880839462837,101.948929840909,135.937307161773
2019,"Yellow-billed Blue-Magpie","2019",0.0410198395127575,0.0620983470774327,0.0917291862147789,137.765479786948,193.694807418117,294.757664881046,77.9492533279738,100.576399149946,134.055073336518,NA,NA,NA,77.9492533279738,100.576399149946,134.055073336518
2020,"Yellow-billed Blue-Magpie","2020",0.0352081176559541,0.0540268367483178,0.079203865501904,119.613146414754,169.533895744524,258.658340221446,66.5499691405411,87.2046795675649,117.856079152676,NA,NA,NA,66.5499691405411,87.2046795675649,117.856079152676
2021,"Yellow-billed Blue-Magpie","2021",0.0409989924789408,0.0616764557902493,0.0929204018215756,136.985124961321,195.736722081105,299.645707538599,78.7432415139318,101.383902555065,135.564982549314,NA,NA,NA,78.7432415139318,101.383902555065,135.564982549314
2022,"Yellow-billed Blue-Magpie","2022",0.0368400484580603,0.0569793509901723,0.0861975828978053,126.035840714939,179.91217185097,270.698505099387,72.4527413891615,92.6378606645941,123.378374481847,NA,NA,NA,72.4527413891615,92.6378606645941,123.378374481847
2023,"Yellow-billed Blue-Magpie","2023",0.0309538517446998,0.0466293733784822,0.0709817792993307,103.202840219053,147.651398869969,224.110619393439,58.1458237671207,76.5395827456572,100.257544283119,NA,NA,NA,58.1458237671207,76.5395827456572,100.257544283119
2024,"Yellow-billed Blue-Magpie","2024",0.0277701220724523,0.0431347403963433,0.0647057506178891,96.2509068265009,136.152874972011,206.798796284461,53.4276300046471,70.5587560976766,93.534185827785,NA,NA,NA,53.4276300046471,70.5587560976766,93.534185827785
2025,"Yellow-billed Blue-Magpie","2025",0.0291273828887924,0.044105022542865,0.0659183390660041,98.1859508066243,139.762891448225,211.852957505939,56.1145214366707,72.0320286019568,96.8386594517057,NA,NA,NA,56.1145214366707,72.0320286019568,96.8386594517057
2026,"Yellow-billed Blue-Magpie","2026",NA,NA,NA,NA,NA,NA,NA,NA,NA,64.049913140442,74.1145046505694,85.3063212632936,64.049913140442,74.1145046505694,85.3063212632936
2027,"Yellow-billed Blue-Magpie","2027",NA,NA,NA,NA,NA,NA,NA,NA,NA,60.8814534635129,71.9864841530209,84.5946893642792,60.8814534635129,71.9864841530209,84.5946893642792
2028,"Yellow-billed Blue-Magpie","2028",NA,NA,NA,NA,NA,NA,NA,NA,NA,57.9604592534875,69.8452257402839,83.7492815560181,57.9604592534875,69.8452257402839,83.7492815560181
2029,"Yellow-billed Blue-Magpie","2029",NA,NA,NA,NA,NA,NA,NA,NA,NA,55.0738687642166,67.8301266859932,82.9450776638583,55.0738687642166,67.8301266859932,82.9450776638583
2030,"Yellow-billed Blue-Magpie","2030",NA,NA,NA,NA,NA,NA,NA,NA,NA,52.4322239593351,65.7901731817818,82.3263612841743,52.4322239593351,65.7901731817818,82.3263612841743
2031,"Yellow-billed Blue-Magpie","2031",NA,NA,NA,NA,NA,NA,NA,NA,NA,49.8268912952487,63.78057118778,81.6911338183502,49.8268912952487,63.78057118778,81.6911338183502
2032,"Yellow-billed Blue-Magpie","2032",NA,NA,NA,NA,NA,NA,NA,NA,NA,47.3141726788935,61.8796206532019,81.0989248046234,47.3141726788935,61.8796206532019,81.0989248046234
2033,"Yellow-billed Blue-Magpie","2033",NA,NA,NA,NA,NA,NA,NA,NA,NA,44.96453798129,60.0448085581747,80.4397532136009,44.96453798129,60.0448085581747,80.4397532136009
1991,"Rufous Treepie","before 2000",0.0329955566807345,0.0556729294058879,0.0908804030280919,100,100,100,NA,NA,NA,NA,NA,NA,NA,NA,NA
2004,"Rufous Treepie","2000-2006",0.0179615673036261,0.0360214158894905,0.0658909205591232,34.4596954905312,63.9718858752438,119.702728077657,NA,NA,NA,NA,NA,NA,NA,NA,NA
2009,"Rufous Treepie","2007-2010",0.0254029736233852,0.0552805582880251,0.100352592484692,53.9823801315402,99.443710603197,177.968057598133,NA,NA,NA,NA,NA,NA,NA,NA,NA
2012,"Rufous Treepie","2011-2012",0.0203125754608565,0.0379743758104775,0.0663663713052976,40.0243065087527,68.9330353061793,114.810737716829,NA,NA,NA,NA,NA,NA,NA,NA,NA
2013,"Rufous Treepie","2013",0.0286305198699291,0.0530203678359197,0.0917822114196224,53.5448725786508,95.048576090023,156.590063371695,NA,NA,NA,NA,NA,NA,NA,NA,NA
2014,"Rufous Treepie","2014",0.0228620426298621,0.0433076713572345,0.0761709624296714,45.7044763782069,79.4180992733937,130.663225958492,NA,NA,NA,NA,NA,NA,NA,NA,NA
2015,"Rufous Treepie","2015",0.0532949614234246,0.0817765234819702,0.12557175770327,102.807264653485,147.754806271062,226.441474052318,100,100,100,NA,NA,NA,100,100,100
2016,"Rufous Treepie","2016",0.0379919850897039,0.0570111690187063,0.0876538479908731,75.3153592354001,103.805552689085,153.759632986187,54.3881555081192,69.9515802505936,91.9513998737959,NA,NA,NA,54.3881555081192,69.9515802505936,91.9513998737959
2017,"Rufous Treepie","2017",0.0330550113696502,0.0490199236093915,0.0741939598520086,64.7850641906652,88.8802684466724,130.171476068091,47.3897911514454,60.1185137564051,76.5450141979937,NA,NA,NA,47.3897911514454,60.1185137564051,76.5450141979937
2018,"Rufous Treepie","2018",0.0426564726152755,0.0639018537631827,0.100755882214513,84.9189007109675,117.022760692257,165.15224089303,61.5335107428944,78.7907942618392,99.2793682731153,NA,NA,NA,61.5335107428944,78.7907942618392,99.2793682731153
2019,"Rufous Treepie","2019",0.0302563389272712,0.0460402586906827,0.0699424817174808,59.8667533481927,82.3268890740788,118.851128603975,44.4876168407416,56.1212608589271,70.3535802305509,NA,NA,NA,44.4876168407416,56.1212608589271,70.3535802305509
2020,"Rufous Treepie","2020",0.0333444852070059,0.0497584305183013,0.0752013362657725,63.9183370854553,89.8573725153096,131.255694813402,47.9725792195719,60.5645409526514,77.6750591072283,NA,NA,NA,47.9725792195719,60.5645409526514,77.6750591072283
2021,"Rufous Treepie","2021",0.0305073643727072,0.0455940776250991,0.0694958827035391,60.3471713343279,82.8395852025849,117.789232246149,43.2761513997591,56.0139641509828,70.4248972084798,NA,NA,NA,43.2761513997591,56.0139641509828,70.4248972084798
2022,"Rufous Treepie","2022",0.0303677247193496,0.0455901835198343,0.0698495985178677,60.2126920350555,82.2781387293559,121.938732099025,44.1643975817794,56.0839839309762,71.8015140971252,NA,NA,NA,44.1643975817794,56.0839839309762,71.8015140971252
2023,"Rufous Treepie","2023",0.0333234281168172,0.0493803963719261,0.0745288580370694,65.9499379025113,89.6282963384982,130.013013385863,47.8864111695463,60.4606612341332,77.1481005935062,NA,NA,NA,47.8864111695463,60.4606612341332,77.1481005935062
2024,"Rufous Treepie","2024",0.0285578525649994,0.0421818894880881,0.0651626123919002,56.646944387664,77.215258818235,109.521535168304,41.4534668630394,52.2458976815954,66.0297820627257,NA,NA,NA,41.4534668630394,52.2458976815954,66.0297820627257
2025,"Rufous Treepie","2025",0.0273386764234392,0.040203772958701,0.0607339168784782,53.5939486922605,72.9307430815028,107.67384539002,39.5982247778204,49.3349769149966,63.1624690947853,NA,NA,NA,39.5982247778204,49.3349769149966,63.1624690947853
2026,"Rufous Treepie","2026",NA,NA,NA,NA,NA,NA,NA,NA,NA,39.0040019489882,46.5441322448961,55.4443263116267,39.0040019489882,46.5441322448961,55.4443263116267
2027,"Rufous Treepie","2027",NA,NA,NA,NA,NA,NA,NA,NA,NA,36.2637138557138,44.3605880454839,54.1330720830622,36.2637138557138,44.3605880454839,54.1330720830622
2028,"Rufous Treepie","2028",NA,NA,NA,NA,NA,NA,NA,NA,NA,33.694064003751,42.2278360453916,52.8824083795051,33.694064003751,42.2278360453916,52.8824083795051
2029,"Rufous Treepie","2029",NA,NA,NA,NA,NA,NA,NA,NA,NA,31.2834825865787,40.1905206779108,51.6165950903654,31.2834825865787,40.1905206779108,51.6165950903654
2030,"Rufous Treepie","2030",NA,NA,NA,NA,NA,NA,NA,NA,NA,29.0458501286073,38.2460172093286,50.4304356415289,29.0458501286073,38.2460172093286,50.4304356415289
2031,"Rufous Treepie","2031",NA,NA,NA,NA,NA,NA,NA,NA,NA,26.9857850018788,36.4499450642828,49.2179609394366,26.9857850018788,36.4499450642828,49.2179609394366
2032,"Rufous Treepie","2032",NA,NA,NA,NA,NA,NA,NA,NA,NA,25.0488835297757,34.7618542476482,47.965851039466,25.0488835297757,34.7618542476482,47.965851039466
2033,"Rufous Treepie","2033",NA,NA,NA,NA,NA,NA,NA,NA,NA,23.2890534483311,33.0993253727814,46.856890038413,23.2890534483311,33.0993253727814,46.856890038413
1991,"Rufous-naped Tit","before 2000",0.0293251647332682,0.0571223383204776,0.10313309614583,100,100,100,NA,NA,NA,NA,NA,NA,NA,NA,NA
2004,"Rufous-naped Tit","2000-2006",0.00949424881466493,0.0250437521969208,0.0492571570302293,19.1835099556275,44.3667536264319,83.3922922922393,NA,NA,NA,NA,NA,NA,NA,NA,NA
2009,"Rufous-naped Tit","2007-2010",0.00829359567034954,0.0307741250158926,0.0714426800415664,18.4247767179357,53.504985217096,121.893967982201,NA,NA,NA,NA,NA,NA,NA,NA,NA
2012,"Rufous-naped Tit","2011-2012",0.0223316050393496,0.0485823072253263,0.0871596797885184,46.3351505640778,84.3971772078331,150.381318409166,NA,NA,NA,NA,NA,NA,NA,NA,NA
2013,"Rufous-naped Tit","2013",0.00384959459299686,0.0114447510527426,0.0235385067422715,7.04614563659507,20.1679749033207,41.069716552211,NA,NA,NA,NA,NA,NA,NA,NA,NA
2014,"Rufous-naped Tit","2014",0.0153188848042543,0.0336339110636988,0.0628890439487338,31.9546966912723,58.7797418400473,109.333988187938,NA,NA,NA,NA,NA,NA,NA,NA,NA
2015,"Rufous-naped Tit","2015",0.00775325261460079,0.0159617372144282,0.0293029274439988,16.2214492375355,28.1350011642174,50.0785465389137,100,100,100,NA,NA,NA,100,100,100
2016,"Rufous-naped Tit","2016",0.010892315688869,0.0198861547408204,0.0337116597289406,22.556960438453,34.4801520549891,55.5180447816945,73.1490515890728,123.743500153335,203.441122142575,NA,NA,NA,73.1490515890728,123.743500153335,203.441122142575
2017,"Rufous-naped Tit","2017",0.00520154281624545,0.00986948399853464,0.0167923408416215,10.6682708261261,17.303246890481,28.3779411534681,38.9733479673513,61.8484705260378,104.064255104197,NA,NA,NA,38.9733479673513,61.8484705260378,104.064255104197
2018,"Rufous-naped Tit","2018",0.00744267022139454,0.0137143546011188,0.0232198008848826,15.5142601409907,24.2333770182546,38.3011334477201,54.8684188823145,86.1199906987926,144.680662775604,NA,NA,NA,54.8684188823145,86.1199906987926,144.680662775604
2019,"Rufous-naped Tit","2019",0.00757801093258188,0.0133271624419696,0.0228526470759587,15.6806495659241,23.4875104041702,36.5559807180904,52.6206404395695,84.2673698953865,141.177753759984,NA,NA,NA,52.6206404395695,84.2673698953865,141.177753759984
2020,"Rufous-naped Tit","2020",0.0125364944119455,0.0225376767996459,0.0374686586954203,25.7339264860928,39.6992263977728,60.3308714627228,88.2788278579683,140.170077843934,230.803944854029,NA,NA,NA,88.2788278579683,140.170077843934,230.803944854029
2021,"Rufous-naped Tit","2021",0.00785432708522101,0.0143399633563603,0.024736496416167,16.6026531960885,25.3489817885023,39.6825739328412,56.0326708029019,90.152628551572,153.673790948042,NA,NA,NA,56.0326708029019,90.152628551572,153.673790948042
2022,"Rufous-naped Tit","2022",0.00823820929514323,0.0145079507099428,0.024423258778164,16.7743186116736,25.6864647702071,38.8609349232015,57.0562968090585,90.2363625058552,152.632948882251,NA,NA,NA,57.0562968090585,90.2363625058552,152.632948882251
2023,"Rufous-naped Tit","2023",0.00977634670644394,0.017099221409783,0.0291292386184817,20.4880729689843,29.8751249099696,46.9115546534899,68.6613099244606,108.113058259592,177.971210327927,NA,NA,NA,68.6613099244606,108.113058259592,177.971210327927
2024,"Rufous-naped Tit","2024",0.00951087415044089,0.0164512499754003,0.0273904240809509,20.0368422820436,29.1290586082261,45.0294036934473,66.1166154004277,102.998971616948,169.371088422056,NA,NA,NA,66.1166154004277,102.998971616948,169.371088422056
2025,"Rufous-naped Tit","2025",0.0118300759411916,0.0199742434281486,0.0332346112213801,24.4893340321147,35.1826219489611,52.0863568976042,80.7819665065574,125.608196624821,201.841600861241,NA,NA,NA,80.7819665065574,125.608196624821,201.841600861241
2026,"Rufous-naped Tit","2026",NA,NA,NA,NA,NA,NA,NA,NA,NA,81.1130380178151,112.193369721904,154.26322747133,81.1130380178151,112.193369721904,154.26322747133
2027,"Rufous-naped Tit","2027",NA,NA,NA,NA,NA,NA,NA,NA,NA,79.2824330604722,114.84859232825,164.659568048342,79.2824330604722,114.84859232825,164.659568048342
2028,"Rufous-naped Tit","2028",NA,NA,NA,NA,NA,NA,NA,NA,NA,77.4199848356096,117.401865699066,175.289246080709,77.4199848356096,117.401865699066,175.289246080709
2029,"Rufous-naped Tit","2029",NA,NA,NA,NA,NA,NA,NA,NA,NA,75.788959178544,119.905980071166,186.667603844004,75.788959178544,119.905980071166,186.667603844004
2030,"Rufous-naped Tit","2030",NA,NA,NA,NA,NA,NA,NA,NA,NA,74.0460880183932,122.678291116509,198.338935445998,74.0460880183932,122.678291116509,198.338935445998
2031,"Rufous-naped Tit","2031",NA,NA,NA,NA,NA,NA,NA,NA,NA,72.394295308881,125.432417844607,211.660408823795,72.394295308881,125.432417844607,211.660408823795
2032,"Rufous-naped Tit","2032",NA,NA,NA,NA,NA,NA,NA,NA,NA,70.59522266388,128.2825509855,226.955740411136,70.59522266388,128.2825509855,226.955740411136
2033,"Rufous-naped Tit","2033",NA,NA,NA,NA,NA,NA,NA,NA,NA,68.8321008929405,130.715049577111,242.422502014233,68.8321008929405,130.715049577111,242.422502014233
1991,"Himalayan Black-lored Tit","before 2000",0.00995638329074845,0.0190888625073273,0.031838359788301,100,100,100,NA,NA,NA,NA,NA,NA,NA,NA,NA
2004,"Himalayan Black-lored Tit","2000-2006",0.0184724956051653,0.0383886927685264,0.0648006507690472,107.487162809635,200.12556981775,404.676097554394,NA,NA,NA,NA,NA,NA,NA,NA,NA
2009,"Himalayan Black-lored Tit","2007-2010",0.0118543831546586,0.0292676500543657,0.0565538542994482,65.1467682886357,154.26418875948,333.156279894254,NA,NA,NA,NA,NA,NA,NA,NA,NA
2012,"Himalayan Black-lored Tit","2011-2012",0.0209839328309873,0.0385286578272479,0.0661306962230261,109.922771698726,203.967860809213,387.231968153201,NA,NA,NA,NA,NA,NA,NA,NA,NA
2013,"Himalayan Black-lored Tit","2013",0.0104289069117024,0.0235265519981531,0.0414368384597349,56.1501917230299,122.134296194403,227.3524373137,NA,NA,NA,NA,NA,NA,NA,NA,NA
2014,"Himalayan Black-lored Tit","2014",0.0132469701917518,0.0285567906445142,0.0518660820642569,76.4213772770374,149.911148152086,291.206909041297,NA,NA,NA,NA,NA,NA,NA,NA,NA
2015,"Himalayan Black-lored Tit","2015",0.00885083609129966,0.0153965876972579,0.0249098567832139,45.1934335316015,81.5853090415051,142.788035466557,100,100,100,NA,NA,NA,100,100,100
2016,"Himalayan Black-lored Tit","2016",0.00789799202980043,0.013071550580531,0.0197818849927446,42.2109812844582,68.8719156613982,118.748651625225,53.1482254086535,84.7313410445047,138.929609428473,NA,NA,NA,53.1482254086535,84.7313410445047,138.929609428473
2017,"Himalayan Black-lored Tit","2017",0.01476662891101,0.0230295929683976,0.0340479793854936,78.0373852955788,122.199424595321,199.723913782139,102.547787122298,149.02985705575,235.50831379087,NA,NA,NA,102.547787122298,149.02985705575,235.50831379087
2018,"Himalayan Black-lored Tit","2018",0.0120055616055454,0.0187222167787899,0.0276726376508138,63.1668746469098,98.4070380178447,165.212387298636,83.2432290068725,121.136467648154,196.122596061673,NA,NA,NA,83.2432290068725,121.136467648154,196.122596061673
2019,"Himalayan Black-lored Tit","2019",0.0102034358019478,0.0159346512881632,0.0234310238982248,53.6457015644572,83.8228689544353,144.720678234709,70.3644651720327,102.844603703793,160.695836178931,NA,NA,NA,70.3644651720327,102.844603703793,160.695836178931
2020,"Himalayan Black-lored Tit","2020",0.0103075280970201,0.0164397095857059,0.0246160441642613,55.9208874770885,86.3412460202403,147.678978833383,70.7521478012619,106.672406452598,170.859086216705,NA,NA,NA,70.7521478012619,106.672406452598,170.859086216705
2021,"Himalayan Black-lored Tit","2021",0.0125050829726323,0.0189600206395192,0.0282736827881752,65.9392524796299,99.1099987911771,169.020449058965,85.1360960280876,121.604199898239,191.716452833096,NA,NA,NA,85.1360960280876,121.604199898239,191.716452833096
2022,"Himalayan Black-lored Tit","2022",0.012351616054267,0.0190296396650511,0.0280676076813315,65.821663538165,99.4373924427388,172.502540209446,84.7352053096355,122.028374565682,194.784237777405,NA,NA,NA,84.7352053096355,122.028374565682,194.784237777405
2023,"Himalayan Black-lored Tit","2023",0.00854220433087445,0.013441508926485,0.0193941383777114,45.5610717002106,70.7222030587852,119.521449900493,58.0286707454536,86.1465864764821,136.421274067407,NA,NA,NA,58.0286707454536,86.1465864764821,136.421274067407
2024,"Himalayan Black-lored Tit","2024",0.00822633931323329,0.0126877873700948,0.0183679951305534,42.5533335826128,65.8329522874763,109.514808191677,55.1117051435709,81.0570422615719,126.096347583851,NA,NA,NA,55.1117051435709,81.0570422615719,126.096347583851
2025,"Himalayan Black-lored Tit","2025",0.0087376882684811,0.0135718684887453,0.0200030491099423,46.234315484799,71.8920990511857,119.313444409574,61.5539143685976,88.3725162307218,135.66384288301,NA,NA,NA,61.5539143685976,88.3725162307218,135.66384288301
2026,"Himalayan Black-lored Tit","2026",NA,NA,NA,NA,NA,NA,NA,NA,NA,70.4309911042633,91.9523659442326,119.999976744877,70.4309911042633,91.9523659442326,119.999976744877
2027,"Himalayan Black-lored Tit","2027",NA,NA,NA,NA,NA,NA,NA,NA,NA,66.7203168406282,90.0927656890986,121.871465188126,66.7203168406282,90.0927656890986,121.871465188126
2028,"Himalayan Black-lored Tit","2028",NA,NA,NA,NA,NA,NA,NA,NA,NA,63.0515464221069,88.273076813328,124.032982282602,63.0515464221069,88.273076813328,124.032982282602
2029,"Himalayan Black-lored Tit","2029",NA,NA,NA,NA,NA,NA,NA,NA,NA,59.308938045142,86.4954266543337,126.238306089824,59.308938045142,86.4954266543337,126.238306089824
2030,"Himalayan Black-lored Tit","2030",NA,NA,NA,NA,NA,NA,NA,NA,NA,56.0413607967676,84.5722730217163,128.291002939723,56.0413607967676,84.5722730217163,128.291002939723
2031,"Himalayan Black-lored Tit","2031",NA,NA,NA,NA,NA,NA,NA,NA,NA,52.8054387113528,82.9289825561912,130.578661846684,52.8054387113528,82.9289825561912,130.578661846684
2032,"Himalayan Black-lored Tit","2032",NA,NA,NA,NA,NA,NA,NA,NA,NA,49.8662757257338,81.2033550636529,132.560216152784,49.8662757257338,81.2033550636529,132.560216152784
2033,"Himalayan Black-lored Tit","2033",NA,NA,NA,NA,NA,NA,NA,NA,NA,47.1518647885023,79.4568888824597,134.998571757769,47.1518647885023,79.4568888824597,134.998571757769
1991,"Ashy Prinia","before 2000",5.71173126383415e-10,0.000407027439451315,0.0027046768722723,100,100,100,NA,NA,NA,NA,NA,NA,NA,NA,NA
2004,"Ashy Prinia","2000-2006",1.83829580001405e-09,0.00478394849190728,0.0159332042850853,0.000683391354149965,932.472731904264,1053278279.72738,NA,NA,NA,NA,NA,NA,NA,NA,NA
2009,"Ashy Prinia","2007-2010",0.00499759342252925,0.0239986741957947,0.0549992107639293,562.789068521969,5892.50697393835,4069076976.63911,NA,NA,NA,NA,NA,NA,NA,NA,NA
2012,"Ashy Prinia","2011-2012",0.00903530247161344,0.0299076555522235,0.0655388117750991,816.308052131801,8075.05283902508,5566281542.61157,NA,NA,NA,NA,NA,NA,NA,NA,NA
2013,"Ashy Prinia","2013",1.7678463807633e-09,0.00841525218337069,0.0315430955077506,0.00058404946888868,1541.28636368089,2415142235.4552,NA,NA,NA,NA,NA,NA,NA,NA,NA
2014,"Ashy Prinia","2014",0.00932269851532166,0.027845332902236,0.0565625357415836,711.124736946127,7563.81889601753,5261878127.03977,NA,NA,NA,NA,NA,NA,NA,NA,NA
2015,"Ashy Prinia","2015",0.00869339946356077,0.0179295408128781,0.0334145570072537,629.217148105441,4836.65650358197,3210543849.85095,100,100,100,NA,NA,NA,100,100,100
2016,"Ashy Prinia","2016",0.0194426212859595,0.0344726965161344,0.0564489189975814,1256.08632280798,8806.25554377299,6112232622.80241,119.56041412024,188.395362877306,340.131191579017,NA,NA,NA,119.56041412024,188.395362877306,340.131191579017
2017,"Ashy Prinia","2017",0.0159333432394698,0.0274760854453398,0.04385520534699,981.797553160401,6894.38345333165,4812658657.74514,96.7675339664386,149.853717557094,250.283512319954,NA,NA,NA,96.7675339664386,149.853717557094,250.283512319954
2018,"Ashy Prinia","2018",0.0102811051096092,0.0178144115333963,0.029387586885704,639.529806437349,4538.15151966614,3257259751.29864,60.7098993045555,98.1776806635365,172.535676717924,NA,NA,NA,60.7098993045555,98.1776806635365,172.535676717924
2019,"Ashy Prinia","2019",0.0143415800009062,0.0238006689559487,0.0387001013507138,833.433328028256,6210.65211761193,4225816237.9007,87.5050479939011,131.317578389094,220.415160349588,NA,NA,NA,87.5050479939011,131.317578389094,220.415160349588
2020,"Ashy Prinia","2020",0.0126666459138748,0.0218270930955859,0.0359075125792582,808.416051536881,5570.25778969869,3921862792.35511,77.6256253497105,119.07276798854,209.424126010818,NA,NA,NA,77.6256253497105,119.07276798854,209.424126010818
2021,"Ashy Prinia","2021",0.0149568100713682,0.0251344374155166,0.0414642725296095,920.814691781211,6309.32720759617,4516744120.94711,92.118606163709,139.165839604487,242.11079200659,NA,NA,NA,92.118606163709,139.165839604487,242.11079200659
2022,"Ashy Prinia","2022",0.00968256362734093,0.0168044751934205,0.0280009736185432,613.044084390777,4257.44062405528,2823493203.53051,59.7514660857094,91.235498880142,159.084483716653,NA,NA,NA,59.7514660857094,91.235498880142,159.084483716653
2023,"Ashy Prinia","2023",0.011432000965991,0.0196598783268975,0.0320496073465779,743.597734067447,5113.03116747312,3455514502.27681,70.5199726645483,108.573816901447,182.864719975201,NA,NA,NA,70.5199726645483,108.573816901447,182.864719975201
2024,"Ashy Prinia","2024",0.0111161218096938,0.0197403511156933,0.0318139409309705,700.629242920067,5010.46806633157,3508504014.53392,70.2711874941177,107.95562834492,182.496059711865,NA,NA,NA,70.2711874941177,107.95562834492,182.496059711865
2025,"Ashy Prinia","2025",0.0173858954011259,0.0291427405411583,0.0459427250611968,1099.50747522382,7420.66706458938,5146836932.7027,104.826678361521,159.927163870775,265.889641067787,NA,NA,NA,104.826678361521,159.927163870775,265.889641067787
2026,"Ashy Prinia","2026",NA,NA,NA,NA,NA,NA,NA,NA,NA,84.7476089335283,117.463126535869,162.261773515459,84.7476089335283,117.463126535869,162.261773515459
2027,"Ashy Prinia","2027",NA,NA,NA,NA,NA,NA,NA,NA,NA,80.4604153609563,116.658341948508,167.88403325982,80.4604153609563,116.658341948508,167.88403325982
2028,"Ashy Prinia","2028",NA,NA,NA,NA,NA,NA,NA,NA,NA,76.3613400853713,115.407271420198,174.16512873205,76.3613400853713,115.407271420198,174.16512873205
2029,"Ashy Prinia","2029",NA,NA,NA,NA,NA,NA,NA,NA,NA,72.3762971676301,114.393437154467,180.985681731193,72.3762971676301,114.393437154467,180.985681731193
2030,"Ashy Prinia","2030",NA,NA,NA,NA,NA,NA,NA,NA,NA,68.3956564096489,113.160249868054,187.956787510102,68.3956564096489,113.160249868054,187.956787510102
2031,"Ashy Prinia","2031",NA,NA,NA,NA,NA,NA,NA,NA,NA,64.5777119269743,112.085971468932,195.160633164132,64.5777119269743,112.085971468932,195.160633164132
2032,"Ashy Prinia","2032",NA,NA,NA,NA,NA,NA,NA,NA,NA,61.1769750710305,111.244907269157,202.893215753514,61.1769750710305,111.244907269157,202.893215753514
2033,"Ashy Prinia","2033",NA,NA,NA,NA,NA,NA,NA,NA,NA,57.8872692078803,110.370213824775,210.226864724725,57.8872692078803,110.370213824775,210.226864724725
1991,"Gray-hooded Warbler","before 2000",0.0533579737977643,0.0799902027864107,0.110814118998764,100,100,100,NA,NA,NA,NA,NA,NA,NA,NA,NA
2004,"Gray-hooded Warbler","2000-2006",0.0603965283340601,0.0952220554084007,0.141271539409329,80.0403617877157,119.569845870459,177.129937621828,NA,NA,NA,NA,NA,NA,NA,NA,NA
2009,"Gray-hooded Warbler","2007-2010",0.0804613641163006,0.129196763204019,0.194527052537081,108.630351198478,162.957770739839,242.546834234776,NA,NA,NA,NA,NA,NA,NA,NA,NA
2012,"Gray-hooded Warbler","2011-2012",0.0388555350179745,0.0626068515584242,0.0926937275884452,49.1158767870391,78.5619258616245,122.734761970985,NA,NA,NA,NA,NA,NA,NA,NA,NA
2013,"Gray-hooded Warbler","2013",0.0641090633244037,0.0978802896035585,0.143261201296755,79.2757884758427,123.568153835262,181.613063104264,NA,NA,NA,NA,NA,NA,NA,NA,NA
2014,"Gray-hooded Warbler","2014",0.0670341001051461,0.101206070311569,0.149109182946953,86.6278308808637,127.68221759441,191.119797714208,NA,NA,NA,NA,NA,NA,NA,NA,NA
2015,"Gray-hooded Warbler","2015",0.0916275900987489,0.123772496791306,0.171152727327726,115.287434641124,156.316520823452,215.951210239609,100,100,100,NA,NA,NA,100,100,100
2016,"Gray-hooded Warbler","2016",0.0855268852302302,0.112595291673797,0.151940688754878,108.594455694075,142.431240034835,192.002814586591,74.1306711001225,91.2421026114533,112.568586401287,NA,NA,NA,74.1306711001225,91.2421026114533,112.568586401287
2017,"Gray-hooded Warbler","2017",0.0787378721635967,0.104756838874976,0.138598227111773,101.883641103452,132.736838597229,177.94713114057,70.5660030734145,84.5740237882057,102.194069826207,NA,NA,NA,70.5660030734145,84.5740237882057,102.194069826207
2018,"Gray-hooded Warbler","2018",0.0648751960348891,0.0864515743900014,0.115611854759785,81.8504613169071,109.188008667786,146.316697927049,57.6247833392207,69.7050159979436,84.8551936438739,NA,NA,NA,57.6247833392207,69.7050159979436,84.8551936438739
2019,"Gray-hooded Warbler","2019",0.0910016697019578,0.120150264705254,0.159282725611808,115.395604977012,151.552186884542,201.769072889496,80.6309586522973,97.0028152729784,117.768843311766,NA,NA,NA,80.6309586522973,97.0028152729784,117.768843311766
2020,"Gray-hooded Warbler","2020",0.0767893570392664,0.102345495508554,0.135040777952568,98.2317671553415,128.672994377097,174.191158615749,67.9606665193117,82.322339600009,99.3745558697816,NA,NA,NA,67.9606665193117,82.322339600009,99.3745558697816
2021,"Gray-hooded Warbler","2021",0.075539760293214,0.10086191049931,0.134820364302152,98.4086822615602,127.150002907467,170.945306611119,68.1291915478195,81.6698648939519,98.7746209467243,NA,NA,NA,68.1291915478195,81.6698648939519,98.7746209467243
2022,"Gray-hooded Warbler","2022",0.0840594903889059,0.109916191571488,0.143619548157223,105.793029857659,139.016941053756,184.629733040828,73.889836405941,88.8023464191145,107.167626835876,NA,NA,NA,73.889836405941,88.8023464191145,107.167626835876
2023,"Gray-hooded Warbler","2023",0.0935585820013339,0.121461010769338,0.159360892749472,119.133491427319,153.781000673035,205.069182789761,82.4269282166967,98.013600979665,117.186105616469,NA,NA,NA,82.4269282166967,98.013600979665,117.186105616469
2024,"Gray-hooded Warbler","2024",0.0953947853733594,0.12635014408551,0.164568167726919,122.751342383978,159.637977025536,211.05500448808,84.7973163571682,101.470358147588,120.702074948468,NA,NA,NA,84.7973163571682,101.470358147588,120.702074948468
2025,"Gray-hooded Warbler","2025",0.107486238931682,0.139586166571281,0.186098796337175,136.96908207516,176.739966215718,234.363940818245,94.4229252414959,112.969443965207,135.101942830937,NA,NA,NA,94.4229252414959,112.969443965207,135.101942830937
2026,"Gray-hooded Warbler","2026",NA,NA,NA,NA,NA,NA,NA,NA,NA,84.4779047788315,100.20603415791,118.94198222147,84.4779047788315,100.20603415791,118.94198222147
2027,"Gray-hooded Warbler","2027",NA,NA,NA,NA,NA,NA,NA,NA,NA,83.9777941588893,101.807143434579,123.705083448659,83.9777941588893,101.807143434579,123.705083448659
2028,"Gray-hooded Warbler","2028",NA,NA,NA,NA,NA,NA,NA,NA,NA,83.4167079594988,103.491948287739,128.70658639179,83.4167079594988,103.491948287739,128.70658639179
2029,"Gray-hooded Warbler","2029",NA,NA,NA,NA,NA,NA,NA,NA,NA,82.8220628528035,105.253365097457,134.124475290796,82.8220628528035,105.253365097457,134.124475290796
2030,"Gray-hooded Warbler","2030",NA,NA,NA,NA,NA,NA,NA,NA,NA,82.2763746473845,107.031867849337,139.624780611896,82.2763746473845,107.031867849337,139.624780611896
2031,"Gray-hooded Warbler","2031",NA,NA,NA,NA,NA,NA,NA,NA,NA,81.6654577661895,108.839867466751,145.48931785971,81.6654577661895,108.839867466751,145.48931785971
2032,"Gray-hooded Warbler","2032",NA,NA,NA,NA,NA,NA,NA,NA,NA,80.988646148393,110.643901428914,151.419715888084,80.988646148393,110.643901428914,151.419715888084
2033,"Gray-hooded Warbler","2033",NA,NA,NA,NA,NA,NA,NA,NA,NA,80.4174677059905,112.395816655256,157.72804694105,80.4174677059905,112.395816655256,157.72804694105
1991,"Black-throated Tit","before 2000",0.0450349452085049,0.0720974896735883,0.113475201566385,100,100,100,NA,NA,NA,NA,NA,NA,NA,NA,NA
2004,"Black-throated Tit","2000-2006",0.059264110274972,0.101697907533055,0.157709010398948,88.4002601855413,139.874596347335,219.334971703791,NA,NA,NA,NA,NA,NA,NA,NA,NA
2009,"Black-throated Tit","2007-2010",0.0438581094419111,0.0806808163088694,0.138376489074777,60.2653244074606,111.568332321165,181.450411342451,NA,NA,NA,NA,NA,NA,NA,NA,NA
2012,"Black-throated Tit","2011-2012",0.0255610638771573,0.0450448591732513,0.0727801279164839,37.1893600143523,63.1573030861207,97.5083472218316,NA,NA,NA,NA,NA,NA,NA,NA,NA
2013,"Black-throated Tit","2013",0.0541454857912424,0.0890762147104054,0.140781575517335,79.3457314055275,124.778453120531,187.793005131761,NA,NA,NA,NA,NA,NA,NA,NA,NA
2014,"Black-throated Tit","2014",0.0348059612724351,0.063193233405425,0.101306840132329,52.4334770352271,88.3040734756611,136.098680047502,NA,NA,NA,NA,NA,NA,NA,NA,NA
2015,"Black-throated Tit","2015",0.0520819079096023,0.0803217628794407,0.118332565733489,79.2481137660239,109.799065781596,157.375655874275,100,100,100,NA,NA,NA,100,100,100
2016,"Black-throated Tit","2016",0.0452241154211085,0.0683635084393684,0.0994440250016056,66.6346215296042,94.6183737708892,130.672217222374,65.8195011032126,84.8940792141948,110.435701271868,NA,NA,NA,65.8195011032126,84.8940792141948,110.435701271868
2017,"Black-throated Tit","2017",0.0416664114906898,0.0606374475887458,0.0905883102803808,60.9219932425936,85.2811893237735,116.412847064175,61.4329929515714,76.8512249219275,96.8963232994016,NA,NA,NA,61.4329929515714,76.8512249219275,96.8963232994016
2018,"Black-throated Tit","2018",0.0321912037380354,0.0476084697694453,0.0690463796587925,48.0096559395559,66.5099347370975,90.1435162104668,47.0388073988385,59.8208677817077,75.7086315757632,NA,NA,NA,47.0388073988385,59.8208677817077,75.7086315757632
2019,"Black-throated Tit","2019",0.0335883606493648,0.0486754311580686,0.0712288736927857,49.6674978048217,68.2139798307424,94.8716134443374,48.4568303745204,61.450234672005,77.1973273056811,NA,NA,NA,48.4568303745204,61.450234672005,77.1973273056811
2020,"Black-throated Tit","2020",0.0359103742183612,0.0535152341014948,0.0788331473624142,54.8286328467801,74.5212346365468,102.153220403308,52.642388204599,67.2304957990939,86.241496347271,NA,NA,NA,52.642388204599,67.2304957990939,86.241496347271
2021,"Black-throated Tit","2021",0.0369706439210163,0.0532850670207142,0.0780754154762452,54.9425963820721,74.2120331348464,99.524928624489,53.5791698372021,67.3859399750051,84.7201091648443,NA,NA,NA,53.5791698372021,67.3859399750051,84.7201091648443
2022,"Black-throated Tit","2022",0.0377654664610147,0.0554510701714888,0.0803663117368716,56.6052795287708,77.0894556570174,101.822625062014,54.896899205468,69.8310660143544,87.7774733582881,NA,NA,NA,54.896899205468,69.8310660143544,87.7774733582881
2023,"Black-throated Tit","2023",0.0385452391362238,0.0560902847014877,0.0822733144633754,58.323862094009,78.5442110499817,105.28601901898,55.6384979503126,71.066161530848,89.4080937826163,NA,NA,NA,55.6384979503126,71.066161530848,89.4080937826163
2024,"Black-throated Tit","2024",0.038941368655124,0.0566872529369633,0.0824932220969658,58.7061159881237,78.5770430666788,105.481005572263,57.0578963161427,70.901197208078,88.2929424162984,NA,NA,NA,57.0578963161427,70.901197208078,88.2929424162984
2025,"Black-throated Tit","2025",0.0415630686547836,0.0602293932200766,0.0871545156891216,62.0860238836024,84.1850159086584,111.463993877183,61.0904587109334,76.0574919969853,93.6761713390662,NA,NA,NA,61.0904587109334,76.0574919969853,93.6761713390662
2026,"Black-throated Tit","2026",NA,NA,NA,NA,NA,NA,NA,NA,NA,53.9469504732536,65.3363096807499,79.0330193881711,53.9469504732536,65.3363096807499,79.0330193881711
2027,"Black-throated Tit","2027",NA,NA,NA,NA,NA,NA,NA,NA,NA,51.7572975444302,64.2394628292236,79.7074301096871,51.7572975444302,64.2394628292236,79.7074301096871
2028,"Black-throated Tit","2028",NA,NA,NA,NA,NA,NA,NA,NA,NA,49.6017127103585,63.0922959309075,80.3121948764008,49.6017127103585,63.0922959309075,80.3121948764008
2029,"Black-throated Tit","2029",NA,NA,NA,NA,NA,NA,NA,NA,NA,47.5212931274594,61.9639424629099,81.007075103421,47.5212931274594,61.9639424629099,81.007075103421
2030,"Black-throated Tit","2030",NA,NA,NA,NA,NA,NA,NA,NA,NA,45.466052544379,60.9017424087999,81.7658686134821,45.466052544379,60.9017424087999,81.7658686134821
2031,"Black-throated Tit","2031",NA,NA,NA,NA,NA,NA,NA,NA,NA,43.4277179853983,59.7609291319999,82.4679284358006,43.4277179853983,59.7609291319999,82.4679284358006
2032,"Black-throated Tit","2032",NA,NA,NA,NA,NA,NA,NA,NA,NA,41.5586678964788,58.7031915171275,83.2963585297127,41.5586678964788,58.7031915171275,83.2963585297127
2033,"Black-throated Tit","2033",NA,NA,NA,NA,NA,NA,NA,NA,NA,39.692794193768,57.6268171057006,84.1593634972448,39.692794193768,57.6268171057006,84.1593634972448
1991,"White-throated Tit","before 2000",NA,NA,NA,NA,NA,NA,NA,NA,NA,NA,NA,NA,NA,NA,NA
2004,"White-throated Tit","2000-2006",NA,NA,NA,NA,NA,NA,NA,NA,NA,NA,NA,NA,NA,NA,NA
2009,"White-throated Tit","2007-2010",NA,NA,NA,NA,NA,NA,NA,NA,NA,NA,NA,NA,NA,NA,NA
2012,"White-throated Tit","2011-2012",NA,NA,NA,NA,NA,NA,NA,NA,NA,NA,NA,NA,NA,NA,NA
2013,"White-throated Tit","2013",NA,NA,NA,NA,NA,NA,NA,NA,NA,NA,NA,NA,NA,NA,NA
2014,"White-throated Tit","2014",NA,NA,NA,NA,NA,NA,NA,NA,NA,NA,NA,NA,NA,NA,NA
2015,"White-throated Tit","2015",0.00120493159916553,0.00662126666932907,0.0167015478764887,NA,NA,NA,100,100,100,NA,NA,NA,100,100,100
2016,"White-throated Tit","2016",0.00173131253454987,0.00550566615392102,0.0119451892529506,NA,NA,NA,24.3025957843403,80.6644484193131,461.587193692634,NA,NA,NA,24.3025957843403,80.6644484193131,461.587193692634
2017,"White-throated Tit","2017",0.00438864653769526,0.00960339361312274,0.0182205286983774,NA,NA,NA,55.6983772234884,143.312480721739,694.699172428326,NA,NA,NA,55.6983772234884,143.312480721739,694.699172428326
2018,"White-throated Tit","2018",0.00103832398546042,0.00338741584387273,0.00726332039022091,NA,NA,NA,16.2123114970718,51.800511822533,289.902901470006,NA,NA,NA,16.2123114970718,51.800511822533,289.902901470006
2019,"White-throated Tit","2019",0.00222122403831861,0.00583722680763328,0.0112504945765052,NA,NA,NA,30.7137588265909,86.698235767338,462.170739790434,NA,NA,NA,30.7137588265909,86.698235767338,462.170739790434
2020,"White-throated Tit","2020",0.00113393143587963,0.00450768199346599,0.010757822344147,NA,NA,NA,15.717096913971,69.4386646644802,469.434000817619,NA,NA,NA,15.717096913971,69.4386646644802,469.434000817619
2021,"White-throated Tit","2021",0.00121910323032494,0.00375030694747828,0.00756678563741941,NA,NA,NA,17.9481106052848,56.1731005259328,322.568026871437,NA,NA,NA,17.9481106052848,56.1731005259328,322.568026871437
2022,"White-throated Tit","2022",0.00117923376638539,0.00334130711340843,0.00648672780982042,NA,NA,NA,17.1406086340681,50.297434950789,242.233996872546,NA,NA,NA,17.1406086340681,50.297434950789,242.233996872546
2023,"White-throated Tit","2023",0.00401070348722308,0.00831506832098909,0.0145576062823315,NA,NA,NA,50.2603665385513,124.897478459153,640.433218066897,NA,NA,NA,50.2603665385513,124.897478459153,640.433218066897
2024,"White-throated Tit","2024",0.0010597638159888,0.00304876269576347,0.00565176539444993,NA,NA,NA,14.7118407943014,44.2241992836691,226.073146134719,NA,NA,NA,14.7118407943014,44.2241992836691,226.073146134719
2025,"White-throated Tit","2025",0.00166990858769408,0.00355894727133339,0.00659330301990974,NA,NA,NA,20.5980217131824,52.2927595448306,260.263090564451,NA,NA,NA,20.5980217131824,52.2927595448306,260.263090564451
2026,"White-throated Tit","2026",NA,NA,NA,NA,NA,NA,NA,NA,NA,27.2329084071677,49.3259053011622,91.6331323484272,27.2329084071677,49.3259053011622,91.6331323484272
2027,"White-throated Tit","2027",NA,NA,NA,NA,NA,NA,NA,NA,NA,23.7161464770763,46.7815017826713,93.464790920955,23.7161464770763,46.7815017826713,93.464790920955
2028,"White-throated Tit","2028",NA,NA,NA,NA,NA,NA,NA,NA,NA,20.6792911819769,43.9961225654489,95.6451761696094,20.6792911819769,43.9961225654489,95.6451761696094
2029,"White-throated Tit","2029",NA,NA,NA,NA,NA,NA,NA,NA,NA,17.9739008379988,41.2955898796173,98.0980372367339,17.9739008379988,41.2955898796173,98.0980372367339
2030,"White-throated Tit","2030",NA,NA,NA,NA,NA,NA,NA,NA,NA,15.673456269206,39.0970191774459,100.926139888612,15.673456269206,39.0970191774459,100.926139888612
2031,"White-throated Tit","2031",NA,NA,NA,NA,NA,NA,NA,NA,NA,13.5247194173961,36.9330139662377,104.306780307143,13.5247194173961,36.9330139662377,104.306780307143
2032,"White-throated Tit","2032",NA,NA,NA,NA,NA,NA,NA,NA,NA,11.7547492764498,34.9200470503814,107.280354532725,11.7547492764498,34.9200470503814,107.280354532725
2033,"White-throated Tit","2033",NA,NA,NA,NA,NA,NA,NA,NA,NA,10.2250336379816,32.9625644235961,110.846012359058,10.2250336379816,32.9625644235961,110.846012359058
1991,"Black-chinned Babbler","before 2000",0.0229910476738301,0.0383852609864065,0.0570460470411098,100,100,100,NA,NA,NA,NA,NA,NA,NA,NA,NA
2004,"Black-chinned Babbler","2000-2006",0.0190163547737813,0.0381339493415108,0.0644907174392295,48.9493235420067,100.500060422623,189.618963836237,NA,NA,NA,NA,NA,NA,NA,NA,NA
2009,"Black-chinned Babbler","2007-2010",0.0147923265304636,0.034496323295958,0.0641912157194353,35.8348117129812,90.0706808594052,186.981150771838,NA,NA,NA,NA,NA,NA,NA,NA,NA
2012,"Black-chinned Babbler","2011-2012",0.0146078120113229,0.0279094486995055,0.0468200643255804,39.6214775751776,73.3935729082496,133.615618311736,NA,NA,NA,NA,NA,NA,NA,NA,NA
2013,"Black-chinned Babbler","2013",0.0147986417140352,0.0292719326820189,0.0488733159725854,39.3033263720788,76.270970598625,135.599697421046,NA,NA,NA,NA,NA,NA,NA,NA,NA
2014,"Black-chinned Babbler","2014",0.0137502808107667,0.0264200446620968,0.0448262341719494,37.2635882880116,68.8953910565175,129.194372757228,NA,NA,NA,NA,NA,NA,NA,NA,NA
2015,"Black-chinned Babbler","2015",0.0256313423388149,0.0406385015356212,0.0572448838760551,68.8462304457002,105.244348120352,158.900609817258,100,100,100,NA,NA,NA,100,100,100
2016,"Black-chinned Babbler","2016",0.0181650611057522,0.0270945382886683,0.0380173664775401,48.3138849727351,70.5137838753922,105.892279813871,47.8241681278493,66.9794817131862,93.3494128308455,NA,NA,NA,47.8241681278493,66.9794817131862,93.3494128308455
2017,"Black-chinned Babbler","2017",0.0287247311366158,0.040928883356155,0.0554555658880134,75.1940243058504,108.045042305012,158.938898853705,78.3045562980518,101.905479764988,139.264338050361,NA,NA,NA,78.3045562980518,101.905479764988,139.264338050361
2018,"Black-chinned Babbler","2018",0.0253101478492473,0.0356767527071613,0.0483449545100821,65.7324534434137,93.5322970705799,136.947760795401,67.6378894976931,88.0544384379691,122.465330835234,NA,NA,NA,67.6378894976931,88.0544384379691,122.465330835234
2019,"Black-chinned Babbler","2019",0.0276588729304642,0.0378696095760228,0.0519304860703356,69.6922804936241,99.9475683804151,146.986130966161,71.9103895846252,94.7469222152661,130.114843872936,NA,NA,NA,71.9103895846252,94.7469222152661,130.114843872936
2020,"Black-chinned Babbler","2020",0.0246140372471874,0.0342372023428432,0.0466348199977953,63.2001947209745,89.7076854368336,135.509027642082,64.6083737283656,85.3173835813569,116.575546264626,NA,NA,NA,64.6083737283656,85.3173835813569,116.575546264626
2021,"Black-chinned Babbler","2021",0.0182030209410914,0.0252577376154151,0.0347936744700921,46.0266078229407,66.8122258289834,101.066679120073,47.5812601455298,62.889219069818,90.3803338566601,NA,NA,NA,47.5812601455298,62.889219069818,90.3803338566601
2022,"Black-chinned Babbler","2022",0.0204725262210544,0.0284980718917849,0.0391751921372879,51.862679210422,75.5496648873583,111.027968216222,54.0357504224805,71.2775840413525,99.5009665010215,NA,NA,NA,54.0357504224805,71.2775840413525,99.5009665010215
2023,"Black-chinned Babbler","2023",0.0197893864155366,0.0270367853896403,0.0377037685915298,50.7063733932418,72.1965918876078,105.266836131017,51.6453081146337,67.8325836466193,94.1716194569636,NA,NA,NA,51.6453081146337,67.8325836466193,94.1716194569636
2024,"Black-chinned Babbler","2024",0.0165913666848598,0.0226375645430983,0.0307735359190454,41.988180828927,59.8463401378708,88.5513657829626,43.1037175847347,56.275530503765,78.9201150396827,NA,NA,NA,43.1037175847347,56.275530503765,78.9201150396827
2025,"Black-chinned Babbler","2025",0.0198344329889672,0.0272468499861827,0.0368664865885432,50.9052559897123,71.6655251029777,105.49005236261,52.8446922235814,67.6722597188012,95.0692338141342,NA,NA,NA,52.8446922235814,67.6722597188012,95.0692338141342
2026,"Black-chinned Babbler","2026",NA,NA,NA,NA,NA,NA,NA,NA,NA,48.34698934424,59.7628861155219,73.6216956761535,48.34698934424,59.7628861155219,73.6216956761535
2027,"Black-chinned Babbler","2027",NA,NA,NA,NA,NA,NA,NA,NA,NA,45.0867870406668,57.2134503021053,72.6078479052912,45.0867870406668,57.2134503021053,72.6078479052912
2028,"Black-chinned Babbler","2028",NA,NA,NA,NA,NA,NA,NA,NA,NA,41.9697219535589,54.924594840433,71.7455547437976,41.9697219535589,54.924594840433,71.7455547437976
2029,"Black-chinned Babbler","2029",NA,NA,NA,NA,NA,NA,NA,NA,NA,39.100342692161,52.6952247983402,70.8271035431205,39.100342692161,52.6952247983402,70.8271035431205
2030,"Black-chinned Babbler","2030",NA,NA,NA,NA,NA,NA,NA,NA,NA,36.3876037141472,50.4368772701087,69.8617666710261,36.3876037141472,50.4368772701087,69.8617666710261
2031,"Black-chinned Babbler","2031",NA,NA,NA,NA,NA,NA,NA,NA,NA,33.8353253063565,48.47694630899,68.9847219555892,33.8353253063565,48.47694630899,68.9847219555892
2032,"Black-chinned Babbler","2032",NA,NA,NA,NA,NA,NA,NA,NA,NA,31.4019541599348,46.5060728166193,68.1417757632164,31.4019541599348,46.5060728166193,68.1417757632164
2033,"Black-chinned Babbler","2033",NA,NA,NA,NA,NA,NA,NA,NA,NA,29.157614578994,44.5828423595644,67.4264637241171,29.157614578994,44.5828423595644,67.4264637241171
1991,"Striated Laughingthrush","before 2000",NA,NA,NA,NA,NA,NA,NA,NA,NA,NA,NA,NA,NA,NA,NA
2004,"Striated Laughingthrush","2000-2006",NA,NA,NA,NA,NA,NA,NA,NA,NA,NA,NA,NA,NA,NA,NA
2009,"Striated Laughingthrush","2007-2010",NA,NA,NA,NA,NA,NA,NA,NA,NA,NA,NA,NA,NA,NA,NA
2012,"Striated Laughingthrush","2011-2012",NA,NA,NA,NA,NA,NA,NA,NA,NA,NA,NA,NA,NA,NA,NA
2013,"Striated Laughingthrush","2013",NA,NA,NA,NA,NA,NA,NA,NA,NA,NA,NA,NA,NA,NA,NA
2014,"Striated Laughingthrush","2014",NA,NA,NA,NA,NA,NA,NA,NA,NA,NA,NA,NA,NA,NA,NA
2015,"Striated Laughingthrush","2015",0.00112995426894629,0.00370139897609111,0.00760894475777416,NA,NA,NA,100,100,100,NA,NA,NA,100,100,100
2016,"Striated Laughingthrush","2016",0.00645190571698217,0.0114756738676081,0.0192883930155444,NA,NA,NA,147.974828982212,310.51566738547,858.765060449414,NA,NA,NA,147.974828982212,310.51566738547,858.765060449414
2017,"Striated Laughingthrush","2017",0.00908709702742423,0.0147691315136598,0.0223057221502042,NA,NA,NA,211.615048335983,399.273563875388,1155.42532441853,NA,NA,NA,211.615048335983,399.273563875388,1155.42532441853
2018,"Striated Laughingthrush","2018",0.00969980552463121,0.0157161804019313,0.0246612388581953,NA,NA,NA,221.662687797525,421.262279763099,1255.70335879034,NA,NA,NA,221.662687797525,421.262279763099,1255.70335879034
2019,"Striated Laughingthrush","2019",0.00756563312188329,0.0118400659621981,0.0185888182323015,NA,NA,NA,169.599455772039,321.691987072867,928.156364483966,NA,NA,NA,169.599455772039,321.691987072867,928.156364483966
2020,"Striated Laughingthrush","2020",0.00678994850835447,0.0109090370908754,0.0174903661327045,NA,NA,NA,149.781435095983,294.619790783379,850.803294848426,NA,NA,NA,149.781435095983,294.619790783379,850.803294848426
2021,"Striated Laughingthrush","2021",0.00904731138011563,0.0140148699910578,0.0218470598394239,NA,NA,NA,196.639434831762,378.452441350904,1064.6616669519,NA,NA,NA,196.639434831762,378.452441350904,1064.6616669519
2022,"Striated Laughingthrush","2022",0.007733964225116,0.0122650737225746,0.0193226982559282,NA,NA,NA,169.008357718122,330.033605777059,908.998416853285,NA,NA,NA,169.008357718122,330.033605777059,908.998416853285
2023,"Striated Laughingthrush","2023",0.0086832587513504,0.0134173049689534,0.0207038761540337,NA,NA,NA,188.931008801111,361.712539642418,1058.57424768807,NA,NA,NA,188.931008801111,361.712539642418,1058.57424768807
2024,"Striated Laughingthrush","2024",0.00558288956562316,0.00875746872490062,0.0135778081512166,NA,NA,NA,122.953562415771,239.522032202954,656.493420345868,NA,NA,NA,122.953562415771,239.522032202954,656.493420345868
2025,"Striated Laughingthrush","2025",0.00681072761443036,0.0101161799981652,0.0156239178496931,NA,NA,NA,146.414076048468,275.657994073407,738.203495038807,NA,NA,NA,146.414076048468,275.657994073407,738.203495038807
2026,"Striated Laughingthrush","2026",NA,NA,NA,NA,NA,NA,NA,NA,NA,210.000519431806,354.675950293213,597.048290944757,210.000519431806,354.675950293213,597.048290944757
2027,"Striated Laughingthrush","2027",NA,NA,NA,NA,NA,NA,NA,NA,NA,202.006006400932,366.5189542881,659.436918843863,202.006006400932,366.5189542881,659.436918843863
2028,"Striated Laughingthrush","2028",NA,NA,NA,NA,NA,NA,NA,NA,NA,193.977122709744,377.803228009378,732.318511080002,193.977122709744,377.803228009378,732.318511080002
2029,"Striated Laughingthrush","2029",NA,NA,NA,NA,NA,NA,NA,NA,NA,185.744156301698,388.842030139555,814.149649712626,185.744156301698,388.842030139555,814.149649712626
2030,"Striated Laughingthrush","2030",NA,NA,NA,NA,NA,NA,NA,NA,NA,177.695668493808,400.047925048182,902.765944424145,177.695668493808,400.047925048182,902.765944424145
2031,"Striated Laughingthrush","2031",NA,NA,NA,NA,NA,NA,NA,NA,NA,170.39067817462,414.058992037726,1001.48903822693,170.39067817462,414.058992037726,1001.48903822693
2032,"Striated Laughingthrush","2032",NA,NA,NA,NA,NA,NA,NA,NA,NA,163.007171817538,426.556479505115,1113.00253438421,163.007171817538,426.556479505115,1113.00253438421
2033,"Striated Laughingthrush","2033",NA,NA,NA,NA,NA,NA,NA,NA,NA,156.125671441277,438.482893205763,1237.14082654472,156.125671441277,438.482893205763,1237.14082654472
1991,"Streaked Laughingthrush","before 2000",0.0726851463663519,0.112957767221315,0.169969556830753,100,100,100,NA,NA,NA,NA,NA,NA,NA,NA,NA
2004,"Streaked Laughingthrush","2000-2006",0.0799307102352695,0.129780476300647,0.196292964121412,75.4540896667155,115.960720645113,167.290557125274,NA,NA,NA,NA,NA,NA,NA,NA,NA
2009,"Streaked Laughingthrush","2007-2010",0.0833203581887541,0.143094592678506,0.227702144263164,83.1502174197613,127.0952804653,192.817839555081,NA,NA,NA,NA,NA,NA,NA,NA,NA
2012,"Streaked Laughingthrush","2011-2012",0.0518340387271725,0.0852863599664838,0.135041698980982,52.5294872909532,76.628236142085,111.151228599215,NA,NA,NA,NA,NA,NA,NA,NA,NA
2013,"Streaked Laughingthrush","2013",0.107100211252283,0.168850081106608,0.249410629197371,103.702536297071,149.097145554967,213.833426804518,NA,NA,NA,NA,NA,NA,NA,NA,NA
2014,"Streaked Laughingthrush","2014",0.0972965517903976,0.152842072970749,0.231604192382489,93.8117094156976,136.015829083824,197.545490671332,NA,NA,NA,NA,NA,NA,NA,NA,NA
2015,"Streaked Laughingthrush","2015",0.0940775437987212,0.14021690727579,0.204431250459889,93.8591513141918,124.630340770532,167.926163910746,100,100,100,NA,NA,NA,100,100,100
2016,"Streaked Laughingthrush","2016",0.0852770395571257,0.125351637733382,0.178626276692049,84.9694100382291,112.362876142258,145.903263641514,72.6633332804314,89.6043749145313,110.435049579973,NA,NA,NA,72.6633332804314,89.6043749145313,110.435049579973
2017,"Streaked Laughingthrush","2017",0.0908283871212623,0.130101481572573,0.184616594008629,90.1283504627264,116.473631609326,151.587749785989,77.9777875794264,93.1916318824147,112.937382417065,NA,NA,NA,77.9777875794264,93.1916318824147,112.937382417065
2018,"Streaked Laughingthrush","2018",0.0822689814240785,0.118748641928105,0.168889667075135,81.7580506242379,105.991424669908,139.458124511338,69.9304083505275,84.5484572416467,102.218943879231,NA,NA,NA,69.9304083505275,84.5484572416467,102.218943879231
2019,"Streaked Laughingthrush","2019",0.08564376569178,0.125289661615394,0.175661972527465,86.9194824193381,111.942330143218,143.681195139942,74.7856413272063,89.3335134508355,107.515971131572,NA,NA,NA,74.7856413272063,89.3335134508355,107.515971131572
2020,"Streaked Laughingthrush","2020",0.101231812625905,0.147388979696423,0.209389217251494,101.98081965872,130.45733946557,169.123723961492,87.3733157636663,104.274870670658,125.945579422821,NA,NA,NA,87.3733157636663,104.274870670658,125.945579422821
2021,"Streaked Laughingthrush","2021",0.0901365699621278,0.13044286038569,0.18475544263557,92.0098816792358,116.915894414974,149.616699024642,78.2870408960594,93.054079141003,113.573669080412,NA,NA,NA,78.2870408960594,93.054079141003,113.573669080412
2022,"Streaked Laughingthrush","2022",0.0868040558872444,0.126244152004622,0.176641076117315,89.4563323093447,112.753049113757,145.305932562361,75.5219676586512,90.2260077839395,108.948185147218,NA,NA,NA,75.5219676586512,90.2260077839395,108.948185147218
2023,"Streaked Laughingthrush","2023",0.0956180765843921,0.137398900528019,0.194174821300669,94.7927795221849,122.207859403941,158.769700940349,82.5335265580458,97.9718538145631,117.866438380913,NA,NA,NA,82.5335265580458,97.9718538145631,117.866438380913
2024,"Streaked Laughingthrush","2024",0.0845379457941471,0.122239561057083,0.171795918056108,85.5640692240514,109.394114130803,140.189919213732,72.9695206637366,87.2833400452979,104.978588943421,NA,NA,NA,72.9695206637366,87.2833400452979,104.978588943421
2025,"Streaked Laughingthrush","2025",0.0879904325565221,0.12842538847911,0.18014536445646,90.0738064682917,114.164020731965,147.076805112966,77.1592185586543,91.3962614309782,109.901999683528,NA,NA,NA,77.1592185586543,91.3962614309782,109.901999683528
2026,"Streaked Laughingthrush","2026",NA,NA,NA,NA,NA,NA,NA,NA,NA,82.9236962843526,91.3439508136114,100.688234563026,82.9236962843526,91.3439508136114,100.688234563026
2027,"Streaked Laughingthrush","2027",NA,NA,NA,NA,NA,NA,NA,NA,NA,81.7078116487925,91.1007362900719,101.864799164143,81.7078116487925,91.1007362900719,101.864799164143
2028,"Streaked Laughingthrush","2028",NA,NA,NA,NA,NA,NA,NA,NA,NA,80.4469195871863,90.8939428308248,102.937166508398,80.4469195871863,90.8939428308248,102.937166508398
2029,"Streaked Laughingthrush","2029",NA,NA,NA,NA,NA,NA,NA,NA,NA,79.2050889622511,90.6655595980865,104.189651650871,79.2050889622511,90.6655595980865,104.189651650871
2030,"Streaked Laughingthrush","2030",NA,NA,NA,NA,NA,NA,NA,NA,NA,78.0337109745055,90.386977366148,105.46600514087,78.0337109745055,90.386977366148,105.46600514087
2031,"Streaked Laughingthrush","2031",NA,NA,NA,NA,NA,NA,NA,NA,NA,76.8344165617102,90.304514210822,106.591101606394,76.8344165617102,90.304514210822,106.591101606394
2032,"Streaked Laughingthrush","2032",NA,NA,NA,NA,NA,NA,NA,NA,NA,75.7004849421823,90.2111853387473,107.88878410129,75.7004849421823,90.2111853387473,107.88878410129
2033,"Streaked Laughingthrush","2033",NA,NA,NA,NA,NA,NA,NA,NA,NA,74.5619368368949,90.0000600896211,109.19345508314,74.5619368368949,90.0000600896211,109.19345508314
1991,"Variegated Laughingthrush","before 2000",0.0308642216724193,0.0509249724752243,0.083838958963387,100,100,100,NA,NA,NA,NA,NA,NA,NA,NA,NA
2004,"Variegated Laughingthrush","2000-2006",0.0270783774131218,0.0522787729537322,0.0919966684964611,57.7015951567537,101.958007896107,173.359912022736,NA,NA,NA,NA,NA,NA,NA,NA,NA
2009,"Variegated Laughingthrush","2007-2010",0.0185567839478627,0.0415338442788824,0.0766962094339544,40.864136545154,79.2917699288425,141.888657334137,NA,NA,NA,NA,NA,NA,NA,NA,NA
2012,"Variegated Laughingthrush","2011-2012",0.0268840341524815,0.0470100255281807,0.0794765502457694,55.3860199432181,92.5949363176918,142.743047594866,NA,NA,NA,NA,NA,NA,NA,NA,NA
2013,"Variegated Laughingthrush","2013",0.0629473133943875,0.110887906827487,0.182417481270663,140.714303651554,215.848062159112,336.400147596704,NA,NA,NA,NA,NA,NA,NA,NA,NA
2014,"Variegated Laughingthrush","2014",0.055239328430523,0.101049217411364,0.164141015769258,126.514672169235,194.493180474455,289.530052599835,NA,NA,NA,NA,NA,NA,NA,NA,NA
2015,"Variegated Laughingthrush","2015",0.029244859315264,0.047244230681403,0.0780799684566313,64.5446233143653,93.1343958075089,140.282442483762,100,100,100,NA,NA,NA,100,100,100
2016,"Variegated Laughingthrush","2016",0.0386275176149842,0.0589559205758191,0.0938770860239324,85.9112260878648,116.360802783221,166.169450162174,96.7562756589848,125.285109439986,163.857969647027,NA,NA,NA,96.7562756589848,125.285109439986,163.857969647027
2017,"Variegated Laughingthrush","2017",0.0365582577671921,0.0552463400773187,0.085388738804803,78.8014907155544,109.001020029397,149.166959835299,91.2046889537264,117.332775165105,149.843292316905,NA,NA,NA,91.2046889537264,117.332775165105,149.843292316905
2018,"Variegated Laughingthrush","2018",0.0361910032943019,0.0554422249951298,0.0863045769488219,80.9551271168272,108.509116484071,149.599167484343,88.9862168784481,117.032305437298,152.409197781972,NA,NA,NA,88.9862168784481,117.032305437298,152.409197781972
2019,"Variegated Laughingthrush","2019",0.0262640812246818,0.0403798971893211,0.0623717060278876,58.5172820701466,79.48321627957,109.360892715462,66.3229117933739,85.1413606101837,108.776575892232,NA,NA,NA,66.3229117933739,85.1413606101837,108.776575892232
2020,"Variegated Laughingthrush","2020",0.0369128830465535,0.0546999719553062,0.086285205892102,79.0738270170245,107.016535828594,147.98168323099,88.9378702586929,115.278113747321,149.547016836819,NA,NA,NA,88.9378702586929,115.278113747321,149.547016836819
2021,"Variegated Laughingthrush","2021",0.0262157324629457,0.0399284664081207,0.0632019680976903,58.2824421919925,78.2149785198982,106.700737214484,64.9472161598377,84.1891146959406,111.075916423293,NA,NA,NA,64.9472161598377,84.1891146959406,111.075916423293
2022,"Variegated Laughingthrush","2022",0.0257536570311336,0.0384540450876385,0.0595554745884129,55.3612619123936,75.0323291847994,103.632153884217,61.6692525803782,80.5694619364825,105.298305487396,NA,NA,NA,61.6692525803782,80.5694619364825,105.298305487396
2023,"Variegated Laughingthrush","2023",0.0291436050223253,0.0433622589558853,0.0679217857620302,63.8037243873051,85.3040053179628,116.118547904546,70.8283664920045,91.2866343210005,116.499334865923,NA,NA,NA,70.8283664920045,91.2866343210005,116.499334865923
2024,"Variegated Laughingthrush","2024",0.028266659695133,0.043135450182647,0.0682579087891504,62.4300485486968,84.2150852663193,117.314330092806,70.9306872337143,90.8551436990647,115.643665536385,NA,NA,NA,70.9306872337143,90.8551436990647,115.643665536385
2025,"Variegated Laughingthrush","2025",0.0288326047447525,0.043044046331134,0.0677268973409588,63.3159521250204,85.2529697948279,115.809818228074,71.6711727618426,91.3550373513003,117.646416555444,NA,NA,NA,71.6711727618426,91.3550373513003,117.646416555444
2026,"Variegated Laughingthrush","2026",NA,NA,NA,NA,NA,NA,NA,NA,NA,69.4039546027958,82.8200509738654,98.4851926553246,69.4039546027958,82.8200509738654,98.4851926553246
2027,"Variegated Laughingthrush","2027",NA,NA,NA,NA,NA,NA,NA,NA,NA,66.0142018016987,80.3038707199378,97.7934380471799,66.0142018016987,80.3038707199378,97.7934380471799
2028,"Variegated Laughingthrush","2028",NA,NA,NA,NA,NA,NA,NA,NA,NA,62.4349950088061,77.941702122981,97.2421940191329,62.4349950088061,77.941702122981,97.2421940191329
2029,"Variegated Laughingthrush","2029",NA,NA,NA,NA,NA,NA,NA,NA,NA,59.1576316889356,75.6540745982518,96.8984445957696,59.1576316889356,75.6540745982518,96.8984445957696
2030,"Variegated Laughingthrush","2030",NA,NA,NA,NA,NA,NA,NA,NA,NA,56.0958424740696,73.5764830492271,96.4805951392506,56.0958424740696,73.5764830492271,96.4805951392506
2031,"Variegated Laughingthrush","2031",NA,NA,NA,NA,NA,NA,NA,NA,NA,53.0928689219987,71.5511479687664,96.0354702550017,53.0928689219987,71.5511479687664,96.0354702550017
2032,"Variegated Laughingthrush","2032",NA,NA,NA,NA,NA,NA,NA,NA,NA,50.3034256083511,69.57651888351,95.6385167786824,50.3034256083511,69.57651888351,95.6385167786824
2033,"Variegated Laughingthrush","2033",NA,NA,NA,NA,NA,NA,NA,NA,NA,47.6952385005315,67.6390202544196,95.2781831235885,47.6952385005315,67.6390202544196,95.2781831235885
1991,"Chestnut-crowned Laughingthrush","before 2000",0.00319977746085357,0.00750724761187758,0.0142660657686215,100,100,100,NA,NA,NA,NA,NA,NA,NA,NA,NA
2004,"Chestnut-crowned Laughingthrush","2000-2006",0.00228785912957587,0.00833842010881651,0.0183336551246287,28.2448106493374,108.029390226918,322.193560163686,NA,NA,NA,NA,NA,NA,NA,NA,NA
2009,"Chestnut-crowned Laughingthrush","2007-2010",0.00799671012487559,0.0209644412813707,0.0446095618801583,105.152461494414,281.98813438672,742.542493235041,NA,NA,NA,NA,NA,NA,NA,NA,NA
2012,"Chestnut-crowned Laughingthrush","2011-2012",0.00616983341637395,0.0134273951476396,0.0247621338417762,77.475398514801,178.570041361054,407.838262246905,NA,NA,NA,NA,NA,NA,NA,NA,NA
2013,"Chestnut-crowned Laughingthrush","2013",0.0112171137684152,0.0240731982852386,0.0432708936011965,137.458690133012,325.329525818749,756.912614916109,NA,NA,NA,NA,NA,NA,NA,NA,NA
2014,"Chestnut-crowned Laughingthrush","2014",0.0113053062710989,0.0250731224677406,0.0436862497787269,144.013824027944,332.01938257471,794.031178384341,NA,NA,NA,NA,NA,NA,NA,NA,NA
2015,"Chestnut-crowned Laughingthrush","2015",0.00752594642087016,0.013484949952074,0.0234575654380422,91.621868956413,186.148018442742,399.860292595075,100,100,100,NA,NA,NA,100,100,100
2016,"Chestnut-crowned Laughingthrush","2016",0.00651023522491628,0.0110100224554431,0.0179990746023245,83.1113887771497,147.00946497863,315.305495359075,53.0317116324929,79.7879646042134,130.229596224627,NA,NA,NA,53.0317116324929,79.7879646042134,130.229596224627
2017,"Chestnut-crowned Laughingthrush","2017",0.00674468544880624,0.011429636835853,0.0176572134221911,81.959894922711,152.918083354311,343.648608555123,55.1419774343902,83.0780724499215,131.492710414731,NA,NA,NA,55.1419774343902,83.0780724499215,131.492710414731
2018,"Chestnut-crowned Laughingthrush","2018",0.00771056585379834,0.0125821749458466,0.0202156960904051,92.3420866975853,169.042349157748,392.969076744483,61.2296227170754,92.1426234139821,143.103052846328,NA,NA,NA,61.2296227170754,92.1426234139821,143.103052846328
2019,"Chestnut-crowned Laughingthrush","2019",0.00670249766366303,0.0105438001158973,0.0163231726985119,79.4814577691318,142.791673427307,301.280857615808,51.6612776906481,77.5040809625924,118.954110365951,NA,NA,NA,51.6612776906481,77.5040809625924,118.954110365951
2020,"Chestnut-crowned Laughingthrush","2020",0.0129736211857548,0.0207337220172335,0.0320414489186938,157.026957957897,280.151796964652,597.49548873997,101.6181158233,151.162690832458,233.673912457659,NA,NA,NA,101.6181158233,151.162690832458,233.673912457659
2021,"Chestnut-crowned Laughingthrush","2021",0.00909074328922886,0.0139481690790181,0.0216769950385546,107.21417423822,186.805769441777,400.162896614141,69.4554106887776,102.10752823495,154.739443785223,NA,NA,NA,69.4554106887776,102.10752823495,154.739443785223
2022,"Chestnut-crowned Laughingthrush","2022",0.0083280118427268,0.0128715501412276,0.0200386155666564,95.7385190028426,174.541222840087,402.042378891861,63.5854406005216,95.4913857824099,145.720671797525,NA,NA,NA,63.5854406005216,95.4913857824099,145.720671797525
2023,"Chestnut-crowned Laughingthrush","2023",0.0121745622551005,0.0189534366439194,0.0289581184543235,141.343612200263,254.605793995786,555.476913470656,94.8256837691227,138.887442256457,210.276366184938,NA,NA,NA,94.8256837691227,138.887442256457,210.276366184938
2024,"Chestnut-crowned Laughingthrush","2024",0.0145385695313318,0.0222272313431535,0.0335446535732076,166.82670072038,298.747394979736,648.610283528937,110.708972499171,162.289443940077,247.788303361705,NA,NA,NA,110.708972499171,162.289443940077,247.788303361705
2025,"Chestnut-crowned Laughingthrush","2025",0.0143790900791632,0.021721627083735,0.0336615503438046,172.576363054811,293.018874625531,639.578705550202,110.155114865769,160.081958575606,237.113262500625,NA,NA,NA,110.155114865769,160.081958575606,237.113262500625
2026,"Chestnut-crowned Laughingthrush","2026",NA,NA,NA,NA,NA,NA,NA,NA,NA,122.174500918438,160.420645674606,210.637280909375,122.174500918438,160.420645674606,210.637280909375
2027,"Chestnut-crowned Laughingthrush","2027",NA,NA,NA,NA,NA,NA,NA,NA,NA,125.604911813615,171.040523351542,232.499915261908,125.604911813615,171.040523351542,232.499915261908
2028,"Chestnut-crowned Laughingthrush","2028",NA,NA,NA,NA,NA,NA,NA,NA,NA,128.863716358529,182.210056413993,257.075994709277,128.863716358529,182.210056413993,257.075994709277
2029,"Chestnut-crowned Laughingthrush","2029",NA,NA,NA,NA,NA,NA,NA,NA,NA,132.341825191604,194.338457129391,284.52045807328,132.341825191604,194.338457129391,284.52045807328
2030,"Chestnut-crowned Laughingthrush","2030",NA,NA,NA,NA,NA,NA,NA,NA,NA,135.746886731664,206.378029913833,315.440828381442,135.746886731664,206.378029913833,315.440828381442
2031,"Chestnut-crowned Laughingthrush","2031",NA,NA,NA,NA,NA,NA,NA,NA,NA,139.040743904778,219.678725943833,349.667491891753,139.040743904778,219.678725943833,349.667491891753
2032,"Chestnut-crowned Laughingthrush","2032",NA,NA,NA,NA,NA,NA,NA,NA,NA,142.045045705011,234.557157133207,388.257410856525,142.045045705011,234.557157133207,388.257410856525
2033,"Chestnut-crowned Laughingthrush","2033",NA,NA,NA,NA,NA,NA,NA,NA,NA,145.760032587613,249.378570641894,430.524962155734,145.760032587613,249.378570641894,430.524962155734
1991,"Rufous Sibia","before 2000",0.0141083483346677,0.0266344577359594,0.0440941070000194,100,100,100,NA,NA,NA,NA,NA,NA,NA,NA,NA
2004,"Rufous Sibia","2000-2006",0.010956015899391,0.0288945985501003,0.0572078668860815,46.7099778603447,107.737130986608,222.586595216585,NA,NA,NA,NA,NA,NA,NA,NA,NA
2009,"Rufous Sibia","2007-2010",0.0179087707242199,0.0400320411657011,0.0745382821773571,65.2697328627794,147.304451238764,327.050278808784,NA,NA,NA,NA,NA,NA,NA,NA,NA
2012,"Rufous Sibia","2011-2012",0.0104166674682543,0.0226238662077665,0.0418051545858581,39.2600510371787,86.0463267406387,171.778313037705,NA,NA,NA,NA,NA,NA,NA,NA,NA
2013,"Rufous Sibia","2013",0.0223087721731036,0.0414774488834513,0.0720077508261607,84.8223102562389,155.29396919755,281.211339459661,NA,NA,NA,NA,NA,NA,NA,NA,NA
2014,"Rufous Sibia","2014",0.023033651330636,0.0419448919851684,0.0694915837513004,84.9533197079936,158.181598338764,293.207468174548,NA,NA,NA,NA,NA,NA,NA,NA,NA
2015,"Rufous Sibia","2015",0.0282608440590878,0.0442723733299868,0.0698427300219683,103.420196584794,167.711434792868,292.88718277425,100,100,100,NA,NA,NA,100,100,100
2016,"Rufous Sibia","2016",0.0269827824847417,0.0412859298075913,0.0631281063147838,103.396882113693,155.242083079775,252.304926853762,69.6954500276535,92.6783168633323,128.328209205564,NA,NA,NA,69.6954500276535,92.6783168633323,128.328209205564
2017,"Rufous Sibia","2017",0.0267880578505214,0.0389800714407938,0.0589929046076221,98.0828054158198,148.468910332405,244.860869409576,66.0031806081414,88.5371128254016,119.64776731513,NA,NA,NA,66.0031806081414,88.5371128254016,119.64776731513
2018,"Rufous Sibia","2018",0.0276476460965692,0.0408079079427752,0.060285447016968,102.00546791237,154.043483070458,258.979223596518,68.4227999244175,91.9977026575608,126.057032811315,NA,NA,NA,68.4227999244175,91.9977026575608,126.057032811315
2019,"Rufous Sibia","2019",0.0254492003579907,0.0372717432244555,0.0550548805890627,95.8583723582599,140.824455621887,237.447905278988,63.9768981175437,84.2654711087068,112.348156766199,NA,NA,NA,63.9768981175437,84.2654711087068,112.348156766199
2020,"Rufous Sibia","2020",0.0289273151692141,0.0425072331175074,0.0632310058115861,108.620642447978,160.185420111248,269.63400846848,70.8105376285312,96.0218246418136,131.94924712524,NA,NA,NA,70.8105376285312,96.0218246418136,131.94924712524
2021,"Rufous Sibia","2021",0.0274462978876679,0.0400557722244852,0.0591216021566447,103.117696808352,151.492650619674,247.589307919612,67.0238002814128,90.6956958338668,120.749853782496,NA,NA,NA,67.0238002814128,90.6956958338668,120.749853782496
2022,"Rufous Sibia","2022",0.0263749885429345,0.039059595617581,0.0575059503539685,100.517712711324,147.170064903287,243.596530162032,66.6653707948318,87.6104095023499,120.445549411383,NA,NA,NA,66.6653707948318,87.6104095023499,120.445549411383
2023,"Rufous Sibia","2023",0.0341946053443274,0.0490439831892702,0.0741484674553386,126.339972248157,184.32674985624,304.569240835248,84.2229201677307,110.459914557027,148.716345847615,NA,NA,NA,84.2229201677307,110.459914557027,148.716345847615
2024,"Rufous Sibia","2024",0.0349280965359707,0.0506867224372551,0.0742191219598268,128.388905574872,191.769334124874,319.495753069391,87.2224822417682,114.959440408455,154.82516367868,NA,NA,NA,87.2224822417682,114.959440408455,154.82516367868
2025,"Rufous Sibia","2025",0.0414624637589983,0.0592121756877581,0.0857770726389718,150.980175112727,223.334283777804,371.347533826532,101.649198444023,134.78155596798,178.984873830563,NA,NA,NA,101.649198444023,134.78155596798,178.984873830563
2026,"Rufous Sibia","2026",NA,NA,NA,NA,NA,NA,NA,NA,NA,98.0023978859554,115.730125667662,136.604007392814,98.0023978859554,115.730125667662,136.604007392814
2027,"Rufous Sibia","2027",NA,NA,NA,NA,NA,NA,NA,NA,NA,98.5999322974859,118.940993052817,143.250533480068,98.5999322974859,118.940993052817,143.250533480068
2028,"Rufous Sibia","2028",NA,NA,NA,NA,NA,NA,NA,NA,NA,99.0139072417608,122.397044349329,150.603182565299,99.0139072417608,122.397044349329,150.603182565299
2029,"Rufous Sibia","2029",NA,NA,NA,NA,NA,NA,NA,NA,NA,99.4360096015113,125.823134986822,158.42262005895,99.4360096015113,125.823134986822,158.42262005895
2030,"Rufous Sibia","2030",NA,NA,NA,NA,NA,NA,NA,NA,NA,99.736351285935,129.397768764294,166.485552417231,99.736351285935,129.397768764294,166.485552417231
2031,"Rufous Sibia","2031",NA,NA,NA,NA,NA,NA,NA,NA,NA,100.05757357474,132.925481614278,175.101938560303,100.05757357474,132.925481614278,175.101938560303
2032,"Rufous Sibia","2032",NA,NA,NA,NA,NA,NA,NA,NA,NA,100.180563192388,136.566173644866,184.289480523525,100.180563192388,136.566173644866,184.289480523525
2033,"Rufous Sibia","2033",NA,NA,NA,NA,NA,NA,NA,NA,NA,100.689357766578,139.996079465577,194.127465040166,100.689357766578,139.996079465577,194.127465040166
1991,"Jungle Babbler","before 2000",0.0458967610764305,0.0785230701114018,0.138142264090508,100,100,100,NA,NA,NA,NA,NA,NA,NA,NA,NA
2004,"Jungle Babbler","2000-2006",0.0290176247891493,0.0585537796043719,0.10366178610802,41.6784120667146,72.9747652252691,123.556512835215,NA,NA,NA,NA,NA,NA,NA,NA,NA
2009,"Jungle Babbler","2007-2010",0.0190705798755646,0.045948995250529,0.0913063966080788,26.8036192118948,56.4773592160087,115.27048549202,NA,NA,NA,NA,NA,NA,NA,NA,NA
2012,"Jungle Babbler","2011-2012",0.0209100434992882,0.0403252419976758,0.073509663394636,28.6121023259962,50.8289693837181,84.1316347301116,NA,NA,NA,NA,NA,NA,NA,NA,NA
2013,"Jungle Babbler","2013",0.0425829406187558,0.0766184673531276,0.132948700390044,59.5147473836001,96.6499309205262,150.291854481829,NA,NA,NA,NA,NA,NA,NA,NA,NA
2014,"Jungle Babbler","2014",0.0214268260121179,0.0426544602042803,0.0791692543128912,30.3006616713383,53.4751306336767,89.2119925632782,NA,NA,NA,NA,NA,NA,NA,NA,NA
2015,"Jungle Babbler","2015",0.041462995635394,0.0715424947794676,0.119289474065986,63.2405441598687,90.2961734966645,129.975679568711,100,100,100,NA,NA,NA,100,100,100
2016,"Jungle Babbler","2016",0.0450639580230968,0.0716834385982189,0.116983451595591,64.0863005889727,89.7941675345014,126.077733242055,77.1959143054561,100.224093701295,131.727116357208,NA,NA,NA,77.1959143054561,100.224093701295,131.727116357208
2017,"Jungle Babbler","2017",0.0438384873535062,0.0685013774377815,0.112271638473682,63.3890680895109,86.6276375552759,119.279824800727,76.8053549961319,96.0825269289187,124.075150656831,NA,NA,NA,76.8053549961319,96.0825269289187,124.075150656831
2018,"Jungle Babbler","2018",0.044926435174333,0.0699081187071038,0.115036261583062,64.4479837133262,87.8719386290513,122.748888353394,77.2876454483906,98.1395078654171,127.626879363013,NA,NA,NA,77.2876454483906,98.1395078654171,127.626879363013
2019,"Jungle Babbler","2019",0.0462032153768546,0.0726251796170463,0.118419573643906,67.3584006769828,91.2941076535488,127.144456760534,81.0577358417165,101.53520758437,130.195826124092,NA,NA,NA,81.0577358417165,101.53520758437,130.195826124092
2020,"Jungle Babbler","2020",0.0429843652713281,0.0685888412336508,0.110983464119594,62.6494970276274,87.0089973768265,120.619216077174,76.1976127862435,96.3740418543662,123.465592204057,NA,NA,NA,76.1976127862435,96.3740418543662,123.465592204057
2021,"Jungle Babbler","2021",0.0381747480344575,0.0594516416825746,0.0979299607646391,54.9946786895447,75.0597926230438,105.33342390811,66.5344859050163,83.9280975473297,107.352999042929,NA,NA,NA,66.5344859050163,83.9280975473297,107.352999042929
2022,"Jungle Babbler","2022",0.0369626344430776,0.0582203598349949,0.0935366103259777,53.8251793984745,73.8448534899053,100.794033928832,64.9792337335713,82.1204254415944,104.656268297637,NA,NA,NA,64.9792337335713,82.1204254415944,104.656268297637
2023,"Jungle Babbler","2023",0.0422196737716857,0.0660274226189682,0.107621309240282,60.9282990066417,82.8986959320749,115.465498620625,73.8324231842927,92.6716654703819,118.778388674171,NA,NA,NA,73.8324231842927,92.6716654703819,118.778388674171
2024,"Jungle Babbler","2024",0.0425036722872073,0.0664912020733835,0.107697995226427,61.351935323222,83.7384499046822,113.005499094659,73.7411668218215,93.2221719162891,119.106430938526,NA,NA,NA,73.7411668218215,93.2221719162891,119.106430938526
2025,"Jungle Babbler","2025",0.0394414021701876,0.0609261201296356,0.0990699608905857,57.1244960766813,77.6910397572634,105.395727155325,69.2259174380383,85.9089921683024,109.271077736508,NA,NA,NA,69.2259174380383,85.9089921683024,109.271077736508
2026,"Jungle Babbler","2026",NA,NA,NA,NA,NA,NA,NA,NA,NA,77.1154039243351,84.9778664089106,93.7329320128459,77.1154039243351,84.9778664089106,93.7329320128459
2027,"Jungle Babbler","2027",NA,NA,NA,NA,NA,NA,NA,NA,NA,74.9065210014199,83.6684576830394,93.5048463575834,74.9065210014199,83.6684576830394,93.5048463575834
2028,"Jungle Babbler","2028",NA,NA,NA,NA,NA,NA,NA,NA,NA,72.5840931639038,82.3857813799791,93.2482265147996,72.5840931639038,82.3857813799791,93.2482265147996
2029,"Jungle Babbler","2029",NA,NA,NA,NA,NA,NA,NA,NA,NA,70.4870709381132,81.0617316469738,93.1975983387217,70.4870709381132,81.0617316469738,93.1975983387217
2030,"Jungle Babbler","2030",NA,NA,NA,NA,NA,NA,NA,NA,NA,68.4200520949192,79.8520350643425,92.8669059338368,68.4200520949192,79.8520350643425,92.8669059338368
2031,"Jungle Babbler","2031",NA,NA,NA,NA,NA,NA,NA,NA,NA,66.384532019935,78.5329228803567,92.9698583065305,66.384532019935,78.5329228803567,92.9698583065305
2032,"Jungle Babbler","2032",NA,NA,NA,NA,NA,NA,NA,NA,NA,64.4128645456567,77.3197548115262,92.8976321044381,64.4128645456567,77.3197548115262,92.8976321044381
2033,"Jungle Babbler","2033",NA,NA,NA,NA,NA,NA,NA,NA,NA,62.4084227953771,76.2166022355545,92.652395268098,62.4084227953771,76.2166022355545,92.652395268098
1991,"Common Babbler","before 2000",NA,NA,NA,NA,NA,NA,NA,NA,NA,NA,NA,NA,NA,NA,NA
2004,"Common Babbler","2000-2006",NA,NA,NA,NA,NA,NA,NA,NA,NA,NA,NA,NA,NA,NA,NA
2009,"Common Babbler","2007-2010",NA,NA,NA,NA,NA,NA,NA,NA,NA,NA,NA,NA,NA,NA,NA
2012,"Common Babbler","2011-2012",NA,NA,NA,NA,NA,NA,NA,NA,NA,NA,NA,NA,NA,NA,NA
2013,"Common Babbler","2013",NA,NA,NA,NA,NA,NA,NA,NA,NA,NA,NA,NA,NA,NA,NA
2014,"Common Babbler","2014",NA,NA,NA,NA,NA,NA,NA,NA,NA,NA,NA,NA,NA,NA,NA
2015,"Common Babbler","2015",0.0030422715170373,0.015119023285704,0.0363350408178396,NA,NA,NA,100,100,100,NA,NA,NA,100,100,100
2016,"Common Babbler","2016",0.0123675544707895,0.0317287780784218,0.0649984545424473,NA,NA,NA,82.2501882468744,212.699051113666,1060.10932885006,NA,NA,NA,82.2501882468744,212.699051113666,1060.10932885006
2017,"Common Babbler","2017",0.00329641528710562,0.0093468986570422,0.0200261839001102,NA,NA,NA,22.4473265967927,61.4953215191985,304.46947021453,NA,NA,NA,22.4473265967927,61.4953215191985,304.46947021453
2018,"Common Babbler","2018",0.00357593214148202,0.0115822680643488,0.0240249522978697,NA,NA,NA,25.4511362223569,75.3340794615587,343.047906277039,NA,NA,NA,25.4511362223569,75.3340794615587,343.047906277039
2019,"Common Babbler","2019",0.00186213558845094,0.0057243507743299,0.0125613603749772,NA,NA,NA,13.6580950100351,38.3264249340393,167.953903120275,NA,NA,NA,13.6580950100351,38.3264249340393,167.953903120275
2020,"Common Babbler","2020",0.00329208352253435,0.00895515787415673,0.0197567119493306,NA,NA,NA,20.0229544455529,60.9004588161705,291.575733329283,NA,NA,NA,20.0229544455529,60.9004588161705,291.575733329283
2021,"Common Babbler","2021",0.00194001110526659,0.0058756589893149,0.0131078944592824,NA,NA,NA,12.7873639671823,39.3486288588979,177.708860046204,NA,NA,NA,12.7873639671823,39.3486288588979,177.708860046204
2022,"Common Babbler","2022",0.00250615820347105,0.00731471793277419,0.0155157951986855,NA,NA,NA,17.0311583603661,49.0279009235949,225.531871633818,NA,NA,NA,17.0311583603661,49.0279009235949,225.531871633818
2023,"Common Babbler","2023",0.00119077885071984,0.00478651984303555,0.00992453638687855,NA,NA,NA,7.90513692987687,31.9172457886706,156.094811750208,NA,NA,NA,7.90513692987687,31.9172457886706,156.094811750208
2024,"Common Babbler","2024",0.00042760203715584,0.00270515157733341,0.00673153212134774,NA,NA,NA,3.53249980830869,17.3998238935847,86.5724031708697,NA,NA,NA,3.53249980830869,17.3998238935847,86.5724031708697
2025,"Common Babbler","2025",0.00222205810778096,0.00570717883558943,0.0114958057274334,NA,NA,NA,14.9909983613186,38.578804374051,176.880549498082,NA,NA,NA,14.9909983613186,38.578804374051,176.880549498082
2026,"Common Babbler","2026",NA,NA,NA,NA,NA,NA,NA,NA,NA,10.3360612213948,19.5772775059393,38.9780405199475,10.3360612213948,19.5772775059393,38.9780405199475
2027,"Common Babbler","2027",NA,NA,NA,NA,NA,NA,NA,NA,NA,8.16107489453654,16.6027641052397,36.3922453451447,8.16107489453654,16.6027641052397,36.3922453451447
2028,"Common Babbler","2028",NA,NA,NA,NA,NA,NA,NA,NA,NA,6.39036740761602,14.2210467105918,33.8376531916444,6.39036740761602,14.2210467105918,33.8376531916444
2029,"Common Babbler","2029",NA,NA,NA,NA,NA,NA,NA,NA,NA,4.98136821681586,12.1725115842858,31.5411193959666,4.98136821681586,12.1725115842858,31.5411193959666
2030,"Common Babbler","2030",NA,NA,NA,NA,NA,NA,NA,NA,NA,3.89767999302871,10.3824355185183,29.4085126373729,3.89767999302871,10.3824355185183,29.4085126373729
2031,"Common Babbler","2031",NA,NA,NA,NA,NA,NA,NA,NA,NA,3.04407021099634,8.83265755221091,27.5383311657896,3.04407021099634,8.83265755221091,27.5383311657896
2032,"Common Babbler","2032",NA,NA,NA,NA,NA,NA,NA,NA,NA,2.38180368697397,7.54687538810062,25.6669130277815,2.38180368697397,7.54687538810062,25.6669130277815
2033,"Common Babbler","2033",NA,NA,NA,NA,NA,NA,NA,NA,NA,1.8588458041957,6.41728270398051,24.0718040396313,1.8588458041957,6.41728270398051,24.0718040396313
1991,"Rufous-chinned Laughingthrush","before 2000",NA,NA,NA,NA,NA,NA,NA,NA,NA,NA,NA,NA,NA,NA,NA
2004,"Rufous-chinned Laughingthrush","2000-2006",NA,NA,NA,NA,NA,NA,NA,NA,NA,NA,NA,NA,NA,NA,NA
2009,"Rufous-chinned Laughingthrush","2007-2010",NA,NA,NA,NA,NA,NA,NA,NA,NA,NA,NA,NA,NA,NA,NA
2012,"Rufous-chinned Laughingthrush","2011-2012",NA,NA,NA,NA,NA,NA,NA,NA,NA,NA,NA,NA,NA,NA,NA
2013,"Rufous-chinned Laughingthrush","2013",NA,NA,NA,NA,NA,NA,NA,NA,NA,NA,NA,NA,NA,NA,NA
2014,"Rufous-chinned Laughingthrush","2014",NA,NA,NA,NA,NA,NA,NA,NA,NA,NA,NA,NA,NA,NA,NA
2015,"Rufous-chinned Laughingthrush","2015",0.00279551673743254,0.00878649016857323,0.0179390072456755,NA,NA,NA,100,100,100,NA,NA,NA,100,100,100
2016,"Rufous-chinned Laughingthrush","2016",1.65741069485182e-09,0.00212662872491713,0.00789880208456534,NA,NA,NA,1.40739608287339e-05,20.9255152005265,135.862997484136,NA,NA,NA,1.40739608287339e-05,20.9255152005265,135.862997484136
2017,"Rufous-chinned Laughingthrush","2017",0.00327536429577353,0.00875145866044578,0.0160797019203733,NA,NA,NA,32.2607291119126,97.7096850955954,318.41335339665,NA,NA,NA,32.2607291119126,97.7096850955954,318.41335339665
2018,"Rufous-chinned Laughingthrush","2018",0.0056819379058153,0.0127685781262768,0.0230776301972158,NA,NA,NA,51.7448978465847,146.756676385448,505.969723879828,NA,NA,NA,51.7448978465847,146.756676385448,505.969723879828
2019,"Rufous-chinned Laughingthrush","2019",0.0102390832448065,0.0188777853445449,0.0295632682305013,NA,NA,NA,80.9955322259212,210.16652806667,750.626055984846,NA,NA,NA,80.9955322259212,210.16652806667,750.626055984846
2020,"Rufous-chinned Laughingthrush","2020",0.0193292132848792,0.0318099533798106,0.0468346175300639,NA,NA,NA,171.170660070801,352.03660094817,1132.17064355147,NA,NA,NA,171.170660070801,352.03660094817,1132.17064355147
2021,"Rufous-chinned Laughingthrush","2021",0.00678574661922691,0.0127779584502035,0.022447370456623,NA,NA,NA,56.9370678750828,149.007604559926,479.944770383929,NA,NA,NA,56.9370678750828,149.007604559926,479.944770383929
2022,"Rufous-chinned Laughingthrush","2022",0.00580466556355056,0.0115130076751842,0.0196970384556097,NA,NA,NA,50.8084098026738,128.890376766002,443.740375959679,NA,NA,NA,50.8084098026738,128.890376766002,443.740375959679
2023,"Rufous-chinned Laughingthrush","2023",0.00975114532604498,0.0161496530279206,0.0250846719053172,NA,NA,NA,84.9789149343841,181.182144965281,602.906457994011,NA,NA,NA,84.9789149343841,181.182144965281,602.906457994011
2024,"Rufous-chinned Laughingthrush","2024",0.00278861570917903,0.00601933563893209,0.0103889050384506,NA,NA,NA,26.6332964790411,67.7979037779368,229.308298664024,NA,NA,NA,26.6332964790411,67.7979037779368,229.308298664024
2025,"Rufous-chinned Laughingthrush","2025",0.0086389464034316,0.014044458910257,0.0215571020143156,NA,NA,NA,74.6010803262832,158.525035635584,485.081169637263,NA,NA,NA,74.6010803262832,158.525035635584,485.081169637263
2026,"Rufous-chinned Laughingthrush","2026",NA,NA,NA,NA,NA,NA,NA,NA,NA,45.2622546370382,295.800839169209,705.856885197979,45.2622546370382,295.800839169209,705.856885197979
2027,"Rufous-chinned Laughingthrush","2027",NA,NA,NA,NA,NA,NA,NA,NA,NA,41.4709253377756,323.821756772509,863.658171278153,41.4709253377756,323.821756772509,863.658171278153
2028,"Rufous-chinned Laughingthrush","2028",NA,NA,NA,NA,NA,NA,NA,NA,NA,38.0922892961529,351.885014501656,1054.25481914097,38.0922892961529,351.885014501656,1054.25481914097
2029,"Rufous-chinned Laughingthrush","2029",NA,NA,NA,NA,NA,NA,NA,NA,NA,34.7301418080543,377.729985947669,1284.60777650453,34.7301418080543,377.729985947669,1284.60777650453
2030,"Rufous-chinned Laughingthrush","2030",NA,NA,NA,NA,NA,NA,NA,NA,NA,31.7243451105019,408.137731160251,1575.91057313811,31.7243451105019,408.137731160251,1575.91057313811
2031,"Rufous-chinned Laughingthrush","2031",NA,NA,NA,NA,NA,NA,NA,NA,NA,28.9181032059145,441.591359157904,1935.84533094772,28.9181032059145,441.591359157904,1935.84533094772
2032,"Rufous-chinned Laughingthrush","2032",NA,NA,NA,NA,NA,NA,NA,NA,NA,26.3979093164313,478.670462328975,2389.05305731932,26.3979093164313,478.670462328975,2389.05305731932
2033,"Rufous-chinned Laughingthrush","2033",NA,NA,NA,NA,NA,NA,NA,NA,NA,23.8669488214518,522.239460462815,2953.33269666785,23.8669488214518,522.239460462815,2953.33269666785
1991,"White-tailed Nuthatch","before 2000",0.00102094824915065,0.00433557544965832,0.0104599883769072,100,100,100,NA,NA,NA,NA,NA,NA,NA,NA,NA
2004,"White-tailed Nuthatch","2000-2006",0.00185848861083045,0.00790280466810739,0.0213096766300399,37.2362573938861,186.161855118647,884.03061340037,NA,NA,NA,NA,NA,NA,NA,NA,NA
2009,"White-tailed Nuthatch","2007-2010",0.00548875934371763,0.0216501499292743,0.0513610307566482,106.647622591083,485.610801057246,2707.20845419728,NA,NA,NA,NA,NA,NA,NA,NA,NA
2012,"White-tailed Nuthatch","2011-2012",0.00201676521680425,0.00800135535088804,0.0175853011999371,45.563223270784,186.484779425716,905.107470327048,NA,NA,NA,NA,NA,NA,NA,NA,NA
2013,"White-tailed Nuthatch","2013",0.00574522378387255,0.0163845090531217,0.0347715479398755,120.068247317146,385.866048488879,1465.81133174858,NA,NA,NA,NA,NA,NA,NA,NA,NA
2014,"White-tailed Nuthatch","2014",0.00166144028410151,0.00754827685359766,0.0187404310016492,41.6133382017792,171.157853712535,763.776946010064,NA,NA,NA,NA,NA,NA,NA,NA,NA
2015,"White-tailed Nuthatch","2015",0.00346235820090198,0.00801147858080425,0.016134001139353,67.2818414623115,182.65433851444,782.549700549518,100,100,100,NA,NA,NA,100,100,100
2016,"White-tailed Nuthatch","2016",0.00650021111905917,0.0120630012867005,0.0210987407209952,122.048160352856,276.319379363882,1146.81788868785,83.4940600901985,150.096295685337,313.405101098739,NA,NA,NA,83.4940600901985,150.096295685337,313.405101098739
2017,"White-tailed Nuthatch","2017",0.00348183201505957,0.00648312609915734,0.0113650021730352,65.566242973473,147.58695259335,669.291960627532,45.2613556473131,80.1697670998764,165.770507891495,NA,NA,NA,45.2613556473131,80.1697670998764,165.770507891495
2018,"White-tailed Nuthatch","2018",0.00305292485191586,0.00603788968676427,0.010508248128182,59.0159503894626,138.55511548127,536.927579196899,38.3016908009194,74.3760164859674,149.763163373397,NA,NA,NA,38.3016908009194,74.3760164859674,149.763163373397
2019,"White-tailed Nuthatch","2019",0.00228857496612847,0.00424282232845172,0.00729381431615321,42.6958989872111,97.7779037041616,391.394944714424,28.6542677983937,52.5696277495093,114.267013985244,NA,NA,NA,28.6542677983937,52.5696277495093,114.267013985244
2020,"White-tailed Nuthatch","2020",0.00267351167422233,0.00518824934204737,0.00948642172722743,52.0663257513258,120.003027349998,466.102082021934,34.3421980081981,65.9831070583067,140.966358133323,NA,NA,NA,34.3421980081981,65.9831070583067,140.966358133323
2021,"White-tailed Nuthatch","2021",0.0010937657980173,0.00226870522827375,0.00401624764679226,20.9366017120992,51.8193423821408,208.079021795586,13.4938164355874,27.7623404360968,63.3666287783289,NA,NA,NA,13.4938164355874,27.7623404360968,63.3666287783289
2022,"White-tailed Nuthatch","2022",0.00171931170975437,0.0033867096990832,0.00573683280498353,33.7352578728051,77.5541561718668,292.532317152054,20.9530165337471,41.8284699137724,90.8755399237036,NA,NA,NA,20.9530165337471,41.8284699137724,90.8755399237036
2023,"White-tailed Nuthatch","2023",0.000995965022981482,0.00203752828514523,0.00371363528776819,19.22146747741,47.648572560149,225.027293390604,12.3908801633075,25.2827771063333,57.7466675175399,NA,NA,NA,12.3908801633075,25.2827771063333,57.7466675175399
2024,"White-tailed Nuthatch","2024",0.00230138993913798,0.0042084564882558,0.00712937795309267,43.6596871795461,96.5365805507905,373.303610808147,30.5742187843999,52.8192400951635,108.858586232998,NA,NA,NA,30.5742187843999,52.8192400951635,108.858586232998
2025,"White-tailed Nuthatch","2025",0.00285464546326304,0.00498802684540038,0.00822424957543074,51.0617082786226,116.151681673853,441.442301969465,37.0448581034372,61.5336640248543,125.20783895659,NA,NA,NA,37.0448581034372,61.5336640248543,125.20783895659
2026,"White-tailed Nuthatch","2026",NA,NA,NA,NA,NA,NA,NA,NA,NA,17.7193453189987,30.6535022198117,53.1084794699925,17.7193453189987,30.6535022198117,53.1084794699925
2027,"White-tailed Nuthatch","2027",NA,NA,NA,NA,NA,NA,NA,NA,NA,14.8238436968918,27.457515756979,51.2655351586292,14.8238436968918,27.457515756979,51.2655351586292
2028,"White-tailed Nuthatch","2028",NA,NA,NA,NA,NA,NA,NA,NA,NA,12.2995054125842,24.6811612478251,49.582272064945,12.2995054125842,24.6811612478251,49.582272064945
2029,"White-tailed Nuthatch","2029",NA,NA,NA,NA,NA,NA,NA,NA,NA,10.2281500481676,22.2300813132221,48.1156810557503,10.2281500481676,22.2300813132221,48.1156810557503
2030,"White-tailed Nuthatch","2030",NA,NA,NA,NA,NA,NA,NA,NA,NA,8.49745688740888,19.9829687513796,46.7729806529943,8.49745688740888,19.9829687513796,46.7729806529943
2031,"White-tailed Nuthatch","2031",NA,NA,NA,NA,NA,NA,NA,NA,NA,7.07317315357299,17.8920660475952,45.4326488637302,7.07317315357299,17.8920660475952,45.4326488637302
2032,"White-tailed Nuthatch","2032",NA,NA,NA,NA,NA,NA,NA,NA,NA,5.86156722573735,16.1055376726159,44.2676973790657,5.86156722573735,16.1055376726159,44.2676973790657
2033,"White-tailed Nuthatch","2033",NA,NA,NA,NA,NA,NA,NA,NA,NA,4.86333163020691,14.4262655326184,43.180473761121,4.86333163020691,14.4262655326184,43.180473761121
1991,"White-cheeked Nuthatch","before 2000",NA,NA,NA,NA,NA,NA,NA,NA,NA,NA,NA,NA,NA,NA,NA
2004,"White-cheeked Nuthatch","2000-2006",NA,NA,NA,NA,NA,NA,NA,NA,NA,NA,NA,NA,NA,NA,NA
2009,"White-cheeked Nuthatch","2007-2010",NA,NA,NA,NA,NA,NA,NA,NA,NA,NA,NA,NA,NA,NA,NA
2012,"White-cheeked Nuthatch","2011-2012",NA,NA,NA,NA,NA,NA,NA,NA,NA,NA,NA,NA,NA,NA,NA
2013,"White-cheeked Nuthatch","2013",NA,NA,NA,NA,NA,NA,NA,NA,NA,NA,NA,NA,NA,NA,NA
2014,"White-cheeked Nuthatch","2014",NA,NA,NA,NA,NA,NA,NA,NA,NA,NA,NA,NA,NA,NA,NA
2015,"White-cheeked Nuthatch","2015",0.00151283893534898,0.00405224284558586,0.00859534659805705,NA,NA,NA,100,100,100,NA,NA,NA,100,100,100
2016,"White-cheeked Nuthatch","2016",0.00526811049132865,0.0102764447792226,0.0192478094282543,NA,NA,NA,133.580572470871,252.242122278735,562.568552538792,NA,NA,NA,133.580572470871,252.242122278735,562.568552538792
2017,"White-cheeked Nuthatch","2017",0.00531035567806989,0.0101979351121114,0.0185601231365151,NA,NA,NA,137.915271262633,250.868396023634,564.998742475474,NA,NA,NA,137.915271262633,250.868396023634,564.998742475474
2018,"White-cheeked Nuthatch","2018",0.00395647904883913,0.00777360998970677,0.014548421694102,NA,NA,NA,100.198981297889,191.873387029485,412.646272953387,NA,NA,NA,100.198981297889,191.873387029485,412.646272953387
2019,"White-cheeked Nuthatch","2019",0.00386838966329704,0.00732178598487379,0.0134255898036467,NA,NA,NA,97.7418929361939,181.762640366643,396.520126223712,NA,NA,NA,97.7418929361939,181.762640366643,396.520126223712
2020,"White-cheeked Nuthatch","2020",0.00569890172040397,0.0114071979744429,0.0204680927171747,NA,NA,NA,150.421858552344,280.811270656443,610.867302025801,NA,NA,NA,150.421858552344,280.811270656443,610.867302025801
2021,"White-cheeked Nuthatch","2021",0.00227354769754725,0.00455207160039864,0.00827907336504078,NA,NA,NA,60.5082222304473,111.451112128876,246.843877004797,NA,NA,NA,60.5082222304473,111.451112128876,246.843877004797
2022,"White-cheeked Nuthatch","2022",0.00250243925649019,0.00502680838471131,0.00918540545798455,NA,NA,NA,66.3959429662369,124.540182864485,280.411482688717,NA,NA,NA,66.3959429662369,124.540182864485,280.411482688717
2023,"White-cheeked Nuthatch","2023",0.00369617983255664,0.00711842763795196,0.0126659419897157,NA,NA,NA,99.0271166691546,174.505300052368,402.798450133823,NA,NA,NA,99.0271166691546,174.505300052368,402.798450133823
2024,"White-cheeked Nuthatch","2024",0.00277888810859666,0.00536137905523501,0.00989798282051704,NA,NA,NA,72.0324346282748,132.575522371399,295.208911607253,NA,NA,NA,72.0324346282748,132.575522371399,295.208911607253
2025,"White-cheeked Nuthatch","2025",0.00385565956659891,0.00757510351997568,0.0130332823834555,NA,NA,NA,107.949147125616,187.87783379213,393.081497354376,NA,NA,NA,107.949147125616,187.87783379213,393.081497354376
2026,"White-cheeked Nuthatch","2026",NA,NA,NA,NA,NA,NA,NA,NA,NA,95.1019652421466,155.481238751682,250.574024491848,95.1019652421466,155.481238751682,250.574024491848
2027,"White-cheeked Nuthatch","2027",NA,NA,NA,NA,NA,NA,NA,NA,NA,87.287261995251,152.628863645367,263.083286111106,87.287261995251,152.628863645367,263.083286111106
2028,"White-cheeked Nuthatch","2028",NA,NA,NA,NA,NA,NA,NA,NA,NA,80.4545114917353,149.446977387938,276.494335876961,80.4545114917353,149.446977387938,276.494335876961
2029,"White-cheeked Nuthatch","2029",NA,NA,NA,NA,NA,NA,NA,NA,NA,74.0306781212082,146.883733692731,289.725431835522,74.0306781212082,146.883733692731,289.725431835522
2030,"White-cheeked Nuthatch","2030",NA,NA,NA,NA,NA,NA,NA,NA,NA,68.0892256881741,144.316432344348,303.975706260285,68.0892256881741,144.316432344348,303.975706260285
2031,"White-cheeked Nuthatch","2031",NA,NA,NA,NA,NA,NA,NA,NA,NA,62.4702111334675,141.944540967712,319.766536678502,62.4702111334675,141.944540967712,319.766536678502
2032,"White-cheeked Nuthatch","2032",NA,NA,NA,NA,NA,NA,NA,NA,NA,57.3479874249317,139.027395323395,337.264311723161,57.3479874249317,139.027395323395,337.264311723161
2033,"White-cheeked Nuthatch","2033",NA,NA,NA,NA,NA,NA,NA,NA,NA,52.4330508968301,136.239567421323,354.512255211644,52.4330508968301,136.239567421323,354.512255211644
1991,"Hodgson's Treecreeper","before 2000",NA,NA,NA,NA,NA,NA,NA,NA,NA,NA,NA,NA,NA,NA,NA
2004,"Hodgson's Treecreeper","2000-2006",NA,NA,NA,NA,NA,NA,NA,NA,NA,NA,NA,NA,NA,NA,NA
2009,"Hodgson's Treecreeper","2007-2010",NA,NA,NA,NA,NA,NA,NA,NA,NA,NA,NA,NA,NA,NA,NA
2012,"Hodgson's Treecreeper","2011-2012",NA,NA,NA,NA,NA,NA,NA,NA,NA,NA,NA,NA,NA,NA,NA
2013,"Hodgson's Treecreeper","2013",NA,NA,NA,NA,NA,NA,NA,NA,NA,NA,NA,NA,NA,NA,NA
2014,"Hodgson's Treecreeper","2014",NA,NA,NA,NA,NA,NA,NA,NA,NA,NA,NA,NA,NA,NA,NA
2015,"Hodgson's Treecreeper","2015",7.62256036673837e-10,0.00360698762039426,0.00980932731685247,NA,NA,NA,100,100,100,NA,NA,NA,100,100,100
2016,"Hodgson's Treecreeper","2016",0.00258771168484366,0.00681941326587957,0.0134736105091661,NA,NA,NA,56.5482594875991,190.164682206996,893379417.713123,NA,NA,NA,56.5482594875991,190.164682206996,893379417.713123
2017,"Hodgson's Treecreeper","2017",0.00434153916547732,0.00920381352914133,0.0164792899483903,NA,NA,NA,89.7494670508865,258.646875276083,1054476230.57738,NA,NA,NA,89.7494670508865,258.646875276083,1054476230.57738
2018,"Hodgson's Treecreeper","2018",0.00200364370494458,0.00500916644460947,0.00935871049796105,NA,NA,NA,44.1663820796706,137.78907520924,570615223.817299,NA,NA,NA,44.1663820796706,137.78907520924,570615223.817299
2019,"Hodgson's Treecreeper","2019",0.00228959117035871,0.00530728311187456,0.00982573242122258,NA,NA,NA,44.7563436294945,148.976488108717,653953314.732994,NA,NA,NA,44.7563436294945,148.976488108717,653953314.732994
2020,"Hodgson's Treecreeper","2020",0.0015601401899523,0.00443963194282096,0.00909056238010114,NA,NA,NA,34.0784221832785,125.908386788115,479300444.920396,NA,NA,NA,34.0784221832785,125.908386788115,479300444.920396
2021,"Hodgson's Treecreeper","2021",0.00133261885656849,0.00336851782598173,0.00643985304564985,NA,NA,NA,27.3040258845176,94.1220565435992,349140974.753125,NA,NA,NA,27.3040258845176,94.1220565435992,349140974.753125
2022,"Hodgson's Treecreeper","2022",0.00160074509311495,0.0037134196836104,0.00681914934641063,NA,NA,NA,33.7602176849929,102.253326156048,380302120.635202,NA,NA,NA,33.7602176849929,102.253326156048,380302120.635202
2023,"Hodgson's Treecreeper","2023",0.00176126947056773,0.00373894053628519,0.00681392389532509,NA,NA,NA,35.0503113173267,104.656698269388,441745406.305181,NA,NA,NA,35.0503113173267,104.656698269388,441745406.305181
2024,"Hodgson's Treecreeper","2024",0.000812827799855791,0.00214699741937855,0.00403445856984257,NA,NA,NA,17.5129474914144,59.588948931215,225443728.432131,NA,NA,NA,17.5129474914144,59.588948931215,225443728.432131
2025,"Hodgson's Treecreeper","2025",0.003004955711592,0.00595097674068619,0.0093282682217917,NA,NA,NA,59.5280271213646,161.23490005706,651497505.703493,NA,NA,NA,59.5280271213646,161.23490005706,651497505.703493
2026,"Hodgson's Treecreeper","2026",NA,NA,NA,NA,NA,NA,NA,NA,NA,50.2822851233943,87.6726699356097,154.253437750005,50.2822851233943,87.6726699356097,154.253437750005
2027,"Hodgson's Treecreeper","2027",NA,NA,NA,NA,NA,NA,NA,NA,NA,44.1599094891783,82.8338960149376,156.64420390493,44.1599094891783,82.8338960149376,156.64420390493
2028,"Hodgson's Treecreeper","2028",NA,NA,NA,NA,NA,NA,NA,NA,NA,38.5238400882561,78.4063492057264,160.776381522549,38.5238400882561,78.4063492057264,160.776381522549
2029,"Hodgson's Treecreeper","2029",NA,NA,NA,NA,NA,NA,NA,NA,NA,33.9231812078283,73.7743194793969,164.413169340792,33.9231812078283,73.7743194793969,164.413169340792
2030,"Hodgson's Treecreeper","2030",NA,NA,NA,NA,NA,NA,NA,NA,NA,29.7968863902417,69.3000965041932,169.138764693195,29.7968863902417,69.3000965041932,169.138764693195
2031,"Hodgson's Treecreeper","2031",NA,NA,NA,NA,NA,NA,NA,NA,NA,26.0029611641378,65.9170394341835,174.659403095501,26.0029611641378,65.9170394341835,174.659403095501
2032,"Hodgson's Treecreeper","2032",NA,NA,NA,NA,NA,NA,NA,NA,NA,22.7230705835158,62.2611326268795,179.960128630996,22.7230705835158,62.2611326268795,179.960128630996
2033,"Hodgson's Treecreeper","2033",NA,NA,NA,NA,NA,NA,NA,NA,NA,19.9317314011069,58.8085010620883,184.2324828317,19.9317314011069,58.8085010620883,184.2324828317
1991,"Indian Pied Starling","before 2000",NA,NA,NA,NA,NA,NA,NA,NA,NA,NA,NA,NA,NA,NA,NA
2004,"Indian Pied Starling","2000-2006",NA,NA,NA,NA,NA,NA,NA,NA,NA,NA,NA,NA,NA,NA,NA
2009,"Indian Pied Starling","2007-2010",NA,NA,NA,NA,NA,NA,NA,NA,NA,NA,NA,NA,NA,NA,NA
2012,"Indian Pied Starling","2011-2012",NA,NA,NA,NA,NA,NA,NA,NA,NA,NA,NA,NA,NA,NA,NA
2013,"Indian Pied Starling","2013",NA,NA,NA,NA,NA,NA,NA,NA,NA,NA,NA,NA,NA,NA,NA
2014,"Indian Pied Starling","2014",NA,NA,NA,NA,NA,NA,NA,NA,NA,NA,NA,NA,NA,NA,NA
2015,"Indian Pied Starling","2015",5.01826044558952e-10,0.00198109353057555,0.00562971275426003,NA,NA,NA,100,100,100,NA,NA,NA,100,100,100
2016,"Indian Pied Starling","2016",0.000990051986459769,0.00311245152085871,0.0067597789074971,NA,NA,NA,40.6223116176829,150.963241540145,438176379.255788,NA,NA,NA,40.6223116176829,150.963241540145,438176379.255788
2017,"Indian Pied Starling","2017",0.00211482641060903,0.0047092225759054,0.00952090107587345,NA,NA,NA,87.5583056651001,232.88812509782,870551370.488466,NA,NA,NA,87.5583056651001,232.88812509782,870551370.488466
2018,"Indian Pied Starling","2018",0.00094263040472077,0.00261391581247855,0.00558549233066288,NA,NA,NA,47.6330299728411,126.933343874009,477838628.559326,NA,NA,NA,47.6330299728411,126.933343874009,477838628.559326
2019,"Indian Pied Starling","2019",0.00170052890940366,0.00387835042073697,0.00735967012313422,NA,NA,NA,73.5918552664826,191.882571497742,539953712.726706,NA,NA,NA,73.5918552664826,191.882571497742,539953712.726706
2020,"Indian Pied Starling","2020",0.00107237692435109,0.00272809858396382,0.00540327745074234,NA,NA,NA,48.0341930518431,132.562811314435,363343075.377303,NA,NA,NA,48.0341930518431,132.562811314435,363343075.377303
2021,"Indian Pied Starling","2021",0.00180306356495281,0.00397445998365602,0.00773082827096226,NA,NA,NA,74.6967732767995,196.494864015209,541819185.017478,NA,NA,NA,74.6967732767995,196.494864015209,541819185.017478
2022,"Indian Pied Starling","2022",0.000248179551932507,0.000910490826743091,0.00198116860261707,NA,NA,NA,13.1954486005375,43.868153925415,110491473.172103,NA,NA,NA,13.1954486005375,43.868153925415,110491473.172103
2023,"Indian Pied Starling","2023",0.00143950666398087,0.00333587270423988,0.00650113280168799,NA,NA,NA,62.7703416400156,161.808157911404,514571806.859744,NA,NA,NA,62.7703416400156,161.808157911404,514571806.859744
2024,"Indian Pied Starling","2024",0.000727345615585853,0.00180023335964996,0.00378407946275086,NA,NA,NA,31.5706899204882,89.8447248283131,334847894.741949,NA,NA,NA,31.5706899204882,89.8447248283131,334847894.741949
2025,"Indian Pied Starling","2025",0.00103228497006897,0.00218652512709088,0.00427919905414364,NA,NA,NA,41.2063839864412,107.229483457352,310462317.998803,NA,NA,NA,41.2063839864412,107.229483457352,310462317.998803
2026,"Indian Pied Starling","2026",NA,NA,NA,NA,NA,NA,NA,NA,NA,51.7089762618316,98.6661339944969,190.038633060298,51.7089762618316,98.6661339944969,190.038633060298
2027,"Indian Pied Starling","2027",NA,NA,NA,NA,NA,NA,NA,NA,NA,45.1803100907178,94.2951563943207,198.826102924936,45.1803100907178,94.2951563943207,198.826102924936
2028,"Indian Pied Starling","2028",NA,NA,NA,NA,NA,NA,NA,NA,NA,39.6920011994842,89.9533084726753,209.187371352424,39.6920011994842,89.9533084726753,209.187371352424
2029,"Indian Pied Starling","2029",NA,NA,NA,NA,NA,NA,NA,NA,NA,34.6052250195314,86.0383737996264,218.664152604828,34.6052250195314,86.0383737996264,218.664152604828
2030,"Indian Pied Starling","2030",NA,NA,NA,NA,NA,NA,NA,NA,NA,30.3326230417731,82.2477008264381,230.098066570695,30.3326230417731,82.2477008264381,230.098066570695
2031,"Indian Pied Starling","2031",NA,NA,NA,NA,NA,NA,NA,NA,NA,26.521670417099,79.128668352015,242.298503897604,26.521670417099,79.128668352015,242.298503897604
2032,"Indian Pied Starling","2032",NA,NA,NA,NA,NA,NA,NA,NA,NA,23.1375993829198,75.6950199701567,255.973353095674,23.1375993829198,75.6950199701567,255.973353095674
2033,"Indian Pied Starling","2033",NA,NA,NA,NA,NA,NA,NA,NA,NA,20.111093264922,72.7237804922244,270.75057114578,20.111093264922,72.7237804922244,270.75057114578
1991,"Bank Myna","before 2000",0.00137458983529747,0.005923653099712,0.013587767189489,100,100,100,NA,NA,NA,NA,NA,NA,NA,NA,NA
2004,"Bank Myna","2000-2006",0.00337114992921212,0.0134311308041102,0.0281490713381076,52.3568967735092,223.478430546001,882.120487118134,NA,NA,NA,NA,NA,NA,NA,NA,NA
2009,"Bank Myna","2007-2010",8.16898450086891e-09,0.00939212474527899,0.0247749352642978,0.000156449739970649,161.70797037677,698.587376865616,NA,NA,NA,NA,NA,NA,NA,NA,NA
2012,"Bank Myna","2011-2012",0.00304883181624876,0.0105977695260314,0.0230756061115111,45.3552779089585,175.499567317521,712.464704044031,NA,NA,NA,NA,NA,NA,NA,NA,NA
2013,"Bank Myna","2013",1.30405627360518e-09,0.00269796161512883,0.00804014582969851,2.06193018228135e-05,44.9021955031456,234.13828819004,NA,NA,NA,NA,NA,NA,NA,NA,NA
2014,"Bank Myna","2014",0.00315663331083662,0.0105194566803449,0.0215847852111034,51.9857938287377,179.363469497956,691.583213713918,NA,NA,NA,NA,NA,NA,NA,NA,NA
2015,"Bank Myna","2015",0.00272130956438418,0.00641574751910508,0.0121958218024594,39.1899942660473,108.286918254735,452.48047644291,100,100,100,NA,NA,NA,100,100,100
2016,"Bank Myna","2016",0.0075376864058969,0.0127292928713118,0.0202927521854909,87.4583446778886,215.21731948477,805.088055914208,103.103140156306,197.422418986367,443.684197533844,NA,NA,NA,103.103140156306,197.422418986367,443.684197533844
2017,"Bank Myna","2017",0.00499345211701687,0.00849338849027634,0.0133707383725124,61.3904356963253,144.059265796746,539.362152372053,70.4682665525455,131.095194749499,289.745046834431,NA,NA,NA,70.4682665525455,131.095194749499,289.745046834431
2018,"Bank Myna","2018",0.00383379158866222,0.00688128736286615,0.0113306982289046,47.7619230701646,118.118795621727,430.438709409205,55.0859165764769,106.071147693427,246.295100436587,NA,NA,NA,55.0859165764769,106.071147693427,246.295100436587
2019,"Bank Myna","2019",0.00205137557731466,0.00380894118006118,0.00638875654760567,27.316428897067,65.8087084228443,262.042145084914,28.5349627094328,59.7210776156254,127.648378607357,NA,NA,NA,28.5349627094328,59.7210776156254,127.648378607357
2020,"Bank Myna","2020",0.00193877726366139,0.00405688256246109,0.00681053613700437,26.8278711423325,69.4416717365002,257.771724968935,28.9928246678098,62.5959823454492,151.199035278807,NA,NA,NA,28.9928246678098,62.5959823454492,151.199035278807
2021,"Bank Myna","2021",0.00118408323663564,0.0023884880171624,0.00410479135011491,16.1988098685066,40.3659455229978,156.988450791759,16.7892450085322,36.8053172936469,87.8265332714563,NA,NA,NA,16.7892450085322,36.8053172936469,87.8265332714563
2022,"Bank Myna","2022",0.00182761917154433,0.00342101088192473,0.00552334750822206,23.4577210184151,57.4115582728727,218.945382135231,25.7700830753327,53.1979831130313,117.834115391062,NA,NA,NA,25.7700830753327,53.1979831130313,117.834115391062
2023,"Bank Myna","2023",0.00204904013131723,0.00371150761801011,0.00599492423739766,25.240959345703,63.7940994717187,224.335889763952,28.5676331820691,57.3202438268483,127.763144596361,NA,NA,NA,28.5676331820691,57.3202438268483,127.763144596361
2024,"Bank Myna","2024",0.00151859803456316,0.00281608760424281,0.00466437823589667,19.2554851291382,47.0654127660412,183.790620334902,22.0154841957654,43.5561555358417,92.1175453847375,NA,NA,NA,22.0154841957654,43.5561555358417,92.1175453847375
2025,"Bank Myna","2025",0.00203316590386978,0.00339672174841126,0.0052595943733904,24.165353346554,58.0085971930364,220.937248572887,28.1299264214858,52.5511573068712,109.445263588234,NA,NA,NA,28.1299264214858,52.5511573068712,109.445263588234
2026,"Bank Myna","2026",NA,NA,NA,NA,NA,NA,NA,NA,NA,21.0629451607938,33.8756116117389,54.6269445512275,21.0629451607938,33.8756116117389,54.6269445512275
2027,"Bank Myna","2027",NA,NA,NA,NA,NA,NA,NA,NA,NA,17.5101440523372,29.912411629955,50.9966019993862,17.5101440523372,29.912411629955,50.9966019993862
2028,"Bank Myna","2028",NA,NA,NA,NA,NA,NA,NA,NA,NA,14.5544386924766,26.4328208075352,48.1970318251825,14.5544386924766,26.4328208075352,48.1970318251825
2029,"Bank Myna","2029",NA,NA,NA,NA,NA,NA,NA,NA,NA,12.103371452033,23.3673522429708,45.4654662045608,12.103371452033,23.3673522429708,45.4654662045608
2030,"Bank Myna","2030",NA,NA,NA,NA,NA,NA,NA,NA,NA,9.98929337397766,20.6950618873569,42.8864503551202,9.98929337397766,20.6950618873569,42.8864503551202
2031,"Bank Myna","2031",NA,NA,NA,NA,NA,NA,NA,NA,NA,8.28530865344603,18.2970395442968,40.6741905387864,8.28530865344603,18.2970395442968,40.6741905387864
2032,"Bank Myna","2032",NA,NA,NA,NA,NA,NA,NA,NA,NA,6.84125189622032,16.1817537176573,38.2512195379772,6.84125189622032,16.1817537176573,38.2512195379772
2033,"Bank Myna","2033",NA,NA,NA,NA,NA,NA,NA,NA,NA,5.64895662256695,14.2516758025871,36.1883345660871,5.64895662256695,14.2516758025871,36.1883345660871
1991,"White-collared Blackbird","before 2000",NA,NA,NA,NA,NA,NA,NA,NA,NA,NA,NA,NA,NA,NA,NA
2004,"White-collared Blackbird","2000-2006",NA,NA,NA,NA,NA,NA,NA,NA,NA,NA,NA,NA,NA,NA,NA
2009,"White-collared Blackbird","2007-2010",NA,NA,NA,NA,NA,NA,NA,NA,NA,NA,NA,NA,NA,NA,NA
2012,"White-collared Blackbird","2011-2012",NA,NA,NA,NA,NA,NA,NA,NA,NA,NA,NA,NA,NA,NA,NA
2013,"White-collared Blackbird","2013",NA,NA,NA,NA,NA,NA,NA,NA,NA,NA,NA,NA,NA,NA,NA
2014,"White-collared Blackbird","2014",NA,NA,NA,NA,NA,NA,NA,NA,NA,NA,NA,NA,NA,NA,NA
2015,"White-collared Blackbird","2015",0.00336542724354192,0.00799156407807673,0.015353629909068,NA,NA,NA,100,100,100,NA,NA,NA,100,100,100
2016,"White-collared Blackbird","2016",0.00281655555212555,0.00636511335170231,0.011441578357603,NA,NA,NA,39.8600156580934,79.8291385023903,180.699286207904,NA,NA,NA,39.8600156580934,79.8291385023903,180.699286207904
2017,"White-collared Blackbird","2017",0.00242487869185532,0.00517932871619958,0.00919743394046571,NA,NA,NA,30.863289378599,64.079829147774,144.256629754935,NA,NA,NA,30.863289378599,64.079829147774,144.256629754935
2018,"White-collared Blackbird","2018",0.00424815164569313,0.00852378734835594,0.014277200823319,NA,NA,NA,54.6151650842198,106.440672536478,234.763071460875,NA,NA,NA,54.6151650842198,106.440672536478,234.763071460875
2019,"White-collared Blackbird","2019",0.00342106745114066,0.00659426041339401,0.011199329228034,NA,NA,NA,41.1652690238705,83.6105371266772,198.98404261047,NA,NA,NA,41.1652690238705,83.6105371266772,198.98404261047
2020,"White-collared Blackbird","2020",0.00373593027057185,0.00749138541203652,0.0125048732163503,NA,NA,NA,47.3637934389863,92.449838573824,227.103905634118,NA,NA,NA,47.3637934389863,92.449838573824,227.103905634118
2021,"White-collared Blackbird","2021",0.00302450790313527,0.00596844587186212,0.010339947367658,NA,NA,NA,38.3820855859503,74.3824755747678,168.455884743149,NA,NA,NA,38.3820855859503,74.3824755747678,168.455884743149
2022,"White-collared Blackbird","2022",0.00183867406591526,0.00368564214732173,0.00642637805058203,NA,NA,NA,22.5825094961453,45.8948740714886,107.5097073491,NA,NA,NA,22.5825094961453,45.8948740714886,107.5097073491
2023,"White-collared Blackbird","2023",0.00301634567139079,0.00545924793253585,0.00923995587555339,NA,NA,NA,35.8053287576819,69.0222810796759,155.25477145721,NA,NA,NA,35.8053287576819,69.0222810796759,155.25477145721
2024,"White-collared Blackbird","2024",0.00239403967043602,0.00448379326759797,0.00753069486267945,NA,NA,NA,30.7896791205584,55.6603166666597,124.472453712335,NA,NA,NA,30.7896791205584,55.6603166666597,124.472453712335
2025,"White-collared Blackbird","2025",0.0023304146470414,0.00429574769282707,0.00710866631336906,NA,NA,NA,28.0761220267302,53.292163943531,115.081336189744,NA,NA,NA,28.0761220267302,53.292163943531,115.081336189744
2026,"White-collared Blackbird","2026",NA,NA,NA,NA,NA,NA,NA,NA,NA,36.8801096352674,51.6709404919454,71.756249323639,36.8801096352674,51.6709404919454,71.756249323639
2027,"White-collared Blackbird","2027",NA,NA,NA,NA,NA,NA,NA,NA,NA,33.2297174775458,48.8282369314127,70.8605096379886,33.2297174775458,48.8282369314127,70.8605096379886
2028,"White-collared Blackbird","2028",NA,NA,NA,NA,NA,NA,NA,NA,NA,30.0449746690266,46.0897490033441,70.0410297003031,30.0449746690266,46.0897490033441,70.0410297003031
2029,"White-collared Blackbird","2029",NA,NA,NA,NA,NA,NA,NA,NA,NA,26.9817533299815,43.7112245113018,69.3355779655471,26.9817533299815,43.7112245113018,69.3355779655471
2030,"White-collared Blackbird","2030",NA,NA,NA,NA,NA,NA,NA,NA,NA,24.2870374402831,41.2559882622015,69.0330588623877,24.2870374402831,41.2559882622015,69.0330588623877
2031,"White-collared Blackbird","2031",NA,NA,NA,NA,NA,NA,NA,NA,NA,21.9178487416142,38.8521121362464,68.6290320242365,21.9178487416142,38.8521121362464,68.6290320242365
2032,"White-collared Blackbird","2032",NA,NA,NA,NA,NA,NA,NA,NA,NA,19.7754454616474,36.7977068009237,68.1741355281253,19.7754454616474,36.7977068009237,68.1741355281253
2033,"White-collared Blackbird","2033",NA,NA,NA,NA,NA,NA,NA,NA,NA,17.8930429527587,34.869186347583,67.9653635076149,17.8930429527587,34.869186347583,67.9653635076149
1991,"Indian Robin","before 2000",0.0228158193464048,0.0417269945527127,0.0713254084270589,100,100,100,NA,NA,NA,NA,NA,NA,NA,NA,NA
2004,"Indian Robin","2000-2006",0.0100896607209617,0.0292712629782608,0.0587902318547385,28.1694736551508,70.6941916056904,145.716796158939,NA,NA,NA,NA,NA,NA,NA,NA,NA
2009,"Indian Robin","2007-2010",9.32953380998346e-09,0.00733349750498499,0.0222034645812712,2.49853314212334e-05,17.3547949570194,54.4492151634742,NA,NA,NA,NA,NA,NA,NA,NA,NA
2012,"Indian Robin","2011-2012",0.00561900286309236,0.0157110958854862,0.0319714413190011,15.8714205911209,37.3009755680434,75.4733698318501,NA,NA,NA,NA,NA,NA,NA,NA,NA
2013,"Indian Robin","2013",0.0254918469242114,0.0522191237018765,0.0966618063668204,66.7138161749377,125.837464277362,216.877122277356,NA,NA,NA,NA,NA,NA,NA,NA,NA
2014,"Indian Robin","2014",0.0373349897654439,0.0715472889929814,0.1232110787453,98.6405532564338,174.39573672155,291.029997974597,NA,NA,NA,NA,NA,NA,NA,NA,NA
2015,"Indian Robin","2015",0.0158508191277696,0.0291179598990379,0.0484022010807977,42.3215017911252,68.9402604883114,114.077997017108,100,100,100,NA,NA,NA,100,100,100
2016,"Indian Robin","2016",0.0149994911753787,0.0261545031054887,0.0424016842785198,39.9532977773377,63.4782090577611,98.0816613725363,61.5204846774077,91.1880761826511,135.140283608018,NA,NA,NA,61.5204846774077,91.1880761826511,135.140283608018
2017,"Indian Robin","2017",0.0151760898601009,0.0261444081461316,0.0423527661796762,41.7967652907557,62.8056267075595,94.3522803402485,65.0490642626689,90.5753755510473,129.023378564832,NA,NA,NA,65.0490642626689,90.5753755510473,129.023378564832
2018,"Indian Robin","2018",0.0150473867493161,0.0259603857226182,0.0407991793434942,40.9585503188932,62.1344166994603,97.4445700178813,63.3126799426926,90.2438779801627,125.930327120453,NA,NA,NA,63.3126799426926,90.2438779801627,125.930327120453
2019,"Indian Robin","2019",0.0172016781412746,0.0293018191114043,0.0454849540472905,46.2935901050748,69.2693740070699,107.138122634899,70.4631373767039,100.371323563192,145.882825149047,NA,NA,NA,70.4631373767039,100.371323563192,145.882825149047
2020,"Indian Robin","2020",0.00886570462727714,0.0156939240876418,0.0253034948945556,24.9208073543808,37.6740088418081,60.4398161402158,38.0767897687946,54.2430765908812,79.6264867935235,NA,NA,NA,38.0767897687946,54.2430765908812,79.6264867935235
2021,"Indian Robin","2021",0.0119729196776473,0.0200559668003701,0.0320673665724085,32.0358053895295,48.0132585150889,73.9304737669916,49.8743652642649,69.3329033771602,100.600983482978,NA,NA,NA,49.8743652642649,69.3329033771602,100.600983482978
2022,"Indian Robin","2022",0.00943647388619386,0.015981876043788,0.0255610862387398,25.7187218459367,38.5685432231624,59.467366657029,39.308069985371,55.4312518423827,82.2031677927567,NA,NA,NA,39.308069985371,55.4312518423827,82.2031677927567
2023,"Indian Robin","2023",0.0120766537969987,0.0204863738554628,0.0321611209598291,32.4020773993461,48.6205440982556,75.6756297709632,50.5890039286826,70.2192743960572,104.936598415311,NA,NA,NA,50.5890039286826,70.2192743960572,104.936598415311
2024,"Indian Robin","2024",0.0100900085339718,0.0169806894236971,0.0270680561393543,27.4088492318912,40.6632155400037,62.7201378809631,41.4368035654133,58.5187464797726,84.6200619060727,NA,NA,NA,41.4368035654133,58.5187464797726,84.6200619060727
2025,"Indian Robin","2025",0.0117275908124328,0.0195712142707267,0.0316459268246814,32.0072343490259,46.7840560057442,69.1194552954164,48.3835299202152,67.0349523672959,97.2018711221173,NA,NA,NA,48.3835299202152,67.0349523672959,97.2018711221173
2026,"Indian Robin","2026",NA,NA,NA,NA,NA,NA,NA,NA,NA,43.4688463622328,54.6956778649245,68.7234053266945,43.4688463622328,54.6956778649245,68.7234053266945
2027,"Indian Robin","2027",NA,NA,NA,NA,NA,NA,NA,NA,NA,39.9897315077784,51.8490299830517,67.1519475549602,39.9897315077784,51.8490299830517,67.1519475549602
2028,"Indian Robin","2028",NA,NA,NA,NA,NA,NA,NA,NA,NA,36.75309575309,49.2105489368843,65.7505193323198,36.75309575309,49.2105489368843,65.7505193323198
2029,"Indian Robin","2029",NA,NA,NA,NA,NA,NA,NA,NA,NA,33.7377619733942,46.5641872107113,64.3810463606054,33.7377619733942,46.5641872107113,64.3810463606054
2030,"Indian Robin","2030",NA,NA,NA,NA,NA,NA,NA,NA,NA,31.0177340858905,44.1751326594739,63.1187005895469,31.0177340858905,44.1751326594739,63.1187005895469
2031,"Indian Robin","2031",NA,NA,NA,NA,NA,NA,NA,NA,NA,28.4452688742142,41.8672150843147,61.8091522925197,28.4452688742142,41.8672150843147,61.8091522925197
2032,"Indian Robin","2032",NA,NA,NA,NA,NA,NA,NA,NA,NA,26.1237346073419,39.6680272572486,60.5969339470684,26.1237346073419,39.6680272572486,60.5969339470684
2033,"Indian Robin","2033",NA,NA,NA,NA,NA,NA,NA,NA,NA,23.9484450512819,37.6556457683547,59.4814879593255,23.9484450512819,37.6556457683547,59.4814879593255
1991,"Pied Bushchat","before 2000",0.0196164088334705,0.0334303749364971,0.051693157987795,100,100,100,NA,NA,NA,NA,NA,NA,NA,NA,NA
2004,"Pied Bushchat","2000-2006",0.0133252356567138,0.0296061422166994,0.0532708760569251,39.9117591388918,88.7763862744164,171.2261585464,NA,NA,NA,NA,NA,NA,NA,NA,NA
2009,"Pied Bushchat","2007-2010",0.0049552782351669,0.0194590796299,0.0402982626536907,16.9836937008105,58.0690891330323,132.006428032291,NA,NA,NA,NA,NA,NA,NA,NA,NA
2012,"Pied Bushchat","2011-2012",0.0107301133150724,0.0235637482318676,0.0427744858949389,31.6808744064879,71.0735445866733,135.489565591956,NA,NA,NA,NA,NA,NA,NA,NA,NA
2013,"Pied Bushchat","2013",0.0340802987433456,0.0580667266176368,0.0915247779866014,95.2399089589127,175.301493513107,305.139842400723,NA,NA,NA,NA,NA,NA,NA,NA,NA
2014,"Pied Bushchat","2014",0.0475650428323007,0.0772178464337165,0.116301137207232,141.707038515723,230.657326008327,381.834086834711,NA,NA,NA,NA,NA,NA,NA,NA,NA
2015,"Pied Bushchat","2015",0.0197714472506341,0.0308062733296337,0.0448192281375565,58.3023392250741,92.0303578463344,147.557066968918,100,100,100,NA,NA,NA,100,100,100
2016,"Pied Bushchat","2016",0.0365031678054364,0.0518655040617863,0.0717369286475678,103.832183736036,154.604793973866,233.597213578261,119.250734152007,167.752577696592,243.736799456825,NA,NA,NA,119.250734152007,167.752577696592,243.736799456825
2017,"Pied Bushchat","2017",0.033577010946905,0.0467629167984956,0.0636041325730993,94.4413247267988,139.077457160652,210.616970882092,111.326767064377,151.648028873722,209.78727704439,NA,NA,NA,111.326767064377,151.648028873722,209.78727704439
2018,"Pied Bushchat","2018",0.0325599321835827,0.0448107800500341,0.061337834495128,91.6960822979455,134.700262801118,201.460535915412,106.341125960407,146.579733117935,205.661937672841,NA,NA,NA,106.341125960407,146.579733117935,205.661937672841
2019,"Pied Bushchat","2019",0.0284500504968176,0.0399324256131135,0.0544726575855284,81.4986369716388,120.830662460061,178.846032318154,94.7314893770266,130.300664070897,180.575489530575,NA,NA,NA,94.7314893770266,130.300664070897,180.575489530575
2020,"Pied Bushchat","2020",0.0305413467950266,0.0430496449619938,0.058022344259278,87.3576288055866,128.444709082548,197.0029313541,100.843197213609,140.508005072844,195.85536710446,NA,NA,NA,100.843197213609,140.508005072844,195.85536710446
2021,"Pied Bushchat","2021",0.0268181554142324,0.0372394601007085,0.0506807992455644,75.8288471849049,110.57767147304,164.195193154601,88.9320413568042,120.748911106354,166.896596420921,NA,NA,NA,88.9320413568042,120.748911106354,166.896596420921
2022,"Pied Bushchat","2022",0.020641510244999,0.0289718039463966,0.0393886697432008,59.9723510868743,86.7376266826364,127.931022838338,67.5932935466008,94.1916459743069,129.499425770075,NA,NA,NA,67.5932935466008,94.1916459743069,129.499425770075
2023,"Pied Bushchat","2023",0.0200323190237227,0.0278361218497066,0.0379790694010225,55.9186012290304,83.43485832416,124.953042447503,66.4196367527754,90.6301596871602,126.660279712165,NA,NA,NA,66.4196367527754,90.6301596871602,126.660279712165
2024,"Pied Bushchat","2024",0.0225116984492349,0.0307513070196384,0.0429981869117979,63.5228250460721,92.7053372798802,135.81367329945,75.0562847061956,100.486640663249,138.656054939712,NA,NA,NA,75.0562847061956,100.486640663249,138.656054939712
2025,"Pied Bushchat","2025",0.0182543529540221,0.0248830732752945,0.0339777052860877,51.7774655384789,74.9759282941929,111.735995091055,60.1039072867381,80.8358371566424,112.018657817764,NA,NA,NA,60.1039072867381,80.8358371566424,112.018657817764
2026,"Pied Bushchat","2026",NA,NA,NA,NA,NA,NA,NA,NA,NA,67.207124782842,86.4738477933853,111.354271661412,67.207124782842,86.4738477933853,111.354271661412
2027,"Pied Bushchat","2027",NA,NA,NA,NA,NA,NA,NA,NA,NA,61.8434405266448,82.0664633614669,109.32300788125,61.8434405266448,82.0664633614669,109.32300788125
2028,"Pied Bushchat","2028",NA,NA,NA,NA,NA,NA,NA,NA,NA,56.8770760024642,77.9609359018316,107.49718658784,56.8770760024642,77.9609359018316,107.49718658784
2029,"Pied Bushchat","2029",NA,NA,NA,NA,NA,NA,NA,NA,NA,52.3092794645024,74.0230069201935,105.647500791962,52.3092794645024,74.0230069201935,105.647500791962
2030,"Pied Bushchat","2030",NA,NA,NA,NA,NA,NA,NA,NA,NA,47.9869473571584,70.3814699002344,104.019556101598,47.9869473571584,70.3814699002344,104.019556101598
2031,"Pied Bushchat","2031",NA,NA,NA,NA,NA,NA,NA,NA,NA,44.0383194235405,66.9413225714974,102.253980256345,44.0383194235405,66.9413225714974,102.253980256345
2032,"Pied Bushchat","2032",NA,NA,NA,NA,NA,NA,NA,NA,NA,40.4064180540694,63.7731938210201,100.690242459042,40.4064180540694,63.7731938210201,100.690242459042
2033,"Pied Bushchat","2033",NA,NA,NA,NA,NA,NA,NA,NA,NA,37.1001653686952,60.6336668939181,99.2028149408788,37.1001653686952,60.6336668939181,99.2028149408788
1991,"Brown Rock Chat","before 2000",NA,NA,NA,NA,NA,NA,NA,NA,NA,NA,NA,NA,NA,NA,NA
2004,"Brown Rock Chat","2000-2006",NA,NA,NA,NA,NA,NA,NA,NA,NA,NA,NA,NA,NA,NA,NA
2009,"Brown Rock Chat","2007-2010",NA,NA,NA,NA,NA,NA,NA,NA,NA,NA,NA,NA,NA,NA,NA
2012,"Brown Rock Chat","2011-2012",NA,NA,NA,NA,NA,NA,NA,NA,NA,NA,NA,NA,NA,NA,NA
2013,"Brown Rock Chat","2013",NA,NA,NA,NA,NA,NA,NA,NA,NA,NA,NA,NA,NA,NA,NA
2014,"Brown Rock Chat","2014",NA,NA,NA,NA,NA,NA,NA,NA,NA,NA,NA,NA,NA,NA,NA
2015,"Brown Rock Chat","2015",0.0163822375744042,0.0344039798844006,0.0635922206560975,NA,NA,NA,100,100,100,NA,NA,NA,100,100,100
2016,"Brown Rock Chat","2016",0.00489162839126891,0.0103065853936948,0.0198840540065104,NA,NA,NA,16.7924599501497,30.1391167011684,49.3864517810367,NA,NA,NA,16.7924599501497,30.1391167011684,49.3864517810367
2017,"Brown Rock Chat","2017",0.00807947735959549,0.0153844553338538,0.0273518154680623,NA,NA,NA,28.7796176010503,45.1187369240482,67.8179708641734,NA,NA,NA,28.7796176010503,45.1187369240482,67.8179708641734
2018,"Brown Rock Chat","2018",0.00658769267853587,0.0128627700183186,0.0244335322234564,NA,NA,NA,23.8968167083032,37.7691318792264,59.15317071598,NA,NA,NA,23.8968167083032,37.7691318792264,59.15317071598
2019,"Brown Rock Chat","2019",0.00784567348972452,0.0147379045407739,0.0262407898996746,NA,NA,NA,28.2872574989829,42.7361209173249,64.9547402692872,NA,NA,NA,28.2872574989829,42.7361209173249,64.9547402692872
2020,"Brown Rock Chat","2020",0.0104056038398236,0.0193480618733539,0.0349601598141414,NA,NA,NA,36.3204232945011,57.3023141595223,88.3850588422893,NA,NA,NA,36.3204232945011,57.3023141595223,88.3850588422893
2021,"Brown Rock Chat","2021",0.00761067086068065,0.0144773147385389,0.0255947231355189,NA,NA,NA,28.3498892023702,42.3327048705975,65.0245415559215,NA,NA,NA,28.3498892023702,42.3327048705975,65.0245415559215
2022,"Brown Rock Chat","2022",0.0114850129506569,0.0219677565978804,0.0406880692827146,NA,NA,NA,43.5953562794596,64.2851431144493,97.2637939837904,NA,NA,NA,43.5953562794596,64.2851431144493,97.2637939837904
2023,"Brown Rock Chat","2023",0.0128114757486862,0.0235569218839824,0.0423169175079319,NA,NA,NA,45.9952228705639,69.4948058810753,105.129316885684,NA,NA,NA,45.9952228705639,69.4948058810753,105.129316885684
2024,"Brown Rock Chat","2024",0.0165561480803216,0.0308653867900726,0.055626574682717,NA,NA,NA,60.7072386973654,90.8089990822738,135.533559656168,NA,NA,NA,60.7072386973654,90.8089990822738,135.533559656168
2025,"Brown Rock Chat","2025",0.0139322873522631,0.0250734121320328,0.0446717909850937,NA,NA,NA,49.7687287746959,73.4649189921105,111.40824584806,NA,NA,NA,49.7687287746959,73.4649189921105,111.40824584806
2026,"Brown Rock Chat","2026",NA,NA,NA,NA,NA,NA,NA,NA,NA,45.6701211029183,73.5965882531645,119.16163123642,45.6701211029183,73.5965882531645,119.16163123642
2027,"Brown Rock Chat","2027",NA,NA,NA,NA,NA,NA,NA,NA,NA,44.9605884168116,77.150499305737,133.012533977374,44.9605884168116,77.150499305737,133.012533977374
2028,"Brown Rock Chat","2028",NA,NA,NA,NA,NA,NA,NA,NA,NA,44.1897458369704,81.019155880387,149.141908713501,44.1897458369704,81.019155880387,149.141908713501
2029,"Brown Rock Chat","2029",NA,NA,NA,NA,NA,NA,NA,NA,NA,43.3561336191631,84.8834199087025,168.06731239694,43.3561336191631,84.8834199087025,168.06731239694
2030,"Brown Rock Chat","2030",NA,NA,NA,NA,NA,NA,NA,NA,NA,42.5893131007897,88.7580743424083,188.774001166863,42.5893131007897,88.7580743424083,188.774001166863
2031,"Brown Rock Chat","2031",NA,NA,NA,NA,NA,NA,NA,NA,NA,41.6223345513492,93.2975871785949,211.857568938536,41.6223345513492,93.2975871785949,211.857568938536
2032,"Brown Rock Chat","2032",NA,NA,NA,NA,NA,NA,NA,NA,NA,40.7034690915293,97.9039049580654,238.10654592322,40.7034690915293,97.9039049580654,238.10654592322
2033,"Brown Rock Chat","2033",NA,NA,NA,NA,NA,NA,NA,NA,NA,39.8107941016399,102.643809063797,266.768328970009,39.8107941016399,102.643809063797,266.768328970009
1991,"White-browed Wagtail","before 2000",2.58257751113679e-09,0.00281688439034689,0.00759069124163936,100,100,100,NA,NA,NA,NA,NA,NA,NA,NA,NA
2004,"White-browed Wagtail","2000-2006",0.00752977935986496,0.0194338059503655,0.0381220832169117,197.645785297382,675.86237346347,793373374.474029,NA,NA,NA,NA,NA,NA,NA,NA,NA
2009,"White-browed Wagtail","2007-2010",1.00731164868653e-08,0.00962175187657907,0.0266334426239742,0.000298893354978867,327.094244666965,407149464.828991,NA,NA,NA,NA,NA,NA,NA,NA,NA
2012,"White-browed Wagtail","2011-2012",0.00775017905101277,0.0188836028747128,0.0366199883798541,195.692244334196,676.905575048564,764980057.436759,NA,NA,NA,NA,NA,NA,NA,NA,NA
2013,"White-browed Wagtail","2013",0.00644745540512308,0.0197080420129092,0.0405743874136926,175.167144239363,677.02735293186,697551876.764611,NA,NA,NA,NA,NA,NA,NA,NA,NA
2014,"White-browed Wagtail","2014",0.00476424738491276,0.0148878367242506,0.0306540134186106,140.342984954288,513.582308520652,605518657.842897,NA,NA,NA,NA,NA,NA,NA,NA,NA
2015,"White-browed Wagtail","2015",0.012169580492762,0.0218408826016035,0.0354397098201605,283.113003534427,746.844270776194,823205295.78375,100,100,100,NA,NA,NA,100,100,100
2016,"White-browed Wagtail","2016",0.0110656416562989,0.0186498079423231,0.0290141735694738,253.420738454469,642.966800332806,682259954.992211,52.197761274091,85.7479272373134,138.248740920819,NA,NA,NA,52.197761274091,85.7479272373134,138.248740920819
2017,"White-browed Wagtail","2017",0.0109823280589543,0.0172924699243242,0.0263178788358072,239.476329279744,605.331411986647,669485606.150975,52.7734435453672,80.7302728423388,122.098169418261,NA,NA,NA,52.7734435453672,80.7302728423388,122.098169418261
2018,"White-browed Wagtail","2018",0.0104580282111522,0.0170098951737188,0.0258373048146508,228.930140975762,591.577790461724,721050135.470696,49.0975280378951,78.1553539653256,126.773838690472,NA,NA,NA,49.0975280378951,78.1553539653256,126.773838690472
2019,"White-browed Wagtail","2019",0.0108019261384223,0.0161285056220526,0.0239676465925294,222.124007963418,563.554105236944,619243944.545803,49.273589515371,74.3140050538288,116.653435488931,NA,NA,NA,49.273589515371,74.3140050538288,116.653435488931
2020,"White-browed Wagtail","2020",0.0106516874930664,0.0167261377670997,0.0261231939283453,224.043986177986,581.331745938313,630088258.814768,50.1022301846711,76.0958978519211,124.071315262211,NA,NA,NA,50.1022301846711,76.0958978519211,124.071315262211
2021,"White-browed Wagtail","2021",0.00868947010455818,0.0136057451797919,0.0212187855178634,182.5974701612,473.834617056492,548558368.823938,41.6564693888484,62.534674656791,99.9269138301896,NA,NA,NA,41.6564693888484,62.534674656791,99.9269138301896
2022,"White-browed Wagtail","2022",0.00963630316964247,0.0154431201547843,0.0230248697719724,207.509296643141,535.039156035448,588062473.136207,46.0612118214094,69.9074872324178,113.508895574076,NA,NA,NA,46.0612118214094,69.9074872324178,113.508895574076
2023,"White-browed Wagtail","2023",0.0096216156281593,0.0144957116628785,0.0217751236492664,195.144189576587,505.493564415448,585990491.150948,43.0199972225522,66.6095629428759,108.831776857967,NA,NA,NA,43.0199972225522,66.6095629428759,108.831776857967
2024,"White-browed Wagtail","2024",0.00775873811756301,0.0118748785215565,0.0180783443994796,163.258156385948,411.84254416719,495531770.622273,37.0067840231727,54.644281676743,87.7022781720979,NA,NA,NA,37.0067840231727,54.644281676743,87.7022781720979
2025,"White-browed Wagtail","2025",0.00807447514517352,0.0125103060946002,0.0185787003677227,176.542041447453,425.258369990066,472723254.336859,38.1733366796067,57.1419202997413,89.5977627496677,NA,NA,NA,38.1733366796067,57.1419202997413,89.5977627496677
2026,"White-browed Wagtail","2026",NA,NA,NA,NA,NA,NA,NA,NA,NA,45.8404435925386,53.1131734123428,61.5129953148366,45.8404435925386,53.1131734123428,61.5129953148366
2027,"White-browed Wagtail","2027",NA,NA,NA,NA,NA,NA,NA,NA,NA,42.6186205859631,50.3914402510778,59.6423233883185,42.6186205859631,50.3914402510778,59.6423233883185
2028,"White-browed Wagtail","2028",NA,NA,NA,NA,NA,NA,NA,NA,NA,39.6609102567652,47.9900998131326,57.982985805368,39.6609102567652,47.9900998131326,57.982985805368
2029,"White-browed Wagtail","2029",NA,NA,NA,NA,NA,NA,NA,NA,NA,36.9683198749379,45.5720133197707,56.2635299050008,36.9683198749379,45.5720133197707,56.2635299050008
2030,"White-browed Wagtail","2030",NA,NA,NA,NA,NA,NA,NA,NA,NA,34.4302639450225,43.4257150067824,54.7207706235215,34.4302639450225,43.4257150067824,54.7207706235215
2031,"White-browed Wagtail","2031",NA,NA,NA,NA,NA,NA,NA,NA,NA,31.9660555683613,41.3280364389937,53.233199666005,31.9660555683613,41.3280364389937,53.233199666005
2032,"White-browed Wagtail","2032",NA,NA,NA,NA,NA,NA,NA,NA,NA,29.7306268414473,39.2021420609666,51.6723784366459,29.7306268414473,39.2021420609666,51.6723784366459
2033,"White-browed Wagtail","2033",NA,NA,NA,NA,NA,NA,NA,NA,NA,27.7080263368927,37.2927384883307,50.1689727180536,27.7080263368927,37.2927384883307,50.1689727180536
1991,"Upland Pipit","before 2000",NA,NA,NA,NA,NA,NA,NA,NA,NA,NA,NA,NA,NA,NA,NA
2004,"Upland Pipit","2000-2006",NA,NA,NA,NA,NA,NA,NA,NA,NA,NA,NA,NA,NA,NA,NA
2009,"Upland Pipit","2007-2010",NA,NA,NA,NA,NA,NA,NA,NA,NA,NA,NA,NA,NA,NA,NA
2012,"Upland Pipit","2011-2012",NA,NA,NA,NA,NA,NA,NA,NA,NA,NA,NA,NA,NA,NA,NA
2013,"Upland Pipit","2013",NA,NA,NA,NA,NA,NA,NA,NA,NA,NA,NA,NA,NA,NA,NA
2014,"Upland Pipit","2014",NA,NA,NA,NA,NA,NA,NA,NA,NA,NA,NA,NA,NA,NA,NA
2015,"Upland Pipit","2015",0.0280343076576385,0.0487771075300459,0.0803987644301852,NA,NA,NA,100,100,100,NA,NA,NA,100,100,100
2016,"Upland Pipit","2016",0.00818074881949424,0.0161266317442883,0.0271435899735925,NA,NA,NA,19.1342194293525,32.876784333198,56.553508835921,NA,NA,NA,19.1342194293525,32.876784333198,56.553508835921
2017,"Upland Pipit","2017",0.000968849107563665,0.00311973480075754,0.00590811499393553,NA,NA,NA,2.19984895387613,6.38153085441033,12.2582669760222,NA,NA,NA,2.19984895387613,6.38153085441033,12.2582669760222
2018,"Upland Pipit","2018",0.00390246956706249,0.0081911564917649,0.0136698343974361,NA,NA,NA,8.74716504648446,16.7476214332206,27.6158540530239,NA,NA,NA,8.74716504648446,16.7476214332206,27.6158540530239
2019,"Upland Pipit","2019",0.00566582987860685,0.0101651851498057,0.0165637351937172,NA,NA,NA,12.3179155447161,20.9729653398153,34.8652324819483,NA,NA,NA,12.3179155447161,20.9729653398153,34.8652324819483
2020,"Upland Pipit","2020",0.0143373192945317,0.0247337502539648,0.0388690733198169,NA,NA,NA,33.5090201679119,50.1392458860321,80.5339028144992,NA,NA,NA,33.5090201679119,50.1392458860321,80.5339028144992
2021,"Upland Pipit","2021",0.00244936870516362,0.0049839739386181,0.00887732836271751,NA,NA,NA,5.27372745676567,10.3037543621956,18.8740014461959,NA,NA,NA,5.27372745676567,10.3037543621956,18.8740014461959
2022,"Upland Pipit","2022",0.00109102389677926,0.0026795520086248,0.00494454611643106,NA,NA,NA,2.36880211827329,5.53308132942974,10.2087463164716,NA,NA,NA,2.36880211827329,5.53308132942974,10.2087463164716
2023,"Upland Pipit","2023",0.00432768329006176,0.00750768312656222,0.0125703080309074,NA,NA,NA,9.49037393139802,15.5169346224143,25.8574273279193,NA,NA,NA,9.49037393139802,15.5169346224143,25.8574273279193
2024,"Upland Pipit","2024",0.00338587474953033,0.00616800565580479,0.00990021505430481,NA,NA,NA,7.39047441952563,12.6008725698911,20.8144372636307,NA,NA,NA,7.39047441952563,12.6008725698911,20.8144372636307
2025,"Upland Pipit","2025",0.00208184366508103,0.00394201281141707,0.00663264121412206,NA,NA,NA,4.57499208791406,8.0467853704851,13.6171546788616,NA,NA,NA,4.57499208791406,8.0467853704851,13.6171546788616
2026,"Upland Pipit","2026",NA,NA,NA,NA,NA,NA,NA,NA,NA,2.42067047048483,6.73675293843945,18.90685853833,2.42067047048483,6.73675293843945,18.90685853833
2027,"Upland Pipit","2027",NA,NA,NA,NA,NA,NA,NA,NA,NA,1.81627325552498,5.76717849978331,18.5536468737693,1.81627325552498,5.76717849978331,18.5536468737693
2028,"Upland Pipit","2028",NA,NA,NA,NA,NA,NA,NA,NA,NA,1.35744422704845,4.95936918651598,18.2766108418955,1.35744422704845,4.95936918651598,18.2766108418955
2029,"Upland Pipit","2029",NA,NA,NA,NA,NA,NA,NA,NA,NA,1.00626630500226,4.24621100010507,18.158899851002,1.00626630500226,4.24621100010507,18.158899851002
2030,"Upland Pipit","2030",NA,NA,NA,NA,NA,NA,NA,NA,NA,0.745012557810374,3.63510750729115,18.0072512011101,0.745012557810374,3.63510750729115,18.0072512011101
2031,"Upland Pipit","2031",NA,NA,NA,NA,NA,NA,NA,NA,NA,0.553345526188728,3.13224542485461,17.8780461953014,0.553345526188728,3.13224542485461,17.8780461953014
2032,"Upland Pipit","2032",NA,NA,NA,NA,NA,NA,NA,NA,NA,0.410524020302814,2.69698143863834,17.776569632703,0.410524020302814,2.69698143863834,17.776569632703
2033,"Upland Pipit","2033",NA,NA,NA,NA,NA,NA,NA,NA,NA,0.304259305768338,2.32651791112966,17.6295018526426,0.304259305768338,2.32651791112966,17.6295018526426
1991,"Black-and-yellow Grosbeak","before 2000",0.0168610330947381,0.0342385210176766,0.0639593347809444,100,100,100,NA,NA,NA,NA,NA,NA,NA,NA,NA
2004,"Black-and-yellow Grosbeak","2000-2006",0.00282596686594638,0.010026109829169,0.021598050288747,9.54286233621497,28.1275351224632,65.9901565790557,NA,NA,NA,NA,NA,NA,NA,NA,NA
2009,"Black-and-yellow Grosbeak","2007-2010",0.00553203349885431,0.0201091387293618,0.044206511470712,17.3138378407133,58.7161634786109,136.328733981006,NA,NA,NA,NA,NA,NA,NA,NA,NA
2012,"Black-and-yellow Grosbeak","2011-2012",0.0120432627325581,0.0266755854541627,0.052934131597251,40.5520232008894,78.9016662616728,152.312667191892,NA,NA,NA,NA,NA,NA,NA,NA,NA
2013,"Black-and-yellow Grosbeak","2013",0.00675863382006518,0.0181300677575827,0.0385856560414708,22.4758980141167,53.4085172101991,105.994743354801,NA,NA,NA,NA,NA,NA,NA,NA,NA
2014,"Black-and-yellow Grosbeak","2014",0.00786742023337493,0.019705376864844,0.0400494282764877,26.6159298402724,57.0175696566507,114.754099598305,NA,NA,NA,NA,NA,NA,NA,NA,NA
2015,"Black-and-yellow Grosbeak","2015",0.0027821881834023,0.0069518669388017,0.0134063924538317,9.56617324017381,19.8449846360127,40.6386513546518,100,100,100,NA,NA,NA,100,100,100
2016,"Black-and-yellow Grosbeak","2016",0.00841350454911385,0.016141036249963,0.0283244901504895,28.8912779963628,47.8134856068676,78.2131798939225,132.772414593822,237.319242500986,465.07513446863,NA,NA,NA,132.772414593822,237.319242500986,465.07513446863
2017,"Black-and-yellow Grosbeak","2017",0.00371279503569944,0.00729442811881809,0.0125860152814718,12.3565196106384,21.1898148332539,36.6268541364443,60.4890569755912,106.067574609315,197.592423854184,NA,NA,NA,60.4890569755912,106.067574609315,197.592423854184
2018,"Black-and-yellow Grosbeak","2018",0.00533071352824657,0.01011211448944,0.0174846952463946,17.365175450086,29.682924889691,48.2975947845994,86.4266945139962,146.491293017218,267.581011430808,NA,NA,NA,86.4266945139962,146.491293017218,267.581011430808
2019,"Black-and-yellow Grosbeak","2019",0.00367251330519853,0.00668176621574855,0.0115122954266985,11.7325305728845,19.5633767558726,33.0006349670632,57.1691721324618,96.8600582271641,184.270294279546,NA,NA,NA,57.1691721324618,96.8600582271641,184.270294279546
2020,"Black-and-yellow Grosbeak","2020",0.00503133586590029,0.00960490224888495,0.0163085975626781,16.7639931859622,28.0387597135686,47.3309610421592,82.0220780246985,140.713345399511,259.560029976504,NA,NA,NA,82.0220780246985,140.713345399511,259.560029976504
2021,"Black-and-yellow Grosbeak","2021",0.0047352905926679,0.00865638183189785,0.0147444994253116,15.0464767415385,25.3549609659387,42.1566968598682,73.5703411427402,126.101351846643,244.757183352213,NA,NA,NA,73.5703411427402,126.101351846643,244.757183352213
2022,"Black-and-yellow Grosbeak","2022",0.00308149782439659,0.00566178808778596,0.00995429559852105,10.0009420595399,16.5392713282898,27.9215780065524,45.7904750526148,82.4759159402421,156.29799477393,NA,NA,NA,45.7904750526148,82.4759159402421,156.29799477393
2023,"Black-and-yellow Grosbeak","2023",0.00388423916433245,0.00758803914568235,0.0132191378838025,13.6878469163976,22.4392713558747,35.9012981485372,63.6900494821976,111.21130051421,202.623443618748,NA,NA,NA,63.6900494821976,111.21130051421,202.623443618748
2024,"Black-and-yellow Grosbeak","2024",0.0027905136351147,0.00525759330718142,0.00897999091702886,9.27383770548431,15.2294876044599,25.5528424213414,46.7378082004697,76.5964386797035,146.03202177218,NA,NA,NA,46.7378082004697,76.5964386797035,146.03202177218
2025,"Black-and-yellow Grosbeak","2025",0.00318332048672489,0.00578959842712103,0.01000219840255,10.5096658849895,16.9159964768126,27.902183548533,49.4214017953829,83.8681833195624,159.094737710422,NA,NA,NA,49.4214017953829,83.8681833195624,159.094737710422
2026,"Black-and-yellow Grosbeak","2026",NA,NA,NA,NA,NA,NA,NA,NA,NA,54.8882306515796,80.5336514732589,117.151506981067,54.8882306515796,80.5336514732589,117.151506981067
2027,"Black-and-yellow Grosbeak","2027",NA,NA,NA,NA,NA,NA,NA,NA,NA,49.3573358751798,76.0805571949099,116.672872272948,49.3573358751798,76.0805571949099,116.672872272948
2028,"Black-and-yellow Grosbeak","2028",NA,NA,NA,NA,NA,NA,NA,NA,NA,44.1180968473624,71.7452168600181,115.879046327941,44.1180968473624,71.7452168600181,115.879046327941
2029,"Black-and-yellow Grosbeak","2029",NA,NA,NA,NA,NA,NA,NA,NA,NA,39.5124197165337,67.6636060690221,115.498202740494,39.5124197165337,67.6636060690221,115.498202740494
2030,"Black-and-yellow Grosbeak","2030",NA,NA,NA,NA,NA,NA,NA,NA,NA,35.3278317401347,63.7919949374901,115.37358484472,35.3278317401347,63.7919949374901,115.37358484472
2031,"Black-and-yellow Grosbeak","2031",NA,NA,NA,NA,NA,NA,NA,NA,NA,31.7050450815158,60.248886492625,115.091501998047,31.7050450815158,60.248886492625,115.091501998047
2032,"Black-and-yellow Grosbeak","2032",NA,NA,NA,NA,NA,NA,NA,NA,NA,28.4229852850446,57.0603027101576,115.055534902751,28.4229852850446,57.0603027101576,115.055534902751
2033,"Black-and-yellow Grosbeak","2033",NA,NA,NA,NA,NA,NA,NA,NA,NA,25.3968877764138,53.9754205639875,114.913832194451,25.3968877764138,53.9754205639875,114.913832194451
1991,"Pink-browed Rosefinch","before 2000",0.00842860374870404,0.0155630372124795,0.0262404722538601,100,100,100,NA,NA,NA,NA,NA,NA,NA,NA,NA
2004,"Pink-browed Rosefinch","2000-2006",0.0147299890672821,0.0314199309228059,0.0558220936767902,97.0355339407214,200.579281921773,385.509813893206,NA,NA,NA,NA,NA,NA,NA,NA,NA
2009,"Pink-browed Rosefinch","2007-2010",0.0194509744398027,0.041403716729738,0.0769640765690584,126.255530409961,259.585461021769,527.66475832556,NA,NA,NA,NA,NA,NA,NA,NA,NA
2012,"Pink-browed Rosefinch","2011-2012",0.010768313556045,0.0213393217329343,0.0379180361769634,70.730512873238,136.475804218297,263.499774668751,NA,NA,NA,NA,NA,NA,NA,NA,NA
2013,"Pink-browed Rosefinch","2013",0.018050995723831,0.035328132216274,0.0572738690935071,114.727892246681,223.829509853405,410.069054266134,NA,NA,NA,NA,NA,NA,NA,NA,NA
2014,"Pink-browed Rosefinch","2014",0.0166345630836918,0.0317861903738899,0.0557208636669067,104.871317977369,204.519759033094,383.201698595136,NA,NA,NA,NA,NA,NA,NA,NA,NA
2015,"Pink-browed Rosefinch","2015",0.00849373009787025,0.0143967951933227,0.0223702542406977,53.5120920228076,92.885956222853,162.288166645331,100,100,100,NA,NA,NA,100,100,100
2016,"Pink-browed Rosefinch","2016",0.0139355494148203,0.0210623213391647,0.0321333614791806,84.9765245074189,134.897021887624,221.157961578571,97.3457702428124,146.227915121202,222.948751064828,NA,NA,NA,97.3457702428124,146.227915121202,222.948751064828
2017,"Pink-browed Rosefinch","2017",0.0147158779409152,0.0215375188518591,0.0319248681158857,87.328475584776,138.534645919135,227.234425944377,105.65247606507,150.730471212179,220.667401061572,NA,NA,NA,105.65247606507,150.730471212179,220.667401061572
2018,"Pink-browed Rosefinch","2018",0.0177188153677167,0.0262359189177531,0.0389934956091274,108.822185827785,168.184563972697,265.641469234143,129.657598645133,182.390991899424,273.014218436034,NA,NA,NA,129.657598645133,182.390991899424,273.014218436034
2019,"Pink-browed Rosefinch","2019",0.0157307592078836,0.0227422489094379,0.0330364192721132,91.4385752503589,144.38259235622,235.020556025589,109.604255254137,158.881859364061,231.323599167103,NA,NA,NA,109.604255254137,158.881859364061,231.323599167103
2020,"Pink-browed Rosefinch","2020",0.0185318844466856,0.0270574772662711,0.0398500238304243,112.06297398406,173.83320844589,276.958187762092,131.668039901698,187.870342795698,271.231043742351,NA,NA,NA,131.668039901698,187.870342795698,271.231043742351
2021,"Pink-browed Rosefinch","2021",0.012271886259418,0.0179453876196821,0.02617395916254,74.5774731928151,114.296510384742,181.344255722684,86.8981465417943,125.398208729663,183.281501471666,NA,NA,NA,86.8981465417943,125.398208729663,183.281501471666
2022,"Pink-browed Rosefinch","2022",0.0104277821660248,0.0155435665116072,0.0228797690412017,63.0238635023871,99.9754912963412,161.673117776267,76.3517981232897,108.537974042902,157.364466813524,NA,NA,NA,76.3517981232897,108.537974042902,157.364466813524
2023,"Pink-browed Rosefinch","2023",0.0144106721523242,0.0208162340930041,0.03041732881888,86.3538578307612,133.088001373382,216.086896705671,101.35476674261,145.510189714824,209.721384896262,NA,NA,NA,101.35476674261,145.510189714824,209.721384896262
2024,"Pink-browed Rosefinch","2024",0.0132335614108865,0.0189143915866089,0.0277037043503495,81.1301622114243,119.879850065269,198.35680051466,94.0127248706713,132.656525616948,191.111387592364,NA,NA,NA,94.0127248706713,132.656525616948,191.111387592364
2025,"Pink-browed Rosefinch","2025",0.0113941106592706,0.0161816512494373,0.023882868782944,67.3500577517378,104.001847445983,166.615077532857,79.8238609328857,113.55610772494,158.706459137187,NA,NA,NA,79.8238609328857,113.55610772494,158.706459137187
2026,"Pink-browed Rosefinch","2026",NA,NA,NA,NA,NA,NA,NA,NA,NA,98.0958498974617,129.705632805024,172.393399869949,98.0958498974617,129.705632805024,172.393399869949
2027,"Pink-browed Rosefinch","2027",NA,NA,NA,NA,NA,NA,NA,NA,NA,93.4661772850429,128.288854869139,177.12137924887,93.4661772850429,128.288854869139,177.12137924887
2028,"Pink-browed Rosefinch","2028",NA,NA,NA,NA,NA,NA,NA,NA,NA,88.9284847493481,126.498975721266,182.165952623717,88.9284847493481,126.498975721266,182.165952623717
2029,"Pink-browed Rosefinch","2029",NA,NA,NA,NA,NA,NA,NA,NA,NA,84.7985103001592,125.004029993591,187.381188134077,84.7985103001592,125.004029993591,187.381188134077
2030,"Pink-browed Rosefinch","2030",NA,NA,NA,NA,NA,NA,NA,NA,NA,80.7033342725549,123.826185061636,193.233777536854,80.7033342725549,123.826185061636,193.233777536854
2031,"Pink-browed Rosefinch","2031",NA,NA,NA,NA,NA,NA,NA,NA,NA,76.7944738093443,122.600034056662,199.21925953198,76.7944738093443,122.600034056662,199.21925953198
2032,"Pink-browed Rosefinch","2032",NA,NA,NA,NA,NA,NA,NA,NA,NA,72.9716038761586,121.174640216358,205.0484784637,72.9716038761586,121.174640216358,205.0484784637
2033,"Pink-browed Rosefinch","2033",NA,NA,NA,NA,NA,NA,NA,NA,NA,69.2202040867207,120.159794374832,211.367552498077,69.2202040867207,120.159794374832,211.367552498077
1991,"Himalayan White-browed Rosefinch","before 2000",NA,NA,NA,NA,NA,NA,NA,NA,NA,NA,NA,NA,NA,NA,NA
2004,"Himalayan White-browed Rosefinch","2000-2006",NA,NA,NA,NA,NA,NA,NA,NA,NA,NA,NA,NA,NA,NA,NA
2009,"Himalayan White-browed Rosefinch","2007-2010",NA,NA,NA,NA,NA,NA,NA,NA,NA,NA,NA,NA,NA,NA,NA
2012,"Himalayan White-browed Rosefinch","2011-2012",NA,NA,NA,NA,NA,NA,NA,NA,NA,NA,NA,NA,NA,NA,NA
2013,"Himalayan White-browed Rosefinch","2013",NA,NA,NA,NA,NA,NA,NA,NA,NA,NA,NA,NA,NA,NA,NA
2014,"Himalayan White-browed Rosefinch","2014",NA,NA,NA,NA,NA,NA,NA,NA,NA,NA,NA,NA,NA,NA,NA
2015,"Himalayan White-browed Rosefinch","2015",1.19961664632802e-09,0.0228658963552018,0.0845387145047599,NA,NA,NA,100,100,100,NA,NA,NA,100,100,100
2016,"Himalayan White-browed Rosefinch","2016",6.29322872300553e-10,2.01523653267819e-09,2.46394256932287e-09,NA,NA,NA,1.40327973594177e-06,8.84798745749063e-06,62.6617262669758,NA,NA,NA,1.40327973594177e-06,8.84798745749063e-06,62.6617262669758
2017,"Himalayan White-browed Rosefinch","2017",0.0029616542272497,0.012620246062269,0.0271135250002684,NA,NA,NA,7.60469212162418,62.8239927262015,1438085282.20922,NA,NA,NA,7.60469212162418,62.8239927262015,1438085282.20922
2018,"Himalayan White-browed Rosefinch","2018",0.00458886573119428,0.0206458770947651,0.0434486041363515,NA,NA,NA,9.55267301219922,101.420387299039,2177382893.7952,NA,NA,NA,9.55267301219922,101.420387299039,2177382893.7952
2019,"Himalayan White-browed Rosefinch","2019",0.00718530290598266,0.0169599789754003,0.0286739950232936,NA,NA,NA,14.7570529840121,78.27706870605,1610182899.56216,NA,NA,NA,14.7570529840121,78.27706870605,1610182899.56216
2020,"Himalayan White-browed Rosefinch","2020",0.0292254685342008,0.0460741224552713,0.0665828913558143,NA,NA,NA,51.1696716522224,206.429818376833,4272170337.94264,NA,NA,NA,51.1696716522224,206.429818376833,4272170337.94264
2021,"Himalayan White-browed Rosefinch","2021",8.41504948627103e-10,0.00625021732314567,0.0159778792079494,NA,NA,NA,1.76885207853644e-06,34.0427385173511,726507801.457502,NA,NA,NA,1.76885207853644e-06,34.0427385173511,726507801.457502
2022,"Himalayan White-browed Rosefinch","2022",0.0208304821417669,0.0395764371238423,0.0631744651979545,NA,NA,NA,44.2266867737019,180.683797723521,3351410338.20748,NA,NA,NA,44.2266867737019,180.683797723521,3351410338.20748
2023,"Himalayan White-browed Rosefinch","2023",0.00555689658632338,0.0147648610319363,0.0269991525346156,NA,NA,NA,13.1512333344287,70.5564902097907,1427614755.31309,NA,NA,NA,13.1512333344287,70.5564902097907,1427614755.31309
2024,"Himalayan White-browed Rosefinch","2024",0.00295598332202168,0.00938389386497166,0.0185635368553146,NA,NA,NA,7.49997988649241,45.5576395977901,885716863.172872,NA,NA,NA,7.49997988649241,45.5576395977901,885716863.172872
2025,"Himalayan White-browed Rosefinch","2025",0.0020525268469383,0.006544716476808,0.0128461272678662,NA,NA,NA,5.7597277820065,31.1505850199239,641457661.505613,NA,NA,NA,5.7597277820065,31.1505850199239,641457661.505613
2026,"Himalayan White-browed Rosefinch","2026",NA,NA,NA,NA,NA,NA,NA,NA,NA,0.772208025855393,336.627643718594,172602.268246286,0.772208025855393,336.627643718594,172602.268246286
2027,"Himalayan White-browed Rosefinch","2027",NA,NA,NA,NA,NA,NA,NA,NA,NA,0.573593993199509,568.960093082323,684379.028833423,0.573593993199509,568.960093082323,684379.028833423
2028,"Himalayan White-browed Rosefinch","2028",NA,NA,NA,NA,NA,NA,NA,NA,NA,0.415377742658358,954.808510658105,2763967.38616115,0.415377742658358,954.808510658105,2763967.38616115
2029,"Himalayan White-browed Rosefinch","2029",NA,NA,NA,NA,NA,NA,NA,NA,NA,0.297215893048733,1600.00852918053,11241719.6877515,0.297215893048733,1600.00852918053,11241719.6877515
2030,"Himalayan White-browed Rosefinch","2030",NA,NA,NA,NA,NA,NA,NA,NA,NA,0.218534199800913,2704.7610065261,45116013.6800769,0.218534199800913,2704.7610065261,45116013.6800769
2031,"Himalayan White-browed Rosefinch","2031",NA,NA,NA,NA,NA,NA,NA,NA,NA,0.155077667745229,4570.58375114901,187486525.202074,0.155077667745229,4570.58375114901,187486525.202074
2032,"Himalayan White-browed Rosefinch","2032",NA,NA,NA,NA,NA,NA,NA,NA,NA,0.110204672702283,7657.67143428052,778486259.163877,0.110204672702283,7657.67143428052,778486259.163877
2033,"Himalayan White-browed Rosefinch","2033",NA,NA,NA,NA,NA,NA,NA,NA,NA,0.0780707818940652,12930.4894372627,3197044910.07047,0.0780707818940652,12930.4894372627,3197044910.07047
1991,"Red-headed Bullfinch","before 2000",NA,NA,NA,NA,NA,NA,NA,NA,NA,NA,NA,NA,NA,NA,NA
2004,"Red-headed Bullfinch","2000-2006",NA,NA,NA,NA,NA,NA,NA,NA,NA,NA,NA,NA,NA,NA,NA
2009,"Red-headed Bullfinch","2007-2010",NA,NA,NA,NA,NA,NA,NA,NA,NA,NA,NA,NA,NA,NA,NA
2012,"Red-headed Bullfinch","2011-2012",NA,NA,NA,NA,NA,NA,NA,NA,NA,NA,NA,NA,NA,NA,NA
2013,"Red-headed Bullfinch","2013",NA,NA,NA,NA,NA,NA,NA,NA,NA,NA,NA,NA,NA,NA,NA
2014,"Red-headed Bullfinch","2014",NA,NA,NA,NA,NA,NA,NA,NA,NA,NA,NA,NA,NA,NA,NA
2015,"Red-headed Bullfinch","2015",0.00252778017477191,0.00554835001702929,0.0107611533617627,NA,NA,NA,100,100,100,NA,NA,NA,100,100,100
2016,"Red-headed Bullfinch","2016",0.00403398661990912,0.00766124656757585,0.0134445330438843,NA,NA,NA,80.2251196842945,137.817039631983,266.637547500608,NA,NA,NA,80.2251196842945,137.817039631983,266.637547500608
2017,"Red-headed Bullfinch","2017",0.00343054729598488,0.00636864970761838,0.0110801971627377,NA,NA,NA,66.7807354004391,114.10236147913,212.400007323471,NA,NA,NA,66.7807354004391,114.10236147913,212.400007323471
2018,"Red-headed Bullfinch","2018",0.00416342373970137,0.0075415071382962,0.0129208268997469,NA,NA,NA,78.3166598050622,136.333427811995,248.518669688897,NA,NA,NA,78.3166598050622,136.333427811995,248.518669688897
2019,"Red-headed Bullfinch","2019",0.00252043268895385,0.00452347108948865,0.00773535991860438,NA,NA,NA,48.3043510178779,81.4737038210536,153.362007816835,NA,NA,NA,48.3043510178779,81.4737038210536,153.362007816835
2020,"Red-headed Bullfinch","2020",0.00531115219208466,0.00956362576216698,0.0161252404324343,NA,NA,NA,102.118470900171,171.332768834939,342.009273819022,NA,NA,NA,102.118470900171,171.332768834939,342.009273819022
2021,"Red-headed Bullfinch","2021",0.00363527260923829,0.00658981363408398,0.011152125384491,NA,NA,NA,70.9052909868748,119.743610579097,227.021014400209,NA,NA,NA,70.9052909868748,119.743610579097,227.021014400209
2022,"Red-headed Bullfinch","2022",0.0028412707213392,0.00524020642398414,0.00911740997584198,NA,NA,NA,57.1729017740679,94.3409376893782,188.697740376147,NA,NA,NA,57.1729017740679,94.3409376893782,188.697740376147
2023,"Red-headed Bullfinch","2023",0.00436134074681922,0.00777323731480396,0.0130048041879561,NA,NA,NA,86.276521619583,139.608538261919,279.262589735848,NA,NA,NA,86.276521619583,139.608538261919,279.262589735848
2024,"Red-headed Bullfinch","2024",0.00390576640547788,0.00689062643178353,0.0116712494652588,NA,NA,NA,73.9204998757927,124.872021679441,228.086312472087,NA,NA,NA,73.9204998757927,124.872021679441,228.086312472087
2025,"Red-headed Bullfinch","2025",0.00352413456068994,0.00624164748791467,0.0105101540883345,NA,NA,NA,69.9660095478478,112.969052411431,206.345796544653,NA,NA,NA,69.9660095478478,112.969052411431,206.345796544653
2026,"Red-headed Bullfinch","2026",NA,NA,NA,NA,NA,NA,NA,NA,NA,89.1834794349281,121.882650230409,166.217074868718,89.1834794349281,121.882650230409,166.217074868718
2027,"Red-headed Bullfinch","2027",NA,NA,NA,NA,NA,NA,NA,NA,NA,85.7098464905573,122.288547403881,173.821552170788,85.7098464905573,122.288547403881,173.821552170788
2028,"Red-headed Bullfinch","2028",NA,NA,NA,NA,NA,NA,NA,NA,NA,82.5910015759963,122.693279384373,181.509670724049,82.5910015759963,122.693279384373,181.509670724049
2029,"Red-headed Bullfinch","2029",NA,NA,NA,NA,NA,NA,NA,NA,NA,79.4018127014842,123.235203656735,190.625013377771,79.4018127014842,123.235203656735,190.625013377771
2030,"Red-headed Bullfinch","2030",NA,NA,NA,NA,NA,NA,NA,NA,NA,76.4871356242874,123.650395064321,199.872335616994,76.4871356242874,123.650395064321,199.872335616994
2031,"Red-headed Bullfinch","2031",NA,NA,NA,NA,NA,NA,NA,NA,NA,73.1649591630271,124.474154340536,210.62144687379,73.1649591630271,124.474154340536,210.62144687379
2032,"Red-headed Bullfinch","2032",NA,NA,NA,NA,NA,NA,NA,NA,NA,70.1117736155579,125.406865600529,221.014788368823,70.1117736155579,125.406865600529,221.014788368823
2033,"Red-headed Bullfinch","2033",NA,NA,NA,NA,NA,NA,NA,NA,NA,67.5191214301239,125.821455849588,231.592790461683,67.5191214301239,125.821455849588,231.592790461683
1991,"Spectacled Finch","before 2000",NA,NA,NA,NA,NA,NA,NA,NA,NA,NA,NA,NA,NA,NA,NA
2004,"Spectacled Finch","2000-2006",NA,NA,NA,NA,NA,NA,NA,NA,NA,NA,NA,NA,NA,NA,NA
2009,"Spectacled Finch","2007-2010",NA,NA,NA,NA,NA,NA,NA,NA,NA,NA,NA,NA,NA,NA,NA
2012,"Spectacled Finch","2011-2012",NA,NA,NA,NA,NA,NA,NA,NA,NA,NA,NA,NA,NA,NA,NA
2013,"Spectacled Finch","2013",NA,NA,NA,NA,NA,NA,NA,NA,NA,NA,NA,NA,NA,NA,NA
2014,"Spectacled Finch","2014",NA,NA,NA,NA,NA,NA,NA,NA,NA,NA,NA,NA,NA,NA,NA
2015,"Spectacled Finch","2015",0.00123953377227524,0.00507409780075249,0.0131435565616907,NA,NA,NA,100,100,100,NA,NA,NA,100,100,100
2016,"Spectacled Finch","2016",0.00511833719315497,0.0118297829393575,0.0249343374486506,NA,NA,NA,102.907934250987,233.627994939649,822.984808533158,NA,NA,NA,102.907934250987,233.627994939649,822.984808533158
2017,"Spectacled Finch","2017",1.41881221759695e-10,0.000533426375774798,0.00146471882214485,NA,NA,NA,3.2300117350611e-06,10.3792625114357,41.983463682252,NA,NA,NA,3.2300117350611e-06,10.3792625114357,41.983463682252
2018,"Spectacled Finch","2018",0.00176309032499601,0.00422621088472988,0.00879360860589856,NA,NA,NA,34.2669762443246,82.5040272102314,276.568222520744,NA,NA,NA,34.2669762443246,82.5040272102314,276.568222520744
2019,"Spectacled Finch","2019",0.000695056820839976,0.00173089568534325,0.00394709240080264,NA,NA,NA,13.3471016519378,34.3906535278912,137.942451574366,NA,NA,NA,13.3471016519378,34.3906535278912,137.942451574366
2020,"Spectacled Finch","2020",0.000236875828657384,0.000968691187408142,0.00233009840829998,NA,NA,NA,4.6070384067905,18.9295972715574,70.0869130038114,NA,NA,NA,4.6070384067905,18.9295972715574,70.0869130038114
2021,"Spectacled Finch","2021",0.000905539252164109,0.00231606745236648,0.00504165897763342,NA,NA,NA,17.3997030300939,45.9231960697009,169.145127716861,NA,NA,NA,17.3997030300939,45.9231960697009,169.145127716861
2022,"Spectacled Finch","2022",0.00015926487084308,0.000559547369445903,0.00129589431212862,NA,NA,NA,3.01593915550687,11.1536538575029,40.344642914542,NA,NA,NA,3.01593915550687,11.1536538575029,40.344642914542
2023,"Spectacled Finch","2023",0.00111927031416545,0.00258910866941854,0.00522862262944671,NA,NA,NA,22.2135163336203,51.2043506779649,168.333010412715,NA,NA,NA,22.2135163336203,51.2043506779649,168.333010412715
2024,"Spectacled Finch","2024",0.000151029103323034,0.000507002221311804,0.00127282105669504,NA,NA,NA,2.76347497118956,9.8792900616058,37.038812095671,NA,NA,NA,2.76347497118956,9.8792900616058,37.038812095671
2025,"Spectacled Finch","2025",0.00186645122672339,0.00410421452597662,0.00817914454257582,NA,NA,NA,37.5156811777302,80.8982983545037,256.242242451405,NA,NA,NA,37.5156811777302,80.8982983545037,256.242242451405
2026,"Spectacled Finch","2026",NA,NA,NA,NA,NA,NA,NA,NA,NA,4.88508598319104,19.2388081138824,75.5288634021172,4.88508598319104,19.2388081138824,75.5288634021172
2027,"Spectacled Finch","2027",NA,NA,NA,NA,NA,NA,NA,NA,NA,3.63898234915673,17.2358582009007,80.6993260910054,3.63898234915673,17.2358582009007,80.6993260910054
2028,"Spectacled Finch","2028",NA,NA,NA,NA,NA,NA,NA,NA,NA,2.69577597996318,15.4645754857151,87.3751807862617,2.69577597996318,15.4645754857151,87.3751807862617
2029,"Spectacled Finch","2029",NA,NA,NA,NA,NA,NA,NA,NA,NA,2.00220379402884,13.7839143553158,93.5151271176494,2.00220379402884,13.7839143553158,93.5151271176494
2030,"Spectacled Finch","2030",NA,NA,NA,NA,NA,NA,NA,NA,NA,1.47547258767109,12.3220920900418,101.273017833851,1.47547258767109,12.3220920900418,101.273017833851
2031,"Spectacled Finch","2031",NA,NA,NA,NA,NA,NA,NA,NA,NA,1.08842828104276,11.0062535430173,109.482514838281,1.08842828104276,11.0062535430173,109.482514838281
2032,"Spectacled Finch","2032",NA,NA,NA,NA,NA,NA,NA,NA,NA,0.796330255715322,9.7934415374762,119.860348770455,0.796330255715322,9.7934415374762,119.860348770455
2033,"Spectacled Finch","2033",NA,NA,NA,NA,NA,NA,NA,NA,NA,0.585262304076779,8.78109273255509,130.143068821539,0.585262304076779,8.78109273255509,130.143068821539
1991,"Yellow-breasted Greenfinch","before 2000",0.0176060154563458,0.0299507561735306,0.0457956148932733,100,100,100,NA,NA,NA,NA,NA,NA,NA,NA,NA
2004,"Yellow-breasted Greenfinch","2000-2006",0.0311530253765686,0.0508112577201354,0.0738596389068798,96.4023311156106,169.344316715462,294.37244371864,NA,NA,NA,NA,NA,NA,NA,NA,NA
2009,"Yellow-breasted Greenfinch","2007-2010",0.0553562997148245,0.0963366298858056,0.146741258207579,187.581809741327,324.139102451186,544.54392623106,NA,NA,NA,NA,NA,NA,NA,NA,NA
2012,"Yellow-breasted Greenfinch","2011-2012",0.0166923804466551,0.0298961441620868,0.0467633999459034,56.1369760164412,99.4207124304272,173.941636167504,NA,NA,NA,NA,NA,NA,NA,NA,NA
2013,"Yellow-breasted Greenfinch","2013",0.037661364313546,0.0620903307285732,0.0909522948239868,119.806642890747,207.586507668725,349.871405432907,NA,NA,NA,NA,NA,NA,NA,NA,NA
2014,"Yellow-breasted Greenfinch","2014",0.0213032093150546,0.0382898604976492,0.0602003370664888,68.7563422030564,127.847782802159,237.523090003371,NA,NA,NA,NA,NA,NA,NA,NA,NA
2015,"Yellow-breasted Greenfinch","2015",0.0370687099427055,0.0553745004000826,0.0764969342418726,120.188286947573,184.973154354587,298.376199399055,100,100,100,NA,NA,NA,100,100,100
2016,"Yellow-breasted Greenfinch","2016",0.0463917804642169,0.0640206062734095,0.0846223687714706,144.468742253371,215.886404830071,348.549866865164,87.3652763984518,115.943368452171,158.031528028612,NA,NA,NA,87.3652763984518,115.943368452171,158.031528028612
2017,"Yellow-breasted Greenfinch","2017",0.0222975748582785,0.0312169486048526,0.0419933637551677,68.6402518958965,105.773495154028,163.064711630326,42.6633561580526,56.6035426409387,75.9605886629601,NA,NA,NA,42.6633561580526,56.6035426409387,75.9605886629601
2018,"Yellow-breasted Greenfinch","2018",0.0388592323784931,0.0524124132122936,0.0696583047740313,118.239450855767,176.015395350655,279.244650462378,73.4197113815994,95.1225962732035,127.849572599641,NA,NA,NA,73.4197113815994,95.1225962732035,127.849572599641
2019,"Yellow-breasted Greenfinch","2019",0.0304078028272863,0.0412422853017737,0.0543820797322353,96.1800196931701,139.258767200216,217.580138029464,57.7890590001297,74.5940378653851,98.2803843453916,NA,NA,NA,57.7890590001297,74.5940378653851,98.2803843453916
2020,"Yellow-breasted Greenfinch","2020",0.0369684443641245,0.049603987969775,0.0660376967437029,114.344182734951,166.7774803396,260.169551040496,68.5931307941399,89.6885973907797,122.970727324244,NA,NA,NA,68.5931307941399,89.6885973907797,122.970727324244
2021,"Yellow-breasted Greenfinch","2021",0.0278105788657891,0.0375050722670116,0.050010352137384,86.277116715065,126.03769185721,198.24494461875,51.8143154805214,67.6301133213366,90.3794242779128,NA,NA,NA,51.8143154805214,67.6301133213366,90.3794242779128
2022,"Yellow-breasted Greenfinch","2022",0.0300257922944829,0.0405975053000467,0.0548614967001517,92.8714249937438,137.447883538749,218.022192567793,56.185869473959,73.9986346441629,98.2051700451756,NA,NA,NA,56.185869473959,73.9986346441629,98.2051700451756
2023,"Yellow-breasted Greenfinch","2023",0.0215944169843883,0.0294780585754316,0.039267229482135,66.872163128691,98.8019314706321,160.260626295626,40.1648082085946,53.641850302327,71.0683686094273,NA,NA,NA,40.1648082085946,53.641850302327,71.0683686094273
2024,"Yellow-breasted Greenfinch","2024",0.0237036707762758,0.0323216052153581,0.042320484290047,73.6023560897653,109.181647587405,170.561876934831,45.3925996312101,58.4713110213002,77.9556475789939,NA,NA,NA,45.3925996312101,58.4713110213002,77.9556475789939
2025,"Yellow-breasted Greenfinch","2025",0.0255177401928847,0.0340287851338495,0.044267998075919,78.632187945973,114.639265598556,176.85938327889,47.8879866333388,61.4327510596353,81.0852669763622,NA,NA,NA,47.8879866333388,61.4327510596353,81.0852669763622
2026,"Yellow-breasted Greenfinch","2026",NA,NA,NA,NA,NA,NA,NA,NA,NA,41.841818043705,54.1036340921913,69.982357222093,41.841818043705,54.1036340921913,69.982357222093
2027,"Yellow-breasted Greenfinch","2027",NA,NA,NA,NA,NA,NA,NA,NA,NA,38.3038228552105,51.2915371855133,68.7212423602723,38.3038228552105,51.2915371855133,68.7212423602723
2028,"Yellow-breasted Greenfinch","2028",NA,NA,NA,NA,NA,NA,NA,NA,NA,35.0578242137611,48.5644479562416,67.4438815334782,35.0578242137611,48.5644479562416,67.4438815334782
2029,"Yellow-breasted Greenfinch","2029",NA,NA,NA,NA,NA,NA,NA,NA,NA,32.0936959078627,46.0237505346787,66.179864815554,32.0936959078627,46.0237505346787,66.179864815554
2030,"Yellow-breasted Greenfinch","2030",NA,NA,NA,NA,NA,NA,NA,NA,NA,29.3268114251056,43.6409836707677,65.1358155349616,29.3268114251056,43.6409836707677,65.1358155349616
2031,"Yellow-breasted Greenfinch","2031",NA,NA,NA,NA,NA,NA,NA,NA,NA,26.7591046563664,41.2925848358035,64.0450244620201,26.7591046563664,41.2925848358035,64.0450244620201
2032,"Yellow-breasted Greenfinch","2032",NA,NA,NA,NA,NA,NA,NA,NA,NA,24.4249549920509,39.1117191768009,62.9924972378451,24.4249549920509,39.1117191768009,62.9924972378451
2033,"Yellow-breasted Greenfinch","2033",NA,NA,NA,NA,NA,NA,NA,NA,NA,22.337958941816,37.0614753331758,61.9269341471558,22.337958941816,37.0614753331758,61.9269341471558
1991,"Chestnut-eared Bunting","before 2000",NA,NA,NA,NA,NA,NA,NA,NA,NA,NA,NA,NA,NA,NA,NA
2004,"Chestnut-eared Bunting","2000-2006",NA,NA,NA,NA,NA,NA,NA,NA,NA,NA,NA,NA,NA,NA,NA
2009,"Chestnut-eared Bunting","2007-2010",NA,NA,NA,NA,NA,NA,NA,NA,NA,NA,NA,NA,NA,NA,NA
2012,"Chestnut-eared Bunting","2011-2012",NA,NA,NA,NA,NA,NA,NA,NA,NA,NA,NA,NA,NA,NA,NA
2013,"Chestnut-eared Bunting","2013",NA,NA,NA,NA,NA,NA,NA,NA,NA,NA,NA,NA,NA,NA,NA
2014,"Chestnut-eared Bunting","2014",NA,NA,NA,NA,NA,NA,NA,NA,NA,NA,NA,NA,NA,NA,NA
2015,"Chestnut-eared Bunting","2015",3.02488636900849e-09,0.0037975317769612,0.00916575358351882,NA,NA,NA,100,100,100,NA,NA,NA,100,100,100
2016,"Chestnut-eared Bunting","2016",0.00297880953936806,0.00767851632265532,0.0143822564728732,NA,NA,NA,66.4768379738758,200.16488363455,231646912.470429,NA,NA,NA,66.4768379738758,200.16488363455,231646912.470429
2017,"Chestnut-eared Bunting","2017",0.0015271661295496,0.00416257282256263,0.00836609302538251,NA,NA,NA,36.7535984065884,108.578054576924,66139792.8597874,NA,NA,NA,36.7535984065884,108.578054576924,66139792.8597874
2018,"Chestnut-eared Bunting","2018",0.00324777259875567,0.00695197525940442,0.0131381314100722,NA,NA,NA,71.7326341588557,185.945847691003,131912726.92425,NA,NA,NA,71.7326341588557,185.945847691003,131912726.92425
2019,"Chestnut-eared Bunting","2019",0.000862864160584101,0.00249182116391185,0.00502568664201112,NA,NA,NA,21.3881206939629,64.6633149770335,38832511.3579421,NA,NA,NA,21.3881206939629,64.6633149770335,38832511.3579421
2020,"Chestnut-eared Bunting","2020",0.0064861045366351,0.0133122293546825,0.0237358061771422,NA,NA,NA,137.994248172275,348.89304278089,238230752.313942,NA,NA,NA,137.994248172275,348.89304278089,238230752.313942
2021,"Chestnut-eared Bunting","2021",0.00271053119048524,0.00637848254231842,0.0119258596743201,NA,NA,NA,59.1452142154967,166.677602541966,130969086.678564,NA,NA,NA,59.1452142154967,166.677602541966,130969086.678564
2022,"Chestnut-eared Bunting","2022",0.000404087883144189,0.00165933787792096,0.00366442807515024,NA,NA,NA,11.2076117980331,43.4221744951176,19116680.7180681,NA,NA,NA,11.2076117980331,43.4221744951176,19116680.7180681
2023,"Chestnut-eared Bunting","2023",0.00350927778744922,0.0071653725136961,0.0123551133124147,NA,NA,NA,70.8151799769509,192.639279470934,244246254.795997,NA,NA,NA,70.8151799769509,192.639279470934,244246254.795997
2024,"Chestnut-eared Bunting","2024",0.00171938431890046,0.00387546919547008,0.00702946471023839,NA,NA,NA,38.9742842105436,101.51992341509,76568939.2934546,NA,NA,NA,38.9742842105436,101.51992341509,76568939.2934546
2025,"Chestnut-eared Bunting","2025",0.00275616817215806,0.00545559999459924,0.00963926971777271,NA,NA,NA,58.6888367605071,143.009149150871,162294802.268674,NA,NA,NA,58.6888367605071,143.009149150871,162294802.268674
2026,"Chestnut-eared Bunting","2026",NA,NA,NA,NA,NA,NA,NA,NA,NA,53.2271482145129,121.107394321649,278.592158705831,53.2271482145129,121.107394321649,278.592158705831
2027,"Chestnut-eared Bunting","2027",NA,NA,NA,NA,NA,NA,NA,NA,NA,47.2828351654701,119.546322532103,308.20780746213,47.2828351654701,119.546322532103,308.20780746213
2028,"Chestnut-eared Bunting","2028",NA,NA,NA,NA,NA,NA,NA,NA,NA,41.8358026406607,118.604704995382,343.814159755714,41.8358026406607,118.604704995382,343.814159755714
2029,"Chestnut-eared Bunting","2029",NA,NA,NA,NA,NA,NA,NA,NA,NA,37.1542407866802,117.133575073101,382.492391566403,37.1542407866802,117.133575073101,382.492391566403
2030,"Chestnut-eared Bunting","2030",NA,NA,NA,NA,NA,NA,NA,NA,NA,32.3963262078876,115.762864798529,425.336112283167,32.3963262078876,115.762864798529,425.336112283167
2031,"Chestnut-eared Bunting","2031",NA,NA,NA,NA,NA,NA,NA,NA,NA,28.4435761338202,115.078291559833,477.187783829149,28.4435761338202,115.078291559833,477.187783829149
2032,"Chestnut-eared Bunting","2032",NA,NA,NA,NA,NA,NA,NA,NA,NA,25.1350330888888,114.213999449162,531.593156314375,25.1350330888888,114.213999449162,531.593156314375
2033,"Chestnut-eared Bunting","2033",NA,NA,NA,NA,NA,NA,NA,NA,NA,22.0785597438981,113.027479000225,593.650010537375,22.0785597438981,113.027479000225,593.650010537375
