"eBird.English.Name.2025","eBird.Scientific.Name.2025","eBird.Code","Order","Family","SoIB.Past.Priority.Status","SoIB.Past.Long.Term.Status","SoIB.Past.Current.Status","SoIB.Past.Range.Status","Breeding.Activity.Period","Non.Breeding.Activity.Period","Diet.Guild","India.Endemic","Subcontinent.Endemic","Himalayas.Endemic","Endemic.Region","Habitat.Specialization","Migratory.Status.Within.India","Essential","Discard","Restricted.Islands","India.Checklist.Common.Name","India.Checklist.Scientific.Name","BLI.Common.Name","BLI.Scientific.Name","IUCN.Category","WPA.Schedule","CITES.Appendix","CMS.Appendix","Onepercent.Estimates","Avilist.English.Name","Avilist.Scientific.Name","Avibase.ID","Selected.NRL","Generation.Length","No.of.Subspecies","Percent.of.Global.Range","India.Checklist.Sortorder","Long.Term.Analysis","Current.Analysis","Selected.SoIB","totalrange25km","proprange25km2000","proprange25km.current","proprange25km.latestyear","mean5km","ci5km","proj2026.lci","proj2026.mean","proj2026.rci","proj2027.lci","proj2027.mean","proj2027.rci","proj2028.lci","proj2028.mean","proj2028.rci","proj2029.lci","proj2029.mean","proj2029.rci","proj2030.lci","proj2030.mean","proj2030.rci","proj2031.lci","proj2031.mean","proj2031.rci","proj2032.lci","proj2032.mean","proj2032.rci","proj2033.lci","proj2033.mean","proj2033.rci","proj2034.lci","proj2034.mean","proj2034.rci","longtermlci","longtermmean","longtermrci","currentslopelci","currentslopemean","currentsloperci","rangelci","rangemean","rangerci","SoIB.Latest.Long.Term.Status","SoIB.Latest.Current.Status","SoIB.Latest.Range.Status","SoIB.Latest.Priority.Status","SoIB.Major.Update.Long.Term.Status","SoIB.Major.Update.Current.Status","SoIB.Major.Update.Range.Status","SoIB.Major.Update.Priority.Status"
"Fulvous Whistling-Duck","Dendrocygna bicolor","fuwduc","Anseriformes","Anatidae (Ducks, Geese, and Waterfowl)",NA,NA,NA,NA,"24 hour","24 hour","Plant & Seed","No","No","No","Non-endemic","Wetland","Resident",NA,NA,NA,"Fulvous Whistling-Duck","Dendrocygna bicolor","Fulvous Whistling-duck","Dendrocygna bicolor","Least Concern","Schedule-I","","Appendix II",500,"Fulvous Whistling Duck","Dendrocygna bicolor","avibase-9A60617E",1,5.85,1,0.114404894,1,"","","X",53,NA,0.476415094339623,0.754716981132076,16.188679245283,1.59369108338845,NA,NA,NA,NA,NA,NA,NA,NA,NA,NA,NA,NA,NA,NA,NA,NA,NA,NA,NA,NA,NA,NA,NA,NA,NA,NA,NA,NA,NA,NA,NA,NA,NA,51785,51960,52135,"Insufficient Data","Insufficient Data",NA,"Low","Insufficient Data","Insufficient Data",NA,"Low"
"Lesser Whistling-Duck","Dendrocygna javanica","lewduc1","Anseriformes","Anatidae (Ducks, Geese, and Waterfowl)",NA,NA,NA,NA,"24 hour","24 hour","Plant & Seed","No","No","No","Non-endemic","Wetland","Resident",NA,NA,NA,"Lesser Whistling-Duck","Dendrocygna javanica","Lesser Whistling-duck","Dendrocygna javanica","Least Concern","Schedule-II","","Appendix II",10000,"Lesser Whistling Duck","Dendrocygna javanica","avibase-BD683E6E",1,5.55,1,0.368219476,2,"","X","X",156,0.032051282051282,0.431891025641026,0.666666666666667,16.6538461538462,0.86937779559826,148.916815436684,176.900339321761,209.582220723688,155.426625381802,189.133935711624,228.72194635665,162.09316156501,201.917532980539,249.84025360048,168.827092863415,215.447183614372,273.374403508008,176.05179730047,229.747823271731,299.158429082673,183.482952567015,245.102715502062,327.107326866729,191.046416109108,261.679001668155,357.89160433634,198.915472827971,279.513308810283,391.847456770678,NA,NA,NA,NA,NA,NA,5.2284831356664,8.01033577602884,10.7921884163913,118729,118761,118793,"Insufficient Data","Rapid Increase",NA,"Low","Insufficient Data","Trend Inconclusive",NA,"Low"
"Bar-headed Goose","Anser indicus","bahgoo","Anseriformes","Anatidae (Ducks, Geese, and Waterfowl)",NA,NA,NA,NA,"24 hour","24 hour","Plant & Seed","No","No","No","Non-endemic","Wetland","Winter Migrant & Localized Summer Migrant",1,NA,NA,"Bar-headed Goose","Anser indicus","Bar-headed Goose","Anser indicus","Least Concern","Schedule-II","","Appendix II",NA,"Bar-headed Goose","Anser indicus","avibase-B7159EF0",1,10.46,1,0.332840659,3,"","","X",57,NA,0.24780701754386,0.491228070175439,17.5438596491228,1.44049228957286,NA,NA,NA,NA,NA,NA,NA,NA,NA,NA,NA,NA,NA,NA,NA,NA,NA,NA,NA,NA,NA,NA,NA,NA,NA,NA,NA,NA,NA,NA,NA,NA,NA,28102,28168,28234,"Insufficient Data","Insufficient Data",NA,"Low","Insufficient Data","Insufficient Data",NA,"Low"
"Graylag Goose","Anser anser","gragoo","Anseriformes","Anatidae (Ducks, Geese, and Waterfowl)",NA,NA,NA,NA,"24 hour","24 hour","Plant & Seed","No","No","No","Non-endemic","Wetland","Winter Migrant",NA,NA,NA,"Greylag Goose","Anser anser","Greylag Goose","Anser anser","Least Concern","Schedule-II","","Appendix II",250,"Greylag Goose","Anser anser","avibase-4AED44E8",1,9.76,1,0.076884451,4,"","","X",2,NA,NA,NA,16,17.64,NA,NA,NA,NA,NA,NA,NA,NA,NA,NA,NA,NA,NA,NA,NA,NA,NA,NA,NA,NA,NA,NA,NA,NA,NA,NA,NA,NA,NA,NA,NA,NA,NA,0,0,0,"Insufficient Data","Insufficient Data",NA,"Low","Insufficient Data","Insufficient Data",NA,"Low"
"Greater White-fronted Goose","Anser albifrons","gwfgoo","Anseriformes","Anatidae (Ducks, Geese, and Waterfowl)",NA,NA,NA,NA,"24 hour","24 hour","Plant & Seed","No","No","No","Non-endemic","Wetland","Winter Migrant",NA,1,NA,"Greater White-fronted Goose","Anser albifrons","Greater White-fronted Goose","Anser albifrons","Least Concern","Schedule-II","","Appendix II",NA,"Greater White-fronted Goose","Anser albifrons","avibase-466E9077",1,9.71,1,0.020754927,5,"","","",NA,NA,NA,NA,NA,NA,NA,NA,NA,NA,NA,NA,NA,NA,NA,NA,NA,NA,NA,NA,NA,NA,NA,NA,NA,NA,NA,NA,NA,NA,NA,NA,NA,NA,NA,NA,NA,NA,NA,NA,NA,NA,NA,NA,NA,NA,NA,NA,NA,NA
"Lesser White-fronted Goose","Anser erythropus","lwfgoo","Anseriformes","Anatidae (Ducks, Geese, and Waterfowl)",NA,NA,NA,NA,"Diurnal","Diurnal","Plant & Seed","No","No","No","Non-endemic","Wetland","Winter Migrant",NA,1,NA,"Lesser White-fronted Goose","Anser erythropus","Lesser White-fronted Goose","Anser erythropus","Vulnerable","Schedule-II","","Appendix I",NA,"Lesser White-fronted Goose","Anser erythropus","avibase-184D2329",1,9.29,1,NA,6,"","","",NA,NA,NA,NA,NA,NA,NA,NA,NA,NA,NA,NA,NA,NA,NA,NA,NA,NA,NA,NA,NA,NA,NA,NA,NA,NA,NA,NA,NA,NA,NA,NA,NA,NA,NA,NA,NA,NA,NA,NA,NA,NA,NA,NA,NA,NA,NA,NA,NA,NA
"Taiga Bean-Goose","Anser fabalis","taibeg1","Anseriformes","Anatidae (Ducks, Geese, and Waterfowl)",NA,NA,NA,NA,"24 hour","24 hour","Plant & Seed","No","No","No","Non-endemic","Wetland","Winter Migrant",NA,1,NA,"Taiga Bean-Goose","Anser fabalis","Bean Goose","Anser fabalis","Least Concern","Schedule-II","","Appendix II",NA,"Taiga Bean Goose","Anser fabalis","avibase-BDB497A3",NA,8.28,2,NA,7,"","","",NA,NA,NA,NA,NA,NA,NA,NA,NA,NA,NA,NA,NA,NA,NA,NA,NA,NA,NA,NA,NA,NA,NA,NA,NA,NA,NA,NA,NA,NA,NA,NA,NA,NA,NA,NA,NA,NA,NA,NA,NA,NA,NA,NA,NA,NA,NA,NA,NA,NA
"Tundra Bean-Goose","Anser serrirostris","tunbeg1","Anseriformes","Anatidae (Ducks, Geese, and Waterfowl)",NA,NA,NA,NA,"24 hour","24 hour","Plant & Seed","No","No","No","Non-endemic","Wetland","Winter Migrant",NA,1,NA,"Tundra Bean-Goose","Anser serrirostris","Not at species rank","Anser fabalis serrirostris","Not recognized","Schedule-II","","Appendix II",NA,"Tundra Bean Goose","Anser serrirostris","avibase-AD849FCB",1,11.86,2,NA,8,"","","",NA,NA,NA,NA,NA,NA,NA,NA,NA,NA,NA,NA,NA,NA,NA,NA,NA,NA,NA,NA,NA,NA,NA,NA,NA,NA,NA,NA,NA,NA,NA,NA,NA,NA,NA,NA,NA,NA,NA,NA,NA,NA,NA,NA,NA,NA,NA,NA,NA,NA
"Barnacle Goose","Branta leucopsis","bargoo","Anseriformes","Anatidae (Ducks, Geese, and Waterfowl)",NA,NA,NA,NA,"24 hour","24 hour","Plant & Seed","No","No","No","Non-endemic","Wetland","Winter Migrant",NA,1,NA,"Barnacle Goose","Branta leucopsis","Barnacle Goose","Branta leucopsis","Least Concern","Recent addition","","Appendix II",NA,"Barnacle Goose","Branta leucopsis","avibase-3163ED86",NA,11.86,1,NA,9,"","","",NA,NA,NA,NA,NA,NA,NA,NA,NA,NA,NA,NA,NA,NA,NA,NA,NA,NA,NA,NA,NA,NA,NA,NA,NA,NA,NA,NA,NA,NA,NA,NA,NA,NA,NA,NA,NA,NA,NA,NA,NA,NA,NA,NA,NA,NA,NA,NA,NA,NA
"Red-breasted Goose","Branta ruficollis","rebgoo1","Anseriformes","Anatidae (Ducks, Geese, and Waterfowl)",NA,NA,NA,NA,"No information","No information","Plant & Seed","No","No","No","Non-endemic","Wetland","Winter Migrant",NA,1,NA,"Red-breasted Goose","Branta ruficollis","Red-breasted Goose","Branta ruficollis","Vulnerable","Schedule-II","Appendix II","Appendix I",NA,"Red-breasted Goose","Branta ruficollis","avibase-0D280B3F",NA,10.76,1,NA,10,"","","",NA,NA,NA,NA,NA,NA,NA,NA,NA,NA,NA,NA,NA,NA,NA,NA,NA,NA,NA,NA,NA,NA,NA,NA,NA,NA,NA,NA,NA,NA,NA,NA,NA,NA,NA,NA,NA,NA,NA,NA,NA,NA,NA,NA,NA,NA,NA,NA,NA,NA
"Mute Swan","Cygnus olor","mutswa","Anseriformes","Anatidae (Ducks, Geese, and Waterfowl)",NA,NA,NA,NA,"24 hour","24 hour","Plant & Seed","No","No","No","Non-endemic","Wetland","Winter Migrant",NA,1,NA,"Mute Swan","Cygnus olor","Mute Swan","Cygnus olor","Least Concern","Schedule-II","","Appendix II",NA,"Mute Swan","Cygnus olor","avibase-694C127A",NA,12.42,1,NA,11,"","","",NA,NA,NA,NA,NA,NA,NA,NA,NA,NA,NA,NA,NA,NA,NA,NA,NA,NA,NA,NA,NA,NA,NA,NA,NA,NA,NA,NA,NA,NA,NA,NA,NA,NA,NA,NA,NA,NA,NA,NA,NA,NA,NA,NA,NA,NA,NA,NA,NA,NA
"Tundra Swan","Cygnus columbianus","tunswa","Anseriformes","Anatidae (Ducks, Geese, and Waterfowl)",NA,NA,NA,NA,"No information","No information","Plant & Seed","No","No","No","Non-endemic","Wetland","Winter Migrant",NA,1,NA,"Tundra Swan","Cygnus columbianus","Tundra Swan","Cygnus columbianus","Least Concern","Schedule-II","","Appendix II",NA,"Tundra Swan","Cygnus columbianus","avibase-0BCBA6B9",NA,12.19,1,NA,12,"","","",NA,NA,NA,NA,NA,NA,NA,NA,NA,NA,NA,NA,NA,NA,NA,NA,NA,NA,NA,NA,NA,NA,NA,NA,NA,NA,NA,NA,NA,NA,NA,NA,NA,NA,NA,NA,NA,NA,NA,NA,NA,NA,NA,NA,NA,NA,NA,NA,NA,NA
"Whooper Swan","Cygnus cygnus","whoswa","Anseriformes","Anatidae (Ducks, Geese, and Waterfowl)",NA,NA,NA,NA,"No information","No information","Plant & Seed","No","No","No","Non-endemic","Wetland","Winter Migrant",NA,1,NA,"Whooper Swan","Cygnus cygnus","Whooper Swan","Cygnus cygnus","Least Concern","Schedule-II","","Appendix II",NA,"Whooper Swan","Cygnus cygnus","avibase-BDDB5670",NA,9.66,1,NA,13,"","","",NA,NA,NA,NA,NA,NA,NA,NA,NA,NA,NA,NA,NA,NA,NA,NA,NA,NA,NA,NA,NA,NA,NA,NA,NA,NA,NA,NA,NA,NA,NA,NA,NA,NA,NA,NA,NA,NA,NA,NA,NA,NA,NA,NA,NA,NA,NA,NA,NA,NA
"Knob-billed Duck","Sarkidiornis melanotos","comduc2","Anseriformes","Anatidae (Ducks, Geese, and Waterfowl)",NA,NA,NA,NA,"Diurnal","Diurnal","Plant & Seed","No","No","No","Non-endemic","Wetland","Resident",NA,NA,NA,"Knob-billed Duck","Sarkidiornis melanotos","Knob-billed Duck","Sarkidiornis melanotos","Least Concern","Schedule-II","Appendix II","Appendix II",250,"Knob-billed Duck","Sarkidiornis melanotos","avibase-3948131B",1,7.38,1,0.052261303,14,"","","X",86,NA,0.357558139534884,0.523255813953488,15.7674418604651,1.19676376732314,NA,NA,NA,NA,NA,NA,NA,NA,NA,NA,NA,NA,NA,NA,NA,NA,NA,NA,NA,NA,NA,NA,NA,NA,NA,NA,NA,NA,NA,NA,NA,NA,NA,50885,50885,50885,"Insufficient Data","Insufficient Data",NA,"Low","Insufficient Data","Insufficient Data",NA,"Low"
"Ruddy Shelduck","Tadorna ferruginea","rudshe","Anseriformes","Anatidae (Ducks, Geese, and Waterfowl)",NA,NA,NA,NA,"24 hour","24 hour","Plant & Seed","No","No","No","Non-endemic","Wetland","Winter Migrant & Localized Summer Migrant",NA,NA,NA,"Ruddy Shelduck","Tadorna ferruginea","Ruddy Shelduck","Tadorna ferruginea","Least Concern","Schedule-II","","Appendix II",500,"Ruddy Shelduck","Tadorna ferruginea","avibase-1F9D883E",1,6.41,1,0.108056476,15,"","","X",3,NA,0.333333333333333,NA,14.6666666666667,5.34776381095667,NA,NA,NA,NA,NA,NA,NA,NA,NA,NA,NA,NA,NA,NA,NA,NA,NA,NA,NA,NA,NA,NA,NA,NA,NA,NA,NA,NA,NA,NA,NA,NA,NA,763,763,763,"Insufficient Data","Insufficient Data",NA,"Moderate","Insufficient Data","Insufficient Data",NA,"Low"
"Common Shelduck","Tadorna tadorna","comshe","Anseriformes","Anatidae (Ducks, Geese, and Waterfowl)",NA,NA,NA,NA,"24 hour","24 hour","Invertebrate","No","No","No","Non-endemic","Wetland","Winter Migrant",NA,NA,NA,"Common Shelduck","Tadorna tadorna","Common Shelduck","Tadorna tadorna","Least Concern","Schedule-II","","Appendix II",1000,"Common Shelduck","Tadorna tadorna","avibase-5EAB32D3",1,10.05,1,0.009668316,16,"","","",NA,NA,NA,NA,NA,NA,NA,NA,NA,NA,NA,NA,NA,NA,NA,NA,NA,NA,NA,NA,NA,NA,NA,NA,NA,NA,NA,NA,NA,NA,NA,NA,NA,NA,NA,NA,NA,NA,NA,NA,NA,NA,NA,NA,NA,NA,NA,NA,NA,NA
"Cotton Pygmy-Goose","Nettapus coromandelianus","copgoo1","Anseriformes","Anatidae (Ducks, Geese, and Waterfowl)",NA,NA,NA,NA,"Diurnal","Diurnal","Plant & Seed","No","No","No","Non-endemic","Wetland","Resident",NA,NA,NA,"Cotton Pygmy-Goose","Nettapus coromandelianus","Cotton Pygmy-goose","Nettapus coromandelianus","Least Concern","Schedule-I","","Appendix II",1000,"Cotton Pygmy Goose","Nettapus coromandelianus","avibase-90AAE188",1,4.73,1,0.266820641,17,"","X","X",98,0.0816326530612245,0.348214285714286,0.479591836734694,17.8673469387755,1.0177821045642,91.6003130300932,105.170480748794,121.374887009318,91.117128458824,106.670646695143,125.133780377352,90.4741199027904,108.10036556097,129.168026960073,89.8288099420903,109.595595047851,133.679603939655,89.4382176820718,111.133599674832,138.163346499195,88.9413152342479,112.959538593563,142.933858602323,88.4389700940691,114.714275163541,148.138237458641,87.7995760703219,116.189766316003,153.360764037719,NA,NA,NA,NA,NA,NA,-0.814848363368708,1.26232921671948,3.33950679680767,75751,75830,75909,"Insufficient Data","Stable",NA,"Moderate","Insufficient Data","Trend Inconclusive",NA,"Low"
"Mandarin Duck","Aix galericulata","manduc","Anseriformes","Anatidae (Ducks, Geese, and Waterfowl)",NA,NA,NA,NA,"24 hour","24 hour","Plant & Seed","No","No","No","Non-endemic","Wetland","Winter Migrant",NA,1,NA,"Mandarin Duck","Aix galericulata","Mandarin Duck","Aix galericulata","Least Concern","Schedule-II","","Appendix II",NA,"Mandarin Duck","Aix galericulata","avibase-E1714A09",NA,5.1,1,NA,18,"","","",NA,NA,NA,NA,NA,NA,NA,NA,NA,NA,NA,NA,NA,NA,NA,NA,NA,NA,NA,NA,NA,NA,NA,NA,NA,NA,NA,NA,NA,NA,NA,NA,NA,NA,NA,NA,NA,NA,NA,NA,NA,NA,NA,NA,NA,NA,NA,NA,NA,NA
"Baikal Teal","Sibirionetta formosa","baitea","Anseriformes","Anatidae (Ducks, Geese, and Waterfowl)",NA,NA,NA,NA,"24 hour","24 hour","Plant & Seed","No","No","No","Non-endemic","Wetland","Winter Migrant",NA,1,NA,"Baikal Teal","Sibirionetta formosa","Baikal Teal","Sibirionetta formosa","Least Concern","Schedule-II","Appendix II","Appendix I",NA,"Baikal Teal","Sibirionetta formosa","avibase-63EABB42",1,5.08,1,NA,19,"","","",NA,NA,NA,NA,NA,NA,NA,NA,NA,NA,NA,NA,NA,NA,NA,NA,NA,NA,NA,NA,NA,NA,NA,NA,NA,NA,NA,NA,NA,NA,NA,NA,NA,NA,NA,NA,NA,NA,NA,NA,NA,NA,NA,NA,NA,NA,NA,NA,NA,NA
"Garganey","Spatula querquedula","gargan","Anseriformes","Anatidae (Ducks, Geese, and Waterfowl)",NA,NA,NA,NA,"24 hour","24 hour","Plant & Seed","No","No","No","Non-endemic","Wetland","Winter Migrant",NA,NA,NA,"Garganey","Spatula querquedula","Garganey","Spatula querquedula","Least Concern","Schedule-II","","Appendix II",NA,"Garganey","Spatula querquedula","avibase-F577BA0F",1,4.33,1,0.068281817,20,"","X","X",151,0.0662251655629139,0.44205298013245,0.576158940397351,16.9933774834437,0.889312440196784,25.5522814219378,30.2400142690629,35.7383097986947,22.0614292645081,26.6760552372342,32.2372921427369,19.0352537761858,23.5522125635329,29.106530222605,16.4286154702567,20.7807755647581,26.2971433781924,14.1532451613953,18.3336004841367,23.7651545872413,12.2035085211062,16.1750080167679,21.4911780407354,10.5083136122319,14.2796997288596,19.4373345250793,9.04201468337171,12.6171774650414,17.5655959656693,NA,NA,NA,NA,NA,NA,-10.3285078064811,-8.27943265438939,-6.23035750229766,85547,85547,85547,"Insufficient Data","Rapid Decline",NA,"Moderate","Insufficient Data","Rapid Decline",NA,"Moderate"
"Northern Shoveler","Spatula clypeata","norsho","Anseriformes","Anatidae (Ducks, Geese, and Waterfowl)",NA,NA,NA,NA,"24 hour","24 hour","Plant & Seed","No","No","No","Non-endemic","Wetland","Winter Migrant",NA,NA,NA,"Northern Shoveler","Spatula clypeata","Northern Shoveler","Spatula clypeata","Least Concern","Schedule-II","","Appendix II",NA,"Northern Shoveler","Spatula clypeata","avibase-ED4CE8E7",1,4.64,1,0.060237558,21,"","X","X",125,0.08,0.422,0.464,17.256,0.95447955799601,20.8981543919791,27.5172788775637,36.1735054116089,17.5625375899724,24.0006560295791,32.7282513287697,14.7596045062503,20.922310912499,29.5879764812722,12.3823500565988,18.2491026851585,26.771769201499,10.3888687464056,15.9279617666525,24.2737451017175,8.74067037268713,13.9174745519381,21.9745807260024,7.33444947889829,12.133450400174,19.9188782219908,6.15168004566928,10.5693479269613,18.0784081545506,NA,NA,NA,NA,NA,NA,-13.0435279456604,-9.52411893510204,-6.00470992454372,74033,74099,74165,"Insufficient Data","Trend Inconclusive",NA,"Moderate","Insufficient Data","Rapid Decline",NA,"Moderate"
"Gadwall","Mareca strepera","gadwal","Anseriformes","Anatidae (Ducks, Geese, and Waterfowl)",NA,NA,NA,NA,"24 hour","24 hour","Plant & Seed","No","No","No","Non-endemic","Wetland","Winter Migrant",NA,NA,NA,"Gadwall","Mareca strepera","Gadwall","Mareca strepera","Least Concern","Schedule-II","","Appendix II",3000,"Gadwall","Mareca strepera","avibase-C235A4D7",1,4.41,1,0.058851355,22,"","","X",3,NA,0.333333333333333,NA,23.3333333333333,3.26666666666667,NA,NA,NA,NA,NA,NA,NA,NA,NA,NA,NA,NA,NA,NA,NA,NA,NA,NA,NA,NA,NA,NA,NA,NA,NA,NA,NA,NA,NA,NA,NA,NA,NA,2280,2307,2334,"Insufficient Data","Insufficient Data",NA,"Low","Insufficient Data","Insufficient Data",NA,"Low"
"Falcated Duck","Mareca falcata","falduc","Anseriformes","Anatidae (Ducks, Geese, and Waterfowl)",NA,NA,NA,NA,"24 hour","24 hour","Plant & Seed","No","No","No","Non-endemic","Wetland","Winter Migrant",1,NA,NA,"Falcated Duck","Mareca falcata","Falcated Duck","Mareca falcata","Least Concern","Schedule-II","","Appendix II",NA,"Falcated Duck","Mareca falcata","avibase-978D4485",1,4.73,1,0.038758708,23,"","","X",1,NA,NA,NA,17,NA,NA,NA,NA,NA,NA,NA,NA,NA,NA,NA,NA,NA,NA,NA,NA,NA,NA,NA,NA,NA,NA,NA,NA,NA,NA,NA,NA,NA,NA,NA,NA,NA,NA,0,0,0,"Insufficient Data","Insufficient Data",NA,"Moderate","Insufficient Data","Insufficient Data",NA,"Moderate"
"Eurasian Wigeon","Mareca penelope","eurwig","Anseriformes","Anatidae (Ducks, Geese, and Waterfowl)",NA,NA,NA,NA,"24 hour","24 hour","Plant & Seed","No","No","No","Non-endemic","Wetland","Winter Migrant",NA,NA,NA,"Eurasian Wigeon","Mareca penelope","Eurasian Wigeon","Mareca penelope","Least Concern","Schedule-II","","Appendix II",2500,"Eurasian Wigeon","Mareca penelope","avibase-15EE0D36",1,4.73,1,0.045892686,24,"","X","X",58,0.120689655172414,0.353448275862069,0.431034482758621,17.4137931034483,1.43416705074434,40.5625612561704,55.0262925309421,74.6539144633074,36.201325186147,51.3190343213844,72.3909340211436,32.5090899396866,47.7462317378585,70.1751885747322,29.0022379788262,44.478284471955,68.2078309496742,25.9027279974015,41.5063946896692,66.2554942912898,22.9967766973965,38.600096188855,64.2759619171124,20.4990491088082,36.0027144778027,62.5911783192013,18.2727521236146,33.4085776405483,61.0072504070806,NA,NA,NA,NA,NA,NA,-11.8357108801562,-6.73530119332387,-1.63489150649152,22092,22162,22232,"Insufficient Data","Trend Inconclusive",NA,"Moderate","Insufficient Data","Trend Inconclusive",NA,"Low"
"Indian Spot-billed Duck","Anas poecilorhyncha","isbduc1","Anseriformes","Anatidae (Ducks, Geese, and Waterfowl)",NA,NA,NA,NA,"24 hour","24 hour","Plant & Seed","No","No","No","Non-endemic","Wetland","Resident",NA,NA,NA,"Indian Spot-billed Duck","Anas poecilorhyncha","Indian Spot-billed Duck","Anas poecilorhyncha","Least Concern","Schedule-II","","Appendix II",1000,"Indian Spot-billed Duck","Anas poecilorhyncha","avibase-759C5EB8",1,6.38,2,0.472695361,25,"","X","X",207,0.0434782608695652,0.577898550724638,0.792270531400966,16.1497584541063,0.758870753640451,98.7932255905867,107.108739425459,115.95155547022,98.7143525863994,108.129944635179,118.301849560946,98.5472162709317,109.164496674368,120.714878904661,98.4151330786847,110.154932956093,123.246303034941,98.2520478307829,111.138778561247,125.899595454918,98.1355959383617,112.215166887598,128.535435460687,97.9361254157663,113.36364918254,131.223658091398,97.7135152229627,114.431902637398,134.024016661202,NA,NA,NA,NA,NA,NA,-0.254953419752714,0.953177133764653,2.16130768728202,131978,131989,132000,"Insufficient Data","Stable",NA,"Low","Insufficient Data","Stable",NA,"Low"
"Eastern Spot-billed Duck","Anas zonorhyncha","spbduc","Anseriformes","Anatidae (Ducks, Geese, and Waterfowl)",NA,NA,NA,NA,"24 hour","24 hour","Plant & Seed","No","No","No","Non-endemic","Wetland","Winter Migrant",NA,NA,NA,"Eastern Spot-billed Duck","Anas zonorhyncha","Eastern Spot-billed Duck","Anas zonorhyncha","Least Concern","Schedule-II","","Appendix II",NA,"Eastern Spot-billed Duck","Anas zonorhyncha","avibase-E21470F9",1,6.16,1,NA,26,"","","",NA,NA,NA,NA,NA,NA,NA,NA,NA,NA,NA,NA,NA,NA,NA,NA,NA,NA,NA,NA,NA,NA,NA,NA,NA,NA,NA,NA,NA,NA,NA,NA,NA,NA,NA,NA,NA,NA,NA,NA,NA,NA,NA,NA,NA,NA,NA,NA,NA,NA
"Mallard","Anas platyrhynchos","mallar3","Anseriformes","Anatidae (Ducks, Geese, and Waterfowl)",NA,NA,NA,NA,"24 hour","24 hour","Plant & Seed","No","No","No","Non-endemic","Wetland","Winter Migrant & Localized Summer Migrant",NA,NA,NA,"Mallard","Anas platyrhynchos","Mallard","Anas platyrhynchos","Least Concern","Schedule-II","","Appendix II",NA,"Mallard","Anas platyrhynchos","avibase-85625D75",1,6.31,1,0.040458443,27,"","","",NA,NA,NA,NA,NA,NA,NA,NA,NA,NA,NA,NA,NA,NA,NA,NA,NA,NA,NA,NA,NA,NA,NA,NA,NA,NA,NA,NA,NA,NA,NA,NA,NA,NA,NA,NA,NA,NA,NA,NA,NA,NA,NA,NA,NA,"Low",NA,NA,NA,NA
"Northern Pintail","Anas acuta","norpin","Anseriformes","Anatidae (Ducks, Geese, and Waterfowl)",NA,NA,NA,NA,"24 hour","24 hour","Plant & Seed","No","No","No","Non-endemic","Wetland","Winter Migrant",NA,NA,NA,"Northern Pintail","Anas acuta","Northern Pintail","Anas acuta","Least Concern","Schedule-II","","Appendix II",20000,"Northern Pintail","Anas acuta","avibase-56CCA717",1,5.69,1,0.047391858,28,"","X","X",141,0.113475177304965,0.404255319148936,0.475177304964539,16.6524822695035,0.952096386295179,26.4286444266656,33.9090935265343,43.4645082127021,23.3135262640161,30.9232062713267,41.0061614560112,20.548219255693,28.2348745660504,38.6867924524128,18.0909806438377,25.7252616286674,36.5437634910432,15.9280317932975,23.4576049059316,34.4945598629213,14.0238677166639,21.399297347566,32.5940761987863,12.3371281186019,19.5082205310057,30.8030886276858,10.8641785610557,17.7955660983183,29.1442639970036,NA,NA,NA,NA,NA,NA,-8.39511339135244,-6.02294888788076,-3.65078438440908,80412,80412,80412,"Insufficient Data","Rapid Decline",NA,"High","Insufficient Data","Rapid Decline",NA,"Moderate"
"Green-winged Teal","Anas crecca","gnwtea","Anseriformes","Anatidae (Ducks, Geese, and Waterfowl)",NA,NA,NA,NA,"24 hour","24 hour","Plant & Seed","No","No","No","Non-endemic","Wetland","Winter Migrant",NA,NA,NA,"Common Teal","Anas crecca","Common Teal","Anas crecca","Least Concern","Schedule-II","","Appendix II",NA,"Green-winged Teal","Anas crecca","avibase-BC6C3CCE",1,5.64,1,0.075691768,29,"","","X",64,0.125,0.279296875,0.203125,17.84375,1.30973922605906,NA,NA,NA,NA,NA,NA,NA,NA,NA,NA,NA,NA,NA,NA,NA,NA,NA,NA,NA,NA,NA,NA,NA,NA,NA,NA,NA,NA,NA,NA,NA,NA,NA,26828,26896,26964,"Insufficient Data","Insufficient Data",NA,"Moderate","Insufficient Data","Insufficient Data",NA,"Low"
"Andaman Teal","Anas albogularis","andtea1","Anseriformes","Anatidae (Ducks, Geese, and Waterfowl)",NA,NA,NA,NA,"24 hour","24 hour","Plant & Seed","No","No","No","Andaman Islands","Wetland","Resident",NA,NA,1,"Andaman Teal","Anas albogularis","Andaman Teal","Anas albogularis","Near Threatened","Schedule-I","","",7,"Andaman Teal","Anas albogularis","avibase-EDB1BDAA",1,4.89,1,1,30,"","","",NA,NA,NA,NA,NA,NA,NA,NA,NA,NA,NA,NA,NA,NA,NA,NA,NA,NA,NA,NA,NA,NA,NA,NA,NA,NA,NA,NA,NA,NA,NA,NA,NA,NA,NA,NA,NA,NA,NA,NA,NA,NA,NA,NA,NA,"Moderate",NA,NA,NA,NA
"Marbled Duck","Marmaronetta angustirostris","martea1","Anseriformes","Anatidae (Ducks, Geese, and Waterfowl)",NA,NA,NA,NA,"Diurnal","Diurnal","Plant & Seed","No","No","No","Non-endemic","Wetland","Winter Migrant",1,NA,NA,"Marbled Duck","Marmaronetta angustirostris","Marbled Duck","Marmaronetta angustirostris","Near Threatened","Schedule-I","","Appendix I",50,"Marbled Duck","Marmaronetta angustirostris","avibase-6362936E",1,4.28,1,0.025873759,31,"","","",NA,NA,NA,NA,NA,NA,NA,NA,NA,NA,NA,NA,NA,NA,NA,NA,NA,NA,NA,NA,NA,NA,NA,NA,NA,NA,NA,NA,NA,NA,NA,NA,NA,NA,NA,NA,NA,NA,NA,NA,NA,NA,NA,NA,NA,"High",NA,NA,NA,NA
"Pink-headed Duck","Rhodonessa caryophyllacea","pihduc1","Anseriformes","Anatidae (Ducks, Geese, and Waterfowl)",NA,NA,NA,NA,"No information","No information","Plant & Seed","No","No","No","Non-endemic","Wetland","Uncertain",NA,1,NA,"Pink-headed Duck","Rhodonessa caryophyllacea","Pink-headed Duck","Rhodonessa caryophyllacea","Critically Endangered","Schedule-I","Appendix I","",1,"Pink-headed Duck","Rhodonessa caryophyllacea","avibase-8D0294E1",1,5.39,1,0.670796905,32,"","","",NA,NA,NA,NA,NA,NA,NA,NA,NA,NA,NA,NA,NA,NA,NA,NA,NA,NA,NA,NA,NA,NA,NA,NA,NA,NA,NA,NA,NA,NA,NA,NA,NA,NA,NA,NA,NA,NA,NA,NA,NA,NA,NA,NA,NA,NA,NA,NA,NA,NA
"White-winged Duck","Asarcornis scutulata","whwduc1","Anseriformes","Anatidae (Ducks, Geese, and Waterfowl)",NA,NA,NA,NA,"24 hour","24 hour","Plant & Seed","No","No","No","Non-endemic","Wetland","Resident",1,NA,NA,"White-winged Wood-Duck","Asarcornis scutulata","White-winged Duck","Asarcornis scutulata","Critically Endangered","Schedule-I","Appendix I","Appendix II",5,"White-winged Duck","Asarcornis scutulata","avibase-FDB6503B",1,6.6,1,0.082202361,33,"","","",NA,NA,NA,NA,NA,NA,NA,NA,NA,NA,NA,NA,NA,NA,NA,NA,NA,NA,NA,NA,NA,NA,NA,NA,NA,NA,NA,NA,NA,NA,NA,NA,NA,NA,NA,NA,NA,NA,NA,NA,NA,NA,NA,NA,NA,"High",NA,NA,NA,NA
"Red-crested Pochard","Netta rufina","recpoc","Anseriformes","Anatidae (Ducks, Geese, and Waterfowl)",NA,NA,NA,NA,"Diurnal","Diurnal","Plant & Seed","No","No","No","Non-endemic","Wetland","Winter Migrant",NA,NA,NA,"Red-crested Pochard","Netta rufina","Red-crested Pochard","Netta rufina","Least Concern","Schedule-II","","Appendix II",1000,"Red-crested Pochard","Netta rufina","avibase-3EC2CDA9",1,6.15,1,0.186291468,34,"","","X",1,NA,1,NA,17,NA,NA,NA,NA,NA,NA,NA,NA,NA,NA,NA,NA,NA,NA,NA,NA,NA,NA,NA,NA,NA,NA,NA,NA,NA,NA,NA,NA,NA,NA,NA,NA,NA,NA,115,127,139,"Insufficient Data","Insufficient Data",NA,"Low","Insufficient Data","Insufficient Data",NA,"Low"
"Common Pochard","Aythya ferina","compoc","Anseriformes","Anatidae (Ducks, Geese, and Waterfowl)",NA,NA,NA,NA,"24 hour","24 hour","Plant & Seed","No","No","No","Non-endemic","Wetland","Winter Migrant",NA,NA,NA,"Common Pochard","Aythya ferina","Common Pochard","Aythya ferina","Vulnerable","Schedule-I","","Appendix II",NA,"Common Pochard","Aythya ferina","avibase-A96692E0",1,5.55,1,0.086981848,35,"","","X",25,0.04,0.235,0.2,18.48,2.22647718155835,NA,NA,NA,NA,NA,NA,NA,NA,NA,NA,NA,NA,NA,NA,NA,NA,NA,NA,NA,NA,NA,NA,NA,NA,NA,NA,NA,NA,NA,NA,NA,NA,NA,5481,5529,5577,"Insufficient Data","Insufficient Data",NA,"Moderate","Insufficient Data","Insufficient Data",NA,"Moderate"
"Ferruginous Duck","Aythya nyroca","ferduc","Anseriformes","Anatidae (Ducks, Geese, and Waterfowl)",NA,NA,NA,NA,"24 hour","24 hour","Plant & Seed","No","No","No","Non-endemic","Wetland","Winter Migrant",NA,NA,NA,"Ferruginous Duck","Aythya nyroca","Ferruginous Duck","Aythya nyroca","Near Threatened","Schedule-II","","Appendix I",1000,"Ferruginous Duck","Aythya nyroca","avibase-7CF91527",1,5.4,1,0.055676043,36,"","","X",1,1,NA,NA,23,NA,NA,NA,NA,NA,NA,NA,NA,NA,NA,NA,NA,NA,NA,NA,NA,NA,NA,NA,NA,NA,NA,NA,NA,NA,NA,NA,NA,NA,NA,NA,NA,NA,NA,0,0,0,"Insufficient Data","Insufficient Data",NA,"Moderate","Insufficient Data","Insufficient Data",NA,"Moderate"
"Baer's Pochard","Aythya baeri","baepoc1","Anseriformes","Anatidae (Ducks, Geese, and Waterfowl)",NA,NA,NA,NA,"Diurnal","Diurnal","Plant & Seed","No","No","No","Non-endemic","Wetland","Winter Migrant",1,NA,NA,"Baer's Pochard","Aythya baeri","Baer's Pochard","Aythya baeri","Critically Endangered","Schedule-I","","Appendix I",NA,"Baer's Pochard","Aythya baeri","avibase-750FE708",1,5.75,1,0.038131833,37,"","","",NA,NA,NA,NA,NA,NA,NA,NA,NA,NA,NA,NA,NA,NA,NA,NA,NA,NA,NA,NA,NA,NA,NA,NA,NA,NA,NA,NA,NA,NA,NA,NA,NA,NA,NA,NA,NA,NA,NA,NA,NA,NA,NA,NA,NA,"High",NA,NA,NA,NA
"Tufted Duck","Aythya fuligula","tufduc","Anseriformes","Anatidae (Ducks, Geese, and Waterfowl)",NA,NA,NA,NA,"24 hour","24 hour","Omnivore","No","No","No","Non-endemic","Wetland","Winter Migrant",NA,NA,NA,"Tufted Duck","Aythya fuligula","Tufted Duck","Aythya fuligula","Least Concern","Schedule-II","","Appendix II",3900,"Tufted Duck","Aythya fuligula","avibase-67CEA1C1",1,6.01,1,0.092270565,38,"","","X",5,0.4,0.24,NA,21,2.70167355540968,NA,NA,NA,NA,NA,NA,NA,NA,NA,NA,NA,NA,NA,NA,NA,NA,NA,NA,NA,NA,NA,NA,NA,NA,NA,NA,NA,NA,NA,NA,NA,NA,NA,1386,1391,1396,"Insufficient Data","Insufficient Data",NA,"Moderate","Insufficient Data","Insufficient Data",NA,"Low"
"Greater Scaup","Aythya marila","gresca","Anseriformes","Anatidae (Ducks, Geese, and Waterfowl)",NA,NA,NA,NA,"24 hour","24 hour","Invertebrate","No","No","No","Non-endemic","Wetland","Winter Migrant",NA,1,NA,"Greater Scaup","Aythya marila","Greater Scaup","Aythya marila","Least Concern","Schedule-II","","Appendix II",NA,"Greater Scaup","Aythya marila","avibase-25C94A8F",1,6.54,1,NA,39,"","","",NA,NA,NA,NA,NA,NA,NA,NA,NA,NA,NA,NA,NA,NA,NA,NA,NA,NA,NA,NA,NA,NA,NA,NA,NA,NA,NA,NA,NA,NA,NA,NA,NA,NA,NA,NA,NA,NA,NA,NA,NA,NA,NA,NA,NA,NA,NA,NA,NA,NA
"Long-tailed Duck","Clangula hyemalis","lotduc","Anseriformes","Anatidae (Ducks, Geese, and Waterfowl)",NA,NA,NA,NA,"No information","No information","Invertebrate","No","No","No","Non-endemic","Wetland","Winter Migrant",NA,1,NA,"Long-tailed Duck","Clangula hyemalis","Long-tailed Duck","Clangula hyemalis","Vulnerable","Schedule-II","","Appendix II",NA,"Long-tailed Duck","Clangula hyemalis","avibase-AF0C7BDE",NA,5.67,1,NA,40,"","","",NA,NA,NA,NA,NA,NA,NA,NA,NA,NA,NA,NA,NA,NA,NA,NA,NA,NA,NA,NA,NA,NA,NA,NA,NA,NA,NA,NA,NA,NA,NA,NA,NA,NA,NA,NA,NA,NA,NA,NA,NA,NA,NA,NA,NA,NA,NA,NA,NA,NA
"Common Goldeneye","Bucephala clangula","comgol","Anseriformes","Anatidae (Ducks, Geese, and Waterfowl)",NA,NA,NA,NA,"Diurnal","Diurnal","Invertebrate","No","No","No","Non-endemic","Wetland","Winter Migrant",NA,1,NA,"Common Goldeneye","Bucephala clangula","Common Goldeneye","Bucephala clangula","Least Concern","Schedule-II","","Appendix II",NA,"Common Goldeneye","Bucephala clangula","avibase-68EA281A",1,8.17,1,NA,41,"","","",NA,NA,NA,NA,NA,NA,NA,NA,NA,NA,NA,NA,NA,NA,NA,NA,NA,NA,NA,NA,NA,NA,NA,NA,NA,NA,NA,NA,NA,NA,NA,NA,NA,NA,NA,NA,NA,NA,NA,NA,NA,NA,NA,NA,NA,NA,NA,NA,NA,NA
"Smew","Mergellus albellus","smew","Anseriformes","Anatidae (Ducks, Geese, and Waterfowl)",NA,NA,NA,NA,"Diurnal","Diurnal","Invertebrate","No","No","No","Non-endemic","Wetland","Winter Migrant",NA,1,NA,"Smew","Mergellus albellus","Smew","Mergellus albellus","Least Concern","Schedule-II","","Appendix II",NA,"Smew","Mergellus albellus","avibase-F1F52036",1,5.4,1,NA,42,"","","",NA,NA,NA,NA,NA,NA,NA,NA,NA,NA,NA,NA,NA,NA,NA,NA,NA,NA,NA,NA,NA,NA,NA,NA,NA,NA,NA,NA,NA,NA,NA,NA,NA,NA,NA,NA,NA,NA,NA,NA,NA,NA,NA,NA,NA,NA,NA,NA,NA,NA
"Common Merganser","Mergus merganser","commer","Anseriformes","Anatidae (Ducks, Geese, and Waterfowl)",NA,NA,NA,NA,"24 hour","24 hour","Vertebrate & Carrion","No","No","No","Non-endemic","Wetland","Winter Migrant & Localized Summer Migrant",NA,NA,NA,"Common Merganser","Mergus merganser","Goosander","Mergus merganser","Least Concern","Schedule-II","","Appendix II",50,"Common Merganser","Mergus merganser","avibase-407E2CA8",1,6.23,2,0.013061453,43,"","","",NA,NA,NA,NA,NA,NA,NA,NA,NA,NA,NA,NA,NA,NA,NA,NA,NA,NA,NA,NA,NA,NA,NA,NA,NA,NA,NA,NA,NA,NA,NA,NA,NA,NA,NA,NA,NA,NA,NA,NA,NA,NA,NA,NA,NA,"High",NA,NA,NA,NA
"Red-breasted Merganser","Mergus serrator","rebmer","Anseriformes","Anatidae (Ducks, Geese, and Waterfowl)",NA,NA,NA,NA,"24 hour","24 hour","Vertebrate & Carrion","No","No","No","Non-endemic","Wetland","Winter Migrant",NA,1,NA,"Red-breasted Merganser","Mergus serrator","Red-breasted Merganser","Mergus serrator","Least Concern","Schedule-II","","Appendix II",NA,"Red-breasted Merganser","Mergus serrator","avibase-8DB64266",NA,5.7,1,NA,44,"","","",NA,NA,NA,NA,NA,NA,NA,NA,NA,NA,NA,NA,NA,NA,NA,NA,NA,NA,NA,NA,NA,NA,NA,NA,NA,NA,NA,NA,NA,NA,NA,NA,NA,NA,NA,NA,NA,NA,NA,NA,NA,NA,NA,NA,NA,NA,NA,NA,NA,NA
"White-headed Duck","Oxyura leucocephala","whhduc1","Anseriformes","Anatidae (Ducks, Geese, and Waterfowl)",NA,NA,NA,NA,"No information","No information","Plant & Seed","No","No","No","Non-endemic","Wetland","Winter Migrant",NA,1,NA,"White-headed Duck","Oxyura leucocephala","White-headed Duck","Oxyura leucocephala","Endangered","Schedule-I","Appendix II","Appendix I",NA,"White-headed Duck","Oxyura leucocephala","avibase-2E40EF2C",NA,5.86,1,0.051930935,45,"","","",NA,NA,NA,NA,NA,NA,NA,NA,NA,NA,NA,NA,NA,NA,NA,NA,NA,NA,NA,NA,NA,NA,NA,NA,NA,NA,NA,NA,NA,NA,NA,NA,NA,NA,NA,NA,NA,NA,NA,NA,NA,NA,NA,NA,NA,NA,NA,NA,NA,NA
"Nicobar Megapode","Megapodius nicobariensis","nicscr1","Galliformes","Megapodiidae (Megapodes)",NA,NA,NA,NA,"24 hour","24 hour","Invertebrate","Yes","Yes","No","Nicobar Islands","Forest","Resident",NA,NA,1,"Nicobar Megapode","Megapodius nicobariensis","Nicobar Scrubfowl","Megapodius nicobariensis","Vulnerable","Schedule-I","","",NA,"Nicobar Megapode","Megapodius nicobariensis","avibase-F4042498",1,5.99,2,1,46,"","","",NA,NA,NA,NA,NA,NA,NA,NA,NA,NA,NA,NA,NA,NA,NA,NA,NA,NA,NA,NA,NA,NA,NA,NA,NA,NA,NA,NA,NA,NA,NA,NA,NA,NA,NA,NA,NA,NA,NA,NA,NA,NA,NA,NA,NA,"High",NA,NA,NA,NA
"Hill Partridge","Arborophila torqueola","hilpar1","Galliformes","Phasianidae (Pheasants, Grouse, and Allies)",NA,NA,NA,NA,"Diurnal","Diurnal","Plant & Seed","No","No","Yes","Himalayas","Forest","Resident",NA,NA,NA,"Hill Partridge","Arborophila torqueola","Hill Partridge","Arborophila torqueola","Least Concern","Schedule-II","","",NA,"Hill Partridge","Arborophila torqueola","avibase-E74469BF",1,5.04,4,0.291360731,47,"","","",NA,NA,NA,NA,NA,NA,NA,NA,NA,NA,NA,NA,NA,NA,NA,NA,NA,NA,NA,NA,NA,NA,NA,NA,NA,NA,NA,NA,NA,NA,NA,NA,NA,NA,NA,NA,NA,NA,NA,NA,NA,NA,NA,NA,NA,"Low",NA,NA,NA,NA
"Chestnut-breasted Partridge","Arborophila mandellii","chbpar2","Galliformes","Phasianidae (Pheasants, Grouse, and Allies)",NA,NA,NA,NA,"Diurnal","Diurnal","Omnivore","No","Yes","Yes","Eastern Himalayas","Forest","Resident",NA,NA,NA,"Chestnut-breasted Partridge","Arborophila mandellii","Chestnut-breasted Partridge","Arborophila mandellii","Near Threatened","Schedule-I","","",NA,"Chestnut-breasted Partridge","Arborophila mandellii","avibase-768C2230",1,5.11,1,0.683794172,48,"","","",NA,NA,NA,NA,NA,NA,NA,NA,NA,NA,NA,NA,NA,NA,NA,NA,NA,NA,NA,NA,NA,NA,NA,NA,NA,NA,NA,NA,NA,NA,NA,NA,NA,NA,NA,NA,NA,NA,NA,NA,NA,NA,NA,NA,NA,"Moderate",NA,NA,NA,NA
"Rufous-throated Partridge","Arborophila rufogularis","rutpar1","Galliformes","Phasianidae (Pheasants, Grouse, and Allies)",NA,NA,NA,NA,"Diurnal","Diurnal","Omnivore","No","No","No","Non-endemic","Forest","Resident",1,NA,NA,"Rufous-throated Partridge","Arborophila rufogularis","Rufous-throated Partridge","Arborophila rufogularis","Least Concern","Schedule-II","","",NA,"Rufous-throated Partridge","Arborophila rufogularis","avibase-5CEEFC64",1,5.16,2,0.193614792,49,"","","",NA,NA,NA,NA,NA,NA,NA,NA,NA,NA,NA,NA,NA,NA,NA,NA,NA,NA,NA,NA,NA,NA,NA,NA,NA,NA,NA,NA,NA,NA,NA,NA,NA,NA,NA,NA,NA,NA,NA,NA,NA,NA,NA,NA,NA,"Low",NA,NA,NA,NA
"White-cheeked Partridge","Arborophila atrogularis","whcpar1","Galliformes","Phasianidae (Pheasants, Grouse, and Allies)",NA,NA,NA,NA,"Diurnal","Diurnal","Omnivore","No","No","Yes","Eastern Himalayas","Forest","Resident",NA,NA,NA,"White-cheeked Partridge","Arborophila atrogularis","White-cheeked Partridge","Arborophila atrogularis","Least Concern","Schedule-II","","",NA,"White-cheeked Partridge","Arborophila atrogularis","avibase-65723342",1,4.73,1,0.479422392,50,"","","",NA,NA,NA,NA,NA,NA,NA,NA,NA,NA,NA,NA,NA,NA,NA,NA,NA,NA,NA,NA,NA,NA,NA,NA,NA,NA,NA,NA,NA,NA,NA,NA,NA,NA,NA,NA,NA,NA,NA,NA,NA,NA,NA,NA,NA,"Moderate",NA,NA,NA,NA
"Snow Partridge","Lerwa lerwa","snopar1","Galliformes","Phasianidae (Pheasants, Grouse, and Allies)",NA,NA,NA,NA,"Diurnal","Diurnal","Plant & Seed","No","No","No","Non-endemic","Alpine & Cold Desert","Resident & Altitudinal Migrant",NA,NA,NA,"Snow Partridge","Lerwa lerwa","Snow Partridge","Lerwa lerwa","Least Concern","Schedule-II","","",NA,"Snow Partridge","Lerwa lerwa","avibase-AEC62A99",1,6.36,1,0.150071514,51,"","","",NA,NA,NA,NA,NA,NA,NA,NA,NA,NA,NA,NA,NA,NA,NA,NA,NA,NA,NA,NA,NA,NA,NA,NA,NA,NA,NA,NA,NA,NA,NA,NA,NA,NA,NA,NA,NA,NA,NA,NA,NA,NA,NA,NA,NA,NA,NA,NA,NA,NA
"Blood Pheasant","Ithaginis cruentus","blophe1","Galliformes","Phasianidae (Pheasants, Grouse, and Allies)",NA,NA,NA,NA,"Diurnal","Diurnal","Plant & Seed","No","No","No","Non-endemic","Forest","Resident & Altitudinal Migrant",1,NA,NA,"Blood Pheasant","Ithaginis cruentus","Blood Pheasant","Ithaginis cruentus","Least Concern","Schedule-I","Appendix II","",NA,"Blood Pheasant","Ithaginis cruentus","avibase-FFF63987",1,6,4,0.041539364,52,"","","",NA,NA,NA,NA,NA,NA,NA,NA,NA,NA,NA,NA,NA,NA,NA,NA,NA,NA,NA,NA,NA,NA,NA,NA,NA,NA,NA,NA,NA,NA,NA,NA,NA,NA,NA,NA,NA,NA,NA,NA,NA,NA,NA,NA,NA,"Moderate",NA,NA,NA,NA
"Western Tragopan","Tragopan melanocephalus","westra1","Galliformes","Phasianidae (Pheasants, Grouse, and Allies)",NA,NA,NA,NA,"Diurnal","Diurnal","Plant & Seed","No","Yes","Yes","Western Himalayas","Forest","Resident & Altitudinal Migrant",NA,NA,NA,"Western Tragopan","Tragopan melanocephalus","Western Tragopan","Tragopan melanocephalus","Vulnerable","Schedule-I","Appendix I","",NA,"Western Tragopan","Tragopan melanocephalus","avibase-44BD6CF1",1,6.69,1,0.749804211,53,"","","",NA,NA,NA,NA,NA,NA,NA,NA,NA,NA,NA,NA,NA,NA,NA,NA,NA,NA,NA,NA,NA,NA,NA,NA,NA,NA,NA,NA,NA,NA,NA,NA,NA,NA,NA,NA,NA,NA,NA,NA,NA,NA,NA,NA,NA,"High",NA,NA,NA,NA
"Satyr Tragopan","Tragopan satyra","sattra1","Galliformes","Phasianidae (Pheasants, Grouse, and Allies)",NA,NA,NA,NA,"Diurnal","Diurnal","Plant & Seed","No","Yes","Yes","Indian Subcontinent","Forest","Resident & Altitudinal Migrant",NA,NA,NA,"Satyr Tragopan","Tragopan satyra","Satyr Tragopan","Tragopan satyra","Least Concern","Schedule-I","","",NA,"Satyr Tragopan","Tragopan satyra","avibase-FB26CE58",1,6.88,1,0.2789342,54,"","","",NA,NA,NA,NA,NA,NA,NA,NA,NA,NA,NA,NA,NA,NA,NA,NA,NA,NA,NA,NA,NA,NA,NA,NA,NA,NA,NA,NA,NA,NA,NA,NA,NA,NA,NA,NA,NA,NA,NA,NA,NA,NA,NA,NA,NA,"Moderate",NA,NA,NA,NA
"Blyth's Tragopan","Tragopan blythii","blytra1","Galliformes","Phasianidae (Pheasants, Grouse, and Allies)",NA,NA,NA,NA,"Diurnal","Diurnal","Omnivore","No","No","Yes","Eastern Himalayas","Forest","Resident & Altitudinal Migrant",NA,NA,NA,"Blyth's Tragopan","Tragopan blythii","Blyth's Tragopan","Tragopan blythii","Vulnerable","Schedule-I","Appendix I","",NA,"Blyth's Tragopan","Tragopan blythii","avibase-528CC7C2",1,6.96,2,0.477487865,55,"","","",NA,NA,NA,NA,NA,NA,NA,NA,NA,NA,NA,NA,NA,NA,NA,NA,NA,NA,NA,NA,NA,NA,NA,NA,NA,NA,NA,NA,NA,NA,NA,NA,NA,NA,NA,NA,NA,NA,NA,NA,NA,NA,NA,NA,NA,"High",NA,NA,NA,NA
"Temminck's Tragopan","Tragopan temminckii","temtra1","Galliformes","Phasianidae (Pheasants, Grouse, and Allies)",NA,NA,NA,NA,"Diurnal","Diurnal","Plant & Seed","No","No","No","Non-endemic","Forest","Resident",1,NA,NA,"Temminck's Tragopan","Tragopan temminckii","Temminck's Tragopan","Tragopan temminckii","Least Concern","Schedule-I","","",NA,"Temminck's Tragopan","Tragopan temminckii","avibase-5DDD7AA1",1,6.38,1,0.022228069,56,"","","",NA,NA,NA,NA,NA,NA,NA,NA,NA,NA,NA,NA,NA,NA,NA,NA,NA,NA,NA,NA,NA,NA,NA,NA,NA,NA,NA,NA,NA,NA,NA,NA,NA,NA,NA,NA,NA,NA,NA,NA,NA,NA,NA,NA,NA,"High",NA,NA,NA,NA
"Himalayan Monal","Lophophorus impejanus","himmon1","Galliformes","Phasianidae (Pheasants, Grouse, and Allies)",NA,NA,NA,NA,"Diurnal","Diurnal","Plant & Seed","No","No","Yes","Himalayas","Forest","Resident & Altitudinal Migrant",NA,NA,NA,"Himalayan Monal","Lophophorus impejanus","Himalayan Monal","Lophophorus impejanus","Least Concern","Schedule-I","Appendix I","",NA,"Himalayan Monal","Lophophorus impejanus","avibase-F57FA437",1,6.41,1,0.270813823,57,"","","",NA,NA,NA,NA,NA,NA,NA,NA,NA,NA,NA,NA,NA,NA,NA,NA,NA,NA,NA,NA,NA,NA,NA,NA,NA,NA,NA,NA,NA,NA,NA,NA,NA,NA,NA,NA,NA,NA,NA,NA,NA,NA,NA,NA,NA,"Low",NA,NA,NA,NA
"Sclater's Monal","Lophophorus sclateri","sclmon1","Galliformes","Phasianidae (Pheasants, Grouse, and Allies)",NA,NA,NA,NA,"Diurnal","Diurnal","Plant & Seed","No","No","Yes","Eastern Himalayas","Alpine & Cold Desert","Resident & Altitudinal Migrant",NA,NA,NA,"Sclater's Monal","Lophophorus sclateri","Sclater's Monal","Lophophorus sclateri","Least Concern","Schedule-I","Appendix I","",NA,"Sclater's Monal","Lophophorus sclateri","avibase-298DEB8C",1,7.59,2,0.493452603,58,"","","",NA,NA,NA,NA,NA,NA,NA,NA,NA,NA,NA,NA,NA,NA,NA,NA,NA,NA,NA,NA,NA,NA,NA,NA,NA,NA,NA,NA,NA,NA,NA,NA,NA,NA,NA,NA,NA,NA,NA,NA,NA,NA,NA,NA,NA,"High",NA,NA,NA,NA
"Koklass Pheasant","Pucrasia macrolopha","kokphe1","Galliformes","Phasianidae (Pheasants, Grouse, and Allies)",NA,NA,NA,NA,"Diurnal","Diurnal","Omnivore","No","No","No","Non-endemic","Forest","Resident",1,NA,NA,"Koklass Pheasant","Pucrasia macrolopha","Koklass Pheasant","Pucrasia macrolopha","Least Concern","Schedule-II","","",NA,"Koklass Pheasant","Pucrasia macrolopha","avibase-6383E214",1,5.06,5,0.051905562,59,"","","",NA,NA,NA,NA,NA,NA,NA,NA,NA,NA,NA,NA,NA,NA,NA,NA,NA,NA,NA,NA,NA,NA,NA,NA,NA,NA,NA,NA,NA,NA,NA,NA,NA,NA,NA,NA,NA,NA,NA,NA,NA,NA,NA,NA,NA,"Low",NA,NA,NA,NA
"Tibetan Partridge","Perdix hodgsoniae","tibpar1","Galliformes","Phasianidae (Pheasants, Grouse, and Allies)",NA,NA,NA,NA,"Diurnal","Diurnal","Omnivore","No","No","No","Non-endemic","Alpine & Cold Desert","Resident",NA,NA,NA,"Tibetan Partridge","Perdix hodgsoniae","Tibetan Partridge","Perdix hodgsoniae","Least Concern","Schedule-I","","",NA,"Tibetan Partridge","Perdix hodgsoniae","avibase-ABB81DC6",1,3.91,2,0.015813863,60,"","","",NA,NA,NA,NA,NA,NA,NA,NA,NA,NA,NA,NA,NA,NA,NA,NA,NA,NA,NA,NA,NA,NA,NA,NA,NA,NA,NA,NA,NA,NA,NA,NA,NA,NA,NA,NA,NA,NA,NA,NA,NA,NA,NA,NA,NA,NA,NA,NA,NA,NA
"Mrs. Hume's Pheasant","Syrmaticus humiae","humphe1","Galliformes","Phasianidae (Pheasants, Grouse, and Allies)",NA,NA,NA,NA,"Diurnal","Diurnal","Plant & Seed","No","No","No","Non-endemic","Forest","Resident",NA,NA,NA,"Mrs. Hume's Pheasant","Syrmaticus humiae","Mrs Hume's Pheasant","Syrmaticus humiae","Vulnerable","Schedule-I","Appendix I","",NA,"Mrs. Hume's Pheasant","Syrmaticus humiae","avibase-FAF7DC71",1,5.85,1,0.079361151,61,"","","",NA,NA,NA,NA,NA,NA,NA,NA,NA,NA,NA,NA,NA,NA,NA,NA,NA,NA,NA,NA,NA,NA,NA,NA,NA,NA,NA,NA,NA,NA,NA,NA,NA,NA,NA,NA,NA,NA,NA,NA,NA,NA,NA,NA,NA,NA,NA,NA,NA,NA
"Cheer Pheasant","Catreus wallichii","chephe1","Galliformes","Phasianidae (Pheasants, Grouse, and Allies)",NA,NA,NA,NA,"Diurnal","Diurnal","Plant & Seed","No","Yes","Yes","Western Himalayas","Forest","Resident",NA,NA,NA,"Cheer Pheasant","Catreus wallichii","Cheer Pheasant","Catreus wallichii","Vulnerable","Schedule-I","Appendix I","",NA,"Cheer Pheasant","Catreus wallichii","avibase-BCF98F51",1,5.91,1,0.570427633,62,"","","",NA,NA,NA,NA,NA,NA,NA,NA,NA,NA,NA,NA,NA,NA,NA,NA,NA,NA,NA,NA,NA,NA,NA,NA,NA,NA,NA,NA,NA,NA,NA,NA,NA,NA,NA,NA,NA,NA,NA,NA,NA,NA,NA,NA,NA,"Moderate",NA,NA,NA,NA
"Kalij Pheasant","Lophura leucomelanos","kalphe","Galliformes","Phasianidae (Pheasants, Grouse, and Allies)",NA,NA,NA,NA,"Diurnal","Diurnal","Omnivore","No","No","No","Non-endemic","Forest","Resident",NA,NA,NA,"Kalij Pheasant","Lophura leucomelanos","Kalij Pheasant","Lophura leucomelanos","Least Concern","Schedule-I","","",NA,"Kalij Pheasant","Lophura leucomelanos","avibase-93A17734",1,5.04,5,0.242479387,63,"","","",NA,NA,NA,NA,NA,NA,NA,NA,NA,NA,NA,NA,NA,NA,NA,NA,NA,NA,NA,NA,NA,NA,NA,NA,NA,NA,NA,NA,NA,NA,NA,NA,NA,NA,NA,NA,NA,NA,NA,NA,NA,NA,NA,NA,NA,"Low",NA,NA,NA,NA
"Indian Peafowl","Pavo cristatus","compea","Galliformes","Phasianidae (Pheasants, Grouse, and Allies)",NA,NA,NA,NA,"Diurnal","Diurnal","Plant & Seed","No","Yes","No","Indian Subcontinent","Non-specialized","Resident",NA,NA,NA,"Indian Peafowl","Pavo cristatus","Indian Peafowl","Pavo cristatus","Least Concern","Schedule-I","","",NA,"Indian Peafowl","Pavo cristatus","avibase-A8C34DC9",1,8.91,1,0.93022396,64,"X","X","X",239,0.0460251046025105,0.699790794979079,0.895397489539749,15.0627615062761,0.771011346921053,166.739936885174,187.691230712842,211.173271992263,172.038002440942,196.684936239747,224.787628793146,177.379708706657,206.163249949439,239.436784541677,182.736623151145,216.029044549206,255.126645900886,188.363560061511,226.33373019817,271.71490576397,194.011973291214,237.121294882762,289.461596501443,199.862764536706,248.580878213,308.521560825775,205.94061979727,260.431534675722,328.94428861457,NA,NA,NA,973.45852052393,1282.23043502499,1814.56878707017,31.5045817927267,49.6596656874468,67.8147495821669,142454,142464,142474,"Rapid Increase","Trend Inconclusive",NA,"Low","Rapid Increase","Rapid Increase",NA,"Low"
"Green Peafowl","Pavo muticus","grepea1","Galliformes","Phasianidae (Pheasants, Grouse, and Allies)",NA,NA,NA,NA,"Diurnal","Diurnal","Invertebrate","No","No","No","Non-endemic","Forest","Uncertain",NA,1,NA,"Green Peafowl","Pavo muticus","Green Peafowl","Pavo muticus","Endangered","Schedule-I","Appendix II","",NA,"Green Peafowl","Pavo muticus","avibase-990B9171",1,8.96,1,NA,65,"","","",NA,NA,NA,NA,NA,NA,NA,NA,NA,NA,NA,NA,NA,NA,NA,NA,NA,NA,NA,NA,NA,NA,NA,NA,NA,NA,NA,NA,NA,NA,NA,NA,NA,NA,NA,NA,NA,NA,NA,NA,NA,NA,NA,NA,NA,NA,NA,NA,NA,NA
"Red Spurfowl","Galloperdix spadicea","redspu1","Galliformes","Phasianidae (Pheasants, Grouse, and Allies)",NA,NA,NA,NA,"Diurnal","Diurnal","Omnivore","Yes","Yes","No","Mainland India","Forest","Resident",NA,NA,NA,"Red Spurfowl","Galloperdix spadicea","Red Spurfowl","Galloperdix spadicea","Least Concern","Schedule-II","","",NA,"Red Spurfowl","Galloperdix spadicea","avibase-730665C1",1,5.92,3,1,66,"","X","X",63,0.111111111111111,0.392857142857143,0.603174603174603,16.9206349206349,1.54804062896576,73.1943168331854,93.7862561469727,120.320295597473,69.6741404357825,92.4200323120123,122.736948750704,66.3315257223526,91.0727559365104,125.127725164859,63.2088597526407,89.5463418430636,127.337265220097,60.1526649554218,88.1736198847092,129.791088825828,57.1908255642338,86.7114956621715,132.254369481685,54.4027811966084,85.4058621327044,134.986637655426,51.781869630213,84.0831020703059,137.769416796701,NA,NA,NA,NA,NA,NA,-5.66173773578971,-1.53154750279535,2.59864273019901,40047,40124,40201,"Insufficient Data","Trend Inconclusive",NA,"Low","Insufficient Data","Trend Inconclusive",NA,"Low"
"Painted Spurfowl","Galloperdix lunulata","paispu1","Galliformes","Phasianidae (Pheasants, Grouse, and Allies)",NA,NA,NA,NA,"Diurnal","Diurnal","Omnivore","Yes","Yes","No","Mainland India","Forest & Plantation","Resident",NA,NA,NA,"Painted Spurfowl","Galloperdix lunulata","Painted Spurfowl","Galloperdix lunulata","Least Concern","Schedule-II","","",NA,"Painted Spurfowl","Galloperdix lunulata","avibase-3A5DB01C",1,5.43,1,1,67,"","","X",50,0.02,0.26,0.34,17.36,1.3873540860213,NA,NA,NA,NA,NA,NA,NA,NA,NA,NA,NA,NA,NA,NA,NA,NA,NA,NA,NA,NA,NA,NA,NA,NA,NA,NA,NA,NA,NA,NA,NA,NA,NA,39433,39589,39745,"Insufficient Data","Insufficient Data",NA,"Low","Insufficient Data","Insufficient Data",NA,"Moderate"
"Gray Peacock-Pheasant","Polyplectron bicalcaratum","grypep2","Galliformes","Phasianidae (Pheasants, Grouse, and Allies)",NA,NA,NA,NA,"Diurnal","Diurnal","Omnivore","No","No","No","Non-endemic","Forest","Resident",1,NA,NA,"Grey Peacock-Pheasant","Polyplectron bicalcaratum","Grey Peacock-Pheasant","Polyplectron bicalcaratum","Least Concern","Schedule-I","Appendix II","",NA,"Grey Peacock-Pheasant","Polyplectron bicalcaratum","avibase-824E5471",1,6.59,1,0.129834608,68,"","","",NA,NA,NA,NA,NA,NA,NA,NA,NA,NA,NA,NA,NA,NA,NA,NA,NA,NA,NA,NA,NA,NA,NA,NA,NA,NA,NA,NA,NA,NA,NA,NA,NA,NA,NA,NA,NA,NA,NA,NA,NA,NA,NA,NA,NA,"Moderate",NA,NA,NA,NA
"Mountain Bamboo-Partridge","Bambusicola fytchii","mobpar1","Galliformes","Phasianidae (Pheasants, Grouse, and Allies)",NA,NA,NA,NA,"Diurnal","Diurnal","Omnivore","No","No","No","Non-endemic","Forest","Resident",NA,NA,NA,"Mountain Bamboo-Partridge","Bambusicola fytchii","Mountain Bamboo-partridge","Bambusicola fytchii","Least Concern","Schedule-I","","",NA,"Mountain Bamboo Partridge","Bambusicola fytchii","avibase-A070B7F4",1,4.99,1,0.125963995,69,"","","",NA,NA,NA,NA,NA,NA,NA,NA,NA,NA,NA,NA,NA,NA,NA,NA,NA,NA,NA,NA,NA,NA,NA,NA,NA,NA,NA,NA,NA,NA,NA,NA,NA,NA,NA,NA,NA,NA,NA,NA,NA,NA,NA,NA,NA,NA,NA,NA,NA,NA
"Red Junglefowl","Gallus gallus","redjun","Galliformes","Phasianidae (Pheasants, Grouse, and Allies)",NA,NA,NA,NA,"Diurnal","Diurnal","Omnivore","No","No","No","Non-endemic","Forest","Resident",NA,NA,NA,"Red Junglefowl","Gallus gallus","Red Junglefowl","Gallus gallus","Least Concern","Schedule-II","","",NA,"Red Junglefowl","Gallus gallus","avibase-3749777E",1,4.7,2,0.199451778,70,"","","",NA,NA,NA,NA,NA,NA,NA,NA,NA,NA,NA,NA,NA,NA,NA,NA,NA,NA,NA,NA,NA,NA,NA,NA,NA,NA,NA,NA,NA,NA,NA,NA,NA,NA,NA,NA,NA,NA,NA,NA,NA,NA,NA,NA,NA,"Low",NA,NA,NA,NA
"Gray Junglefowl","Gallus sonneratii","grejun2","Galliformes","Phasianidae (Pheasants, Grouse, and Allies)",NA,NA,NA,NA,"Diurnal","Diurnal","Omnivore","Yes","Yes","No","Mainland India","Forest","Resident",NA,NA,NA,"Grey Junglefowl","Gallus sonneratii","Grey Junglefowl","Gallus sonneratii","Least Concern","Schedule-I","Appendix II","",NA,"Grey Junglefowl","Gallus sonneratii","avibase-444C1F4D",1,5.7,1,1,71,"","X","X",118,0.127118644067797,0.484110169491525,0.728813559322034,15.9830508474576,1.15520800382751,93.5041088680821,102.063507547058,111.213571834463,92.9146877985561,102.585955263539,113.063404869324,92.2751966704308,103.029689908886,114.85805554721,91.6367896902509,103.447924820414,116.794310189157,91.0087390223015,103.977845444184,118.72134892901,90.3349797777124,104.548331669681,120.831150185862,89.6814363763651,105.058952275188,123.030136395489,89.0905155497848,105.577447462844,125.233261392329,NA,NA,NA,NA,NA,NA,-0.838337173366871,0.452990796435659,1.74431876623819,64123,64179,64235,"Insufficient Data","Stable",NA,"Low","Insufficient Data","Trend Inconclusive",NA,"Low"
"Gray Francolin","Ortygornis pondicerianus","gryfra","Galliformes","Phasianidae (Pheasants, Grouse, and Allies)",NA,NA,NA,NA,"Diurnal","Diurnal","Plant & Seed","No","No","No","Non-endemic","Open Habitat","Resident",NA,NA,NA,"Grey Francolin","Ortygornis pondicerianus","Grey Francolin","Ortygornis pondicerianus","Least Concern","Schedule-II","","",NA,"Grey Francolin","Ortygornis pondicerianus","avibase-B1C204EC",1,4.43,2,0.755241022,72,"X","X","X",242,0.0909090909090909,0.685433884297521,0.84297520661157,14.9628099173554,0.764567544192242,88.0018728590756,100.051264951128,113.845781521825,85.7256015677995,99.1420684473523,114.727848331271,83.4996807274939,98.2139764555619,115.675797946033,81.2532434795982,97.2884023781524,116.659715271646,79.07919256602,96.373433560918,117.668486534595,76.9448194187129,95.4817584938782,118.686572227749,74.8743888122829,94.6166076205131,119.706136225335,72.7885288138173,93.7318620366137,120.797881149269,NA,NA,NA,6.68682018673999,21.448894914922,37.755798153761,-3.68105418201588,-1.20952334026111,1.26200750149365,142063,142069,142075,"Trend Inconclusive","Stable",NA,"Low","Stable","Trend Inconclusive",NA,"Low"
"Swamp Francolin","Ortygornis gularis","swafra1","Galliformes","Phasianidae (Pheasants, Grouse, and Allies)",NA,NA,NA,NA,"Diurnal","Diurnal","Plant & Seed","No","Yes","No","Indian Subcontinent","Wetland","Resident",NA,NA,NA,"Swamp Francolin","Ortygornis gularis","Swamp Francolin","Ortygornis gularis","Near Threatened","Schedule-I","","",NA,"Swamp Francolin","Ortygornis gularis","avibase-C5401E05",1,6.19,1,0.628115581,73,"","","",NA,NA,NA,NA,NA,NA,NA,NA,NA,NA,NA,NA,NA,NA,NA,NA,NA,NA,NA,NA,NA,NA,NA,NA,NA,NA,NA,NA,NA,NA,NA,NA,NA,NA,NA,NA,NA,NA,NA,NA,NA,NA,NA,NA,NA,"Moderate",NA,NA,NA,NA
"Chinese Francolin","Francolinus pintadeanus","chifra1","Galliformes","Phasianidae (Pheasants, Grouse, and Allies)",NA,NA,NA,NA,"Diurnal","Diurnal","Plant & Seed","No","No","No","Non-endemic","Forest","Resident",NA,1,NA,"Chinese Francolin","Francolinus pintadeanus","Chinese Francolin","Francolinus pintadeanus","Least Concern","Schedule-II","","",NA,"Chinese Francolin","Francolinus pintadeanus","avibase-8DC52868",1,4.82,1,0.002144563,74,"","","",NA,NA,NA,NA,NA,NA,NA,NA,NA,NA,NA,NA,NA,NA,NA,NA,NA,NA,NA,NA,NA,NA,NA,NA,NA,NA,NA,NA,NA,NA,NA,NA,NA,NA,NA,NA,NA,NA,NA,NA,NA,NA,NA,NA,NA,NA,NA,NA,NA,NA
"Black Francolin","Francolinus francolinus","blkfra","Galliformes","Phasianidae (Pheasants, Grouse, and Allies)",NA,NA,NA,NA,"Diurnal","Diurnal","Plant & Seed","No","No","No","Non-endemic","Open Habitat","Resident",1,NA,NA,"Black Francolin","Francolinus francolinus","Black Francolin","Francolinus francolinus","Least Concern","Schedule-II","","",NA,"Black Francolin","Francolinus francolinus","avibase-50658B22",1,4.32,3,0.417220366,75,"","","",NA,NA,NA,NA,NA,NA,NA,NA,NA,NA,NA,NA,NA,NA,NA,NA,NA,NA,NA,NA,NA,NA,NA,NA,NA,NA,NA,NA,NA,NA,NA,NA,NA,NA,NA,NA,NA,NA,NA,NA,NA,NA,NA,NA,NA,"Low",NA,NA,NA,NA
"Painted Francolin","Francolinus pictus","paifra1","Galliformes","Phasianidae (Pheasants, Grouse, and Allies)",NA,NA,NA,NA,"Diurnal","Diurnal","Omnivore","No","Yes","No","Indian Subcontinent","Open Habitat","Resident",NA,NA,NA,"Painted Francolin","Francolinus pictus","Painted Francolin","Francolinus pictus","Least Concern","Schedule-II","","",NA,"Painted Francolin","Francolinus pictus","avibase-5B182830",1,4.61,2,0.98926933,76,"","","",NA,NA,NA,NA,NA,NA,NA,NA,NA,NA,NA,NA,NA,NA,NA,NA,NA,NA,NA,NA,NA,NA,NA,NA,NA,NA,NA,NA,NA,NA,NA,NA,NA,NA,NA,NA,NA,NA,NA,NA,NA,NA,NA,NA,NA,"Low",NA,NA,NA,NA
"Tibetan Snowcock","Tetraogallus tibetanus","tibsno1","Galliformes","Phasianidae (Pheasants, Grouse, and Allies)",NA,NA,NA,NA,"Diurnal","Diurnal","Plant & Seed","No","No","No","Non-endemic","Alpine & Cold Desert","Resident",NA,NA,NA,"Tibetan Snowcock","Tetraogallus tibetanus","Tibetan Snowcock","Tetraogallus tibetanus","Least Concern","Schedule-I","Appendix I","",NA,"Tibetan Snowcock","Tetraogallus tibetanus","avibase-509A30B1",1,6.42,3,0.027220679,77,"","","",NA,NA,NA,NA,NA,NA,NA,NA,NA,NA,NA,NA,NA,NA,NA,NA,NA,NA,NA,NA,NA,NA,NA,NA,NA,NA,NA,NA,NA,NA,NA,NA,NA,NA,NA,NA,NA,NA,NA,NA,NA,NA,NA,NA,NA,NA,NA,NA,NA,NA
"Himalayan Snowcock","Tetraogallus himalayensis","himsno","Galliformes","Phasianidae (Pheasants, Grouse, and Allies)",NA,NA,NA,NA,"Diurnal","Diurnal","Plant & Seed","No","No","Yes","Himalayas","Alpine & Cold Desert","Resident & Altitudinal Migrant",NA,NA,NA,"Himalayan Snowcock","Tetraogallus himalayensis","Himalayan Snowcock","Tetraogallus himalayensis","Least Concern","Schedule-II","","",NA,"Himalayan Snowcock","Tetraogallus himalayensis","avibase-AC2DD69D",1,6.18,1,0.069200609,78,"","","",NA,NA,NA,NA,NA,NA,NA,NA,NA,NA,NA,NA,NA,NA,NA,NA,NA,NA,NA,NA,NA,NA,NA,NA,NA,NA,NA,NA,NA,NA,NA,NA,NA,NA,NA,NA,NA,NA,NA,NA,NA,NA,NA,NA,NA,"Moderate",NA,NA,NA,NA
"Blue-breasted Quail","Synoicus chinensis","blbqua1","Galliformes","Phasianidae (Pheasants, Grouse, and Allies)",NA,NA,NA,NA,"24 hour","24 hour","Plant & Seed","No","No","No","Non-endemic","Grassland","Uncertain",NA,NA,NA,"Blue-breasted Quail","Synoicus chinensis","Asian Blue Quail","Synoicus chinensis","Least Concern","Schedule-II","","",NA,"King Quail","Synoicus chinensis","avibase-C2579CCB",1,3.05,2,0.19827385,79,"","","",NA,NA,NA,NA,NA,NA,NA,NA,NA,NA,NA,NA,NA,NA,NA,NA,NA,NA,NA,NA,NA,NA,NA,NA,NA,NA,NA,NA,NA,NA,NA,NA,NA,NA,NA,NA,NA,NA,NA,NA,NA,NA,NA,NA,NA,NA,NA,NA,NA,NA
"Common Quail","Coturnix coturnix","comqua1","Galliformes","Phasianidae (Pheasants, Grouse, and Allies)",NA,NA,NA,NA,"24 hour","Diurnal","Plant & Seed","No","No","No","Non-endemic","Open Habitat","Winter Migrant & Localized Summer Migrant",NA,NA,NA,"Common Quail","Coturnix coturnix","Common Quail","Coturnix coturnix","Least Concern","Schedule-II","","Appendix II",NA,"Common Quail","Coturnix coturnix","avibase-CAFE345D",1,3.42,1,0.079739781,80,"","","",NA,NA,NA,NA,NA,NA,NA,NA,NA,NA,NA,NA,NA,NA,NA,NA,NA,NA,NA,NA,NA,NA,NA,NA,NA,NA,NA,NA,NA,NA,NA,NA,NA,NA,NA,NA,NA,NA,NA,NA,NA,NA,NA,NA,NA,NA,NA,NA,NA,NA
"Japanese Quail","Coturnix japonica","japqua","Galliformes","Phasianidae (Pheasants, Grouse, and Allies)",NA,NA,NA,NA,"No information","No information","Plant & Seed","No","No","No","Non-endemic","Open Habitat","Uncertain",NA,1,NA,"Japanese Quail","Coturnix japonica","Japanese Quail","Coturnix japonica","Near Threatened","Schedule-II","","",NA,"Japanese Quail","Coturnix japonica","avibase-110CF425",NA,3.19,1,0.001003613,81,"","","",NA,NA,NA,NA,NA,NA,NA,NA,NA,NA,NA,NA,NA,NA,NA,NA,NA,NA,NA,NA,NA,NA,NA,NA,NA,NA,NA,NA,NA,NA,NA,NA,NA,NA,NA,NA,NA,NA,NA,NA,NA,NA,NA,NA,NA,NA,NA,NA,NA,NA
"Rain Quail","Coturnix coromandelica","raiqua1","Galliformes","Phasianidae (Pheasants, Grouse, and Allies)",NA,NA,NA,NA,"24 hour","Diurnal","Plant & Seed","No","No","No","Non-endemic","Open Habitat","Uncertain",NA,NA,NA,"Rain Quail","Coturnix coromandelica","Rain Quail","Coturnix coromandelica","Least Concern","Schedule-II","","",NA,"Rain Quail","Coturnix coromandelica","avibase-A6F042E2",1,3.85,1,0.892839901,82,"","","X",28,0.0357142857142857,0.25,0.285714285714286,18.3214285714286,2.11956931334507,NA,NA,NA,NA,NA,NA,NA,NA,NA,NA,NA,NA,NA,NA,NA,NA,NA,NA,NA,NA,NA,NA,NA,NA,NA,NA,NA,NA,NA,NA,NA,NA,NA,24812,24983,25154,"Insufficient Data","Insufficient Data",NA,"Moderate","Insufficient Data","Insufficient Data",NA,"Low"
"Chukar","Alectoris chukar","chukar","Galliformes","Phasianidae (Pheasants, Grouse, and Allies)",NA,NA,NA,NA,"Diurnal","Diurnal","Plant & Seed","No","No","No","Non-endemic","Open Habitat","Resident & Altitudinal Migrant",NA,NA,NA,"Chukar Partridge","Alectoris chukar","Chukar","Alectoris chukar","Least Concern","Schedule-II","","",NA,"Chukar Partridge","Alectoris chukar","avibase-87CBEBF7",1,3.02,2,0.019003745,83,"","","",NA,NA,NA,NA,NA,NA,NA,NA,NA,NA,NA,NA,NA,NA,NA,NA,NA,NA,NA,NA,NA,NA,NA,NA,NA,NA,NA,NA,NA,NA,NA,NA,NA,NA,NA,NA,NA,NA,NA,NA,NA,NA,NA,NA,NA,"Low",NA,NA,NA,NA
"Jungle Bush-Quail","Perdicula asiatica","jubqua1","Galliformes","Phasianidae (Pheasants, Grouse, and Allies)",NA,NA,NA,NA,"Diurnal","Diurnal","Plant & Seed","No","Yes","No","Indian Subcontinent","Grassland & Scrub","Resident",NA,NA,NA,"Jungle Bush-Quail","Perdicula asiatica","Jungle Bush-quail","Perdicula asiatica","Least Concern","Schedule-II","","",NA,"Jungle Bush Quail","Perdicula asiatica","avibase-32413666",1,3.67,4,0.998738846,84,"","","X",70,0.0428571428571429,0.310714285714286,0.557142857142857,17.5428571428571,1.28106513653989,NA,NA,NA,NA,NA,NA,NA,NA,NA,NA,NA,NA,NA,NA,NA,NA,NA,NA,NA,NA,NA,NA,NA,NA,NA,NA,NA,NA,NA,NA,NA,NA,NA,41911,42025,42139,"Insufficient Data","Insufficient Data",NA,"Low","Insufficient Data","Insufficient Data",NA,"Moderate"
"Rock Bush-Quail","Perdicula argoondah","robqua1","Galliformes","Phasianidae (Pheasants, Grouse, and Allies)",NA,NA,NA,NA,"Diurnal","Diurnal","Plant & Seed","Yes","Yes","No","Mainland India","Grassland & Scrub","Resident",NA,NA,NA,"Rock Bush-Quail","Perdicula argoondah","Rock Bush-quail","Perdicula argoondah","Least Concern","Schedule-II","","",NA,"Rock Bush Quail","Perdicula argoondah","avibase-177160F1",1,3.57,3,1,85,"","","X",4,NA,0.55,0.75,21.25,2.57735652688305,NA,NA,NA,NA,NA,NA,NA,NA,NA,NA,NA,NA,NA,NA,NA,NA,NA,NA,NA,NA,NA,NA,NA,NA,NA,NA,NA,NA,NA,NA,NA,NA,NA,4339,4349,4359,"Insufficient Data","Insufficient Data",NA,"Moderate","Insufficient Data","Insufficient Data",NA,"Moderate"
"Painted Bush-Quail","Perdicula erythrorhyncha","pabqua1","Galliformes","Phasianidae (Pheasants, Grouse, and Allies)",NA,NA,NA,NA,"Diurnal","Diurnal","Plant & Seed","Yes","Yes","No","Mainland India","Grassland & Scrub","Resident",NA,NA,NA,"Painted Bush-Quail","Perdicula erythrorhyncha","Painted Bush-quail","Perdicula erythrorhyncha","Least Concern","Schedule-II","","",NA,"Painted Bush Quail","Perdicula erythrorhyncha","avibase-8E9DF823",1,3.66,2,1,86,"X","X","X",19,0.157894736842105,0.427631578947368,0.473684210526316,19.0526315789474,2.54572282645642,296.958027791912,436.320423722442,642.67285742662,321.751966417755,495.428045775775,770.752861775133,346.606315404376,562.478078887976,922.742937394941,374.345904506961,638.661497516056,1107.82101896738,403.090506836696,727.051305484919,1327.27473073255,434.212773910816,826.891984887376,1591.28019445064,467.033866871236,939.6697805287,1915.63475981591,503.220288725468,1070.98977469736,2299.1193032735,NA,NA,NA,-0.916680077309906,320.477998902463,1003805929.9441,-13989601.3554746,28.3742636108869,13989658.1040018,9625,9708,9791,"Trend Inconclusive","Trend Inconclusive",NA,"Moderate","Trend Inconclusive","Trend Inconclusive",NA,"Moderate"
"Manipur Bush-Quail","Perdicula manipurensis","mabqua1","Galliformes","Phasianidae (Pheasants, Grouse, and Allies)",NA,NA,NA,NA,"Diurnal","Diurnal","Plant & Seed","Yes","Yes","No","Assam Plains","Grassland","Uncertain",NA,NA,NA,"Manipur Bush-Quail","Perdicula manipurensis","Manipur Bush-quail","Perdicula manipurensis","Critically Endangered","Schedule-I","","",NA,"Manipur Bush Quail","Perdicula manipurensis","avibase-19031FF7",1,4,2,1,87,"","","",NA,NA,NA,NA,NA,NA,NA,NA,NA,NA,NA,NA,NA,NA,NA,NA,NA,NA,NA,NA,NA,NA,NA,NA,NA,NA,NA,NA,NA,NA,NA,NA,NA,NA,NA,NA,NA,NA,NA,NA,NA,NA,NA,NA,NA,"High",NA,NA,NA,NA
"Himalayan Quail","Ophrysia superciliosa","himqua1","Galliformes","Phasianidae (Pheasants, Grouse, and Allies)",NA,NA,NA,NA,"Diurnal","Diurnal","Plant & Seed","Yes","Yes","Yes","Western Himalayas","Grassland","Uncertain",NA,NA,NA,"Himalayan Quail","Ophrysia superciliosa","Himalayan Quail","Ophrysia superciliosa","Critically Endangered","Schedule-I","","",NA,"Himalayan Quail","Ophrysia superciliosa","avibase-1EDD86FF",1,4.13,1,1,88,"","","",NA,NA,NA,NA,NA,NA,NA,NA,NA,NA,NA,NA,NA,NA,NA,NA,NA,NA,NA,NA,NA,NA,NA,NA,NA,NA,NA,NA,NA,NA,NA,NA,NA,NA,NA,NA,NA,NA,NA,NA,NA,NA,NA,NA,NA,"High",NA,NA,NA,NA
"Rock Pigeon","Columba livia","rocpig","Columbiformes","Columbidae (Pigeons and Doves)",NA,NA,NA,NA,"Diurnal","Diurnal","Plant & Seed","No","No","No","Non-endemic","Non-specialized","Resident",NA,NA,NA,"Rock Pigeon","Columba livia","Rock Dove","Columba livia","Least Concern","Not scheduled","","",NA,"Rock Dove","Columba livia","avibase-BBA263C2",1,5.09,2,0.160530294,89,"","","X",251,0.123505976095618,0.696713147410359,0.892430278884462,14.7450199203187,0.763254106863463,NA,NA,NA,NA,NA,NA,NA,NA,NA,NA,NA,NA,NA,NA,NA,NA,NA,NA,NA,NA,NA,NA,NA,NA,NA,NA,NA,NA,NA,NA,NA,NA,NA,147052,147054,147056,"Insufficient Data","Insufficient Data",NA,"Low","Insufficient Data","Insufficient Data",NA,"Low"
"Hill Pigeon","Columba rupestris","hilpig1","Columbiformes","Columbidae (Pigeons and Doves)",NA,NA,NA,NA,"Diurnal","Diurnal","Plant & Seed","No","No","No","Non-endemic","Alpine & Cold Desert","Resident",NA,NA,NA,"Hill Pigeon","Columba rupestris","Hill Pigeon","Columba rupestris","Least Concern","Schedule-II","","",NA,"Hill Pigeon","Columba rupestris","avibase-BF20B94D",1,4.82,1,0.006817081,90,"","","",NA,NA,NA,NA,NA,NA,NA,NA,NA,NA,NA,NA,NA,NA,NA,NA,NA,NA,NA,NA,NA,NA,NA,NA,NA,NA,NA,NA,NA,NA,NA,NA,NA,NA,NA,NA,NA,NA,NA,NA,NA,NA,NA,NA,NA,"Low",NA,NA,NA,NA
"Snow Pigeon","Columba leuconota","snopig1","Columbiformes","Columbidae (Pigeons and Doves)",NA,NA,NA,NA,"Diurnal","Diurnal","Plant & Seed","No","No","No","Non-endemic","Alpine & Cold Desert","Resident & Altitudinal Migrant",NA,NA,NA,"Snow Pigeon","Columba leuconota","Snow Pigeon","Columba leuconota","Least Concern","Schedule-II","","",NA,"Snow Pigeon","Columba leuconota","avibase-F5750571",1,4.91,2,0.080266981,91,"","","",NA,NA,NA,NA,NA,NA,NA,NA,NA,NA,NA,NA,NA,NA,NA,NA,NA,NA,NA,NA,NA,NA,NA,NA,NA,NA,NA,NA,NA,NA,NA,NA,NA,NA,NA,NA,NA,NA,NA,NA,NA,NA,NA,NA,NA,"Moderate",NA,NA,NA,NA
"Yellow-eyed Pigeon","Columba eversmanni","pabpig1","Columbiformes","Columbidae (Pigeons and Doves)",NA,NA,NA,NA,"Diurnal","Diurnal","Plant & Seed","No","No","No","Non-endemic","Open Habitat","Winter Migrant",1,NA,NA,"Yellow-eyed Pigeon","Columba eversmanni","Yellow-eyed Pigeon","Columba eversmanni","Vulnerable","Schedule-I","","",NA,"Yellow-eyed Pigeon","Columba eversmanni","avibase-38AA824B",1,4.6,1,0.158971227,92,"","","",NA,NA,NA,NA,NA,NA,NA,NA,NA,NA,NA,NA,NA,NA,NA,NA,NA,NA,NA,NA,NA,NA,NA,NA,NA,NA,NA,NA,NA,NA,NA,NA,NA,NA,NA,NA,NA,NA,NA,NA,NA,NA,NA,NA,NA,"High",NA,NA,NA,NA
"Common Wood-Pigeon","Columba palumbus","cowpig1","Columbiformes","Columbidae (Pigeons and Doves)",NA,NA,NA,NA,"Diurnal","Diurnal","Plant & Seed","No","No","No","Non-endemic","Non-specialized","Local Migrant & Winter Migrant",1,NA,NA,"Common Wood-Pigeon","Columba palumbus","Common Woodpigeon","Columba palumbus","Least Concern","Schedule-II","","",NA,"Common Wood Pigeon","Columba palumbus","avibase-760F307A",1,3.97,1,0.006342555,93,"","","",NA,NA,NA,NA,NA,NA,NA,NA,NA,NA,NA,NA,NA,NA,NA,NA,NA,NA,NA,NA,NA,NA,NA,NA,NA,NA,NA,NA,NA,NA,NA,NA,NA,NA,NA,NA,NA,NA,NA,NA,NA,NA,NA,NA,NA,"Low",NA,NA,NA,NA
"Speckled Wood-Pigeon","Columba hodgsonii","spwpig1","Columbiformes","Columbidae (Pigeons and Doves)",NA,NA,NA,NA,"Diurnal","Diurnal","Fruit & Nect","No","No","No","Non-endemic","Forest","Resident",NA,NA,NA,"Speckled Wood-Pigeon","Columba hodgsonii","Speckled Woodpigeon","Columba hodgsonii","Least Concern","Schedule-II","","",NA,"Speckled Wood Pigeon","Columba hodgsonii","avibase-3503F769",1,4.91,1,0.117289738,94,"","","",NA,NA,NA,NA,NA,NA,NA,NA,NA,NA,NA,NA,NA,NA,NA,NA,NA,NA,NA,NA,NA,NA,NA,NA,NA,NA,NA,NA,NA,NA,NA,NA,NA,NA,NA,NA,NA,NA,NA,NA,NA,NA,NA,NA,NA,"Low",NA,NA,NA,NA
"Ashy Wood-Pigeon","Columba pulchricollis","aswpig1","Columbiformes","Columbidae (Pigeons and Doves)",NA,NA,NA,NA,"Diurnal","Diurnal","Fruit & Nect","No","No","No","Non-endemic","Forest","Resident & Altitudinal Migrant",1,NA,NA,"Ashy Wood-Pigeon","Columba pulchricollis","Ashy Woodpigeon","Columba pulchricollis","Least Concern","Schedule-II","","",NA,"Ashy Wood Pigeon","Columba pulchricollis","avibase-6E814856",1,4.85,1,0.217475594,95,"","","",NA,NA,NA,NA,NA,NA,NA,NA,NA,NA,NA,NA,NA,NA,NA,NA,NA,NA,NA,NA,NA,NA,NA,NA,NA,NA,NA,NA,NA,NA,NA,NA,NA,NA,NA,NA,NA,NA,NA,NA,NA,NA,NA,NA,NA,"Low",NA,NA,NA,NA
"Nilgiri Wood-Pigeon","Columba elphinstonii","niwpig1","Columbiformes","Columbidae (Pigeons and Doves)",NA,NA,NA,NA,"Diurnal","Diurnal","Fruit & Nect","Yes","Yes","No","Western Ghats","Forest","Resident & Local Migrant",NA,NA,NA,"Nilgiri Wood-Pigeon","Columba elphinstonii","Nilgiri Woodpigeon","Columba elphinstonii","Least Concern","Schedule-I","","",NA,"Nilgiri Wood Pigeon","Columba elphinstonii","avibase-5813ADBE",1,5.04,1,1,96,"","","X",35,0.114285714285714,0.371428571428571,0.428571428571429,17.8571428571429,2.21536452982348,NA,NA,NA,NA,NA,NA,NA,NA,NA,NA,NA,NA,NA,NA,NA,NA,NA,NA,NA,NA,NA,NA,NA,NA,NA,NA,NA,NA,NA,NA,NA,NA,NA,19053,19173,19293,"Insufficient Data","Insufficient Data",NA,"Low","Insufficient Data","Insufficient Data",NA,"Moderate"
"Pale-capped Pigeon","Columba punicea","pacpig1","Columbiformes","Columbidae (Pigeons and Doves)",NA,NA,NA,NA,"Diurnal","Diurnal","Plant & Seed","No","No","No","Non-endemic","Forest & Plantation","Resident",1,NA,NA,"Pale-capped Pigeon","Columba punicea","Pale-capped Pigeon","Columba punicea","Vulnerable","Schedule-I","","",NA,"Pale-capped Pigeon","Columba punicea","avibase-D5C3E9C9",1,5.56,1,0.579475117,97,"","","",NA,NA,NA,NA,NA,NA,NA,NA,NA,NA,NA,NA,NA,NA,NA,NA,NA,NA,NA,NA,NA,NA,NA,NA,NA,NA,NA,NA,NA,NA,NA,NA,NA,NA,NA,NA,NA,NA,NA,NA,NA,NA,NA,NA,NA,"High",NA,NA,NA,NA
"Andaman Wood-Pigeon","Columba palumboides","anwpig1","Columbiformes","Columbidae (Pigeons and Doves)",NA,NA,NA,NA,"Diurnal","Diurnal","Fruit & Nect","Yes","Yes","No","Andaman and Nicobar Islands","Forest","Resident",NA,NA,1,"Andaman Wood-Pigeon","Columba palumboides","Andaman Woodpigeon","Columba palumboides","Near Threatened","Schedule-II","","",NA,"Andaman Wood Pigeon","Columba palumboides","avibase-95059E5A",1,5.29,1,1,98,"","","",NA,NA,NA,NA,NA,NA,NA,NA,NA,NA,NA,NA,NA,NA,NA,NA,NA,NA,NA,NA,NA,NA,NA,NA,NA,NA,NA,NA,NA,NA,NA,NA,NA,NA,NA,NA,NA,NA,NA,NA,NA,NA,NA,NA,NA,"Moderate",NA,NA,NA,NA
"European Turtle-Dove","Streptopelia turtur","eutdov","Columbiformes","Columbidae (Pigeons and Doves)",NA,NA,NA,NA,"Diurnal","Diurnal","Omnivore","No","No","No","Non-endemic","Non-specialized","Uncertain",NA,1,NA,"European Turtle-Dove","Streptopelia turtur","European Turtle-dove","Streptopelia turtur","Vulnerable","Schedule-II","","",NA,"European Turtle Dove","Streptopelia turtur","avibase-5788552B",NA,4.91,1,NA,99,"","","",NA,NA,NA,NA,NA,NA,NA,NA,NA,NA,NA,NA,NA,NA,NA,NA,NA,NA,NA,NA,NA,NA,NA,NA,NA,NA,NA,NA,NA,NA,NA,NA,NA,NA,NA,NA,NA,NA,NA,NA,NA,NA,NA,NA,NA,NA,NA,NA,NA,NA
"Oriental Turtle-Dove","Streptopelia orientalis","ortdov","Columbiformes","Columbidae (Pigeons and Doves)",NA,NA,NA,NA,"Diurnal","Diurnal","Plant & Seed","No","No","No","Non-endemic","Non-specialized","Within-India Migrant",NA,NA,NA,"Oriental Turtle-Dove","Streptopelia orientalis","Oriental Turtle-dove","Streptopelia orientalis","Least Concern","Schedule-II","","",NA,"Oriental Turtle Dove","Streptopelia orientalis","avibase-6658BAC5",1,5.28,4,0.125203948,100,"","","X",27,0.111111111111111,0.291666666666667,0.185185185185185,19.8148148148148,2.00700417518412,NA,NA,NA,NA,NA,NA,NA,NA,NA,NA,NA,NA,NA,NA,NA,NA,NA,NA,NA,NA,NA,NA,NA,NA,NA,NA,NA,NA,NA,NA,NA,NA,NA,12950,13005,13060,"Insufficient Data","Insufficient Data",NA,"Low","Insufficient Data","Insufficient Data",NA,"Low"
"Eurasian Collared-Dove","Streptopelia decaocto","eucdov","Columbiformes","Columbidae (Pigeons and Doves)",NA,NA,NA,NA,"Diurnal","Diurnal","Plant & Seed","No","No","No","Non-endemic","Non-specialized","Resident",NA,NA,NA,"Eurasian Collared-Dove","Streptopelia decaocto","Eurasian Collared-dove","Streptopelia decaocto","Least Concern","Schedule-II","","",NA,"Eurasian Collared Dove","Streptopelia decaocto","avibase-0C1EFC9B",1,4,1,0.152879348,101,"X","X","X",223,0.0717488789237668,0.550448430493274,0.739910313901345,15.5067264573991,0.773877503436852,113.514701782242,121.871757875459,130.69222151674,114.916466956182,124.450270623204,134.768950611671,116.260714843213,127.082858592191,139.073451694411,117.597367252635,129.852491837907,143.481804303413,119.015507636562,132.654283875083,147.986882804185,120.403374310538,135.488930634805,152.675585850885,121.743559095336,138.369250479666,157.458704678592,123.093728901976,141.355549930487,162.588751327076,NA,NA,NA,116.04424327477,168.443989321161,246.55054464838,2.58431259421267,5.15807020388483,7.731827813557,132982,132996,133010,"Rapid Increase","Rapid Increase",NA,"Low","Rapid Increase","Trend Inconclusive",NA,"Low"
"Red Collared-Dove","Streptopelia tranquebarica","recdov1","Columbiformes","Columbidae (Pigeons and Doves)",NA,NA,NA,NA,"Diurnal","Diurnal","Plant & Seed","No","No","No","Non-endemic","Non-specialized","Resident & Local Migrant",NA,NA,NA,"Red Collared-Dove","Streptopelia tranquebarica","Red Collared-dove","Streptopelia tranquebarica","Least Concern","Schedule-II","","",NA,"Red Collared Dove","Streptopelia tranquebarica","avibase-BC140778",1,4.32,2,0.27006832,102,"","X","X",110,0.0545454545454545,0.271590909090909,0.409090909090909,17.1,1.00747020643162,84.4981507059485,115.136616756434,157.307946823988,80.2718799688848,113.948547294379,162.444380902088,75.9788034451942,112.819733869941,167.957498986013,72.0887895325842,111.770729437772,173.671108956243,68.4280939882626,110.647045988255,179.771321244916,64.8870047241373,109.552148099421,185.984270198755,61.5181328462047,108.359757538789,192.688263592859,58.3738126345748,107.425319741106,199.531311465867,NA,NA,NA,NA,NA,NA,-8.02000038858771,-1.66664538156607,4.68670962545557,55924,56010,56096,"Insufficient Data","Trend Inconclusive",NA,"Low","Insufficient Data","Trend Inconclusive",NA,"Low"
"Spotted Dove","Spilopelia chinensis","spodov","Columbiformes","Columbidae (Pigeons and Doves)",NA,NA,NA,NA,"Diurnal","Diurnal","Plant & Seed","No","No","No","Non-endemic","Non-specialized","Resident",NA,NA,NA,"Spotted Dove","Spilopelia chinensis","Western Spotted Dove","Spilopelia suratensis","Least Concern","Schedule-II","","",NA,"Spotted Dove","Spilopelia chinensis","avibase-C8EF4F36",1,3.86,2,0.909909074,103,"X","X","X",254,0.173228346456693,0.739665354330709,0.889763779527559,14.5748031496063,0.776651580070463,78.1918392829346,83.8951306077706,90.0074499076231,76.8194862350204,83.1963734897545,90.1032262904799,75.4467760887993,82.499446543022,90.1733039975209,74.0791085652222,81.7866675510668,90.3079945647134,72.7176162910768,81.0692737473611,90.4542673239593,71.3862092321993,80.3706381905253,90.6069827179832,70.0899680924504,79.6969829654517,90.7252136434056,68.8095545905833,79.0261976234076,90.8899033595168,NA,NA,NA,64.684465671019,82.737216092958,103.846567050036,-3.5668976144347,-1.61605770805038,0.334782198333928,146096,146099,146102,"Rapid Increase","Stable",NA,"Low","Stable","Stable",NA,"Low"
"Laughing Dove","Spilopelia senegalensis","laudov1","Columbiformes","Columbidae (Pigeons and Doves)",NA,NA,NA,NA,"Diurnal","Diurnal","Plant & Seed","No","No","No","Non-endemic","Non-specialized","Resident",NA,NA,NA,"Laughing Dove","Spilopelia senegalensis","Laughing Dove","Spilopelia senegalensis","Least Concern","Schedule-II","","",NA,"Laughing Dove","Spilopelia senegalensis","avibase-B2D6AB06",1,2.99,2,0.094479581,104,"X","X","X",220,0.0545454545454545,0.558522727272727,0.718181818181818,15.55,0.769819081353388,79.9092338571073,93.921528368421,110.144040071816,76.5981857519149,91.9484831409754,110.217114789545,73.3540438108162,90.0038204201264,110.332901995198,70.1867121192492,88.1185579875113,110.479358242932,67.217112176028,86.308607829248,110.646628541957,64.3570539577559,84.5238574466586,110.84571978433,61.6064394643494,82.7665928664783,111.039502628045,58.9541405335761,81.0598564050342,111.335042441127,NA,NA,NA,90.297901298444,145.614848909684,220.34374671446,-13.625586896223,-6.03641363468836,1.55275962684624,132120,132126,132132,"Rapid Increase","Trend Inconclusive",NA,"Low","Trend Inconclusive","Trend Inconclusive",NA,"Low"
"Barred Cuckoo-Dove","Macropygia unchall","bacdov1","Columbiformes","Columbidae (Pigeons and Doves)",NA,NA,NA,NA,"Diurnal","Diurnal","Plant & Seed","No","No","No","Non-endemic","Forest","Resident",NA,NA,NA,"Barred Cuckoo-Dove","Macropygia unchall","Barred Cuckoo-Dove","Macropygia unchall","Least Concern","Schedule-II","","",NA,"Barred Cuckoo-Dove","Macropygia unchall","avibase-C0181886",1,5.37,1,0.064629408,105,"","","",NA,NA,NA,NA,NA,NA,NA,NA,NA,NA,NA,NA,NA,NA,NA,NA,NA,NA,NA,NA,NA,NA,NA,NA,NA,NA,NA,NA,NA,NA,NA,NA,NA,NA,NA,NA,NA,NA,NA,NA,NA,NA,NA,NA,NA,"Low",NA,NA,NA,NA
"Andaman Cuckoo-Dove","Macropygia rufipennis","ancdov1","Columbiformes","Columbidae (Pigeons and Doves)",NA,NA,NA,NA,"Diurnal","Diurnal","Fruit & Nect","Yes","Yes","No","Andaman and Nicobar Islands","Forest","Resident",NA,NA,1,"Andaman Cuckoo-Dove","Macropygia rufipennis","Andaman Cuckoo-Dove","Macropygia rufipennis","Least Concern","Schedule-II","","",NA,"Andaman Cuckoo-Dove","Macropygia rufipennis","avibase-DC1A2059",1,6.91,2,1,106,"","","",NA,NA,NA,NA,NA,NA,NA,NA,NA,NA,NA,NA,NA,NA,NA,NA,NA,NA,NA,NA,NA,NA,NA,NA,NA,NA,NA,NA,NA,NA,NA,NA,NA,NA,NA,NA,NA,NA,NA,NA,NA,NA,NA,NA,NA,"Moderate",NA,NA,NA,NA
"Namaqua Dove","Oena capensis","namdov1","Columbiformes","Columbidae (Pigeons and Doves)",NA,NA,NA,NA,"Diurnal","Diurnal","Plant & Seed","No","No","No","Non-endemic","Open Habitat","Winter Migrant",NA,NA,NA,"Namaqua Dove","Oena capensis","Namaqua Dove","Oena capensis","Least Concern","Schedule-II","","",NA,"Namaqua Dove","Oena capensis","avibase-DDC2CC92",NA,3.82,1,NA,107,"","","",NA,NA,NA,NA,NA,NA,NA,NA,NA,NA,NA,NA,NA,NA,NA,NA,NA,NA,NA,NA,NA,NA,NA,NA,NA,NA,NA,NA,NA,NA,NA,NA,NA,NA,NA,NA,NA,NA,NA,NA,NA,NA,NA,NA,NA,NA,NA,NA,NA,NA
"Asian Emerald Dove","Chalcophaps indica","emedov2","Columbiformes","Columbidae (Pigeons and Doves)",NA,NA,NA,NA,"Diurnal","Diurnal","Omnivore","No","No","No","Non-endemic","Forest","Resident",NA,NA,NA,"Asian Emerald Dove","Chalcophaps indica","Grey-capped Emerald Dove","Chalcophaps indica","Least Concern","Schedule-II","","",NA,"Common Emerald Dove","Chalcophaps indica","avibase-05E5E8F6",1,4.89,3,0.133407457,108,"","","X",50,0.18,0.5225,0.64,16.54,1.81478884722163,NA,NA,NA,NA,NA,NA,NA,NA,NA,NA,NA,NA,NA,NA,NA,NA,NA,NA,NA,NA,NA,NA,NA,NA,NA,NA,NA,NA,NA,NA,NA,NA,NA,40275,40358,40441,"Insufficient Data","Insufficient Data",NA,"Low","Insufficient Data","Insufficient Data",NA,"Low"
"Nicobar Pigeon","Caloenas nicobarica","nicpig1","Columbiformes","Columbidae (Pigeons and Doves)",NA,NA,NA,NA,"Diurnal","Diurnal","Omnivore","No","No","No","Non-endemic","Forest","Resident",1,NA,1,"Nicobar Pigeon","Caloenas nicobarica","Nicobar Pigeon","Caloenas nicobarica","Near Threatened","Schedule-I","Appendix I","",NA,"Nicobar Pigeon","Caloenas nicobarica","avibase-0FFC77EF",1,8.98,1,0.013199665,109,"","","",NA,NA,NA,NA,NA,NA,NA,NA,NA,NA,NA,NA,NA,NA,NA,NA,NA,NA,NA,NA,NA,NA,NA,NA,NA,NA,NA,NA,NA,NA,NA,NA,NA,NA,NA,NA,NA,NA,NA,NA,NA,NA,NA,NA,NA,"Moderate",NA,NA,NA,NA
"Orange-breasted Green-Pigeon","Treron bicinctus","orbpig1","Columbiformes","Columbidae (Pigeons and Doves)",NA,NA,NA,NA,"Diurnal","Diurnal","Fruit & Nect","No","No","No","Non-endemic","Forest & Plantation","Local Migrant",NA,NA,NA,"Orange-breasted Green-Pigeon","Treron bicinctus","Orange-breasted Green-pigeon","Treron bicinctus","Least Concern","Schedule-II","","",NA,"Orange-breasted Green Pigeon","Treron bicinctus","avibase-0EF5FB3C",1,5.07,1,0.384968127,110,"","","X",5,NA,0.35,NA,18,5.84724208494911,NA,NA,NA,NA,NA,NA,NA,NA,NA,NA,NA,NA,NA,NA,NA,NA,NA,NA,NA,NA,NA,NA,NA,NA,NA,NA,NA,NA,NA,NA,NA,NA,NA,7598,7765,7932,"Insufficient Data","Insufficient Data",NA,"Low","Insufficient Data","Insufficient Data",NA,"Moderate"
"Gray-fronted Green-Pigeon","Treron affinis","pomgrp2","Columbiformes","Columbidae (Pigeons and Doves)",NA,NA,NA,NA,"Diurnal","Diurnal","Fruit & Nect","Yes","Yes","No","Western Ghats","Forest","Resident",NA,NA,NA,"Grey-fronted Green-Pigeon","Treron affinis","Grey-fronted Green-pigeon","Treron affinis","Least Concern","Schedule-II","","",NA,"Grey-fronted Green Pigeon","Treron affinis","avibase-B30C3132",1,5.18,1,1,111,"","","X",37,0.189189189189189,0.510135135135135,0.675675675675676,16.4864864864865,2.24224443193086,NA,NA,NA,NA,NA,NA,NA,NA,NA,NA,NA,NA,NA,NA,NA,NA,NA,NA,NA,NA,NA,NA,NA,NA,NA,NA,NA,NA,NA,NA,NA,NA,NA,25044,25044,25044,"Insufficient Data","Insufficient Data",NA,"Low","Insufficient Data","Insufficient Data",NA,"Moderate"
"Andaman Green-Pigeon","Treron chloropterus","pomgrp4","Columbiformes","Columbidae (Pigeons and Doves)",NA,NA,NA,NA,"Diurnal","Diurnal","Fruit & Nect","No","No","No","Andaman and Nicobar Islands","Forest","Resident",NA,NA,1,"Andaman Green-Pigeon","Treron chloropterus","Andaman Green-pigeon","Treron chloropterus","Near Threatened","Schedule-I","","",NA,"Andaman Green Pigeon","Treron chloropterus","avibase-34FED63C",1,5.16,1,1,112,"","","",NA,NA,NA,NA,NA,NA,NA,NA,NA,NA,NA,NA,NA,NA,NA,NA,NA,NA,NA,NA,NA,NA,NA,NA,NA,NA,NA,NA,NA,NA,NA,NA,NA,NA,NA,NA,NA,NA,NA,NA,NA,NA,NA,NA,NA,"Moderate",NA,NA,NA,NA
"Ashy-headed Green-Pigeon","Treron phayrei","pomgrp5","Columbiformes","Columbidae (Pigeons and Doves)",NA,NA,NA,NA,"Diurnal","Diurnal","Fruit & Nect","No","No","No","Non-endemic","Forest","Resident",1,NA,NA,"Ashy-headed Green-Pigeon","Treron phayrei","Ashy-headed Green-pigeon","Treron phayrei","Near Threatened","Schedule-II","","",NA,"Ashy-headed Green Pigeon","Treron phayrei","avibase-4116FF6B",1,5.4,2,0.138311333,113,"","","",NA,NA,NA,NA,NA,NA,NA,NA,NA,NA,NA,NA,NA,NA,NA,NA,NA,NA,NA,NA,NA,NA,NA,NA,NA,NA,NA,NA,NA,NA,NA,NA,NA,NA,NA,NA,NA,NA,NA,NA,NA,NA,NA,NA,NA,"Moderate",NA,NA,NA,NA
"Thick-billed Green-Pigeon","Treron curvirostra","thbpig1","Columbiformes","Columbidae (Pigeons and Doves)",NA,NA,NA,NA,"Diurnal","Diurnal","Fruit & Nect","No","No","No","Non-endemic","Forest","Resident",NA,NA,NA,"Thick-billed Green-Pigeon","Treron curvirostra","Thick-billed Green-pigeon","Treron curvirostra","Least Concern","Schedule-II","","",NA,"Thick-billed Green Pigeon","Treron curvirostra","avibase-3F61AB07",1,4.77,1,0.075440707,114,"","","",NA,NA,NA,NA,NA,NA,NA,NA,NA,NA,NA,NA,NA,NA,NA,NA,NA,NA,NA,NA,NA,NA,NA,NA,NA,NA,NA,NA,NA,NA,NA,NA,NA,NA,NA,NA,NA,NA,NA,NA,NA,NA,NA,NA,NA,"Low",NA,NA,NA,NA
"Yellow-footed Green-Pigeon","Treron phoenicopterus","yefpig1","Columbiformes","Columbidae (Pigeons and Doves)",NA,NA,NA,NA,"Diurnal","Diurnal","Fruit & Nect","No","No","No","Non-endemic","Non-specialized","Resident",NA,NA,NA,"Yellow-footed Green-Pigeon","Treron phoenicopterus","Yellow-footed Green-pigeon","Treron phoenicopterus","Least Concern","Schedule-II","","",NA,"Yellow-footed Green Pigeon","Treron phoenicopterus","avibase-F6C3F6DB",1,5.39,2,0.610257862,115,"","","X",36,0.0833333333333333,0.291666666666667,0.583333333333333,16.6388888888889,2.10571034318178,NA,NA,NA,NA,NA,NA,NA,NA,NA,NA,NA,NA,NA,NA,NA,NA,NA,NA,NA,NA,NA,NA,NA,NA,NA,NA,NA,NA,NA,NA,NA,NA,NA,28313,28364,28415,"Insufficient Data","Insufficient Data",NA,"Low","Insufficient Data","Insufficient Data",NA,"Low"
"Pin-tailed Green-Pigeon","Treron apicauda","pitpig1","Columbiformes","Columbidae (Pigeons and Doves)",NA,NA,NA,NA,"Diurnal","Diurnal","Fruit & Nect","No","No","No","Non-endemic","Forest","Resident",NA,NA,NA,"Pin-tailed Green-Pigeon","Treron apicauda","Pin-tailed Green-pigeon","Treron apicauda","Least Concern","Schedule-II","","",NA,"Pin-tailed Green Pigeon","Treron apicauda","avibase-CB6653B4",1,5.31,1,0.141966279,116,"","","",NA,NA,NA,NA,NA,NA,NA,NA,NA,NA,NA,NA,NA,NA,NA,NA,NA,NA,NA,NA,NA,NA,NA,NA,NA,NA,NA,NA,NA,NA,NA,NA,NA,NA,NA,NA,NA,NA,NA,NA,NA,NA,NA,NA,NA,"Low",NA,NA,NA,NA
"Wedge-tailed Green-Pigeon","Treron sphenurus","wetpig1","Columbiformes","Columbidae (Pigeons and Doves)",NA,NA,NA,NA,"Diurnal","Diurnal","Fruit & Nect","No","No","No","Non-endemic","Forest","Resident",NA,NA,NA,"Wedge-tailed Green-Pigeon","Treron sphenurus","Wedge-tailed Green-pigeon","Treron sphenurus","Least Concern","Schedule-II","","",NA,"Wedge-tailed Green Pigeon","Treron sphenurus","avibase-CCE99BC4",1,5.39,1,0.12801524,117,"","","",NA,NA,NA,NA,NA,NA,NA,NA,NA,NA,NA,NA,NA,NA,NA,NA,NA,NA,NA,NA,NA,NA,NA,NA,NA,NA,NA,NA,NA,NA,NA,NA,NA,NA,NA,NA,NA,NA,NA,NA,NA,NA,NA,NA,NA,"Low",NA,NA,NA,NA
"Green Imperial-Pigeon","Ducula aenea","gripig1","Columbiformes","Columbidae (Pigeons and Doves)",NA,NA,NA,NA,"Diurnal","Diurnal","Fruit & Nect","No","No","No","Non-endemic","Forest","Resident",NA,NA,NA,"Green Imperial-Pigeon","Ducula aenea","Green Imperial-pigeon","Ducula aenea","Near Threatened","Schedule-II","","",NA,"Green Imperial Pigeon","Ducula aenea","avibase-579C780F",1,7.92,3,0.183305094,118,"","","X",23,0.0434782608695652,0.315217391304348,0.521739130434783,17.6521739130435,2.50302391444314,NA,NA,NA,NA,NA,NA,NA,NA,NA,NA,NA,NA,NA,NA,NA,NA,NA,NA,NA,NA,NA,NA,NA,NA,NA,NA,NA,NA,NA,NA,NA,NA,NA,15641,15702,15763,"Insufficient Data","Insufficient Data",NA,"Moderate","Insufficient Data","Insufficient Data",NA,"Moderate"
"Nicobar Imperial-Pigeon","Ducula nicobarica","grnimp2","Columbiformes","Columbidae (Pigeons and Doves)",NA,NA,NA,NA,"Diurnal","Diurnal","Fruit & Nect","Yes","Yes","No","Nicobar Islands","Forest","Resident",NA,NA,1,"Nicobar Imperial-Pigeon","Ducula nicobarica","Nicobar Imperial-pigeon","Ducula nicobarica","Near Threatened","Schedule-II","","",NA,"Nicobar Imperial Pigeon","Ducula nicobarica","avibase-2EB3A410",1,6.98,1,1,119,"","","",NA,NA,NA,NA,NA,NA,NA,NA,NA,NA,NA,NA,NA,NA,NA,NA,NA,NA,NA,NA,NA,NA,NA,NA,NA,NA,NA,NA,NA,NA,NA,NA,NA,NA,NA,NA,NA,NA,NA,NA,NA,NA,NA,NA,NA,"Moderate",NA,NA,NA,NA
"Malabar Imperial-Pigeon","Ducula cuprea","mouimp1","Columbiformes","Columbidae (Pigeons and Doves)",NA,NA,NA,NA,"Diurnal","Diurnal","Fruit & Nect","Yes","Yes","No","Western Ghats","Forest","Resident",NA,NA,NA,"Malabar Imperial-Pigeon","Ducula cuprea","Nilgiri Imperial-pigeon","Ducula cuprea","Least Concern","Schedule-II","","",NA,"Malabar Imperial Pigeon","Ducula cuprea","avibase-A938A06D",1,8.01,1,1,120,"X","X","X",25,0.32,0.38,0.52,15.8,3.02374072962614,40.4115639456131,73.4049702280948,133.06735424496,36.4415493121499,71.5741581172211,140.688046170949,32.7808749047329,69.9123722124751,149.157920437757,29.4768968429067,68.2381184151025,158.016937394802,26.4256892030791,66.6783004715222,167.721081126596,23.7035312171695,65.0930248097893,178.028279096998,21.2565171525053,63.4777549518161,189.575265293612,19.0507859268668,61.9434714168352,201.728066630195,NA,NA,NA,-85.8765700323947,-79.1733666838056,-68.3024579920514,-2.92933613549471,-0.759673064006915,1.40999000748088,16130,16222,16314,"Trend Inconclusive","Stable",NA,"Moderate","Rapid Decline","Trend Inconclusive",NA,"Moderate"
"Mountain Imperial-Pigeon","Ducula badia","moipig1","Columbiformes","Columbidae (Pigeons and Doves)",NA,NA,NA,NA,"Diurnal","Diurnal","Fruit & Nect","No","No","No","Non-endemic","Forest","Resident",NA,NA,NA,"Mountain Imperial-Pigeon","Ducula badia","Mountain Imperial-pigeon","Ducula badia","Least Concern","Schedule-II","","",NA,"Mountain Imperial Pigeon","Ducula badia","avibase-16E10A30",1,8.08,2,0.044232555,121,"","","",NA,NA,NA,NA,NA,NA,NA,NA,NA,NA,NA,NA,NA,NA,NA,NA,NA,NA,NA,NA,NA,NA,NA,NA,NA,NA,NA,NA,NA,NA,NA,NA,NA,NA,NA,NA,NA,NA,NA,NA,NA,NA,NA,NA,NA,"Low",NA,NA,NA,NA
"Pied Imperial-Pigeon","Ducula bicolor","piipig1","Columbiformes","Columbidae (Pigeons and Doves)",NA,NA,NA,NA,"Diurnal","Diurnal","Fruit & Nect","No","No","No","Non-endemic","Non-specialized","Resident",NA,NA,1,"Pied Imperial-Pigeon","Ducula bicolor","Pied Imperial-pigeon","Ducula bicolor","Least Concern","Schedule-II","","",NA,"Pied Imperial Pigeon","Ducula bicolor","avibase-61DC1C21",1,7.61,1,0.008945044,122,"","","",NA,NA,NA,NA,NA,NA,NA,NA,NA,NA,NA,NA,NA,NA,NA,NA,NA,NA,NA,NA,NA,NA,NA,NA,NA,NA,NA,NA,NA,NA,NA,NA,NA,NA,NA,NA,NA,NA,NA,NA,NA,NA,NA,NA,NA,NA,NA,NA,NA,NA
"Tibetan Sandgrouse","Syrrhaptes tibetanus","tibsan1","Pterocliformes","Pteroclidae (Sandgrouse)",NA,NA,NA,NA,"Diurnal","Diurnal","Plant & Seed","No","No","No","Non-endemic","Alpine & Cold Desert","Resident",NA,NA,NA,"Tibetan Sandgrouse","Syrrhaptes tibetanus","Tibetan Sandgrouse","Syrrhaptes tibetanus","Least Concern","Schedule-II","","",NA,"Tibetan Sandgrouse","Syrrhaptes tibetanus","avibase-06AC42C7",1,5.23,1,0.016647259,123,"","","",NA,NA,NA,NA,NA,NA,NA,NA,NA,NA,NA,NA,NA,NA,NA,NA,NA,NA,NA,NA,NA,NA,NA,NA,NA,NA,NA,NA,NA,NA,NA,NA,NA,NA,NA,NA,NA,NA,NA,NA,NA,NA,NA,NA,NA,NA,NA,NA,NA,NA
"Pallas's Sandgrouse","Syrrhaptes paradoxus","palsan1","Pterocliformes","Pteroclidae (Sandgrouse)",NA,NA,NA,NA,"Diurnal","Diurnal","Plant & Seed","No","No","No","Non-endemic","Alpine & Cold Desert","Uncertain",NA,1,NA,"Pallas's Sandgrouse","Syrrhaptes paradoxus","Pallas's Sandgrouse","Syrrhaptes paradoxus","Least Concern","Schedule-II","","",NA,"Pallas's Sandgrouse","Syrrhaptes paradoxus","avibase-BDCB55F1",NA,4.8,1,NA,124,"","","",NA,NA,NA,NA,NA,NA,NA,NA,NA,NA,NA,NA,NA,NA,NA,NA,NA,NA,NA,NA,NA,NA,NA,NA,NA,NA,NA,NA,NA,NA,NA,NA,NA,NA,NA,NA,NA,NA,NA,NA,NA,NA,NA,NA,NA,NA,NA,NA,NA,NA
"Pin-tailed Sandgrouse","Pterocles alchata","pitsan1","Pterocliformes","Pteroclidae (Sandgrouse)",NA,NA,NA,NA,"Diurnal","Diurnal","Plant & Seed","No","No","No","Non-endemic","Grassland","Uncertain",NA,1,NA,"Pin-tailed Sandgrouse","Pterocles alchata","Pin-tailed Sandgrouse","Pterocles alchata","Least Concern","Schedule-II","","",NA,"Pin-tailed Sandgrouse","Pterocles alchata","avibase-493C4CF8",NA,4.02,1,0.035482542,125,"","","",NA,NA,NA,NA,NA,NA,NA,NA,NA,NA,NA,NA,NA,NA,NA,NA,NA,NA,NA,NA,NA,NA,NA,NA,NA,NA,NA,NA,NA,NA,NA,NA,NA,NA,NA,NA,NA,NA,NA,NA,NA,NA,NA,NA,NA,NA,NA,NA,NA,NA
"Chestnut-bellied Sandgrouse","Pterocles exustus","chbsan","Pterocliformes","Pteroclidae (Sandgrouse)",NA,NA,NA,NA,"Diurnal","Diurnal","Plant & Seed","No","No","No","Non-endemic","Grassland","Resident",1,NA,NA,"Chestnut-bellied Sandgrouse","Pterocles exustus","Chestnut-bellied Sandgrouse","Pterocles exustus","Least Concern","Schedule-II","","",NA,"Chestnut-bellied Sandgrouse","Pterocles exustus","avibase-F5DE9155",1,4.03,1,0.238357914,126,"","","X",64,0.015625,0.28125,0.390625,17.1875,1.37410602251468,NA,NA,NA,NA,NA,NA,NA,NA,NA,NA,NA,NA,NA,NA,NA,NA,NA,NA,NA,NA,NA,NA,NA,NA,NA,NA,NA,NA,NA,NA,NA,NA,NA,42904,43013,43122,"Insufficient Data","Insufficient Data",NA,"Moderate","Insufficient Data","Insufficient Data",NA,"Low"
"Spotted Sandgrouse","Pterocles senegallus","sposan1","Pterocliformes","Pteroclidae (Sandgrouse)",NA,NA,NA,NA,"Diurnal","Diurnal","Plant & Seed","No","No","No","Non-endemic","Grassland","Winter Migrant",NA,NA,NA,"Spotted Sandgrouse","Pterocles senegallus","Spotted Sandgrouse","Pterocles senegallus","Least Concern","Schedule-II","","",NA,"Spotted Sandgrouse","Pterocles senegallus","avibase-942BC618",1,4.3,1,0.020426734,127,"","","",NA,NA,NA,NA,NA,NA,NA,NA,NA,NA,NA,NA,NA,NA,NA,NA,NA,NA,NA,NA,NA,NA,NA,NA,NA,NA,NA,NA,NA,NA,NA,NA,NA,NA,NA,NA,NA,NA,NA,NA,NA,NA,NA,NA,NA,NA,NA,NA,NA,NA
"Black-bellied Sandgrouse","Pterocles orientalis","blbsan1","Pterocliformes","Pteroclidae (Sandgrouse)",NA,NA,NA,NA,"Diurnal","Diurnal","Plant & Seed","No","No","No","Non-endemic","Grassland","Winter Migrant",NA,1,NA,"Black-bellied Sandgrouse","Pterocles orientalis","Black-bellied Sandgrouse","Pterocles orientalis","Least Concern","Schedule-II","","",NA,"Black-bellied Sandgrouse","Pterocles orientalis","avibase-06B41945",1,4.65,1,0.062230333,128,"","","",NA,NA,NA,NA,NA,NA,NA,NA,NA,NA,NA,NA,NA,NA,NA,NA,NA,NA,NA,NA,NA,NA,NA,NA,NA,NA,NA,NA,NA,NA,NA,NA,NA,NA,NA,NA,NA,NA,NA,NA,NA,NA,NA,NA,NA,NA,NA,NA,NA,NA
"Painted Sandgrouse","Pterocles indicus","paisan1","Pterocliformes","Pteroclidae (Sandgrouse)",NA,NA,NA,NA,"Diurnal","Diurnal","Plant & Seed","No","Yes","No","Indian Subcontinent","Forest","Resident",NA,NA,NA,"Painted Sandgrouse","Pterocles indicus","Painted Sandgrouse","Pterocles indicus","Least Concern","Schedule-II","","",NA,"Painted Sandgrouse","Pterocles indicus","avibase-03CF8CB5",1,4.03,1,0.979476733,129,"","","X",11,NA,0.254545454545455,0.909090909090909,20.1818181818182,2.47666317771872,NA,NA,NA,NA,NA,NA,NA,NA,NA,NA,NA,NA,NA,NA,NA,NA,NA,NA,NA,NA,NA,NA,NA,NA,NA,NA,NA,NA,NA,NA,NA,NA,NA,3218,3247,3276,"Insufficient Data","Insufficient Data",NA,"Moderate","Insufficient Data","Insufficient Data",NA,"Moderate"
"Great Indian Bustard","Ardeotis nigriceps","indbus1","Otidiformes","Otididae (Bustards)",NA,NA,NA,NA,"Diurnal","Diurnal","Omnivore","No","Yes","No","Indian Subcontinent","Grassland","Resident",NA,NA,NA,"Great Indian Bustard","Ardeotis nigriceps","Great Indian Bustard","Ardeotis nigriceps","Critically Endangered","Schedule-I","Appendix I","Appendix I",NA,"Great Indian Bustard","Ardeotis nigriceps","avibase-2799567A",1,12.43,1,0.994660791,130,"","","X",NA,NA,NA,NA,NA,NA,NA,NA,NA,NA,NA,NA,NA,NA,NA,NA,NA,NA,NA,NA,NA,NA,NA,NA,NA,NA,NA,NA,NA,NA,NA,NA,NA,NA,NA,NA,NA,NA,NA,0,0,0,"Insufficient Data","Insufficient Data",NA,"High","Insufficient Data","Insufficient Data",NA,"High"
"Asian Houbara","Chlamydotis macqueenii","macbus1","Otidiformes","Otididae (Bustards)",NA,NA,NA,NA,"Diurnal","Diurnal","Plant & Seed","No","No","No","Non-endemic","Grassland","Winter Migrant",1,NA,NA,"Asian Houbara","Chlamydotis macqueenii","Asian Houbara","Chlamydotis macqueenii","Vulnerable","Schedule-I","Appendix I","Appendix II",NA,"Asian Houbara","Chlamydotis macqueenii","avibase-1BCEB0FD",1,7.24,1,0.033308313,131,"","","",NA,NA,NA,NA,NA,NA,NA,NA,NA,NA,NA,NA,NA,NA,NA,NA,NA,NA,NA,NA,NA,NA,NA,NA,NA,NA,NA,NA,NA,NA,NA,NA,NA,NA,NA,NA,NA,NA,NA,NA,NA,NA,NA,NA,NA,NA,NA,NA,NA,NA
"Bengal Florican","Houbaropsis bengalensis","benflo2","Otidiformes","Otididae (Bustards)",NA,NA,NA,NA,"Diurnal","Diurnal","Omnivore","No","No","No","Non-endemic","Wetland","Resident & Local Migrant",1,NA,NA,"Bengal Florican","Houbaropsis bengalensis","Bengal Florican","Houbaropsis bengalensis","Critically Endangered","Schedule-I","Appendix I","Appendix I",NA,"Bengal Florican","Houbaropsis bengalensis","avibase-4E2CA7F7",1,11.03,1,0.693954659,132,"","","",NA,NA,NA,NA,NA,NA,NA,NA,NA,NA,NA,NA,NA,NA,NA,NA,NA,NA,NA,NA,NA,NA,NA,NA,NA,NA,NA,NA,NA,NA,NA,NA,NA,NA,NA,NA,NA,NA,NA,NA,NA,NA,NA,NA,NA,"High",NA,NA,NA,NA
"Lesser Florican","Sypheotides indicus","lesflo2","Otidiformes","Otididae (Bustards)",NA,NA,NA,NA,"Diurnal","Diurnal","Omnivore","No","Yes","No","Indian Subcontinent","Grassland","Local Migrant",NA,NA,NA,"Lesser Florican","Sypheotides indicus","Lesser Florican","Sypheotides indicus","Critically Endangered","Schedule-I","Appendix II","",NA,"Lesser Florican","Sypheotides indicus","avibase-FEA2C3CD",1,6,1,0.928833952,133,"","","",NA,NA,NA,NA,NA,NA,NA,NA,NA,NA,NA,NA,NA,NA,NA,NA,NA,NA,NA,NA,NA,NA,NA,NA,NA,NA,NA,NA,NA,NA,NA,NA,NA,NA,NA,NA,NA,NA,NA,NA,NA,NA,NA,NA,NA,"High",NA,NA,NA,NA
"Little Bustard","Tetrax tetrax","litbus1","Otidiformes","Otididae (Bustards)",NA,NA,NA,NA,"24 hour","Diurnal","Plant & Seed","No","No","No","Non-endemic","Grassland","Uncertain",NA,1,NA,"Little Bustard","Tetrax tetrax","Little Bustard","Tetrax tetrax","Near Threatened","Schedule-I","Appendix II","Appendix I",NA,"Little Bustard","Tetrax tetrax","avibase-56E3016D",NA,6.58,1,0.005043169,134,"","","",NA,NA,NA,NA,NA,NA,NA,NA,NA,NA,NA,NA,NA,NA,NA,NA,NA,NA,NA,NA,NA,NA,NA,NA,NA,NA,NA,NA,NA,NA,NA,NA,NA,NA,NA,NA,NA,NA,NA,NA,NA,NA,NA,NA,NA,NA,NA,NA,NA,NA
"Andaman Coucal","Centropus andamanensis","andcou1","Cuculiformes","Cuculidae (Cuckoos)",NA,NA,NA,NA,"Diurnal","Diurnal","Invertebrate","No","No","No","Andaman Islands","Non-specialized","Resident",NA,NA,1,"Andaman Coucal","Centropus andamanensis","Andaman Coucal","Centropus andamanensis","Least Concern","Schedule-II","","",NA,"Andaman Coucal","Centropus andamanensis","avibase-FB6D6920",1,5.96,1,1,135,"","","",NA,NA,NA,NA,NA,NA,NA,NA,NA,NA,NA,NA,NA,NA,NA,NA,NA,NA,NA,NA,NA,NA,NA,NA,NA,NA,NA,NA,NA,NA,NA,NA,NA,NA,NA,NA,NA,NA,NA,NA,NA,NA,NA,NA,NA,"Low",NA,NA,NA,NA
"Greater Coucal","Centropus sinensis","grecou1","Cuculiformes","Cuculidae (Cuckoos)",NA,NA,NA,NA,"Diurnal","Diurnal","Omnivore","No","No","No","Non-endemic","Non-specialized","Resident",1,NA,NA,"Greater Coucal","Centropus sinensis","Greater Coucal","Centropus sinensis","Least Concern","Schedule-II","","",NA,"Greater Coucal","Centropus sinensis","avibase-F5F991AC",1,5.86,3,0.365074844,136,"X","X","X",255,0.141176470588235,0.736764705882353,0.886274509803922,14.5372549019608,0.77800798644413,101.536100968353,115.424130071354,131.141926301746,101.700536096944,117.597362146148,135.859069894477,101.823710850092,119.798354327781,140.854062656064,101.895433986269,122.025770272423,146.069113153966,101.943757489686,124.249051159013,151.428857942708,101.953246488358,126.565446029123,157.045219008996,101.954921023747,128.908560410568,162.895525512944,101.968547275203,131.284332325681,169.013779319346,NA,NA,NA,75.792246044363,95.152569396881,117.949797972229,-0.0876471272884614,3.24843186482864,6.58451085694575,145752,145753,145754,"Rapid Increase","Trend Inconclusive",NA,"Low","Increase","Rapid Increase",NA,"Low"
"Lesser Coucal","Centropus bengalensis","lescou1","Cuculiformes","Cuculidae (Cuckoos)",NA,NA,NA,NA,"Diurnal","Diurnal","Invertebrate","No","No","No","Non-endemic","Grassland","Resident",NA,NA,NA,"Lesser Coucal","Centropus bengalensis","Lesser Coucal","Centropus bengalensis","Least Concern","Schedule-II","","",NA,"Lesser Coucal","Centropus bengalensis","avibase-FD7D022A",1,5.08,1,0.084825804,137,"","","X",4,NA,0.5,0.5,19.25,5.0843649226493,NA,NA,NA,NA,NA,NA,NA,NA,NA,NA,NA,NA,NA,NA,NA,NA,NA,NA,NA,NA,NA,NA,NA,NA,NA,NA,NA,NA,NA,NA,NA,NA,NA,7661,7735,7809,"Insufficient Data","Insufficient Data",NA,"Low","Insufficient Data","Insufficient Data",NA,"Low"
"Sirkeer Malkoha","Taccocua leschenaultii","sirmal1","Cuculiformes","Cuculidae (Cuckoos)",NA,NA,NA,NA,"Diurnal","Diurnal","Invertebrate","No","Yes","No","Indian Subcontinent","Forest","Resident",NA,NA,NA,"Sirkeer Malkoha","Taccocua leschenaultii","Sirkeer Malkoha","Taccocua leschenaultii","Least Concern","Schedule-II","","",NA,"Sirkeer Malkoha","Taccocua leschenaultii","avibase-4D3AFA75",1,5.51,3,0.951463458,138,"","X","X",79,0.0126582278481013,0.268987341772152,0.430379746835443,17.7341772151899,1.12813523735398,22.2966532936848,30.010338194615,40.1115104409804,19.5476855255113,27.2973897020309,37.9189745130711,17.0787813367253,24.7661497271154,35.8858990198388,14.9017346537592,22.5042898339248,33.9670987314297,13.0074076170428,20.5182299948368,32.1858773156869,11.3464798008301,18.6389378239907,30.5149271639618,9.90332442709332,16.9407905213163,28.9489392315372,8.64036244890407,15.3917484156413,27.4965221258516,NA,NA,NA,NA,NA,NA,-8.77019757154896,-5.87086048286678,-2.97152339418461,50517,50517,50517,"Insufficient Data","Trend Inconclusive",NA,"Moderate","Insufficient Data","Trend Inconclusive",NA,"Low"
"Blue-faced Malkoha","Phaenicophaeus viridirostris","blfmal1","Cuculiformes","Cuculidae (Cuckoos)",NA,NA,NA,NA,"Diurnal","Diurnal","Invertebrate","No","Yes","No","Indian Subcontinent","Forest & Plantation","Resident",NA,NA,NA,"Blue-faced Malkoha","Phaenicophaeus viridirostris","Blue-faced Malkoha","Phaenicophaeus viridirostris","Least Concern","Schedule-II","","",NA,"Blue-faced Malkoha","Phaenicophaeus viridirostris","avibase-6E40B45B",1,4.58,1,0.921783562,139,"X","X","X",223,0.0717488789237668,0.534192825112108,0.721973094170404,15.3991031390135,0.772459348324059,57.4190620251317,67.1925451414815,78.383279312609,54.9553512791885,65.6262567853086,78.2254861147038,52.5380511894166,64.12593786588,78.0435736085543,50.2409771185043,62.6665271129195,77.9174726524675,48.0220327337308,61.2213264286133,77.834453164001,45.8804901695929,59.8223377803692,77.7710049767809,43.8368342603123,58.4471354965522,77.7063430276272,41.8710699622504,57.1040906796913,77.6640951963099,NA,NA,NA,-20.4730374125635,-4.5222823651259,19.915100185359,-5.30925098955895,-2.69900754413128,-0.0887640987036097,141207,141257,141307,"Stable","Trend Inconclusive",NA,"Low","Stable","Trend Inconclusive",NA,"Low"
"Green-billed Malkoha","Phaenicophaeus tristis","grbmal1","Cuculiformes","Cuculidae (Cuckoos)",NA,NA,NA,NA,"Diurnal","Diurnal","Invertebrate","No","No","No","Non-endemic","Forest","Resident",NA,NA,NA,"Green-billed Malkoha","Phaenicophaeus tristis","Green-billed Malkoha","Phaenicophaeus tristis","Least Concern","Schedule-II","","",NA,"Green-billed Malkoha","Phaenicophaeus tristis","avibase-147BEFCD",1,4.77,1,0.196598682,140,"","","",NA,NA,NA,NA,NA,NA,NA,NA,NA,NA,NA,NA,NA,NA,NA,NA,NA,NA,NA,NA,NA,NA,NA,NA,NA,NA,NA,NA,NA,NA,NA,NA,NA,NA,NA,NA,NA,NA,NA,NA,NA,NA,NA,NA,NA,"Low",NA,NA,NA,NA
"Chestnut-winged Cuckoo","Clamator coromandus","chwcuc1","Cuculiformes","Cuculidae (Cuckoos)",NA,NA,NA,NA,"24 hour","Diurnal","Invertebrate","No","No","No","Non-endemic","Forest & Plantation","Summer Migrant & Localized Winter Migrant",NA,NA,NA,"Chestnut-winged Cuckoo","Clamator coromandus","Chestnut-winged Cuckoo","Clamator coromandus","Least Concern","Schedule-II","","",NA,"Chestnut-winged Cuckoo","Clamator coromandus","avibase-575C66D2",1,3.45,1,0.27802077,141,"","","X",35,0.114285714285714,0.214285714285714,0.371428571428571,16.4857142857143,2.11430266629588,NA,NA,NA,NA,NA,NA,NA,NA,NA,NA,NA,NA,NA,NA,NA,NA,NA,NA,NA,NA,NA,NA,NA,NA,NA,NA,NA,NA,NA,NA,NA,NA,NA,12342,12342,12342,"Insufficient Data","Insufficient Data",NA,"Moderate","Insufficient Data","Insufficient Data",NA,"Moderate"
"Pied Cuckoo","Clamator jacobinus","piecuc1","Cuculiformes","Cuculidae (Cuckoos)",NA,NA,NA,NA,"24 hour","Diurnal","Invertebrate","No","No","No","Non-endemic","Non-specialized","Resident & Summer Migrant",NA,NA,NA,"Pied Cuckoo","Clamator jacobinus","Jacobin Cuckoo","Clamator jacobinus","Least Concern","Schedule-II","","",NA,"Jacobin Cuckoo","Clamator jacobinus","avibase-BF0A0954",1,3.41,2,0.154220297,142,"X","X","X",233,0.0686695278969957,0.530042918454936,0.716738197424893,15.3605150214592,0.746231336311692,56.8309522590635,75.185322322352,99.4918447301579,55.4557743996739,76.2019871269885,104.593590508217,54.0855863705205,77.1766589564626,109.960848955363,52.7168392007921,78.1767558787671,115.712088718967,51.364737120719,79.1803800725948,121.852841596874,50.008634728535,80.2103193981227,128.41888427921,48.6863194375408,81.2405226985496,135.410641405613,47.3811238889365,82.332331229069,142.639954471777,NA,NA,NA,-27.1079123952548,-12.2983107662791,5.776484970391,-3.27729002058553,0.643242389338692,4.56377479926291,130715,130796,130877,"Stable","Trend Inconclusive",NA,"Low","Trend Inconclusive","Stable",NA,"Low"
"Asian Koel","Eudynamys scolopaceus","asikoe2","Cuculiformes","Cuculidae (Cuckoos)",NA,NA,NA,NA,"24 hour","Diurnal","Fruit & Nect","No","No","No","Non-endemic","Non-specialized","Resident",1,NA,NA,"Asian Koel","Eudynamys scolopaceus","Western Koel","Eudynamys scolopaceus","Least Concern","Schedule-II","","",NA,"Asian Koel","Eudynamys scolopaceus","avibase-61503588",1,5.58,2,0.279808865,143,"X","X","X",251,0.123505976095618,0.755478087649402,0.888446215139442,14.7131474103586,0.769869458076915,104.830632297473,120.137127841404,137.720811010963,104.165240384323,121.584275889844,141.948264112445,103.495842782034,123.068233292445,146.305693821008,102.778376855901,124.539618435391,150.865476897668,102.050965833712,126.044327002468,155.625487509808,101.290893918948,127.530618868848,160.556284341672,100.535703666792,129.074466101237,165.66209554815,99.7584521940918,130.647819895757,170.996919471226,NA,NA,NA,97.203856250597,117.28398970112,144.017030686482,-1.98566252336033,2.33412797293293,6.65391846922619,144987,144993,144999,"Rapid Increase","Trend Inconclusive",NA,"Low","Rapid Increase","Trend Inconclusive",NA,"Low"
"Asian Emerald Cuckoo","Chrysococcyx maculatus","asecuc1","Cuculiformes","Cuculidae (Cuckoos)",NA,NA,NA,NA,"24 hour","Diurnal","Invertebrate","No","No","No","Non-endemic","Forest & Plantation","Resident & Summer Migrant",1,NA,NA,"Asian Emerald Cuckoo","Chrysococcyx maculatus","Asian Emerald Cuckoo","Chrysococcyx maculatus","Least Concern","Schedule-II","","",NA,"Asian Emerald Cuckoo","Chrysococcyx maculatus","avibase-DD1544E8",1,3.74,1,0.107298771,144,"","","",NA,NA,NA,NA,NA,NA,NA,NA,NA,NA,NA,NA,NA,NA,NA,NA,NA,NA,NA,NA,NA,NA,NA,NA,NA,NA,NA,NA,NA,NA,NA,NA,NA,NA,NA,NA,NA,NA,NA,NA,NA,NA,NA,NA,NA,"Moderate",NA,NA,NA,NA
"Violet Cuckoo","Chrysococcyx xanthorhynchus","viocuc1","Cuculiformes","Cuculidae (Cuckoos)",NA,NA,NA,NA,"Diurnal","Diurnal","Invertebrate","No","No","No","Non-endemic","Forest & Plantation","Resident & Summer Migrant",NA,NA,NA,"Violet Cuckoo","Chrysococcyx xanthorhynchus","Violet Cuckoo","Chrysococcyx xanthorhynchus","Least Concern","Schedule-II","","",NA,"Violet Cuckoo","Chrysococcyx xanthorhynchus","avibase-A6C03533",1,3.59,1,0.035199146,145,"","","",NA,NA,NA,NA,NA,NA,NA,NA,NA,NA,NA,NA,NA,NA,NA,NA,NA,NA,NA,NA,NA,NA,NA,NA,NA,NA,NA,NA,NA,NA,NA,NA,NA,NA,NA,NA,NA,NA,NA,NA,NA,NA,NA,NA,NA,NA,NA,NA,NA,NA
"Horsfield's Bronze-Cuckoo","Chalcites basalis","hobcuc1","Cuculiformes","Cuculidae (Cuckoos)",NA,NA,NA,NA,"Diurnal","Diurnal","Invertebrate","No","No","No","Non-endemic","Forest & Plantation","Uncertain",NA,1,NA,"Horsfield's Bronze-Cuckoo","Chalcites basalis","Horsfield's Bronze-cuckoo","Chalcites basalis","Least Concern","Schedule-II","","",NA,"Horsfield's Bronze Cuckoo","Chalcites basalis","avibase-91248B47",NA,3.67,1,NA,146,"","","",NA,NA,NA,NA,NA,NA,NA,NA,NA,NA,NA,NA,NA,NA,NA,NA,NA,NA,NA,NA,NA,NA,NA,NA,NA,NA,NA,NA,NA,NA,NA,NA,NA,NA,NA,NA,NA,NA,NA,NA,NA,NA,NA,NA,NA,NA,NA,NA,NA,NA
"Banded Bay Cuckoo","Cacomantis sonneratii","babcuc2","Cuculiformes","Cuculidae (Cuckoos)",NA,NA,NA,NA,"Diurnal","Diurnal","Invertebrate","No","No","No","Non-endemic","Forest & Plantation","Resident & Local Migrant",NA,NA,NA,"Banded Bay Cuckoo","Cacomantis sonneratii","Banded Bay Cuckoo","Cacomantis sonneratii","Least Concern","Schedule-II","","",NA,"Banded Bay Cuckoo","Cacomantis sonneratii","avibase-9E932BD4",1,4.05,1,0.284951913,147,"","","X",45,0.0444444444444444,0.258333333333333,0.4,17.6222222222222,1.78193476610738,NA,NA,NA,NA,NA,NA,NA,NA,NA,NA,NA,NA,NA,NA,NA,NA,NA,NA,NA,NA,NA,NA,NA,NA,NA,NA,NA,NA,NA,NA,NA,NA,NA,19598,19598,19598,"Insufficient Data","Insufficient Data",NA,"Moderate","Insufficient Data","Insufficient Data",NA,"Low"
"Plaintive Cuckoo","Cacomantis merulinus","placuc1","Cuculiformes","Cuculidae (Cuckoos)",NA,NA,NA,NA,"24 hour","Diurnal","Invertebrate","No","No","No","Non-endemic","Forest & Plantation","Resident & Local Migrant",NA,NA,NA,"Plaintive Cuckoo","Cacomantis merulinus","Plaintive Cuckoo","Cacomantis merulinus","Least Concern","Schedule-II","","",NA,"Plaintive Cuckoo","Cacomantis merulinus","avibase-54089C78",1,3.79,1,0.094461473,148,"","","",NA,NA,NA,NA,NA,NA,NA,NA,NA,NA,NA,NA,NA,NA,NA,NA,NA,NA,NA,NA,NA,NA,NA,NA,NA,NA,NA,NA,NA,NA,NA,NA,NA,NA,NA,NA,NA,NA,NA,NA,NA,NA,NA,NA,NA,"Low",NA,NA,NA,NA
"Gray-bellied Cuckoo","Cacomantis passerinus","placuc3","Cuculiformes","Cuculidae (Cuckoos)",NA,NA,NA,NA,"24 hour","Diurnal","Invertebrate","No","Yes","No","Indian Subcontinent","Non-specialized","Resident & Local Migrant",NA,NA,NA,"Grey-bellied Cuckoo","Cacomantis passerinus","Grey-bellied Cuckoo","Cacomantis passerinus","Least Concern","Schedule-II","","",NA,"Grey-bellied Cuckoo","Cacomantis passerinus","avibase-84D36C76",1,3.76,1,0.888198698,149,"","X","X",163,0.0306748466257669,0.38420245398773,0.503067484662577,16.7116564417178,0.859632873080896,73.2109278603067,91.6905830243246,114.855262062099,70.0966518464357,90.4400158919894,116.888044357861,67.127237203663,89.2943964539116,118.950889104021,64.2308570848493,88.2023863731438,121.117902793694,61.4309919204606,87.0735464121161,123.403159360292,58.7133981117371,86.0084471523301,125.87364468296,56.113872286599,84.8828405444542,128.322872898203,53.6120465357424,83.8188756514224,131.003466814345,NA,NA,NA,NA,NA,NA,-4.58641090791147,-1.28020524770154,2.02600041250839,91757,91757,91757,"Insufficient Data","Trend Inconclusive",NA,"Low","Insufficient Data","Trend Inconclusive",NA,"Low"
"Fork-tailed Drongo-Cuckoo","Surniculus dicruroides","asidrc2","Cuculiformes","Cuculidae (Cuckoos)",NA,NA,NA,NA,"24 hour","Diurnal","Invertebrate","No","Yes","No","Indian Subcontinent","Forest & Plantation","Within-India Migrant",NA,NA,NA,"Fork-tailed Drongo-Cuckoo","Surniculus dicruroides","Fork-tailed Drongo-cuckoo","Surniculus dicruroides","Least Concern","Schedule-II","","",NA,"Fork-tailed Drongo-Cuckoo","Surniculus dicruroides","avibase-89141C11",1,4.1,1,0.257787052,150,"","","X",17,NA,0.176470588235294,0.352941176470588,16.8823529411765,3.40264175814264,NA,NA,NA,NA,NA,NA,NA,NA,NA,NA,NA,NA,NA,NA,NA,NA,NA,NA,NA,NA,NA,NA,NA,NA,NA,NA,NA,NA,NA,NA,NA,NA,NA,14629,14833,15037,"Insufficient Data","Insufficient Data",NA,"Low","Insufficient Data","Insufficient Data",NA,"Moderate"
"Square-tailed Drongo-Cuckoo","Surniculus lugubris","asidrc3","Cuculiformes","Cuculidae (Cuckoos)",NA,NA,NA,NA,"24 hour","Diurnal","Invertebrate","No","No","No","Non-endemic","Forest & Plantation","Summer Migrant",NA,NA,NA,"Square-tailed Drongo-Cuckoo","Surniculus lugubris","Square-tailed Drongo-cuckoo","Surniculus lugubris","Least Concern","Schedule-II","","",NA,"Square-tailed Drongo-Cuckoo","Surniculus lugubris","avibase-A6A5EE59",1,4.03,1,0.032556676,151,"","","",NA,NA,NA,NA,NA,NA,NA,NA,NA,NA,NA,NA,NA,NA,NA,NA,NA,NA,NA,NA,NA,NA,NA,NA,NA,NA,NA,NA,NA,NA,NA,NA,NA,NA,NA,NA,NA,NA,NA,NA,NA,NA,NA,NA,NA,"Low",NA,NA,NA,NA
"Large Hawk-Cuckoo","Hierococcyx sparverioides","larhac2","Cuculiformes","Cuculidae (Cuckoos)",NA,NA,NA,NA,"24 hour","Diurnal","Invertebrate","No","No","No","Non-endemic","Forest","Resident & Within-India Migrant",NA,NA,NA,"Large Hawk-Cuckoo","Hierococcyx sparverioides","Large Hawk-Cuckoo","Hierococcyx sparverioides","Least Concern","Schedule-II","","",NA,"Large Hawk-Cuckoo","Hierococcyx sparverioides","avibase-CC033E81",1,5.59,1,0.114178143,152,"","","X",8,0.25,0.270833333333333,NA,17.375,6.20843176655748,NA,NA,NA,NA,NA,NA,NA,NA,NA,NA,NA,NA,NA,NA,NA,NA,NA,NA,NA,NA,NA,NA,NA,NA,NA,NA,NA,NA,NA,NA,NA,NA,NA,5507,5507,5507,"Insufficient Data","Insufficient Data",NA,"Low","Insufficient Data","Insufficient Data",NA,"Low"
"Common Hawk-Cuckoo","Hierococcyx varius","cohcuc1","Cuculiformes","Cuculidae (Cuckoos)",NA,NA,NA,NA,"24 hour","Diurnal","Invertebrate","No","Yes","No","Indian Subcontinent","Forest & Plantation","Resident & Local Migrant",NA,NA,NA,"Common Hawk-Cuckoo","Hierococcyx varius","Common Hawk-Cuckoo","Hierococcyx varius","Least Concern","Schedule-II","","",NA,"Common Hawk-Cuckoo","Hierococcyx varius","avibase-0880DDC8",1,5.11,1,0.849691188,153,"X","X","X",233,0.103004291845494,0.58637339055794,0.785407725321888,15.137339055794,0.78203254349632,157.19503959088,173.897457672048,192.234866949131,163.713013092526,183.477894977946,205.468948636925,170.466022490099,193.697426131559,219.746419170937,177.470406604003,204.277819801238,235.210890696296,184.76220901328,215.631650092756,251.679348226649,192.198232013917,227.513764849909,269.409977322746,199.983605365105,240.053736633844,288.390441012827,208.098029493364,253.393527470733,308.870536322792,NA,NA,NA,9.616899708937,27.371969549408,47.281346889744,4.22004525380301,5.8351712973231,7.45029734084319,139486,139518,139550,"Trend Inconclusive","Rapid Increase",NA,"Low","Stable","Rapid Increase",NA,"Low"
"Hodgson's Hawk-Cuckoo","Hierococcyx nisicolor","hodhac1","Cuculiformes","Cuculidae (Cuckoos)",NA,NA,NA,NA,"24 hour","Diurnal","Invertebrate","No","No","No","Non-endemic","Forest","Summer Migrant",NA,NA,NA,"Hodgson's Hawk-Cuckoo","Hierococcyx nisicolor","Whistling Hawk-Cuckoo","Hierococcyx nisicolor","Least Concern","Schedule-II","","",NA,"Hodgson's Hawk-Cuckoo","Hierococcyx nisicolor","avibase-099F2928",1,4.84,1,0.042998206,154,"","","",NA,NA,NA,NA,NA,NA,NA,NA,NA,NA,NA,NA,NA,NA,NA,NA,NA,NA,NA,NA,NA,NA,NA,NA,NA,NA,NA,NA,NA,NA,NA,NA,NA,NA,NA,NA,NA,NA,NA,NA,NA,NA,NA,NA,NA,NA,NA,NA,NA,NA
"Lesser Cuckoo","Cuculus poliocephalus","lescuc1","Cuculiformes","Cuculidae (Cuckoos)",NA,NA,NA,NA,"24 hour","Diurnal","Invertebrate","No","No","No","Non-endemic","Forest","Summer Migrant & Localized Winter Migrant",NA,NA,NA,"Lesser Cuckoo","Cuculus poliocephalus","Lesser Cuckoo","Cuculus poliocephalus","Least Concern","Schedule-II","","",NA,"Lesser Cuckoo","Cuculus poliocephalus","avibase-FF41B79F",1,3.42,1,0.171133891,155,"","","X",2,0.5,NA,NA,13.5,12.74,NA,NA,NA,NA,NA,NA,NA,NA,NA,NA,NA,NA,NA,NA,NA,NA,NA,NA,NA,NA,NA,NA,NA,NA,NA,NA,NA,NA,NA,NA,NA,NA,NA,147,315,483,"Insufficient Data","Insufficient Data",NA,"Low","Insufficient Data","Insufficient Data",NA,"Low"
"Indian Cuckoo","Cuculus micropterus","indcuc1","Cuculiformes","Cuculidae (Cuckoos)",NA,NA,NA,NA,"24 hour","Diurnal","Invertebrate","No","No","No","Non-endemic","Forest & Plantation","Summer Migrant & Localized Winter Migrant",NA,NA,NA,"Indian Cuckoo","Cuculus micropterus","Indian Cuckoo","Cuculus micropterus","Least Concern","Schedule-II","","",NA,"Indian Cuckoo","Cuculus micropterus","avibase-5CFEDF61",1,4.08,1,0.166901806,156,"","","X",28,0.0357142857142857,0.1875,0.178571428571429,17.8928571428571,2.32815536582235,NA,NA,NA,NA,NA,NA,NA,NA,NA,NA,NA,NA,NA,NA,NA,NA,NA,NA,NA,NA,NA,NA,NA,NA,NA,NA,NA,NA,NA,NA,NA,NA,NA,15768,15827,15886,"Insufficient Data","Insufficient Data",NA,"Low","Insufficient Data","Insufficient Data",NA,"Low"
"Himalayan Cuckoo","Cuculus saturatus","himcuc1","Cuculiformes","Cuculidae (Cuckoos)",NA,NA,NA,NA,"Diurnal","Diurnal","Invertebrate","No","No","No","Non-endemic","Forest","Summer Migrant",NA,NA,NA,"Himalayan Cuckoo","Cuculus saturatus","Himalayan Cuckoo","Cuculus saturatus","Least Concern","Schedule-II","","",NA,"Himalayan Cuckoo","Cuculus saturatus","avibase-66812DE2",1,4.05,1,0.056488037,157,"","","",NA,NA,NA,NA,NA,NA,NA,NA,NA,NA,NA,NA,NA,NA,NA,NA,NA,NA,NA,NA,NA,NA,NA,NA,NA,NA,NA,NA,NA,NA,NA,NA,NA,NA,NA,NA,NA,NA,NA,NA,NA,NA,NA,NA,NA,"Moderate",NA,NA,NA,NA
"Common Cuckoo","Cuculus canorus","comcuc","Cuculiformes","Cuculidae (Cuckoos)",NA,NA,NA,NA,"Diurnal","Diurnal","Invertebrate","No","No","No","Non-endemic","Non-specialized","Summer Migrant & Passage Migrant",NA,NA,NA,"Common Cuckoo","Cuculus canorus","Common Cuckoo","Cuculus canorus","Least Concern","Schedule-II","","",NA,"Common Cuckoo","Cuculus canorus","avibase-B3D2C3C5",1,4.08,3,0.017564402,158,"","","X",43,NA,0.203488372093023,0.302325581395349,19.4186046511628,1.4441532158697,NA,NA,NA,NA,NA,NA,NA,NA,NA,NA,NA,NA,NA,NA,NA,NA,NA,NA,NA,NA,NA,NA,NA,NA,NA,NA,NA,NA,NA,NA,NA,NA,NA,54351,54526,54701,"Insufficient Data","Insufficient Data",NA,"Low","Insufficient Data","Insufficient Data",NA,"Low"
"Great Eared-Nightjar","Lyncornis macrotis","grenig1","Caprimulgiformes","Caprimulgidae (Nightjars and Allies)",NA,NA,NA,NA,"Nocturnal","Nocturnal","Invertebrate","No","No","No","Non-endemic","Forest","Resident & Summer Migrant",1,NA,NA,"Great Eared-Nightjar","Lyncornis macrotis","Great Eared-nightjar","Lyncornis macrotis","Least Concern","Schedule-II","","",NA,"Great Eared Nightjar","Lyncornis macrotis","avibase-C5E15B31",1,6.06,2,0.111654172,159,"","","",6,0.333333333333333,0.222222222222222,NA,13.8333333333333,7.30594947818405,NA,NA,NA,NA,NA,NA,NA,NA,NA,NA,NA,NA,NA,NA,NA,NA,NA,NA,NA,NA,NA,NA,NA,NA,NA,NA,NA,NA,NA,NA,NA,NA,NA,NA,NA,NA,NA,NA,NA,NA,NA,NA,NA,NA
"Jungle Nightjar","Caprimulgus indicus","grynig2","Caprimulgiformes","Caprimulgidae (Nightjars and Allies)",NA,NA,NA,NA,"Nocturnal","Nocturnal","Invertebrate","No","Yes","No","Indian Subcontinent","Forest & Plantation","Resident & Local Migrant",NA,NA,NA,"Jungle Nightjar","Caprimulgus indicus","Jungle Nightjar","Caprimulgus indicus","Least Concern","Schedule-II","","",NA,"Jungle Nightjar","Caprimulgus indicus","avibase-5FF16559",1,3.79,1,0.979262617,160,"","","",30,0.0333333333333333,0.291666666666667,0.466666666666667,17.8333333333333,2.44530200910006,NA,NA,NA,NA,NA,NA,NA,NA,NA,NA,NA,NA,NA,NA,NA,NA,NA,NA,NA,NA,NA,NA,NA,NA,NA,NA,NA,NA,NA,NA,NA,NA,NA,NA,NA,NA,NA,NA,NA,NA,NA,NA,NA,NA
"Gray Nightjar","Caprimulgus jotaka","grynig1","Caprimulgiformes","Caprimulgidae (Nightjars and Allies)",NA,NA,NA,NA,"Nocturnal","Nocturnal","Invertebrate","No","No","No","Non-endemic","Non-specialized","Resident & Summer Migrant",NA,NA,NA,"Grey Nightjar","Caprimulgus jotaka","Grey Nightjar","Caprimulgus jotaka","Least Concern","Schedule-II","","",NA,"Grey Nightjar","Caprimulgus jotaka","avibase-7A2734EB",1,3.6,2,0.033921643,161,"","","",NA,NA,NA,NA,NA,NA,NA,NA,NA,NA,NA,NA,NA,NA,NA,NA,NA,NA,NA,NA,NA,NA,NA,NA,NA,NA,NA,NA,NA,NA,NA,NA,NA,NA,NA,NA,NA,NA,NA,NA,NA,NA,NA,NA,NA,NA,NA,NA,NA,NA
"Eurasian Nightjar","Caprimulgus europaeus","eurnig1","Caprimulgiformes","Caprimulgidae (Nightjars and Allies)",NA,NA,NA,NA,"Nocturnal","Nocturnal","Invertebrate","No","No","No","Non-endemic","Forest","Passage Migrant",NA,NA,NA,"European Nightjar","Caprimulgus europaeus","European Nightjar","Caprimulgus europaeus","Least Concern","Schedule-II","","",NA,"European Nightjar","Caprimulgus europaeus","avibase-80D4B0FE",1,3.16,2,6.82e-06,162,"","","",NA,NA,NA,NA,NA,NA,NA,NA,NA,NA,NA,NA,NA,NA,NA,NA,NA,NA,NA,NA,NA,NA,NA,NA,NA,NA,NA,NA,NA,NA,NA,NA,NA,NA,NA,NA,NA,NA,NA,NA,NA,NA,NA,NA,NA,NA,NA,NA,NA,NA
"Sykes's Nightjar","Caprimulgus mahrattensis","syknig1","Caprimulgiformes","Caprimulgidae (Nightjars and Allies)",NA,NA,NA,NA,"Nocturnal","Nocturnal","Invertebrate","No","No","No","Non-endemic","Open Habitat","Resident & Winter Migrant",1,NA,NA,"Sykes's Nightjar","Caprimulgus mahrattensis","Sykes's Nightjar","Caprimulgus mahrattensis","Least Concern","Schedule-II","","",NA,"Sykes's Nightjar","Caprimulgus mahrattensis","avibase-C727BD31",1,3.3,1,0.524853301,163,"","","",NA,NA,NA,NA,NA,NA,NA,NA,NA,NA,NA,NA,NA,NA,NA,NA,NA,NA,NA,NA,NA,NA,NA,NA,NA,NA,NA,NA,NA,NA,NA,NA,NA,NA,NA,NA,NA,NA,NA,NA,NA,NA,NA,NA,NA,NA,NA,NA,NA,NA
"Large-tailed Nightjar","Caprimulgus macrurus","latnig2","Caprimulgiformes","Caprimulgidae (Nightjars and Allies)",NA,NA,NA,NA,"Nocturnal","Nocturnal","Invertebrate","No","No","No","Non-endemic","Forest","Resident & Local Migrant",NA,NA,NA,"Large-tailed Nightjar","Caprimulgus macrurus","Large-tailed Nightjar","Caprimulgus macrurus","Least Concern","Schedule-II","","",NA,"Large-tailed Nightjar","Caprimulgus macrurus","avibase-04DDADF0",1,3.8,2,0.158074799,164,"","","",NA,NA,NA,NA,NA,NA,NA,NA,NA,NA,NA,NA,NA,NA,NA,NA,NA,NA,NA,NA,NA,NA,NA,NA,NA,NA,NA,NA,NA,NA,NA,NA,NA,NA,NA,NA,NA,NA,NA,NA,NA,NA,NA,NA,NA,NA,NA,NA,NA,NA
"Andaman Nightjar","Caprimulgus andamanicus","andnig1","Caprimulgiformes","Caprimulgidae (Nightjars and Allies)",NA,NA,NA,NA,"Nocturnal","Nocturnal","Invertebrate","Yes","Yes","No","Andaman Islands","Forest & Plantation","Resident",NA,NA,1,"Andaman Nightjar","Caprimulgus andamanicus","Andaman Nightjar","Caprimulgus andamanicus","Least Concern","Schedule-II","","",NA,"Andaman Nightjar","Caprimulgus andamanicus","avibase-74E9F29B",1,3.62,1,1,165,"","","",NA,NA,NA,NA,NA,NA,NA,NA,NA,NA,NA,NA,NA,NA,NA,NA,NA,NA,NA,NA,NA,NA,NA,NA,NA,NA,NA,NA,NA,NA,NA,NA,NA,NA,NA,NA,NA,NA,NA,NA,NA,NA,NA,NA,NA,NA,NA,NA,NA,NA
"Jerdon's Nightjar","Caprimulgus atripennis","jernig1","Caprimulgiformes","Caprimulgidae (Nightjars and Allies)",NA,NA,NA,NA,"Nocturnal","Nocturnal","Invertebrate","No","Yes","No","Indian Subcontinent","Forest & Plantation","Resident",NA,NA,NA,"Jerdon's Nightjar","Caprimulgus atripennis","Jerdon's Nightjar","Caprimulgus atripennis","Least Concern","Schedule-II","","",NA,"Jerdon's Nightjar","Caprimulgus atripennis","avibase-FAFED39C",1,3.67,1,0.865465783,166,"","","",65,0.0615384615384615,0.286538461538462,0.553846153846154,17.2769230769231,1.37422452796275,NA,NA,NA,NA,NA,NA,NA,NA,NA,NA,NA,NA,NA,NA,NA,NA,NA,NA,NA,NA,NA,NA,NA,NA,NA,NA,NA,NA,NA,NA,NA,NA,NA,NA,NA,NA,NA,NA,NA,NA,NA,NA,NA,NA
"Indian Nightjar","Caprimulgus asiaticus","indnig1","Caprimulgiformes","Caprimulgidae (Nightjars and Allies)",NA,NA,NA,NA,"Nocturnal","Nocturnal","Invertebrate","No","No","No","Non-endemic","Non-specialized","Resident",NA,NA,NA,"Indian Nightjar","Caprimulgus asiaticus","Indian Nightjar","Caprimulgus asiaticus","Least Concern","Schedule-II","","",NA,"Indian Nightjar","Caprimulgus asiaticus","avibase-65D4C83B",1,3.3,1,0.698223212,167,"","","",136,0.0514705882352941,0.299632352941176,0.455882352941176,17.6470588235294,0.902073633179159,NA,NA,NA,NA,NA,NA,NA,NA,NA,NA,NA,NA,NA,NA,NA,NA,NA,NA,NA,NA,NA,NA,NA,NA,NA,NA,NA,NA,NA,NA,NA,NA,NA,NA,NA,NA,NA,NA,NA,NA,NA,NA,NA,NA
"Savanna Nightjar","Caprimulgus affinis","savnig1","Caprimulgiformes","Caprimulgidae (Nightjars and Allies)",NA,NA,NA,NA,"Nocturnal","Nocturnal","Invertebrate","No","No","No","Non-endemic","Grassland & Scrub","Resident & Local Migrant",NA,NA,NA,"Savanna Nightjar","Caprimulgus affinis","Savanna Nightjar","Caprimulgus affinis","Least Concern","Schedule-II","","",NA,"Savanna Nightjar","Caprimulgus affinis","avibase-50EDFCF2",1,3.67,1,0.460102931,168,"","","",8,NA,0.178571428571429,0.25,20.125,4.06497539967956,NA,NA,NA,NA,NA,NA,NA,NA,NA,NA,NA,NA,NA,NA,NA,NA,NA,NA,NA,NA,NA,NA,NA,NA,NA,NA,NA,NA,NA,NA,NA,NA,NA,NA,NA,NA,NA,NA,NA,NA,NA,NA,NA,NA
"Sri Lanka Frogmouth","Batrachostomus moniliger","ceyfro1","Podargiformes","Podargidae (Frogmouths)",NA,NA,NA,NA,"Nocturnal","Nocturnal","Invertebrate","No","Yes","No","Western Ghats & Sri Lanka","Forest","Resident",NA,NA,NA,"Sri Lanka Frogmouth","Batrachostomus moniliger","Sri Lanka Frogmouth","Batrachostomus moniliger","Least Concern","Schedule-I","","",NA,"Sri Lanka Frogmouth","Batrachostomus moniliger","avibase-8739173E",1,4.69,1,0.684127439,169,"","","",8,0.125,0.203125,0.125,18.375,3.20646612332019,NA,NA,NA,NA,NA,NA,NA,NA,NA,NA,NA,NA,NA,NA,NA,NA,NA,NA,NA,NA,NA,NA,NA,NA,NA,NA,NA,NA,NA,NA,NA,NA,NA,NA,NA,NA,NA,NA,NA,NA,NA,NA,NA,NA
"Hodgson's Frogmouth","Batrachostomus hodgsoni","hodfro1","Podargiformes","Podargidae (Frogmouths)",NA,NA,NA,NA,"Nocturnal","Nocturnal","Invertebrate","No","No","No","Non-endemic","Forest","Resident",1,NA,NA,"Hodgson's Frogmouth","Batrachostomus hodgsoni","Hodgson's Frogmouth","Batrachostomus hodgsoni","Least Concern","Schedule-I","","",NA,"Hodgson's Frogmouth","Batrachostomus hodgsoni","avibase-5CB94E3D",1,4.5,1,0.282479676,170,"","","",NA,NA,NA,NA,NA,NA,NA,NA,NA,NA,NA,NA,NA,NA,NA,NA,NA,NA,NA,NA,NA,NA,NA,NA,NA,NA,NA,NA,NA,NA,NA,NA,NA,NA,NA,NA,NA,NA,NA,NA,NA,NA,NA,NA,NA,NA,NA,NA,NA,NA
"White-rumped Spinetail","Zoonavena sylvatica","whrnee1","Apodiformes","Apodidae (Swifts)",NA,NA,NA,NA,"Diurnal","Diurnal","Invertebrate","No","Yes","No","Indian Subcontinent","Forest","Resident",NA,NA,NA,"White-rumped Spinetail","Zoonavena sylvatica","White-rumped Spinetail","Zoonavena sylvatica","Least Concern","Schedule-II","","",NA,"White-rumped Spinetail","Zoonavena sylvatica","avibase-A24E5001",1,2.63,1,0.881171453,171,"","X","X",16,0.1875,0.265625,0.125,17.6875,3.91885139422255,55.1586381755218,182.744904970867,620.937502392894,41.9653572958579,162.302088136897,648.835556108543,31.5650927163689,143.780616967834,678.619606476685,23.889310265678,127.826651108877,714.378258243402,18.0624834721089,113.289725994571,751.85007413659,13.4886103943247,101.244373767665,790.633153564662,10.1940626006521,90.1918006836341,836.930230499007,7.64779535515508,80.4365474917488,884.407101405552,NA,NA,NA,NA,NA,NA,-75288397.1472269,-81.6924532438784,75288233.7623204,8677,8781,8885,"Insufficient Data","Trend Inconclusive",NA,"High","Insufficient Data","Insufficient Data",NA,"Moderate"
"White-throated Needletail","Hirundapus caudacutus","whtnee","Apodiformes","Apodidae (Swifts)",NA,NA,NA,NA,"Diurnal","Diurnal","Invertebrate","No","No","No","Non-endemic","Non-specialized","Summer Migrant",NA,NA,NA,"White-throated Needletail","Hirundapus caudacutus","White-throated Needletail","Hirundapus caudacutus","Least Concern","Schedule-II","","",NA,"White-throated Needletail","Hirundapus caudacutus","avibase-EA55CA27",1,4.07,2,0.013746195,172,"","","",NA,NA,NA,NA,NA,NA,NA,NA,NA,NA,NA,NA,NA,NA,NA,NA,NA,NA,NA,NA,NA,NA,NA,NA,NA,NA,NA,NA,NA,NA,NA,NA,NA,NA,NA,NA,NA,NA,NA,NA,NA,NA,NA,NA,NA,NA,NA,NA,NA,NA
"Silver-backed Needletail","Hirundapus cochinchinensis","sibnee1","Apodiformes","Apodidae (Swifts)",NA,NA,NA,NA,"Diurnal","Diurnal","Invertebrate","No","No","No","Non-endemic","Forest","Summer Migrant",NA,NA,NA,"Silver-backed Needletail","Hirundapus cochinchinensis","Silver-backed Needletail","Hirundapus cochinchinensis","Least Concern","Schedule-II","","",NA,"Silver-backed Needletail","Hirundapus cochinchinensis","avibase-E4875B29",1,3.91,2,0.111384221,173,"","","",NA,NA,NA,NA,NA,NA,NA,NA,NA,NA,NA,NA,NA,NA,NA,NA,NA,NA,NA,NA,NA,NA,NA,NA,NA,NA,NA,NA,NA,NA,NA,NA,NA,NA,NA,NA,NA,NA,NA,NA,NA,NA,NA,NA,NA,NA,NA,NA,NA,NA
"Brown-backed Needletail","Hirundapus giganteus","brbnee1","Apodiformes","Apodidae (Swifts)",NA,NA,NA,NA,"Diurnal","Diurnal","Invertebrate","No","No","No","Non-endemic","Forest","Resident & Summer Migrant",NA,NA,NA,"Brown-backed Needletail","Hirundapus giganteus","Brown-backed Needletail","Hirundapus giganteus","Least Concern","Schedule-II","","",NA,"Brown-backed Needletail","Hirundapus giganteus","avibase-468C27AD",1,4.43,1,0.065204518,174,"","","X",29,0.172413793103448,0.344827586206897,0.310344827586207,17.6551724137931,2.60698594993585,NA,NA,NA,NA,NA,NA,NA,NA,NA,NA,NA,NA,NA,NA,NA,NA,NA,NA,NA,NA,NA,NA,NA,NA,NA,NA,NA,NA,NA,NA,NA,NA,NA,14614,14772,14930,"Insufficient Data","Insufficient Data",NA,"Moderate","Insufficient Data","Insufficient Data",NA,"Low"
"Plume-toed Swiftlet","Collocalia affinis","pltswi1","Apodiformes","Apodidae (Swifts)",NA,NA,NA,NA,"Diurnal","Diurnal","Invertebrate","No","No","No","Non-endemic","Non-specialized","Resident",NA,NA,1,"Plume-toed Swiftlet","Collocalia affinis","Glossy Swiftlet","Collocalia esculenta","Not recognized","Schedule-II","","",NA,"Plume-toed Swiftlet","Collocalia affinis","avibase-5AF6B3D9",1,4.03,1,0.001716839,175,"","","",NA,NA,NA,NA,NA,NA,NA,NA,NA,NA,NA,NA,NA,NA,NA,NA,NA,NA,NA,NA,NA,NA,NA,NA,NA,NA,NA,NA,NA,NA,NA,NA,NA,NA,NA,NA,NA,NA,NA,NA,NA,NA,NA,NA,NA,NA,NA,NA,NA,NA
"Indian Swiftlet","Aerodramus unicolor","indswi1","Apodiformes","Apodidae (Swifts)",NA,NA,NA,NA,"Diurnal","Diurnal","Invertebrate","No","Yes","No","Indian Subcontinent","Forest","Resident",NA,NA,NA,"Indian Swiftlet","Aerodramus unicolor","Indian Swiftlet","Aerodramus unicolor","Least Concern","Schedule-I","","",NA,"Indian Swiftlet","Aerodramus unicolor","avibase-F14B0031",1,3.1,1,0.73576333,176,"","","X",43,0.186046511627907,0.575581395348837,0.813953488372093,16.4651162790698,2.22849941144828,NA,NA,NA,NA,NA,NA,NA,NA,NA,NA,NA,NA,NA,NA,NA,NA,NA,NA,NA,NA,NA,NA,NA,NA,NA,NA,NA,NA,NA,NA,NA,NA,NA,30821,30924,31027,"Insufficient Data","Insufficient Data",NA,"Low","Insufficient Data","Insufficient Data",NA,"Moderate"
"Himalayan Swiftlet","Aerodramus brevirostris","himswi2","Apodiformes","Apodidae (Swifts)",NA,NA,NA,NA,"Diurnal","Diurnal","Invertebrate","No","No","No","Non-endemic","Forest","Resident & Local Migrant",NA,NA,NA,"Himalayan Swiftlet","Aerodramus brevirostris","Himalayan Swiftlet","Aerodramus brevirostris","Least Concern","Schedule-II","","",NA,"Himalayan Swiftlet","Aerodramus brevirostris","avibase-2F1D27B4",1,2.97,2,0.089680058,177,"","","",NA,NA,NA,NA,NA,NA,NA,NA,NA,NA,NA,NA,NA,NA,NA,NA,NA,NA,NA,NA,NA,NA,NA,NA,NA,NA,NA,NA,NA,NA,NA,NA,NA,NA,NA,NA,NA,NA,NA,NA,NA,NA,NA,NA,NA,"Moderate",NA,NA,NA,NA
"White-nest Swiftlet","Aerodramus fuciphagus","y00731","Apodiformes","Apodidae (Swifts)",NA,NA,NA,NA,"Diurnal","Diurnal","Invertebrate","No","No","No","Non-endemic","Wetland","Resident",NA,NA,1,"Edible-nest Swiftlet","Aerodramus fuciphagus","Edible-nest Swiftlet","Aerodramus fuciphagus","Least Concern","Not scheduled","","",NA,"Edible-nest Swiftlet","Aerodramus fuciphagus","avibase-FF38B8FB",1,3.13,1,0.003733974,178,"","","",NA,NA,NA,NA,NA,NA,NA,NA,NA,NA,NA,NA,NA,NA,NA,NA,NA,NA,NA,NA,NA,NA,NA,NA,NA,NA,NA,NA,NA,NA,NA,NA,NA,NA,NA,NA,NA,NA,NA,NA,NA,NA,NA,NA,NA,NA,NA,NA,NA,NA
"Alpine Swift","Tachymarptis melba","alpswi1","Apodiformes","Apodidae (Swifts)",NA,NA,NA,NA,"Diurnal","Diurnal","Invertebrate","No","No","No","Non-endemic","Forest","Resident & Local Migrant",NA,NA,NA,"Alpine Swift","Tachymarptis melba","Alpine Swift","Tachymarptis melba","Least Concern","Schedule-II","","",NA,"Alpine Swift","Tachymarptis melba","avibase-FA1CAD29",1,7.99,4,0.042336633,179,"","X","X",120,0.1,0.305208333333333,0.458333333333333,16.925,1.04924528431948,101.105973325327,119.89104307961,142.66053381331,98.7193977265335,120.508931851407,146.265503476829,96.4162853686385,120.574072233291,149.976406999287,94.2573785003945,120.908957785367,153.779445495182,92.0398064616101,120.772655587382,157.814319339745,89.7685923540688,121.054667790688,162.07809587851,87.6108874460941,121.147628925144,166.029090355743,85.4828424393545,121.31556642868,170.213144482804,NA,NA,NA,NA,NA,NA,-3.66891910084593,-0.169923141323117,3.32907281819969,60940,61054,61168,"Insufficient Data","Trend Inconclusive",NA,"Low","Insufficient Data","Trend Inconclusive",NA,"Low"
"Common Swift","Apus apus","comswi","Apodiformes","Apodidae (Swifts)",NA,NA,NA,NA,"Diurnal","Diurnal","Invertebrate","No","No","No","Non-endemic","Non-specialized","Winter Migrant & Localized Summer Migrant",NA,NA,NA,"Common Swift","Apus apus","Common Swift","Apus apus","Least Concern","Schedule-II","","",NA,"Common Swift","Apus apus","avibase-4E6EF3F9",1,5.68,1,0.0024107,180,"","","",NA,NA,NA,NA,NA,NA,NA,NA,NA,NA,NA,NA,NA,NA,NA,NA,NA,NA,NA,NA,NA,NA,NA,NA,NA,NA,NA,NA,NA,NA,NA,NA,NA,NA,NA,NA,NA,NA,NA,NA,NA,NA,NA,NA,NA,NA,NA,NA,NA,NA
"Pacific Swift","Apus pacificus","fotswi","Apodiformes","Apodidae (Swifts)",NA,NA,NA,NA,"Diurnal","Diurnal","Invertebrate","No","No","No","Non-endemic","Non-specialized","Uncertain",NA,1,NA,"Pacific Swift","Apus pacificus","Not at species rank","Apus pacificus pacificus","Least Concern","Schedule-II","","",NA,"Not at species rank","Apus pacificus pacificus","avibase-E23EBEFB",NA,5.27,1,NA,181,"","","",NA,NA,NA,NA,NA,NA,NA,NA,NA,NA,NA,NA,NA,NA,NA,NA,NA,NA,NA,NA,NA,NA,NA,NA,NA,NA,NA,NA,NA,NA,NA,NA,NA,NA,NA,NA,NA,NA,NA,NA,NA,NA,NA,NA,NA,NA,NA,NA,NA,NA
"Blyth's Swift","Apus leuconyx","blyswi1","Apodiformes","Apodidae (Swifts)",NA,NA,NA,NA,"Diurnal","Diurnal","Invertebrate","No","No","No","Non-endemic","Forest","Within-India Migrant",1,NA,NA,"Blyth's Swift","Apus leuconyx","Pacific Swift","Apus pacificus","Not recognized","Schedule-II","","",NA,"Not at species rank","Apus pacificus leuconyx","avibase-EB2DAF39",1,5.27,1,0.051835922,182,"","","X",2,NA,0.5,NA,23.5,2.94,NA,NA,NA,NA,NA,NA,NA,NA,NA,NA,NA,NA,NA,NA,NA,NA,NA,NA,NA,NA,NA,NA,NA,NA,NA,NA,NA,NA,NA,NA,NA,NA,NA,1223,1223,1223,"Insufficient Data","Insufficient Data",NA,"Moderate","Insufficient Data","Insufficient Data",NA,"Moderate"
"Dark-rumped Swift","Apus acuticauda","darswi1","Apodiformes","Apodidae (Swifts)",NA,NA,NA,NA,"Diurnal","Diurnal","Invertebrate","No","No","No","Non-endemic","Forest","Resident",1,NA,NA,"Dark-rumped Swift","Apus acuticauda","Dark-rumped Swift","Apus acuticauda","Near Threatened","Schedule-I","","",NA,"Dark-rumped Swift","Apus acuticauda","avibase-2FAB9911",1,4.73,1,0.334892661,183,"","","",NA,NA,NA,NA,NA,NA,NA,NA,NA,NA,NA,NA,NA,NA,NA,NA,NA,NA,NA,NA,NA,NA,NA,NA,NA,NA,NA,NA,NA,NA,NA,NA,NA,NA,NA,NA,NA,NA,NA,NA,NA,NA,NA,NA,NA,"Moderate",NA,NA,NA,NA
"Little Swift","Apus affinis","litswi1","Apodiformes","Apodidae (Swifts)",NA,NA,NA,NA,"Diurnal","Diurnal","Invertebrate","No","No","No","Non-endemic","Non-specialized","Resident",NA,NA,NA,"Little Swift","Apus affinis","Little Swift","Apus affinis","Least Concern","Schedule-II","","",NA,"Little Swift","Apus affinis","avibase-D209A90C",1,4.84,2,0.101201796,184,"","X","X",204,0.102941176470588,0.438112745098039,0.632352941176471,15.7303921568627,0.844179826972628,150.772040620465,193.185008369593,248.013586403505,151.636402775303,200.761507569041,266.317200232185,152.12173137143,208.682567903865,286.273082461337,152.660649410352,216.874569246207,307.949578791382,153.065099827992,225.329512271764,331.241758860361,153.622041805255,234.110709884207,356.161913154491,153.929141015062,243.184856632726,383.404801883392,154.256967238967,252.703575881922,412.770290191889,NA,NA,NA,NA,NA,NA,-0.451376795457378,5.57401720343571,11.5994112023288,125969,126005,126041,"Insufficient Data","Trend Inconclusive",NA,"Moderate","Insufficient Data","Stable",NA,"Low"
"House Swift","Apus nipalensis","houswi1","Apodiformes","Apodidae (Swifts)",NA,NA,NA,NA,"Diurnal","Diurnal","Invertebrate","No","No","No","Non-endemic","Non-specialized","Resident",NA,NA,NA,"House Swift","Apus nipalensis","House Swift","Apus nipalensis","Least Concern","Schedule-II","","",NA,"House Swift","Apus nipalensis","avibase-2A241F0C",1,4.98,2,0.047761244,185,"","","",NA,NA,NA,NA,NA,NA,NA,NA,NA,NA,NA,NA,NA,NA,NA,NA,NA,NA,NA,NA,NA,NA,NA,NA,NA,NA,NA,NA,NA,NA,NA,NA,NA,NA,NA,NA,NA,NA,NA,NA,NA,NA,NA,NA,NA,NA,NA,NA,NA,NA
"Asian Palm Swift","Cypsiurus balasiensis","aspswi1","Apodiformes","Apodidae (Swifts)",NA,NA,NA,NA,"Diurnal","Diurnal","Invertebrate","No","No","No","Non-endemic","Non-specialized","Resident",NA,NA,NA,"Asian Palm Swift","Cypsiurus balasiensis","Asian Palm Swift","Cypsiurus balasiensis","Least Concern","Schedule-II","","",NA,"Asian Palm Swift","Cypsiurus balasiensis","avibase-83C40F89",1,2.82,2,0.3670668,186,"","","X",251,0.143426294820717,0.752490039840637,0.852589641434263,14.7091633466135,0.770601589380274,NA,NA,NA,NA,NA,NA,NA,NA,NA,NA,NA,NA,NA,NA,NA,NA,NA,NA,NA,NA,NA,NA,NA,NA,NA,NA,NA,NA,NA,NA,NA,NA,NA,145205,145213,145221,"Insufficient Data","Insufficient Data",NA,"Low","Insufficient Data","Insufficient Data",NA,"Low"
"Crested Treeswift","Hemiprocne coronata","cretre1","Apodiformes","Hemiprocnidae (Treeswifts)",NA,NA,NA,NA,"Diurnal","Diurnal","Invertebrate","No","No","No","Non-endemic","Forest","Resident",1,NA,NA,"Crested Treeswift","Hemiprocne coronata","Crested Treeswift","Hemiprocne coronata","Least Concern","Schedule-I","","",NA,"Crested Treeswift","Hemiprocne coronata","avibase-509C8FD4",1,4.08,1,0.473958332,187,"","","X",64,0.15625,0.38671875,0.625,16.828125,1.55354121965932,NA,NA,NA,NA,NA,NA,NA,NA,NA,NA,NA,NA,NA,NA,NA,NA,NA,NA,NA,NA,NA,NA,NA,NA,NA,NA,NA,NA,NA,NA,NA,NA,NA,42424,42496,42568,"Insufficient Data","Insufficient Data",NA,"Moderate","Insufficient Data","Insufficient Data",NA,"Low"
"Water Rail","Rallus aquaticus","watrai1","Gruiformes","Rallidae (Rails, Gallinules, and Coots)",NA,NA,NA,NA,"Diurnal","Diurnal","Omnivore","No","No","No","Non-endemic","Wetland","Resident & Winter Migrant",NA,NA,NA,"Water Rail","Rallus aquaticus","Western Water Rail","Rallus aquaticus","Least Concern","Schedule-II","","",NA,"Water Rail","Rallus aquaticus","avibase-DE1D2DF4",1,2.39,1,0.040624306,188,"","","",NA,NA,NA,NA,NA,NA,NA,NA,NA,NA,NA,NA,NA,NA,NA,NA,NA,NA,NA,NA,NA,NA,NA,NA,NA,NA,NA,NA,NA,NA,NA,NA,NA,NA,NA,NA,NA,NA,NA,NA,NA,NA,NA,NA,NA,NA,NA,NA,NA,NA
"Brown-cheeked Rail","Rallus indicus","bncrai1","Gruiformes","Rallidae (Rails, Gallinules, and Coots)",NA,NA,NA,NA,"Diurnal","Diurnal","Omnivore","No","No","No","Non-endemic","Wetland","Winter Migrant",NA,NA,NA,"Brown-cheeked Rail","Rallus indicus","Eastern Water Rail","Rallus indicus","Least Concern","Schedule-II","","",NA,"Brown-cheeked Rail","Rallus indicus","avibase-ACD9E3E1",1,2.49,1,0.044397,189,"","","",NA,NA,NA,NA,NA,NA,NA,NA,NA,NA,NA,NA,NA,NA,NA,NA,NA,NA,NA,NA,NA,NA,NA,NA,NA,NA,NA,NA,NA,NA,NA,NA,NA,NA,NA,NA,NA,NA,NA,NA,NA,NA,NA,NA,NA,NA,NA,NA,NA,NA
"Corn Crake","Crex crex","corcra","Gruiformes","Rallidae (Rails, Gallinules, and Coots)",NA,NA,NA,NA,"24 hour","Diurnal","Omnivore","No","No","No","Non-endemic","Non-specialized","Uncertain",NA,1,NA,"Corn Crake","Crex crex","Corncrake","Crex crex","Least Concern","Schedule-II","","Appendix II",NA,"Corn Crake","Crex crex","avibase-7E257242",NA,3.43,1,NA,190,"","","",NA,NA,NA,NA,NA,NA,NA,NA,NA,NA,NA,NA,NA,NA,NA,NA,NA,NA,NA,NA,NA,NA,NA,NA,NA,NA,NA,NA,NA,NA,NA,NA,NA,NA,NA,NA,NA,NA,NA,NA,NA,NA,NA,NA,NA,NA,NA,NA,NA,NA
"Slaty-breasted Rail","Lewinia striata","slbrai1","Gruiformes","Rallidae (Rails, Gallinules, and Coots)",NA,NA,NA,NA,"Diurnal","Diurnal","Omnivore","No","No","No","Non-endemic","Wetland","Resident & Local Migrant",NA,NA,NA,"Slaty-breasted Rail","Lewinia striata","Slaty-breasted Rail","Lewinia striata","Least Concern","Schedule-II","","",NA,"Slaty-breasted Rail","Lewinia striata","avibase-139D3221",1,3.71,2,0.08409462,191,"","","X",31,0.032258064516129,0.209677419354839,0.354838709677419,19.8064516129032,1.55429214504451,NA,NA,NA,NA,NA,NA,NA,NA,NA,NA,NA,NA,NA,NA,NA,NA,NA,NA,NA,NA,NA,NA,NA,NA,NA,NA,NA,NA,NA,NA,NA,NA,NA,20318,20401,20484,"Insufficient Data","Insufficient Data",NA,"Low","Insufficient Data","Insufficient Data",NA,"Low"
"Spotted Crake","Porzana porzana","spocra1","Gruiformes","Rallidae (Rails, Gallinules, and Coots)",NA,NA,NA,NA,"Diurnal","Diurnal","Omnivore","No","No","No","Non-endemic","Wetland","Winter Migrant",NA,NA,NA,"Spotted Crake","Porzana porzana","Spotted Crake","Porzana porzana","Least Concern","Schedule-II","","Appendix II",NA,"Spotted Crake","Porzana porzana","avibase-460708F9",1,3.13,1,0.036353224,192,"","","",NA,NA,NA,NA,NA,NA,NA,NA,NA,NA,NA,NA,NA,NA,NA,NA,NA,NA,NA,NA,NA,NA,NA,NA,NA,NA,NA,NA,NA,NA,NA,NA,NA,NA,NA,NA,NA,NA,NA,NA,NA,NA,NA,NA,NA,NA,NA,NA,NA,NA
"Eurasian Moorhen","Gallinula chloropus","commoo3","Gruiformes","Rallidae (Rails, Gallinules, and Coots)",NA,NA,NA,NA,"Diurnal","Diurnal","Omnivore","No","No","No","Non-endemic","Wetland","Resident & Local Migrant",NA,NA,NA,"Common Moorhen","Gallinula chloropus","Common Moorhen","Gallinula chloropus","Least Concern","Schedule-II","","",NA,"Common Moorhen","Gallinula chloropus","avibase-8F82FF8C",1,4.82,2,0.080993106,193,"","X","X",201,0.0398009950248756,0.502487562189055,0.761194029850746,16.2338308457711,0.739464533726058,113.300773679757,124.924815065333,138.30715230497,114.4243794979,127.982047339243,143.507001499939,115.549712569664,130.898893043801,148.888429008671,116.601612478776,134.121108738809,154.563276400607,117.728233837457,137.292364118972,160.357575119511,118.817367480332,140.584546905827,166.417313883013,119.854136993623,143.96955076748,172.71895474765,120.939213502419,147.301896917645,179.232693038196,NA,NA,NA,NA,NA,NA,0.875440574719451,2.50691524556057,4.13838991640168,126154,126190,126226,"Insufficient Data","Trend Inconclusive",NA,"Low","Insufficient Data","Trend Inconclusive",NA,"Low"
"Eurasian Coot","Fulica atra","eurcoo","Gruiformes","Rallidae (Rails, Gallinules, and Coots)",NA,NA,NA,NA,"Diurnal","Diurnal","Plant & Seed","No","No","No","Non-endemic","Wetland","Resident & Winter Migrant",NA,NA,NA,"Eurasian Coot","Fulica atra","Eurasian Coot","Fulica atra","Least Concern","Schedule-II","","Appendix II",15000,"Eurasian Coot","Fulica atra","avibase-B682B2A9",1,4.63,1,0.07867376,194,"","X","X",202,0.0346534653465347,0.551980198019802,0.767326732673267,15.990099009901,0.770835123143972,49.2479343975068,58.8347644668769,70.4208192683913,47.0605302883972,57.6161610108208,70.5980857533454,44.9390346720563,56.3851438275534,70.7841106008871,42.9056342044349,55.1902596609518,71.0102350213345,40.9389536552289,54.0074150510617,71.2090626163564,39.0535149370161,52.8279310418751,71.4772875975599,37.2533993148288,51.6957840690109,71.7143013525214,35.5318392577752,50.5659413689545,72.0019351180883,NA,NA,NA,NA,NA,NA,-3.74034207425527,-1.73436293015648,0.271616213942305,120629,120663,120697,"Insufficient Data","Stable",NA,"Moderate","Insufficient Data","Trend Inconclusive",NA,"Low"
"Gray-headed Swamphen","Porphyrio poliocephalus","purswa3","Gruiformes","Rallidae (Rails, Gallinules, and Coots)",NA,NA,NA,NA,"Diurnal","Diurnal","Omnivore","No","No","No","Non-endemic","Wetland","Resident",NA,NA,NA,"Grey-headed Swamphen","Porphyrio poliocephalus","Purple Swamphen","Porphyrio porphyrio","Not recognized","Schedule-II","","",20000,"Not at species rank","Porphyrio porphyrio poliocephalus","avibase-BFAE9B04",1,5.85,1,0.159951764,195,"","X","X",174,0.0344827586206897,0.497844827586207,0.729885057471264,16.4540229885057,0.822202514919451,70.9316430212442,80.7991225086935,92.0445794853499,69.645253551034,80.6458156077809,93.5836855306628,68.3456361074535,80.5559722245383,95.1027735594676,67.0473612427887,80.4589437111332,96.69667880706,65.7124500692247,80.4036249868535,98.3694365905185,64.4357648119981,80.3507808045749,100.050723565745,63.2260391704881,80.2310570958327,101.790777128418,62.0046849142793,80.1497730352443,103.522277111656,NA,NA,NA,NA,NA,NA,-1.80582829397181,-0.188692757522006,1.4284427789278,118842,118859,118876,"Insufficient Data","Stable",NA,"Low","Insufficient Data","Stable",NA,"Low"
"White-browed Crake","Poliolimnas cinereus","whbcra1","Gruiformes","Rallidae (Rails, Gallinules, and Coots)",NA,NA,NA,NA,"Diurnal","Diurnal","Omnivore","No","No","No","Non-endemic","Wetland","Uncertain",NA,1,NA,"White-browed Crake","Poliolimnas cinereus","White-browed Crake","Amaurornis cinerea","Least Concern","Schedule-II","","",NA,"White-browed Crake","Poliolimnas cinereus","avibase-498A4369",NA,3.23,1,NA,196,"","","",NA,NA,NA,NA,NA,NA,NA,NA,NA,NA,NA,NA,NA,NA,NA,NA,NA,NA,NA,NA,NA,NA,NA,NA,NA,NA,NA,NA,NA,NA,NA,NA,NA,NA,NA,NA,NA,NA,NA,NA,NA,NA,NA,NA,NA,NA,NA,NA,NA,NA
"Watercock","Gallicrex cinerea","waterc1","Gruiformes","Rallidae (Rails, Gallinules, and Coots)",NA,NA,NA,NA,"Diurnal","Diurnal","Plant & Seed","No","No","No","Non-endemic","Wetland","Resident & Within-India Migrant",NA,NA,NA,"Watercock","Gallicrex cinerea","Watercock","Gallicrex cinerea","Least Concern","Schedule-II","","",NA,"Watercock","Gallicrex cinerea","avibase-39B7A3C7",1,5.45,1,0.251117479,197,"","","X",70,0.0142857142857143,0.283928571428571,0.414285714285714,17.5714285714286,1.33093407321564,NA,NA,NA,NA,NA,NA,NA,NA,NA,NA,NA,NA,NA,NA,NA,NA,NA,NA,NA,NA,NA,NA,NA,NA,NA,NA,NA,NA,NA,NA,NA,NA,NA,58429,58729,59029,"Insufficient Data","Insufficient Data",NA,"Low","Insufficient Data","Insufficient Data",NA,"Low"
"White-breasted Waterhen","Amaurornis phoenicurus","whbwat1","Gruiformes","Rallidae (Rails, Gallinules, and Coots)",NA,NA,NA,NA,"24 hour","Diurnal","Omnivore","No","No","No","Non-endemic","Non-specialized","Resident",NA,NA,NA,"White-breasted Waterhen","Amaurornis phoenicurus","White-breasted Waterhen","Amaurornis phoenicurus","Least Concern","Schedule-II","","",NA,"White-breasted Waterhen","Amaurornis phoenicurus","avibase-F53518E3",1,4,4,0.277344285,198,"X","X","X",234,0.094017094017094,0.607371794871795,0.803418803418803,15.3290598290598,0.756378487174897,114.638438893416,124.968526848525,135.979688861033,115.718329810363,127.561946618266,140.417567225836,116.749888332789,130.201705877831,145.123258287377,117.834080286136,132.928389050143,149.882361981546,118.809979062959,135.750384243114,154.874583048029,119.829343533209,138.541535181817,160.15230475659,120.85675595135,141.4171841652,165.433544277617,121.876976641411,144.386645494834,171.030095276549,NA,NA,NA,123.274575807155,168.748410721182,240.334799501629,1.95810530548315,5.40032837598144,8.84255144647973,141282,141290,141298,"Rapid Increase","Trend Inconclusive",NA,"Low","Rapid Increase","Rapid Increase",NA,"Low"
"Andaman Crake","Rallina canningi","andcra1","Gruiformes","Rallidae (Rails, Gallinules, and Coots)",NA,NA,NA,NA,"Diurnal","Diurnal","Invertebrate","Yes","Yes","No","Andaman Islands","Forest","Resident",NA,NA,1,"Andaman Crake","Rallina canningi","Andaman Crake","Rallina canningi","Least Concern","Schedule-II","","",250,"Andaman Crake","Rallina canningi","avibase-83C41CA8",1,4.21,1,1,199,"","","",NA,NA,NA,NA,NA,NA,NA,NA,NA,NA,NA,NA,NA,NA,NA,NA,NA,NA,NA,NA,NA,NA,NA,NA,NA,NA,NA,NA,NA,NA,NA,NA,NA,NA,NA,NA,NA,NA,NA,NA,NA,NA,NA,NA,NA,"Moderate",NA,NA,NA,NA
"Red-legged Crake","Rallina fasciata","relcra1","Gruiformes","Rallidae (Rails, Gallinules, and Coots)",NA,NA,NA,NA,"24 hour","24 hour","Plant & Seed","No","No","No","Non-endemic","Non-specialized","Resident",NA,NA,NA,"Red-legged Crake","Rallina fasciata","Red-legged Crake","Rallina fasciata","Least Concern","Recent addition","","",NA,"Red-legged Crake","Rallina fasciata","avibase-1DFAA1B7",NA,3.83,1,0.000944,200,"","","",NA,NA,NA,NA,NA,NA,NA,NA,NA,NA,NA,NA,NA,NA,NA,NA,NA,NA,NA,NA,NA,NA,NA,NA,NA,NA,NA,NA,NA,NA,NA,NA,NA,NA,NA,NA,NA,NA,NA,NA,NA,NA,NA,NA,NA,NA,NA,NA,NA,NA
"Slaty-legged Crake","Rallina eurizonoides","sllcra1","Gruiformes","Rallidae (Rails, Gallinules, and Coots)",NA,NA,NA,NA,"24 hour","24 hour","Plant & Seed","No","No","No","Non-endemic","Forest & Plantation","Resident & Within-India Migrant",NA,NA,NA,"Slaty-legged Crake","Rallina eurizonoides","Slaty-legged Crake","Rallina eurizonoides","Least Concern","Schedule-II","","",NA,"Slaty-legged Crake","Rallina eurizonoides","avibase-B056B57C",1,3.85,1,0.125437339,201,"","","",1,NA,1,NA,18,NA,NA,NA,NA,NA,NA,NA,NA,NA,NA,NA,NA,NA,NA,NA,NA,NA,NA,NA,NA,NA,NA,NA,NA,NA,NA,NA,NA,NA,NA,NA,NA,NA,NA,NA,NA,NA,NA,NA,NA,NA,NA,NA,NA,NA
"Ruddy-breasted Crake","Zapornia fusca","rubcra1","Gruiformes","Rallidae (Rails, Gallinules, and Coots)",NA,NA,NA,NA,"Diurnal","Diurnal","Omnivore","No","No","No","Non-endemic","Wetland","Resident",NA,NA,NA,"Ruddy-breasted Crake","Zapornia fusca","Ruddy-breasted Crake","Zapornia fusca","Least Concern","Schedule-II","","",NA,"Ruddy-breasted Crake","Zapornia fusca","avibase-14C2B730",1,3.49,2,0.077959075,202,"","","X",29,NA,0.206896551724138,0.275862068965517,20.2413793103448,1.6440465144685,NA,NA,NA,NA,NA,NA,NA,NA,NA,NA,NA,NA,NA,NA,NA,NA,NA,NA,NA,NA,NA,NA,NA,NA,NA,NA,NA,NA,NA,NA,NA,NA,NA,25815,25897,25979,"Insufficient Data","Insufficient Data",NA,"Low","Insufficient Data","Insufficient Data",NA,"Low"
"Band-bellied Crake","Zapornia paykullii","babcra1","Gruiformes","Rallidae (Rails, Gallinules, and Coots)",NA,NA,NA,NA,"Diurnal","Diurnal","Omnivore","No","No","No","Non-endemic","Wetland","Uncertain",NA,1,NA,"Band-bellied Crake","Zapornia paykullii","Band-bellied Crake","Zapornia paykullii","Near Threatened","Recent addition","","",NA,"Band-bellied Crake","Zapornia paykullii","avibase-3FEE66C7",NA,3.75,1,NA,203,"","","",NA,NA,NA,NA,NA,NA,NA,NA,NA,NA,NA,NA,NA,NA,NA,NA,NA,NA,NA,NA,NA,NA,NA,NA,NA,NA,NA,NA,NA,NA,NA,NA,NA,NA,NA,NA,NA,NA,NA,NA,NA,NA,NA,NA,NA,NA,NA,NA,NA,NA
"Brown Crake","Zapornia akool","brocra1","Gruiformes","Rallidae (Rails, Gallinules, and Coots)",NA,NA,NA,NA,"Diurnal","Diurnal","Omnivore","No","No","No","Non-endemic","Wetland","Resident",NA,NA,NA,"Brown Crake","Zapornia akool","Brown Crake","Zapornia akool","Least Concern","Schedule-II","","",NA,"Brown Crake","Zapornia akool","avibase-457C01A2",1,4.09,1,0.593680324,204,"","","",NA,NA,NA,NA,NA,NA,NA,NA,NA,NA,NA,NA,NA,NA,NA,NA,NA,NA,NA,NA,NA,NA,NA,NA,NA,NA,NA,NA,NA,NA,NA,NA,NA,NA,NA,NA,NA,NA,NA,NA,NA,NA,NA,NA,NA,"Low",NA,NA,NA,NA
"Little Crake","Zapornia parva","litcra1","Gruiformes","Rallidae (Rails, Gallinules, and Coots)",NA,NA,NA,NA,"Diurnal","Diurnal","Omnivore","No","No","No","Non-endemic","Wetland","Winter Migrant",NA,NA,NA,"Little Crake","Zapornia parva","Little Crake","Zapornia parva","Least Concern","Schedule-II","","Appendix II",NA,"Little Crake","Zapornia parva","avibase-9106EBE6",NA,3.01,1,0.003069985,205,"","","",NA,NA,NA,NA,NA,NA,NA,NA,NA,NA,NA,NA,NA,NA,NA,NA,NA,NA,NA,NA,NA,NA,NA,NA,NA,NA,NA,NA,NA,NA,NA,NA,NA,NA,NA,NA,NA,NA,NA,NA,NA,NA,NA,NA,NA,NA,NA,NA,NA,NA
"Baillon's Crake","Zapornia pusilla","baicra1","Gruiformes","Rallidae (Rails, Gallinules, and Coots)",NA,NA,NA,NA,"24 hour","Diurnal","Omnivore","No","No","No","Non-endemic","Wetland","Winter Migrant",NA,NA,NA,"Baillon's Crake","Zapornia pusilla","Baillon's Crake","Zapornia pusilla","Least Concern","Schedule-II","","",NA,"Baillon's Crake","Zapornia pusilla","avibase-34D5B04D",1,2.81,1,0.064362041,206,"","","X",61,NA,0.219262295081967,0.163934426229508,18.9180327868852,1.15573910940503,NA,NA,NA,NA,NA,NA,NA,NA,NA,NA,NA,NA,NA,NA,NA,NA,NA,NA,NA,NA,NA,NA,NA,NA,NA,NA,NA,NA,NA,NA,NA,NA,NA,23664,23664,23664,"Insufficient Data","Insufficient Data",NA,"Low","Insufficient Data","Insufficient Data",NA,"Low"
"Black-tailed Crake","Zapornia bicolor","bltcra1","Gruiformes","Rallidae (Rails, Gallinules, and Coots)",NA,NA,NA,NA,"Diurnal","Diurnal","Omnivore","No","No","No","Non-endemic","Wetland","Resident & Local Migrant",1,NA,NA,"Black-tailed Crake","Zapornia bicolor","Black-tailed Crake","Zapornia bicolor","Least Concern","Schedule-II","","",NA,"Black-tailed Crake","Zapornia bicolor","avibase-A108727C",1,4.06,1,0.154641234,207,"","","",NA,NA,NA,NA,NA,NA,NA,NA,NA,NA,NA,NA,NA,NA,NA,NA,NA,NA,NA,NA,NA,NA,NA,NA,NA,NA,NA,NA,NA,NA,NA,NA,NA,NA,NA,NA,NA,NA,NA,NA,NA,NA,NA,NA,NA,"Moderate",NA,NA,NA,NA
"Masked Finfoot","Heliopais personatus","masfin3","Gruiformes","Heliornithidae (Finfoots)",NA,NA,NA,NA,"24 hour","24 hour","Omnivore","No","No","No","Non-endemic","Wetland","Resident (Extirpated)",NA,NA,NA,"Masked Finfoot","Heliopais personatus","Masked Finfoot","Heliopais personatus","Critically Endangered","Schedule-I","","",NA,"Masked Finfoot","Heliopais personatus","avibase-EC6869E2",1,5.11,1,NA,208,"","","",NA,NA,NA,NA,NA,NA,NA,NA,NA,NA,NA,NA,NA,NA,NA,NA,NA,NA,NA,NA,NA,NA,NA,NA,NA,NA,NA,NA,NA,NA,NA,NA,NA,NA,NA,NA,NA,NA,NA,NA,NA,NA,NA,NA,NA,NA,NA,NA,NA,NA
"Siberian Crane","Leucogeranus leucogeranus","sibcra1","Gruiformes","Gruidae (Cranes)",NA,NA,NA,NA,"No information","No information","Plant & Seed","No","No","No","Non-endemic","Wetland","Winter Migrant (Extirpated)",NA,1,NA,"Siberian Crane","Leucogeranus leucogeranus","Siberian Crane","Leucogeranus leucogeranus","Critically Endangered","Schedule-I","Appendix I","Appendix I",NA,"Siberian Crane","Leucogeranus leucogeranus","avibase-77845DAD",1,21.6,1,0.037861157,209,"","","",NA,NA,NA,NA,NA,NA,NA,NA,NA,NA,NA,NA,NA,NA,NA,NA,NA,NA,NA,NA,NA,NA,NA,NA,NA,NA,NA,NA,NA,NA,NA,NA,NA,NA,NA,NA,NA,NA,NA,NA,NA,NA,NA,NA,NA,NA,NA,NA,NA,NA
"Sarus Crane","Antigone antigone","sarcra1","Gruiformes","Gruidae (Cranes)",NA,NA,NA,NA,"Diurnal","Diurnal","Plant & Seed","No","No","No","Non-endemic","Wetland","Resident",NA,NA,NA,"Sarus Crane","Antigone antigone","Sarus Crane","Grus antigone","Vulnerable","Schedule-I","Appendix II","Appendix II",90,"Sarus Crane","Antigone antigone","avibase-8D891DB7",1,16.44,2,0.450732772,210,"","","",NA,NA,NA,NA,NA,NA,NA,NA,NA,NA,NA,NA,NA,NA,NA,NA,NA,NA,NA,NA,NA,NA,NA,NA,NA,NA,NA,NA,NA,NA,NA,NA,NA,NA,NA,NA,NA,NA,NA,NA,NA,NA,NA,NA,NA,"High",NA,NA,NA,NA
"Demoiselle Crane","Grus virgo","demcra1","Gruiformes","Gruidae (Cranes)",NA,NA,NA,NA,"Diurnal","Diurnal","Plant & Seed","No","No","No","Non-endemic","Open Habitat","Winter Migrant",1,NA,NA,"Demoiselle Crane","Grus virgo","Demoiselle Crane","Anthropoides virgo","Least Concern","Schedule-I","Appendix II","Appendix II",1000,"Demoiselle Crane","Grus virgo","avibase-64DDD14D",1,8.87,1,0.12065995,211,"","","",NA,NA,NA,NA,NA,NA,NA,NA,NA,NA,NA,NA,NA,NA,NA,NA,NA,NA,NA,NA,NA,NA,NA,NA,NA,NA,NA,NA,NA,NA,NA,NA,NA,NA,NA,NA,NA,NA,NA,NA,NA,NA,NA,NA,NA,"High",NA,NA,NA,NA
"Common Crane","Grus grus","comcra","Gruiformes","Gruidae (Cranes)",NA,NA,NA,NA,"Diurnal","Diurnal","Plant & Seed","No","No","No","Non-endemic","Open Habitat","Winter Migrant",NA,NA,NA,"Common Crane","Grus grus","Common Crane","Grus grus","Least Concern","Schedule-I","Appendix II","Appendix II",1000,"Common Crane","Grus grus","avibase-99B8841E",1,13.93,1,0.025272323,212,"","","",NA,NA,NA,NA,NA,NA,NA,NA,NA,NA,NA,NA,NA,NA,NA,NA,NA,NA,NA,NA,NA,NA,NA,NA,NA,NA,NA,NA,NA,NA,NA,NA,NA,NA,NA,NA,NA,NA,NA,NA,NA,NA,NA,NA,NA,"Moderate",NA,NA,NA,NA
"Black-necked Crane","Grus nigricollis","blncra1","Gruiformes","Gruidae (Cranes)",NA,NA,NA,NA,"Diurnal","Diurnal","Omnivore","No","No","No","Non-endemic","Wetland","Localized Summer Migrant & Localized Winter Migrant",1,NA,NA,"Black-necked Crane","Grus nigricollis","Black-necked Crane","Grus nigricollis","Near Threatened","Schedule-I","Appendix I","Appendix I",NA,"Black-necked Crane","Grus nigricollis","avibase-7A78AD1C",1,13.58,1,0.010969813,213,"","","",NA,NA,NA,NA,NA,NA,NA,NA,NA,NA,NA,NA,NA,NA,NA,NA,NA,NA,NA,NA,NA,NA,NA,NA,NA,NA,NA,NA,NA,NA,NA,NA,NA,NA,NA,NA,NA,NA,NA,NA,NA,NA,NA,NA,NA,"Moderate",NA,NA,NA,NA
"Great Thick-knee","Esacus recurvirostris","grtkne1","Charadriiformes","Burhinidae (Thick-knees)",NA,NA,NA,NA,"24 hour","24 hour","Invertebrate","No","No","No","Non-endemic","Wetland","Resident",1,NA,NA,"Great Thick-knee","Esacus recurvirostris","Great Thick-knee","Esacus recurvirostris","Near Threatened","Schedule-II","","",250,"Great Stone-curlew","Esacus recurvirostris","avibase-C2178ACC",1,8.24,1,0.553842798,214,"","","X",25,0.08,0.245,0.36,16.56,2.71840058858145,NA,NA,NA,NA,NA,NA,NA,NA,NA,NA,NA,NA,NA,NA,NA,NA,NA,NA,NA,NA,NA,NA,NA,NA,NA,NA,NA,NA,NA,NA,NA,NA,NA,12714,12808,12902,"Insufficient Data","Insufficient Data",NA,"Moderate","Insufficient Data","Insufficient Data",NA,"Moderate"
"Beach Thick-knee","Esacus magnirostris","beathk1","Charadriiformes","Burhinidae (Thick-knees)",NA,NA,NA,NA,"24 hour","24 hour","Invertebrate","No","No","No","Non-endemic","Wetland","Resident",NA,NA,1,"Beach Thick-knee","Esacus magnirostris","Beach Thick-knee","Esacus magnirostris","Near Threatened","Schedule-II","","",250,"Beach Stone-curlew","Esacus magnirostris","avibase-0CD2083B",1,9.51,1,0.011412748,215,"","","",NA,NA,NA,NA,NA,NA,NA,NA,NA,NA,NA,NA,NA,NA,NA,NA,NA,NA,NA,NA,NA,NA,NA,NA,NA,NA,NA,NA,NA,NA,NA,NA,NA,NA,NA,NA,NA,NA,NA,NA,NA,NA,NA,NA,NA,NA,NA,NA,NA,NA
"Indian Thick-knee","Burhinus indicus","indthk1","Charadriiformes","Burhinidae (Thick-knees)",NA,NA,NA,NA,"24 hour","24 hour","Invertebrate","No","No","No","Non-endemic","Open Habitat","Resident",1,NA,NA,"Indian Thick-knee","Burhinus indicus","Indian Thick-knee","Burhinus indicus","Least Concern","Schedule-II","","",NA,"Indian Stone-curlew","Burhinus indicus","avibase-89404B93",1,6.55,1,0.69755022,216,"","X","X",106,0.0377358490566038,0.325471698113208,0.528301886792453,16.9528301886792,1.121921130323,181.696284559456,281.277192434171,433.974641120469,183.33365977624,300.670445116784,492.238374326664,184.791694281776,321.031955208955,558.265953553073,186.033267524848,343.886245222773,633.779756300224,187.492651573531,368.095049761071,720.072571242386,188.57897106745,393.933058955095,819.408443300587,189.172164309566,421.508273548389,931.45708909467,190.139745060007,450.762871536898,1059.96448728817,NA,NA,NA,NA,NA,NA,-0.214690264343487,12.7972194667183,25.8091291977801,92675,92761,92847,"Insufficient Data","Trend Inconclusive",NA,"Low","Insufficient Data","Trend Inconclusive",NA,"Low"
"Black-winged Stilt","Himantopus himantopus","bkwsti","Charadriiformes","Recurvirostridae (Stilts and Avocets)",NA,NA,NA,NA,"24 hour","24 hour","Invertebrate","No","No","No","Non-endemic","Wetland","Resident & Local Migrant",NA,NA,NA,"Black-winged Stilt","Himantopus himantopus","Black-winged Stilt","Himantopus himantopus","Least Concern","Schedule-II","","Appendix II",1700,"Black-winged Stilt","Himantopus himantopus","avibase-3CAEB7CE",1,6.69,1,0.04777334,217,"","X","X",194,0.108247422680412,0.574742268041237,0.747422680412371,15.9845360824742,0.788191889932969,76.8933806514417,88.2017506196824,101.208981100718,74.5414607544477,87.1053123072669,101.836165844813,72.2652645243739,86.0856089080738,102.454923846092,70.0312126372677,85.0482425107396,103.121283925708,67.8514269732739,83.9739741971437,103.831013296316,65.7284625160725,82.9545489910397,104.626554648904,63.6714213816937,81.9561699917592,105.371721179668,61.6555897389379,80.9528556056885,106.167952445112,NA,NA,NA,NA,NA,NA,-3.173994726241,-1.25094797942084,0.672098767399327,113917,113952,113987,"Insufficient Data","Stable",NA,"Low","Insufficient Data","Decline",NA,"Moderate"
"Pied Avocet","Recurvirostra avosetta","pieavo1","Charadriiformes","Recurvirostridae (Stilts and Avocets)",NA,NA,NA,NA,"24 hour","24 hour","Invertebrate","No","No","No","Non-endemic","Wetland","Winter Migrant",NA,NA,NA,"Pied Avocet","Recurvirostra avosetta","Pied Avocet","Recurvirostra avosetta","Least Concern","Schedule-II","","Appendix II",1000,"Pied Avocet","Recurvirostra avosetta","avibase-C73ED2F5",1,6.58,1,0.041295255,218,"","","X",12,0.5,0.291666666666667,0.25,16.5,3.23233474114113,NA,NA,NA,NA,NA,NA,NA,NA,NA,NA,NA,NA,NA,NA,NA,NA,NA,NA,NA,NA,NA,NA,NA,NA,NA,NA,NA,NA,NA,NA,NA,NA,NA,3031,3079,3127,"Insufficient Data","Insufficient Data",NA,"Moderate","Insufficient Data","Insufficient Data",NA,"Low"
"Ibisbill","Ibidorhyncha struthersii","ibisbi1","Charadriiformes","Ibidorhynchidae (Ibisbill)",NA,NA,NA,NA,"Diurnal","Diurnal","Invertebrate","No","No","No","Non-endemic","Wetland","Local Migrant",1,NA,NA,"Ibisbill","Ibidorhyncha struthersii","Ibisbill","Ibidorhyncha struthersii","Least Concern","Schedule-I","","Appendix II",NA,"Ibisbill","Ibidorhyncha struthersii","avibase-0C1F2A47",1,5.07,1,0.054316764,219,"","","",NA,NA,NA,NA,NA,NA,NA,NA,NA,NA,NA,NA,NA,NA,NA,NA,NA,NA,NA,NA,NA,NA,NA,NA,NA,NA,NA,NA,NA,NA,NA,NA,NA,NA,NA,NA,NA,NA,NA,NA,NA,NA,NA,NA,NA,"Moderate",NA,NA,NA,NA
"Eurasian Oystercatcher","Haematopus ostralegus","euroys1","Charadriiformes","Haematopodidae (Oystercatchers)",NA,NA,NA,NA,"24 hour","24 hour","Invertebrate","No","No","No","Non-endemic","Wetland","Winter Migrant",NA,NA,NA,"Eurasian Oystercatcher","Haematopus ostralegus","Eurasian Oystercatcher","Haematopus ostralegus","Near Threatened","Schedule-II","","Appendix II",NA,"Eurasian Oystercatcher","Haematopus ostralegus","avibase-ED663165",1,13.19,2,0.027169772,220,"","","X",5,0.4,0.233333333333333,0.2,10.2,6.71568194601263,NA,NA,NA,NA,NA,NA,NA,NA,NA,NA,NA,NA,NA,NA,NA,NA,NA,NA,NA,NA,NA,NA,NA,NA,NA,NA,NA,NA,NA,NA,NA,NA,NA,1894,1975,2056,"Insufficient Data","Insufficient Data",NA,"Moderate","Insufficient Data","Insufficient Data",NA,"Moderate"
"Black-bellied Plover","Pluvialis squatarola","bkbplo","Charadriiformes","Charadriidae (Plovers and Lapwings)",NA,NA,NA,NA,"24 hour","24 hour","Invertebrate","No","No","No","Non-endemic","Wetland","Winter Migrant",NA,NA,NA,"Grey Plover","Pluvialis squatarola","Grey Plover","Pluvialis squatarola","Vulnerable","Schedule-II","","Appendix II",300,"Grey Plover","Pluvialis squatarola","avibase-27903EF7",1,7.63,1,0.022067535,221,"","","X",26,0.269230769230769,0.389423076923077,0.384615384615385,12.6538461538462,2.88663038545785,NA,NA,NA,NA,NA,NA,NA,NA,NA,NA,NA,NA,NA,NA,NA,NA,NA,NA,NA,NA,NA,NA,NA,NA,NA,NA,NA,NA,NA,NA,NA,NA,NA,10584,10693,10802,"Insufficient Data","Insufficient Data",NA,"Moderate","Insufficient Data","Insufficient Data",NA,"Low"
"European Golden-Plover","Pluvialis apricaria","eugplo","Charadriiformes","Charadriidae (Plovers and Lapwings)",NA,NA,NA,NA,"24 hour","24 hour","Invertebrate","No","No","No","Non-endemic","Wetland","Winter Migrant",NA,1,NA,"Eurasian Golden-Plover","Pluvialis apricaria","Eurasian Golden Plover","Pluvialis apricaria","Least Concern","Schedule-II","","Appendix II",NA,"European Golden Plover","Pluvialis apricaria","avibase-25A20BA6",NA,3.99,1,NA,222,"","","",NA,NA,NA,NA,NA,NA,NA,NA,NA,NA,NA,NA,NA,NA,NA,NA,NA,NA,NA,NA,NA,NA,NA,NA,NA,NA,NA,NA,NA,NA,NA,NA,NA,NA,NA,NA,NA,NA,NA,NA,NA,NA,NA,NA,NA,NA,NA,NA,NA,NA
"American Golden-Plover","Pluvialis dominica","amgplo","Charadriiformes","Charadriidae (Plovers and Lapwings)",NA,NA,NA,NA,"24 hour","24 hour","Invertebrate","No","No","No","Non-endemic","Wetland","Uncertain",NA,1,NA,"American Golden-Plover","Pluvialis dominica","American Golden Plover","Pluvialis dominica","Least Concern","Schedule-II","","Appendix II",NA,"American Golden Plover","Pluvialis dominica","avibase-2143A852",NA,5.43,1,NA,223,"","","",NA,NA,NA,NA,NA,NA,NA,NA,NA,NA,NA,NA,NA,NA,NA,NA,NA,NA,NA,NA,NA,NA,NA,NA,NA,NA,NA,NA,NA,NA,NA,NA,NA,NA,NA,NA,NA,NA,NA,NA,NA,NA,NA,NA,NA,NA,NA,NA,NA,NA
"Pacific Golden-Plover","Pluvialis fulva","pagplo","Charadriiformes","Charadriidae (Plovers and Lapwings)",NA,NA,NA,NA,"24 hour","24 hour","Invertebrate","No","No","No","Non-endemic","Wetland","Winter Migrant",NA,NA,NA,"Pacific Golden-Plover","Pluvialis fulva","Pacific Golden Plover","Pluvialis fulva","Least Concern","Schedule-I","","Appendix II",NA,"Pacific Golden Plover","Pluvialis fulva","avibase-07C11CF3",1,4.61,1,0.061888194,224,"","X","X",56,0.267857142857143,0.323660714285714,0.428571428571429,15.7142857142857,1.70087036543059,139.695298333736,205.877129436525,303.159035602443,136.53905318892,211.612104009939,328.142059253878,133.278406229738,217.446407479967,355.749927797641,129.703033308812,222.741898578433,386.016498417154,126.181700961895,228.949461904401,419.065446144489,122.806376070133,235.63553051892,454.356638219289,119.341093255296,242.535152751875,493.641772086226,116.013057453691,249.207822704488,537.64275152927,NA,NA,NA,NA,NA,NA,-7.83361580729842,2.61677904385187,13.0671738950022,30233,30357,30481,"Insufficient Data","Trend Inconclusive",NA,"Moderate","Insufficient Data","Trend Inconclusive",NA,"Low"
"Common Ringed Plover","Charadrius hiaticula","corplo","Charadriiformes","Charadriidae (Plovers and Lapwings)",NA,NA,NA,NA,"24 hour","24 hour","Invertebrate","No","No","No","Non-endemic","Wetland","Winter Migrant",NA,NA,NA,"Common Ringed Plover","Charadrius hiaticula","Common Ringed Plover","Charadrius hiaticula","Least Concern","Schedule-II","","Appendix II",NA,"Common Ringed Plover","Charadrius hiaticula","avibase-EDA37B7C",1,4.72,1,0.004364056,225,"","","",3,0.333333333333333,0.5,NA,16,5.1856725696866,NA,NA,NA,NA,NA,NA,NA,NA,NA,NA,NA,NA,NA,NA,NA,NA,NA,NA,NA,NA,NA,NA,NA,NA,NA,NA,NA,NA,NA,NA,NA,NA,NA,NA,NA,NA,NA,NA,NA,NA,NA,NA,NA,NA
"Little Ringed Plover","Thinornis dubius","lirplo","Charadriiformes","Charadriidae (Plovers and Lapwings)",NA,NA,NA,NA,"Diurnal","Diurnal","Invertebrate","No","No","No","Non-endemic","Open Habitat","Resident & Winter Migrant",NA,NA,NA,"Little Ringed Plover","Thinornis dubius","Little Ringed Plover","Charadrius dubius","Least Concern","Schedule-II","","Appendix II",1000,"Little Ringed Plover","Thinornis dubius","avibase-35EC3BBF",1,4.92,2,0.063351861,226,"","X","X",180,0.116666666666667,0.46875,0.638888888888889,15.9666666666667,0.840839927682494,56.5658128873251,66.8742986053491,79.1254538176304,52.2918543131175,63.2512602302121,76.505243422861,48.3674911751241,59.8358088172929,74.0204859201379,44.7053350682449,56.5994394788851,71.6602900772596,41.3145102509702,53.5298702935098,69.369887761677,38.1676137650198,50.6659236130134,67.1730652970774,35.2339649801897,47.9452051914936,65.0724355178031,32.5337750503269,45.348112385573,63.0400869743729,NA,NA,NA,NA,NA,NA,-8.57374901056302,-5.56144070234659,-2.54913239413015,106209,106264,106319,"Insufficient Data","Trend Inconclusive",NA,"Moderate","Insufficient Data","Decline",NA,"Moderate"
"Long-billed Plover","Thinornis placidus","lobplo1","Charadriiformes","Charadriidae (Plovers and Lapwings)",NA,NA,NA,NA,"Diurnal","Diurnal","Invertebrate","No","No","No","Non-endemic","Wetland","Resident & Winter Migrant",1,NA,NA,"Long-billed Plover","Thinornis placidus","Long-billed Plover","Charadrius placidus","Least Concern","Schedule-II","","Appendix II",NA,"Long-billed Plover","Thinornis placidus","avibase-8294655E",1,4.03,1,0.029745907,227,"","","",NA,NA,NA,NA,NA,NA,NA,NA,NA,NA,NA,NA,NA,NA,NA,NA,NA,NA,NA,NA,NA,NA,NA,NA,NA,NA,NA,NA,NA,NA,NA,NA,NA,NA,NA,NA,NA,NA,NA,NA,NA,NA,NA,NA,NA,"Moderate",NA,NA,NA,NA
"Northern Lapwing","Vanellus vanellus","norlap","Charadriiformes","Charadriidae (Plovers and Lapwings)",NA,NA,NA,NA,"24 hour","24 hour","Invertebrate","No","No","No","Non-endemic","Wetland","Winter Migrant",NA,NA,NA,"Northern Lapwing","Vanellus vanellus","Northern Lapwing","Vanellus vanellus","Near Threatened","Schedule-II","","Appendix II",250,"Northern Lapwing","Vanellus vanellus","avibase-F029489A",1,6,1,0.01659939,228,"","","",NA,NA,NA,NA,NA,NA,NA,NA,NA,NA,NA,NA,NA,NA,NA,NA,NA,NA,NA,NA,NA,NA,NA,NA,NA,NA,NA,NA,NA,NA,NA,NA,NA,NA,NA,NA,NA,NA,NA,NA,NA,NA,NA,NA,NA,"Low",NA,NA,NA,NA
"River Lapwing","Vanellus duvaucelii","rivlap1","Charadriiformes","Charadriidae (Plovers and Lapwings)",NA,NA,NA,NA,"Diurnal","Diurnal","Invertebrate","No","No","No","Non-endemic","Wetland","Resident & Local Migrant",NA,NA,NA,"River Lapwing","Vanellus duvaucelii","River Lapwing","Vanellus duvaucelii","Near Threatened","Schedule-II","","",250,"River Lapwing","Vanellus duvaucelii","avibase-DDE5A01E",1,4.5,1,0.437080243,229,"","","",NA,NA,NA,NA,NA,NA,NA,NA,NA,NA,NA,NA,NA,NA,NA,NA,NA,NA,NA,NA,NA,NA,NA,NA,NA,NA,NA,NA,NA,NA,NA,NA,NA,NA,NA,NA,NA,NA,NA,NA,NA,NA,NA,NA,NA,"Low",NA,NA,NA,NA
"Yellow-wattled Lapwing","Vanellus malabaricus","yewlap2","Charadriiformes","Charadriidae (Plovers and Lapwings)",NA,NA,NA,NA,"Diurnal","Diurnal","Invertebrate","No","Yes","No","Indian Subcontinent","Open Habitat","Resident",NA,NA,NA,"Yellow-wattled Lapwing","Vanellus malabaricus","Yellow-wattled Lapwing","Vanellus malabaricus","Least Concern","Schedule-II","","Appendix II",70,"Yellow-wattled Lapwing","Vanellus malabaricus","avibase-0BEDE250",1,4.47,1,0.930080795,230,"","X","X",176,0.0795454545454545,0.406960227272727,0.630681818181818,16.4318181818182,0.842375291797786,84.8973544430081,96.4600676861689,109.657722794911,83.0505514474364,96.064746376525,111.163855335628,81.3295890987691,95.8235084302794,112.695610526843,79.6866382948743,95.5189689810022,114.463826549611,77.9673224844913,95.1654283151387,116.223617194054,76.2818083993368,94.8629485317929,117.936305257533,74.556930793418,94.6301433138321,119.607514497264,72.937700862948,94.3090831901865,121.363768231082,NA,NA,NA,NA,NA,NA,-2.30189135026255,-0.335292429300859,1.63130649166083,116251,116304,116357,"Insufficient Data","Stable",NA,"Moderate","Insufficient Data","Trend Inconclusive",NA,"Low"
"Gray-headed Lapwing","Vanellus cinereus","gyhlap1","Charadriiformes","Charadriidae (Plovers and Lapwings)",NA,NA,NA,NA,"Diurnal","Diurnal","Invertebrate","No","No","No","Non-endemic","Wetland","Winter Migrant",NA,NA,NA,"Grey-headed Lapwing","Vanellus cinereus","Grey-headed Lapwing","Vanellus cinereus","Least Concern","Schedule-II","","Appendix II",NA,"Grey-headed Lapwing","Vanellus cinereus","avibase-8F8F0CF0",1,5.27,1,0.073796882,231,"","","X",33,NA,0.333333333333333,0.393939393939394,17.6060606060606,1.88417853240215,NA,NA,NA,NA,NA,NA,NA,NA,NA,NA,NA,NA,NA,NA,NA,NA,NA,NA,NA,NA,NA,NA,NA,NA,NA,NA,NA,NA,NA,NA,NA,NA,NA,16928,17003,17078,"Insufficient Data","Insufficient Data",NA,"Low","Insufficient Data","Insufficient Data",NA,"Low"
"Red-wattled Lapwing","Vanellus indicus","rewlap1","Charadriiformes","Charadriidae (Plovers and Lapwings)",NA,NA,NA,NA,"24 hour","24 hour","Invertebrate","No","No","No","Non-endemic","Non-specialized","Resident",NA,NA,NA,"Red-wattled Lapwing","Vanellus indicus","Red-wattled Lapwing","Vanellus indicus","Least Concern","Schedule-II","","Appendix II",500,"Red-wattled Lapwing","Vanellus indicus","avibase-4A30C572",1,4.85,2,0.391100945,232,"X","X","X",249,0.112449799196787,0.722389558232932,0.883534136546185,14.7630522088353,0.77243680268554,102.55304925424,108.638216221545,114.939565403534,102.828932556367,109.746998598577,117.05491510102,103.124554354186,110.895698567547,119.182362550663,103.41727149959,112.023647355298,121.387754867833,103.680484528645,113.189897569937,123.650289934157,103.912556030624,114.374338916175,125.942957664319,104.159940486506,115.601808762297,128.303817892453,104.418052059942,116.799587714279,130.698226511441,NA,NA,NA,108.436877305289,139.39996335666,179.178821209398,0.408056930471799,2.31478531958014,4.22151370868847,145287,145289,145291,"Rapid Increase","Trend Inconclusive",NA,"Low","Rapid Increase","Stable",NA,"Low"
"Sociable Lapwing","Vanellus gregarius","soclap1","Charadriiformes","Charadriidae (Plovers and Lapwings)",NA,NA,NA,NA,"Diurnal","Diurnal","Invertebrate","No","No","No","Non-endemic","Open Habitat","Winter Migrant",1,NA,NA,"Sociable Lapwing","Vanellus gregarius","Sociable Lapwing","Vanellus gregarius","Critically Endangered","Schedule-I","","Appendix I",NA,"Sociable Lapwing","Vanellus gregarius","avibase-D348C2D6",1,5.21,1,0.123790697,233,"","","",NA,NA,NA,NA,NA,NA,NA,NA,NA,NA,NA,NA,NA,NA,NA,NA,NA,NA,NA,NA,NA,NA,NA,NA,NA,NA,NA,NA,NA,NA,NA,NA,NA,NA,NA,NA,NA,NA,NA,NA,NA,NA,NA,NA,NA,"High",NA,NA,NA,NA
"White-tailed Lapwing","Vanellus leucurus","whtlap1","Charadriiformes","Charadriidae (Plovers and Lapwings)",NA,NA,NA,NA,"Diurnal","Diurnal","Invertebrate","No","No","No","Non-endemic","Wetland","Winter Migrant",NA,NA,NA,"White-tailed Lapwing","Vanellus leucurus","White-tailed Lapwing","Vanellus leucurus","Least Concern","Schedule-II","","Appendix II",NA,"White-tailed Lapwing","Vanellus leucurus","avibase-A480FDDF",1,4.52,1,0.11146647,234,"","","",NA,NA,NA,NA,NA,NA,NA,NA,NA,NA,NA,NA,NA,NA,NA,NA,NA,NA,NA,NA,NA,NA,NA,NA,NA,NA,NA,NA,NA,NA,NA,NA,NA,NA,NA,NA,NA,NA,NA,NA,NA,NA,NA,NA,NA,"Moderate",NA,NA,NA,NA
"Caspian Plover","Anarhynchus asiaticus","casplo1","Charadriiformes","Charadriidae (Plovers and Lapwings)",NA,NA,NA,NA,"24 hour","24 hour","Invertebrate","No","No","No","Non-endemic","Open Habitat","Winter Migrant",NA,NA,NA,"Caspian Plover","Anarhynchus asiaticus","Caspian Plover","Charadrius asiaticus","Least Concern","Schedule-II","","Appendix II",NA,"Caspian Plover","Anarhynchus asiaticus","avibase-264D0351",1,5.03,1,NA,235,"","","",NA,NA,NA,NA,NA,NA,NA,NA,NA,NA,NA,NA,NA,NA,NA,NA,NA,NA,NA,NA,NA,NA,NA,NA,NA,NA,NA,NA,NA,NA,NA,NA,NA,NA,NA,NA,NA,NA,NA,NA,NA,NA,NA,NA,NA,NA,NA,NA,NA,NA
"Oriental Plover","Anarhynchus veredus","oriplo1","Charadriiformes","Charadriidae (Plovers and Lapwings)",NA,NA,NA,NA,"24 hour","24 hour","Invertebrate","No","No","No","Non-endemic","Open Habitat","Uncertain",NA,1,NA,"Oriental Plover","Anarhynchus veredus","Oriental Plover","Charadrius veredus","Least Concern","Schedule-II","","Appendix II",NA,"Oriental Plover","Anarhynchus veredus","avibase-02091964",NA,4.75,1,NA,236,"","","",NA,NA,NA,NA,NA,NA,NA,NA,NA,NA,NA,NA,NA,NA,NA,NA,NA,NA,NA,NA,NA,NA,NA,NA,NA,NA,NA,NA,NA,NA,NA,NA,NA,NA,NA,NA,NA,NA,NA,NA,NA,NA,NA,NA,NA,NA,NA,NA,NA,NA
"Tibetan Sand-Plover","Anarhynchus atrifrons","lessap1","Charadriiformes","Charadriidae (Plovers and Lapwings)",NA,NA,NA,NA,"24 hour","24 hour","Invertebrate","No","No","No","Non-endemic","Wetland","Winter Migrant & Localized Summer Migrant",NA,NA,NA,"Tibetan Sand-Plover","Anarhynchus atrifrons","Tibetan Sandplover","Charadrius atrifrons","Least Concern","Schedule-II","","Appendix II",NA,"Tibetan Sand Plover","Anarhynchus atrifrons","avibase-828D3D5A",1,4.27,3,0.151590812,237,"","X","X",50,0.22,0.365,0.36,15.16,2.02713812060254,82.4141812657741,127.251672357738,197.72267339819,78.6133896940785,128.768182551267,212.115876880184,74.9454744316255,130.102383036018,227.718763741261,71.2978597834257,131.561921447719,244.344796091165,67.7389521148008,132.964999694485,262.30269101083,64.3754213328496,134.574042895609,281.993468176569,61.187929887467,136.072359899632,303.392093556125,58.1252054107671,137.304458115858,326.933613996099,NA,NA,NA,NA,NA,NA,-7.4200064982893,1.45385431810154,10.3277151344924,11133,11133,11133,"Insufficient Data","Trend Inconclusive",NA,"Moderate","Insufficient Data","Trend Inconclusive",NA,"Low"
"Greater Sand-Plover","Anarhynchus leschenaultii","grsplo","Charadriiformes","Charadriidae (Plovers and Lapwings)",NA,NA,NA,NA,"Diurnal","Diurnal","Invertebrate","No","No","No","Non-endemic","Wetland","Winter Migrant",NA,NA,NA,"Greater Sand-Plover","Anarhynchus leschenaultii","Greater Sandplover","Charadrius leschenaultii","Least Concern","Schedule-II","","Appendix II",NA,"Greater Sand Plover","Anarhynchus leschenaultii","avibase-98B9C10B",1,5.48,2,0.033977144,238,"","","",NA,NA,NA,NA,NA,NA,NA,NA,NA,NA,NA,NA,NA,NA,NA,NA,NA,NA,NA,NA,NA,NA,NA,NA,NA,NA,NA,NA,NA,NA,NA,NA,NA,NA,NA,NA,NA,NA,NA,NA,NA,NA,NA,NA,NA,NA,NA,NA,NA,NA
"Kentish Plover","Anarhynchus alexandrinus","kenplo1","Charadriiformes","Charadriidae (Plovers and Lapwings)",NA,NA,NA,NA,"Diurnal","Diurnal","Invertebrate","No","No","No","Non-endemic","Wetland","Resident & Winter Migrant",1,NA,NA,"Kentish Plover","Anarhynchus alexandrinus","Kentish Plover","Charadrius alexandrinus","Least Concern","Schedule-II","","Appendix II",NA,"Kentish Plover","Anarhynchus alexandrinus","avibase-AA4385A2",1,4.2,2,0.0747202,239,"","X","X",92,0.152173913043478,0.326086956521739,0.445652173913043,15.554347826087,1.31224528331519,70.2280611568748,90.948468203889,117.32391331789,66.9782962947405,89.7350207203956,119.826073041038,63.85759675263,88.6882947727918,122.445370201707,60.8355327764472,87.6079193401924,125.148996159829,58.0261979212608,86.4769721979047,128.083315208336,55.2712487041502,85.3489415162625,131.103875303423,52.6800550387953,84.1830631787638,134.16820735195,50.1627856216115,83.0894509004237,137.515917573371,NA,NA,NA,NA,NA,NA,-5.40836914893129,-1.26170396223113,2.88496122446904,39034,39141,39248,"Insufficient Data","Trend Inconclusive",NA,"Moderate","Insufficient Data","Trend Inconclusive",NA,"Low"
"White-faced Plover","Anarhynchus dealbatus","whfplo2","Charadriiformes","Charadriidae (Plovers and Lapwings)",NA,NA,NA,NA,"Diurnal","Diurnal","Invertebrate","No","No","No","Non-endemic","Wetland","Uncertain",NA,1,NA,"White-faced Plover","Anarhynchus dealbatus","White-faced Plover","Charadrius dealbatus","Least Concern","Recent addition","","Appendix II",300,"White-faced Plover","Anarhynchus dealbatus","avibase-5E8E69CA",NA,3.98,1,NA,240,"","","",NA,NA,NA,NA,NA,NA,NA,NA,NA,NA,NA,NA,NA,NA,NA,NA,NA,NA,NA,NA,NA,NA,NA,NA,NA,NA,NA,NA,NA,NA,NA,NA,NA,NA,NA,NA,NA,NA,NA,NA,NA,NA,NA,NA,NA,NA,NA,NA,NA,NA
"Greater Painted-Snipe","Rostratula benghalensis","grpsni1","Charadriiformes","Rostratulidae (Painted-Snipes)",NA,NA,NA,NA,"24 hour","24 hour","Invertebrate","No","No","No","Non-endemic","Wetland","Resident",NA,NA,NA,"Greater Painted-Snipe","Rostratula benghalensis","Greater Painted-snipe","Rostratula benghalensis","Least Concern","Schedule-II","","",NA,"Greater Painted-snipe","Rostratula benghalensis","avibase-7516E687",1,3.92,1,0.0865183,241,"","","X",103,0.0388349514563107,0.294902912621359,0.533980582524272,17.8155339805825,0.993156545082303,NA,NA,NA,NA,NA,NA,NA,NA,NA,NA,NA,NA,NA,NA,NA,NA,NA,NA,NA,NA,NA,NA,NA,NA,NA,NA,NA,NA,NA,NA,NA,NA,NA,60367,60367,60367,"Insufficient Data","Insufficient Data",NA,"Low","Insufficient Data","Insufficient Data",NA,"Low"
"Pheasant-tailed Jacana","Hydrophasianus chirurgus","phtjac1","Charadriiformes","Jacanidae (Jacanas)",NA,NA,NA,NA,"Diurnal","Diurnal","Invertebrate","No","No","No","Non-endemic","Wetland","Resident",NA,NA,NA,"Pheasant-tailed Jacana","Hydrophasianus chirurgus","Pheasant-tailed Jacana","Hydrophasianus chirurgus","Least Concern","Schedule-II","","",1200,"Pheasant-tailed Jacana","Hydrophasianus chirurgus","avibase-6F672FA3",1,3.91,1,0.345346969,242,"","X","X",144,0.0486111111111111,0.485243055555556,0.743055555555556,16.7291666666667,0.88057719457748,77.8163870549336,88.9408532101084,101.632379709861,74.589939829324,86.7756706933065,100.992372212473,71.5207947661901,84.6083016481342,100.347885388978,68.4803350988651,82.5256330270776,99.7586847921038,65.5943952441924,80.5278475577583,99.1769834941551,62.8287465013957,78.5628313553191,98.6094699783555,60.1671335799917,76.6357625923971,98.0298969448703,57.5562389201407,74.7737479476884,97.4823405055898,NA,NA,NA,NA,NA,NA,-4.84241790207841,-2.61106796446827,-0.379718026858128,105102,105159,105216,"Insufficient Data","Trend Inconclusive",NA,"Low","Insufficient Data","Stable",NA,"Low"
"Bronze-winged Jacana","Metopidius indicus","brwjac1","Charadriiformes","Jacanidae (Jacanas)",NA,NA,NA,NA,"Diurnal","Diurnal","Plant & Seed","No","No","No","Non-endemic","Wetland","Resident",NA,NA,NA,"Bronze-winged Jacana","Metopidius indicus","Bronze-winged Jacana","Metopidius indicus","Least Concern","Schedule-II","","",710,"Bronze-winged Jacana","Metopidius indicus","avibase-CE89BE6D",1,4.57,1,0.579144187,243,"","","X",59,0.0338983050847458,0.478813559322034,0.728813559322034,17.4067796610169,1.57448648926584,NA,NA,NA,NA,NA,NA,NA,NA,NA,NA,NA,NA,NA,NA,NA,NA,NA,NA,NA,NA,NA,NA,NA,NA,NA,NA,NA,NA,NA,NA,NA,NA,NA,59598,59614,59630,"Insufficient Data","Insufficient Data",NA,"Low","Insufficient Data","Insufficient Data",NA,"Low"
"Eurasian Whimbrel","Numenius phaeopus","whimbr5","Charadriiformes","Scolopacidae (Sandpipers and Allies)",NA,NA,NA,NA,"24 hour","24 hour","Invertebrate","No","No","No","Non-endemic","Wetland","Winter Migrant",NA,NA,NA,"Whimbrel","Numenius phaeopus","Whimbrel","Numenius phaeopus","Least Concern","Schedule-II","","Appendix II",1000,"Eurasian Whimbrel","Numenius phaeopus","avibase-082F3A63",1,8.4,4,0.025975651,244,"","","",NA,NA,NA,NA,NA,NA,NA,NA,NA,NA,NA,NA,NA,NA,NA,NA,NA,NA,NA,NA,NA,NA,NA,NA,NA,NA,NA,NA,NA,NA,NA,NA,NA,NA,NA,NA,NA,NA,NA,16364,16442,16520,NA,NA,NA,NA,"Insufficient Data","Insufficient Data",NA,"Low"
"Eurasian Curlew","Numenius arquata","eurcur","Charadriiformes","Scolopacidae (Sandpipers and Allies)",NA,NA,NA,NA,"24 hour","24 hour","Omnivore","No","No","No","Non-endemic","Wetland","Winter Migrant",NA,NA,NA,"Eurasian Curlew","Numenius arquata","Eurasian Curlew","Numenius arquata","Near Threatened","Schedule-II","","Appendix II",1000,"Eurasian Curlew","Numenius arquata","avibase-3BB5CBA6",1,9.86,3,0.034123898,245,"","","X",42,0.238095238095238,0.407738095238095,0.523809523809524,13.0952380952381,1.99028099226825,NA,NA,NA,NA,NA,NA,NA,NA,NA,NA,NA,NA,NA,NA,NA,NA,NA,NA,NA,NA,NA,NA,NA,NA,NA,NA,NA,NA,NA,NA,NA,NA,NA,11875,11923,11971,"Insufficient Data","Insufficient Data",NA,"Moderate","Insufficient Data","Insufficient Data",NA,"Moderate"
"Bar-tailed Godwit","Limosa lapponica","batgod","Charadriiformes","Scolopacidae (Sandpipers and Allies)",NA,NA,NA,NA,"24 hour","24 hour","Invertebrate","No","No","No","Non-endemic","Wetland","Winter Migrant",NA,NA,NA,"Bar-tailed Godwit","Limosa lapponica","Bar-tailed Godwit","Limosa lapponica","Near Threatened","Schedule-II","","Appendix II",NA,"Bar-tailed Godwit","Limosa lapponica","avibase-9A684C99",1,8,3,0.031428673,246,"","","X",11,0.545454545454545,0.181818181818182,0.181818181818182,12.4545454545455,4.19011508944682,NA,NA,NA,NA,NA,NA,NA,NA,NA,NA,NA,NA,NA,NA,NA,NA,NA,NA,NA,NA,NA,NA,NA,NA,NA,NA,NA,NA,NA,NA,NA,NA,NA,4493,4612,4731,"Insufficient Data","Insufficient Data",NA,"Moderate","Insufficient Data","Insufficient Data",NA,"Moderate"
"Black-tailed Godwit","Limosa limosa","bktgod","Charadriiformes","Scolopacidae (Sandpipers and Allies)",NA,NA,NA,NA,"Diurnal","Diurnal","Invertebrate","No","No","No","Non-endemic","Wetland","Winter Migrant",NA,NA,NA,"Black-tailed Godwit","Limosa limosa","Black-tailed Godwit","Limosa limosa","Near Threatened","Schedule-II","","Appendix II",NA,"Black-tailed Godwit","Limosa limosa","avibase-454B5CD5",1,6.28,2,0.054581142,247,"","X","X",68,0.147058823529412,0.349264705882353,0.338235294117647,16.4264705882353,1.44916897010661,41.3972672738917,53.7304954115519,69.5140354182494,37.3970755628899,50.3161654261988,67.3513301586533,33.8137980934648,47.1739833799834,65.3079166879683,30.5822656029859,44.1258239036826,63.4109852715563,27.644978182639,41.3242577131994,61.6167338811133,25.0047724488352,38.6885365587813,59.9051380412034,22.5525704192022,36.1661921418204,58.2015056399583,20.336005274591,33.8274536016895,56.5754035898317,NA,NA,NA,NA,NA,NA,-9.1991194880702,-5.58009009227127,-1.96106069647234,30993,31084,31175,"Insufficient Data","Trend Inconclusive",NA,"High","Insufficient Data","Rapid Decline",NA,"Moderate"
"Asian Dowitcher","Limnodromus semipalmatus","asidow1","Charadriiformes","Scolopacidae (Sandpipers and Allies)",NA,NA,NA,NA,"Diurnal","Diurnal","Invertebrate","No","No","No","Non-endemic","Wetland","Winter Migrant",NA,1,NA,"Asian Dowitcher","Limnodromus semipalmatus","Asian Dowitcher","Limnodromus semipalmatus","Near Threatened","Schedule-II","","Appendix II",NA,"Asian Dowitcher","Limnodromus semipalmatus","avibase-B7E68EC8",1,4.95,1,0.001106469,248,"","","",1,NA,NA,NA,7,NA,NA,NA,NA,NA,NA,NA,NA,NA,NA,NA,NA,NA,NA,NA,NA,NA,NA,NA,NA,NA,NA,NA,NA,NA,NA,NA,NA,NA,NA,NA,NA,NA,NA,NA,NA,NA,NA,NA,NA,NA,NA,NA,NA,NA
"Long-billed Dowitcher","Limnodromus scolopaceus","lobdow","Charadriiformes","Scolopacidae (Sandpipers and Allies)",NA,NA,NA,NA,"24 hour","24 hour","Invertebrate","No","No","No","Non-endemic","Wetland","Winter Migrant",NA,1,NA,"Long-billed Dowitcher","Limnodromus scolopaceus","Long-billed Dowitcher","Limnodromus scolopaceus","Near Threatened","Schedule-II","","Appendix II",NA,"Long-billed Dowitcher","Limnodromus scolopaceus","avibase-CB343E43",1,3.16,1,NA,249,"","","",NA,NA,NA,NA,NA,NA,NA,NA,NA,NA,NA,NA,NA,NA,NA,NA,NA,NA,NA,NA,NA,NA,NA,NA,NA,NA,NA,NA,NA,NA,NA,NA,NA,NA,NA,NA,NA,NA,NA,NA,NA,NA,NA,NA,NA,NA,NA,NA,NA,NA
"Jack Snipe","Lymnocryptes minimus","jacsni","Charadriiformes","Scolopacidae (Sandpipers and Allies)",NA,NA,NA,NA,"24 hour","24 hour","Invertebrate","No","No","No","Non-endemic","Wetland","Winter Migrant",NA,NA,NA,"Jack Snipe","Lymnocryptes minimus","Jack Snipe","Lymnocryptes minimus","Least Concern","Schedule-II","","Appendix II",250,"Jack Snipe","Lymnocryptes minimus","avibase-1A15F0C6",1,3.18,1,0.05812542,250,"","","",1,NA,NA,NA,25,NA,NA,NA,NA,NA,NA,NA,NA,NA,NA,NA,NA,NA,NA,NA,NA,NA,NA,NA,NA,NA,NA,NA,NA,NA,NA,NA,NA,NA,NA,NA,NA,NA,NA,NA,NA,NA,NA,NA,NA,NA,NA,NA,NA,NA
"Eurasian Woodcock","Scolopax rusticola","eurwoo","Charadriiformes","Scolopacidae (Sandpipers and Allies)",NA,NA,NA,NA,"24 hour","24 hour","Invertebrate","No","No","No","Non-endemic","Forest & Plantation","Local Migrant",NA,NA,NA,"Eurasian Woodcock","Scolopax rusticola","Eurasian Woodcock","Scolopax rusticola","Least Concern","Schedule-II","","Appendix II",NA,"Eurasian Woodcock","Scolopax rusticola","avibase-BFE14290",1,4.72,1,0.034513924,251,"","","",1,1,NA,NA,25,NA,NA,NA,NA,NA,NA,NA,NA,NA,NA,NA,NA,NA,NA,NA,NA,NA,NA,NA,NA,NA,NA,NA,NA,NA,NA,NA,NA,NA,NA,NA,NA,NA,NA,NA,NA,NA,NA,NA,NA,NA,NA,NA,NA,NA
"Solitary Snipe","Gallinago solitaria","solsni1","Charadriiformes","Scolopacidae (Sandpipers and Allies)",NA,NA,NA,NA,"Diurnal","Diurnal","Invertebrate","No","No","No","Non-endemic","Open Habitat","Resident & Winter Migrant",NA,NA,NA,"Solitary Snipe","Gallinago solitaria","Solitary Snipe","Gallinago solitaria","Least Concern","Schedule-II","","Appendix II",1000,"Solitary Snipe","Gallinago solitaria","avibase-F6B72EAF",1,3.65,1,0.028455103,252,"","","",NA,NA,NA,NA,NA,NA,NA,NA,NA,NA,NA,NA,NA,NA,NA,NA,NA,NA,NA,NA,NA,NA,NA,NA,NA,NA,NA,NA,NA,NA,NA,NA,NA,NA,NA,NA,NA,NA,NA,NA,NA,NA,NA,NA,NA,NA,NA,NA,NA,NA
"Wood Snipe","Gallinago nemoricola","woosni1","Charadriiformes","Scolopacidae (Sandpipers and Allies)",NA,NA,NA,NA,"Diurnal","Diurnal","Invertebrate","No","No","No","Non-endemic","Forest","Winter Migrant",NA,NA,NA,"Wood Snipe","Gallinago nemoricola","Wood Snipe","Gallinago nemoricola","Vulnerable","Schedule-I","","Appendix II",70,"Wood Snipe","Gallinago nemoricola","avibase-34ABFEB7",1,3.89,1,0.140205811,253,"","","",NA,NA,NA,NA,NA,NA,NA,NA,NA,NA,NA,NA,NA,NA,NA,NA,NA,NA,NA,NA,NA,NA,NA,NA,NA,NA,NA,NA,NA,NA,NA,NA,NA,NA,NA,NA,NA,NA,NA,NA,NA,NA,NA,NA,NA,NA,NA,NA,NA,NA
"Great Snipe","Gallinago media","gresni1","Charadriiformes","Scolopacidae (Sandpipers and Allies)",NA,NA,NA,NA,"24 hour","24 hour","Invertebrate","No","No","No","Non-endemic","Wetland","Uncertain",NA,1,NA,"Great Snipe","Gallinago media","Great Snipe","Gallinago media","Near Threatened","Schedule-II","","Appendix II",NA,"Great Snipe","Gallinago media","avibase-BCCD5840",NA,3.84,1,NA,254,"","","",NA,NA,NA,NA,NA,NA,NA,NA,NA,NA,NA,NA,NA,NA,NA,NA,NA,NA,NA,NA,NA,NA,NA,NA,NA,NA,NA,NA,NA,NA,NA,NA,NA,NA,NA,NA,NA,NA,NA,NA,NA,NA,NA,NA,NA,NA,NA,NA,NA,NA
"Swinhoe's Snipe","Gallinago megala","swisni1","Charadriiformes","Scolopacidae (Sandpipers and Allies)",NA,NA,NA,NA,"24 hour","24 hour","Invertebrate","No","No","No","Non-endemic","Wetland","Winter Migrant",NA,NA,NA,"Swinhoe's Snipe","Gallinago megala","Swinhoe's Snipe","Gallinago megala","Least Concern","Schedule-II","","Appendix II",1000,"Swinhoe's Snipe","Gallinago megala","avibase-9E66B47A",1,3.2,1,0.032459034,255,"","","",NA,NA,NA,NA,NA,NA,NA,NA,NA,NA,NA,NA,NA,NA,NA,NA,NA,NA,NA,NA,NA,NA,NA,NA,NA,NA,NA,NA,NA,NA,NA,NA,NA,NA,NA,NA,NA,NA,NA,NA,NA,NA,NA,NA,NA,NA,NA,NA,NA,NA
"Pin-tailed Snipe","Gallinago stenura","pitsni","Charadriiformes","Scolopacidae (Sandpipers and Allies)",NA,NA,NA,NA,"24 hour","24 hour","Invertebrate","No","No","No","Non-endemic","Wetland","Winter Migrant",NA,NA,NA,"Pin-tailed Snipe","Gallinago stenura","Pin-tailed Snipe","Gallinago stenura","Least Concern","Schedule-II","","Appendix II",10000,"Pin-tailed Snipe","Gallinago stenura","avibase-EE61E2CA",1,3.18,1,0.153532044,256,"","","X",50,0.12,0.2675,0.4,18.44,1.40353473772472,NA,NA,NA,NA,NA,NA,NA,NA,NA,NA,NA,NA,NA,NA,NA,NA,NA,NA,NA,NA,NA,NA,NA,NA,NA,NA,NA,NA,NA,NA,NA,NA,NA,49865,50092,50319,"Insufficient Data","Insufficient Data",NA,"Low","Insufficient Data","Insufficient Data",NA,"Low"
"Common Snipe","Gallinago gallinago","comsni","Charadriiformes","Scolopacidae (Sandpipers and Allies)",NA,NA,NA,NA,"24 hour","24 hour","Invertebrate","No","No","No","Non-endemic","Wetland","Winter Migrant",NA,NA,NA,"Common Snipe","Gallinago gallinago","Common Snipe","Gallinago gallinago","Least Concern","Schedule-II","","Appendix II",10000,"Common Snipe","Gallinago gallinago","avibase-9151E0BA",1,4.26,1,0.04828859,257,"","","X",103,0.087378640776699,0.319174757281553,0.533980582524272,17.8058252427184,1.01042513500991,NA,NA,NA,NA,NA,NA,NA,NA,NA,NA,NA,NA,NA,NA,NA,NA,NA,NA,NA,NA,NA,NA,NA,NA,NA,NA,NA,NA,NA,NA,NA,NA,NA,55676,55676,55676,"Insufficient Data","Insufficient Data",NA,"Moderate","Insufficient Data","Insufficient Data",NA,"Low"
"Red Phalarope","Phalaropus fulicarius","redpha1","Charadriiformes","Scolopacidae (Sandpipers and Allies)",NA,NA,NA,NA,"Diurnal","Diurnal","Invertebrate","No","No","No","Non-endemic","Wetland","Passage Migrant",NA,1,NA,"Red Phalarope","Phalaropus fulicarius","Red Phalarope","Phalaropus fulicarius","Least Concern","Schedule-II","","Appendix II",NA,"Red Phalarope","Phalaropus fulicarius","avibase-18A19380",1,5.4,1,NA,258,"","","",NA,NA,NA,NA,NA,NA,NA,NA,NA,NA,NA,NA,NA,NA,NA,NA,NA,NA,NA,NA,NA,NA,NA,NA,NA,NA,NA,NA,NA,NA,NA,NA,NA,NA,NA,NA,NA,NA,NA,NA,NA,NA,NA,NA,NA,NA,NA,NA,NA,NA
"Red-necked Phalarope","Phalaropus lobatus","renpha","Charadriiformes","Scolopacidae (Sandpipers and Allies)",NA,NA,NA,NA,"Diurnal","Diurnal","Invertebrate","No","No","No","Non-endemic","Wetland","Winter Migrant",NA,NA,NA,"Red-necked Phalarope","Phalaropus lobatus","Red-necked Phalarope","Phalaropus lobatus","Least Concern","Schedule-II","","Appendix II",NA,"Red-necked Phalarope","Phalaropus lobatus","avibase-E6F3BA54",1,4.01,1,NA,259,"","","",2,0.5,NA,NA,16,17.64,NA,NA,NA,NA,NA,NA,NA,NA,NA,NA,NA,NA,NA,NA,NA,NA,NA,NA,NA,NA,NA,NA,NA,NA,NA,NA,NA,NA,NA,NA,NA,NA,NA,NA,NA,NA,NA,NA,NA,NA,NA,NA,NA,NA
"Terek Sandpiper","Xenus cinereus","tersan","Charadriiformes","Scolopacidae (Sandpipers and Allies)",NA,NA,NA,NA,"24 hour","24 hour","Invertebrate","No","No","No","Non-endemic","Wetland","Winter Migrant",NA,NA,NA,"Terek Sandpiper","Xenus cinereus","Terek Sandpiper","Xenus cinereus","Least Concern","Schedule-II","","Appendix II",1000,"Terek Sandpiper","Xenus cinereus","avibase-6D5992EE",1,4.13,1,0.008257564,260,"","","X",18,0.277777777777778,0.388888888888889,0.5,14.9444444444444,3.58711682510074,NA,NA,NA,NA,NA,NA,NA,NA,NA,NA,NA,NA,NA,NA,NA,NA,NA,NA,NA,NA,NA,NA,NA,NA,NA,NA,NA,NA,NA,NA,NA,NA,NA,9356,9462,9568,"Insufficient Data","Insufficient Data",NA,"Moderate","Insufficient Data","Insufficient Data",NA,"Low"
"Common Sandpiper","Actitis hypoleucos","comsan","Charadriiformes","Scolopacidae (Sandpipers and Allies)",NA,NA,NA,NA,"24 hour","24 hour","Omnivore","No","No","No","Non-endemic","Wetland","Winter Migrant",NA,NA,NA,"Common Sandpiper","Actitis hypoleucos","Common Sandpiper","Actitis hypoleucos","Least Concern","Schedule-II","","Appendix II",710,"Common Sandpiper","Actitis hypoleucos","avibase-8548B07E",1,4.69,1,0.044992206,261,"X","X","X",219,0.118721461187215,0.547374429223744,0.675799086757991,15.4109589041096,0.802476913966995,59.818298888233,66.2989056747302,73.5567065974637,56.0678524999088,63.0165268620893,70.9196365930567,52.573006058053,59.938821654717,68.4117963479624,49.292369807467,57.0004075828341,65.9609888189487,46.1712630011134,54.1776340093901,63.6498523231225,43.2799002569296,51.5111872464665,61.3786631981454,40.541756078414,48.9984203704668,59.2124470166809,38.0083143216906,46.5886463901512,57.1522253483251,NA,NA,NA,-76.8626641332268,-72.7864082099561,-67.741934305404,-2.35551707271938,-1.73680337947736,-1.11808968623533,124646,124675,124704,"Rapid Decline","Trend Inconclusive",NA,"Moderate","Rapid Decline","Rapid Decline",NA,"High"
"Green Sandpiper","Tringa ochropus","grnsan","Charadriiformes","Scolopacidae (Sandpipers and Allies)",NA,NA,NA,NA,"24 hour","24 hour","Invertebrate","No","No","No","Non-endemic","Wetland","Winter Migrant",NA,NA,NA,"Green Sandpiper","Tringa ochropus","Green Sandpiper","Tringa ochropus","Least Concern","Schedule-II","","Appendix II",1000,"Green Sandpiper","Tringa ochropus","avibase-A7B17EFC",1,5.84,1,0.062819989,262,"","X","X",186,0.102150537634409,0.451612903225806,0.543010752688172,16.5322580645161,0.810240065897646,38.3768814352143,48.6637077271298,61.4076601675263,34.0996875710996,44.6292861023343,58.1098625639672,30.285098830916,40.9189930106179,55.0538798643274,26.909626992651,37.5323852378129,52.215005352359,23.8797695569371,34.4160585162607,49.4628575571203,21.2002802701336,31.5898843131048,46.9108091777792,18.8200391239759,28.9942277271658,44.514743637894,16.6909224661415,26.6086345714375,42.1972538825772,NA,NA,NA,NA,NA,NA,-11.4839067733502,-7.68769768285149,-3.89148859235277,118133,118171,118209,"Insufficient Data","Trend Inconclusive",NA,"Low","Insufficient Data","Rapid Decline",NA,"Moderate"
"Gray-tailed Tattler","Tringa brevipes","gyttat1","Charadriiformes","Scolopacidae (Sandpipers and Allies)",NA,NA,NA,NA,"24 hour","24 hour","Invertebrate","No","No","No","Non-endemic","Wetland","Uncertain",NA,1,NA,"Grey-tailed Tattler","Tringa brevipes","Grey-tailed Tattler","Tringa brevipes","Least Concern","Schedule-II","","Appendix II",NA,"Grey-tailed Tattler","Tringa brevipes","avibase-29256A38",NA,4.6,1,0.006507006,263,"","","",NA,NA,NA,NA,NA,NA,NA,NA,NA,NA,NA,NA,NA,NA,NA,NA,NA,NA,NA,NA,NA,NA,NA,NA,NA,NA,NA,NA,NA,NA,NA,NA,NA,NA,NA,NA,NA,NA,NA,NA,NA,NA,NA,NA,NA,NA,NA,NA,NA,NA
"Marsh Sandpiper","Tringa stagnatilis","marsan","Charadriiformes","Scolopacidae (Sandpipers and Allies)",NA,NA,NA,NA,"24 hour","24 hour","Invertebrate","No","No","No","Non-endemic","Wetland","Winter Migrant",NA,NA,NA,"Marsh Sandpiper","Tringa stagnatilis","Marsh Sandpiper","Tringa stagnatilis","Least Concern","Schedule-II","","Appendix II",1000,"Marsh Sandpiper","Tringa stagnatilis","avibase-15CF9352",1,6.04,1,0.045021613,264,"","X","X",129,0.10077519379845,0.362403100775194,0.472868217054264,16.3333333333333,1.01826615188385,40.2943397760239,50.5966108128597,63.3691163068899,36.7443046106574,47.4943912495966,61.2625626243813,33.4967350292187,44.5881504999971,59.3822113693087,30.4802668742962,41.8624508977275,57.600483441963,27.7444124511149,39.3431480002696,55.8912094758182,25.2649131601581,36.9491976149513,54.0589342761534,22.9811283087786,34.7357186306891,52.4201684082408,20.9487652033291,32.6437687950435,50.8884571341498,NA,NA,NA,NA,NA,NA,-7.55711700995487,-4.85862730803407,-2.16013760611326,59063,59063,59063,"Insufficient Data","Decline",NA,"High","Insufficient Data","Rapid Decline",NA,"Moderate"
"Wood Sandpiper","Tringa glareola","woosan","Charadriiformes","Scolopacidae (Sandpipers and Allies)",NA,NA,NA,NA,"24 hour","24 hour","Invertebrate","No","No","No","Non-endemic","Wetland","Winter Migrant",NA,NA,NA,"Wood Sandpiper","Tringa glareola","Wood Sandpiper","Tringa glareola","Least Concern","Schedule-II","","Appendix II",1400,"Wood Sandpiper","Tringa glareola","avibase-8E67DC5F",1,3.08,1,0.059745112,265,"","X","X",210,0.104761904761905,0.519047619047619,0.761904761904762,15.5761904761905,0.808127671102593,80.6037345293116,90.5150514346013,101.826037839231,78.1295917293389,89.1913364173183,101.983247057528,75.7705762817554,87.8718202408813,102.096645579054,73.456172147764,86.542480976172,102.2155407925,71.1994932647362,85.3365315576636,102.350250698451,69.0237051969496,84.1385185899599,102.541166953279,66.9246832139138,82.9372632696797,102.672542336177,64.8822634982409,81.7367714390655,102.815537675789,NA,NA,NA,NA,NA,NA,-3.27820536684006,-1.51890114882293,0.240403069194194,128306,128333,128360,"Insufficient Data","Stable",NA,"Low","Insufficient Data","Trend Inconclusive",NA,"Low"
"Common Redshank","Tringa totanus","comred1","Charadriiformes","Scolopacidae (Sandpipers and Allies)",NA,NA,NA,NA,"24 hour","24 hour","Invertebrate","No","No","No","Non-endemic","Wetland","Winter Migrant",NA,NA,NA,"Common Redshank","Tringa totanus","Common Redshank","Tringa totanus","Least Concern","Schedule-II","","Appendix II",1000,"Common Redshank","Tringa totanus","avibase-D6BFC73A",1,5.6,5,0.067777404,266,"","X","X",57,0.192982456140351,0.379385964912281,0.491228070175439,14.8070175438596,1.75899779798291,89.0410932515399,119.319296096545,160.333423959065,86.7835820409263,120.955048648848,169.051175634387,84.5620726996999,122.901615245188,178.519047321112,82.4141318380571,124.758791061836,188.856525914575,80.316933971577,126.430470532573,199.659443482443,78.2465950405233,128.306641944665,211.113442606729,76.0978778092477,130.182106756542,223.238855180902,74.029035475635,132.21051984354,236.336058539433,NA,NA,NA,NA,NA,NA,-4.09256058743716,1.16704121319328,6.42664301382372,17419,17419,17419,"Insufficient Data","Trend Inconclusive",NA,"High","Insufficient Data","Trend Inconclusive",NA,"Low"
"Nordmann's Greenshank","Tringa guttifer","norgre1","Charadriiformes","Scolopacidae (Sandpipers and Allies)",NA,NA,NA,NA,"24 hour","24 hour","Invertebrate","No","No","No","Non-endemic","Wetland","Winter Migrant",NA,NA,NA,"Nordmann's Greenshank","Tringa guttifer","Spotted Greenshank","Tringa guttifer","Endangered","Recent addition","Appendix I","Appendix I",NA,"Nordmann's Greenshank","Tringa guttifer","avibase-C7E9D357",NA,5.16,1,0.016541821,267,"","","",NA,NA,NA,NA,NA,NA,NA,NA,NA,NA,NA,NA,NA,NA,NA,NA,NA,NA,NA,NA,NA,NA,NA,NA,NA,NA,NA,NA,NA,NA,NA,NA,NA,NA,NA,NA,NA,NA,NA,NA,NA,NA,NA,NA,NA,NA,NA,NA,NA,NA
"Spotted Redshank","Tringa erythropus","spored","Charadriiformes","Scolopacidae (Sandpipers and Allies)",NA,NA,NA,NA,"24 hour","24 hour","Invertebrate","No","No","No","Non-endemic","Wetland","Winter Migrant",NA,NA,NA,"Spotted Redshank","Tringa erythropus","Spotted Redshank","Tringa erythropus","Least Concern","Schedule-II","","Appendix II",250,"Spotted Redshank","Tringa erythropus","avibase-0895DD84",1,4.8,1,0.091314432,268,"","","X",13,0.307692307692308,0.25,0.230769230769231,16.7692307692308,3.20953190808777,NA,NA,NA,NA,NA,NA,NA,NA,NA,NA,NA,NA,NA,NA,NA,NA,NA,NA,NA,NA,NA,NA,NA,NA,NA,NA,NA,NA,NA,NA,NA,NA,NA,9039,9126,9213,"Insufficient Data","Insufficient Data",NA,"Moderate","Insufficient Data","Insufficient Data",NA,"Low"
"Common Greenshank","Tringa nebularia","comgre","Charadriiformes","Scolopacidae (Sandpipers and Allies)",NA,NA,NA,NA,"24 hour","24 hour","Invertebrate","No","No","No","Non-endemic","Wetland","Winter Migrant",NA,NA,NA,"Common Greenshank","Tringa nebularia","Common Greenshank","Tringa nebularia","Least Concern","Schedule-I","","Appendix II",710,"Common Greenshank","Tringa nebularia","avibase-18B415D2",1,6.31,1,0.059407398,269,"","X","X",134,0.104477611940299,0.377798507462687,0.537313432835821,16.4029850746269,1.04604140194274,83.9102408105164,105.268808454085,131.714255485287,79.4725244229615,102.796581039954,132.481183393596,75.2567927656911,100.406869710665,133.539243976329,71.2774482656109,98.1164108830148,134.712565225227,67.4495766634097,95.7850198192884,135.895559505918,63.834304572571,93.5468645400727,136.943516273186,60.3773756826822,91.2910620106713,138.197325490015,57.0783560746766,89.2012743305408,139.30057979854,NA,NA,NA,NA,NA,NA,-8.39784813397993,-3.52641918226268,1.34500976945457,81300,81376,81452,"Insufficient Data","Trend Inconclusive",NA,"Moderate","Insufficient Data","Trend Inconclusive",NA,"Low"
"Ruddy Turnstone","Arenaria interpres","rudtur","Charadriiformes","Scolopacidae (Sandpipers and Allies)",NA,NA,NA,NA,"Diurnal","Diurnal","Invertebrate","No","No","No","Non-endemic","Wetland","Winter Migrant",NA,NA,NA,"Ruddy Turnstone","Arenaria interpres","Ruddy Turnstone","Arenaria interpres","Near Threatened","Schedule-II","","Appendix II",1000,"Ruddy Turnstone","Arenaria interpres","avibase-DC3050A9",1,7.91,1,0.020484662,270,"","","X",22,0.363636363636364,0.261363636363636,0.318181818181818,13.1818181818182,3.2384678212391,NA,NA,NA,NA,NA,NA,NA,NA,NA,NA,NA,NA,NA,NA,NA,NA,NA,NA,NA,NA,NA,NA,NA,NA,NA,NA,NA,NA,NA,NA,NA,NA,NA,5120,5207,5294,"Insufficient Data","Insufficient Data",NA,"Moderate","Insufficient Data","Insufficient Data",NA,"Low"
"Great Knot","Calidris tenuirostris","grekno","Charadriiformes","Scolopacidae (Sandpipers and Allies)",NA,NA,NA,NA,"24 hour","24 hour","Omnivore","No","No","No","Non-endemic","Wetland","Winter Migrant",1,NA,NA,"Great Knot","Calidris tenuirostris","Great Knot","Calidris tenuirostris","Endangered","Schedule-I","","Appendix I",NA,"Great Knot","Calidris tenuirostris","avibase-09C51FA9",1,6.63,1,0.062541642,271,"","","X",4,0.5,0.25,NA,12.5,9.94591373379038,NA,NA,NA,NA,NA,NA,NA,NA,NA,NA,NA,NA,NA,NA,NA,NA,NA,NA,NA,NA,NA,NA,NA,NA,NA,NA,NA,NA,NA,NA,NA,NA,NA,186,193,200,"Insufficient Data","Insufficient Data",NA,"High","Insufficient Data","Insufficient Data",NA,"High"
"Red Knot","Calidris canutus","redkno","Charadriiformes","Scolopacidae (Sandpipers and Allies)",NA,NA,NA,NA,"24 hour","24 hour","Invertebrate","No","No","No","Non-endemic","Wetland","Winter Migrant",NA,NA,NA,"Red Knot","Calidris canutus","Red Knot","Calidris canutus","Near Threatened","Schedule-II","","Appendix II",NA,"Red Knot","Calidris canutus","avibase-B5CE8FAD",1,7.19,3,0.020265882,272,"","","",NA,NA,NA,NA,NA,NA,NA,NA,NA,NA,NA,NA,NA,NA,NA,NA,NA,NA,NA,NA,NA,NA,NA,NA,NA,NA,NA,NA,NA,NA,NA,NA,NA,NA,NA,NA,NA,NA,NA,NA,NA,NA,NA,NA,NA,NA,NA,NA,NA,NA
"Ruff","Calidris pugnax","ruff","Charadriiformes","Scolopacidae (Sandpipers and Allies)",NA,NA,NA,NA,"24 hour","24 hour","Invertebrate","No","No","No","Non-endemic","Wetland","Winter Migrant",NA,NA,NA,"Ruff","Calidris pugnax","Ruff","Calidris pugnax","Least Concern","Schedule-II","","Appendix II",1000,"Ruff","Calidris pugnax","avibase-2DABF98F",1,6.44,1,0.008705894,273,"","X","X",46,0.108695652173913,0.334239130434783,0.456521739130435,16.9347826086957,1.84126762449904,21.0496189994436,31.9773233991394,48.8050924422517,18.1948818197875,29.241219250489,46.977971733659,15.6888774237882,26.7390374074872,45.3477807181547,13.5358161931617,24.3514360477842,43.775429571847,11.6755852936487,22.294111138776,42.4593538815782,10.0551280760541,20.3399921319528,41.2085084719995,8.64976437488085,18.5441215960503,40.01585382274,7.44681425218717,16.9490556686859,38.8091112093085,NA,NA,NA,NA,NA,NA,-8.93455591645574,-5.17894133352193,-1.42332675058812,21108,21190,21272,"Insufficient Data","Trend Inconclusive",NA,"High","Insufficient Data","Trend Inconclusive",NA,"Low"
"Broad-billed Sandpiper","Calidris falcinellus","brbsan","Charadriiformes","Scolopacidae (Sandpipers and Allies)",NA,NA,NA,NA,"24 hour","24 hour","Invertebrate","No","No","No","Non-endemic","Wetland","Winter Migrant",NA,NA,NA,"Broad-billed Sandpiper","Calidris falcinellus","Broad-billed Sandpiper","Calidris falcinellus","Vulnerable","Schedule-II","","Appendix II",NA,"Broad-billed Sandpiper","Calidris falcinellus","avibase-0A14882F",1,4.59,2,0.048511027,274,"","","X",8,0.375,0.2,NA,10.875,3.80342280058371,NA,NA,NA,NA,NA,NA,NA,NA,NA,NA,NA,NA,NA,NA,NA,NA,NA,NA,NA,NA,NA,NA,NA,NA,NA,NA,NA,NA,NA,NA,NA,NA,NA,1271,1343,1415,"Insufficient Data","Insufficient Data",NA,"High","Insufficient Data","Insufficient Data",NA,"Moderate"
"Sharp-tailed Sandpiper","Calidris acuminata","shtsan","Charadriiformes","Scolopacidae (Sandpipers and Allies)",NA,NA,NA,NA,"Diurnal","Diurnal","Invertebrate","No","No","No","Non-endemic","Wetland","Uncertain",NA,1,NA,"Sharp-tailed Sandpiper","Calidris acuminata","Sharp-tailed Sandpiper","Calidris acuminata","Vulnerable","Schedule-II","","Appendix II",NA,"Sharp-tailed Sandpiper","Calidris acuminata","avibase-A0A67A81",NA,4.96,1,NA,275,"","","",NA,NA,NA,NA,NA,NA,NA,NA,NA,NA,NA,NA,NA,NA,NA,NA,NA,NA,NA,NA,NA,NA,NA,NA,NA,NA,NA,NA,NA,NA,NA,NA,NA,NA,NA,NA,NA,NA,NA,NA,NA,NA,NA,NA,NA,NA,NA,NA,NA,NA
"Curlew Sandpiper","Calidris ferruginea","cursan","Charadriiformes","Scolopacidae (Sandpipers and Allies)",NA,NA,NA,NA,"24 hour","24 hour","Invertebrate","No","No","No","Non-endemic","Wetland","Winter Migrant",NA,NA,NA,"Curlew Sandpiper","Calidris ferruginea","Curlew Sandpiper","Calidris ferruginea","Vulnerable","Schedule-II","","Appendix II",NA,"Curlew Sandpiper","Calidris ferruginea","avibase-143A681C",1,5.31,1,0.036168841,276,"","","X",18,0.333333333333333,0.375,0.333333333333333,13.7222222222222,4.06405076764247,NA,NA,NA,NA,NA,NA,NA,NA,NA,NA,NA,NA,NA,NA,NA,NA,NA,NA,NA,NA,NA,NA,NA,NA,NA,NA,NA,NA,NA,NA,NA,NA,NA,11367,11486,11605,"Insufficient Data","Insufficient Data",NA,"Moderate","Insufficient Data","Insufficient Data",NA,"Moderate"
"Temminck's Stint","Calidris temminckii","temsti","Charadriiformes","Scolopacidae (Sandpipers and Allies)",NA,NA,NA,NA,"24 hour","24 hour","Invertebrate","No","No","No","Non-endemic","Wetland","Winter Migrant",NA,NA,NA,"Temminck's Stint","Calidris temminckii","Temminck's Stint","Calidris temminckii","Least Concern","Schedule-II","","Appendix II",1000,"Temminck's Stint","Calidris temminckii","avibase-5ACF7FB3",1,4.61,1,0.141979253,277,"","X","X",72,0.111111111111111,0.329861111111111,0.472222222222222,17.1666666666667,1.41861953220439,141.430141131078,234.568862214912,385.142326432064,132.928690218405,235.362681245342,412.870338216062,124.931530542969,236.049680715919,443.032362951609,117.061539712178,236.877287146012,476.588345236687,109.777368069087,237.507863852089,513.223698575041,102.500629332729,238.210366269274,552.981373132006,95.7538681743584,238.527573831449,594.9955798516,89.543333421137,238.690538749892,640.810928425333,NA,NA,NA,NA,NA,NA,-21.1688928091553,-3.33897196522827,14.4909488786988,40067,40067,40067,"Insufficient Data","Trend Inconclusive",NA,"Low","Insufficient Data","Trend Inconclusive",NA,"Low"
"Long-toed Stint","Calidris subminuta","lotsti","Charadriiformes","Scolopacidae (Sandpipers and Allies)",NA,NA,NA,NA,"24 hour","24 hour","Invertebrate","No","No","No","Non-endemic","Wetland","Winter Migrant",NA,NA,NA,"Long-toed Stint","Calidris subminuta","Long-toed Stint","Calidris subminuta","Least Concern","Schedule-II","","Appendix II",NA,"Long-toed Stint","Calidris subminuta","avibase-7D629288",1,4.46,1,0.062512592,278,"","","",9,0.333333333333333,0.206349206349206,0.222222222222222,17.3333333333333,3.82353530416841,NA,NA,NA,NA,NA,NA,NA,NA,NA,NA,NA,NA,NA,NA,NA,NA,NA,NA,NA,NA,NA,NA,NA,NA,NA,NA,NA,NA,NA,NA,NA,NA,NA,NA,NA,NA,NA,NA,NA,NA,NA,NA,NA,NA
"Red-necked Stint","Calidris ruficollis","rensti","Charadriiformes","Scolopacidae (Sandpipers and Allies)",NA,NA,NA,NA,"24 hour","24 hour","Invertebrate","No","No","No","Non-endemic","Wetland","Winter Migrant",NA,NA,NA,"Red-necked Stint","Calidris ruficollis","Red-necked Stint","Calidris ruficollis","Near Threatened","Schedule-II","","Appendix II",NA,"Red-necked Stint","Calidris ruficollis","avibase-BBDF2F1B",1,5.16,1,0.033364069,279,"","","",NA,NA,NA,NA,NA,NA,NA,NA,NA,NA,NA,NA,NA,NA,NA,NA,NA,NA,NA,NA,NA,NA,NA,NA,NA,NA,NA,NA,NA,NA,NA,NA,NA,NA,NA,NA,NA,NA,NA,NA,NA,NA,NA,NA,NA,NA,NA,NA,NA,NA
"Spoon-billed Sandpiper","Calidris pygmaea","spbsan1","Charadriiformes","Scolopacidae (Sandpipers and Allies)",NA,NA,NA,NA,"Diurnal","Diurnal","Invertebrate","No","No","No","Non-endemic","Wetland","Uncertain",NA,NA,NA,"Spoon-billed Sandpiper","Calidris pygmaea","Spoon-billed Sandpiper","Calidris pygmaea","Critically Endangered","Schedule-I","","Appendix I",NA,"Spoon-billed Sandpiper","Calidris pygmaea","avibase-3FC8CA50",NA,5.12,1,NA,280,"","","",NA,NA,NA,NA,NA,NA,NA,NA,NA,NA,NA,NA,NA,NA,NA,NA,NA,NA,NA,NA,NA,NA,NA,NA,NA,NA,NA,NA,NA,NA,NA,NA,NA,NA,NA,NA,NA,NA,NA,NA,NA,NA,NA,NA,NA,NA,NA,NA,NA,NA
"Buff-breasted Sandpiper","Calidris subruficollis","bubsan","Charadriiformes","Scolopacidae (Sandpipers and Allies)",NA,NA,NA,NA,"Diurnal","Diurnal","Invertebrate","No","No","No","Non-endemic","Open Habitat","Uncertain",NA,1,NA,"Buff-breasted Sandpiper","Calidris subruficollis","Buff-breasted Sandpiper","Calidris subruficollis","Vulnerable","Schedule-II","","Appendix I",NA,"Buff-breasted Sandpiper","Calidris subruficollis","avibase-3A3C62BC",NA,5.25,1,NA,281,"","","",NA,NA,NA,NA,NA,NA,NA,NA,NA,NA,NA,NA,NA,NA,NA,NA,NA,NA,NA,NA,NA,NA,NA,NA,NA,NA,NA,NA,NA,NA,NA,NA,NA,NA,NA,NA,NA,NA,NA,NA,NA,NA,NA,NA,NA,NA,NA,NA,NA,NA
"Sanderling","Calidris alba","sander","Charadriiformes","Scolopacidae (Sandpipers and Allies)",NA,NA,NA,NA,"24 hour","24 hour","Invertebrate","No","No","No","Non-endemic","Wetland","Winter Migrant",NA,NA,NA,"Sanderling","Calidris alba","Sanderling","Calidris alba","Least Concern","Schedule-II","","Appendix II",1000,"Sanderling","Calidris alba","avibase-06B9BD24",1,6.35,1,0.020258665,282,"","","X",13,0.307692307692308,0.326923076923077,0.461538461538462,12.8461538461538,3.39370341657671,NA,NA,NA,NA,NA,NA,NA,NA,NA,NA,NA,NA,NA,NA,NA,NA,NA,NA,NA,NA,NA,NA,NA,NA,NA,NA,NA,NA,NA,NA,NA,NA,NA,5807,5895,5983,"Insufficient Data","Insufficient Data",NA,"Low","Insufficient Data","Insufficient Data",NA,"Moderate"
"Dunlin","Calidris alpina","dunlin","Charadriiformes","Scolopacidae (Sandpipers and Allies)",NA,NA,NA,NA,"24 hour","24 hour","Invertebrate","No","No","No","Non-endemic","Wetland","Winter Migrant",NA,NA,NA,"Dunlin","Calidris alpina","Dunlin","Calidris alpina","Near Threatened","Schedule-II","","Appendix II",1000,"Dunlin","Calidris alpina","avibase-15369E8E",1,6.77,3,0.036817855,283,"","","X",10,0.5,0.128571428571429,0.1,10.5,3.84579770658832,NA,NA,NA,NA,NA,NA,NA,NA,NA,NA,NA,NA,NA,NA,NA,NA,NA,NA,NA,NA,NA,NA,NA,NA,NA,NA,NA,NA,NA,NA,NA,NA,NA,0,0,0,"Insufficient Data","Insufficient Data",NA,"Moderate","Insufficient Data","Insufficient Data",NA,"Low"
"Little Stint","Calidris minuta","litsti","Charadriiformes","Scolopacidae (Sandpipers and Allies)",NA,NA,NA,NA,"24 hour","24 hour","Invertebrate","No","No","No","Non-endemic","Wetland","Winter Migrant",NA,NA,NA,"Little Stint","Calidris minuta","Little Stint","Calidris minuta","Least Concern","Schedule-II","","Appendix II",NA,"Little Stint","Calidris minuta","avibase-9936FF4A",1,4.26,1,0.024902497,284,"","X","X",120,0.116666666666667,0.36875,0.558333333333333,16.4666666666667,1.07351950644548,51.0399254012126,67.1380985668009,88.5009824201323,45.8183966584009,62.5542904281074,85.4402097322464,41.0873848591171,58.2835771852166,82.5525709525948,36.805187754385,54.3054259085891,79.8526615555182,32.9661368250578,50.5969564386729,77.3154671736305,29.5302450538469,47.087190204907,74.8144887433922,26.4073632318855,43.8504491723166,72.440476581968,23.6685055144246,40.8508521703465,70.2266052343415,NA,NA,NA,NA,NA,NA,-14.1089445295925,-8.17988534864026,-2.25082616768804,61759,61759,61759,"Insufficient Data","Trend Inconclusive",NA,"Moderate","Insufficient Data","Trend Inconclusive",NA,"Low"
"Pectoral Sandpiper","Calidris melanotos","pecsan","Charadriiformes","Scolopacidae (Sandpipers and Allies)",NA,NA,NA,NA,"24 hour","Diurnal","Invertebrate","No","No","No","Non-endemic","Wetland","Passage Migrant",NA,1,NA,"Pectoral Sandpiper","Calidris melanotos","Pectoral Sandpiper","Calidris melanotos","Least Concern","Schedule-II","","Appendix II",NA,"Pectoral Sandpiper","Calidris melanotos","avibase-ACC99F35",NA,4.67,1,NA,285,"","","",NA,NA,NA,NA,NA,NA,NA,NA,NA,NA,NA,NA,NA,NA,NA,NA,NA,NA,NA,NA,NA,NA,NA,NA,NA,NA,NA,NA,NA,NA,NA,NA,NA,NA,NA,NA,NA,NA,NA,NA,NA,NA,NA,NA,NA,NA,NA,NA,NA,NA
"Yellow-legged Buttonquail","Turnix tanki","yelbut1","Charadriiformes","Turnicidae (Buttonquail)",NA,NA,NA,NA,"Diurnal","Diurnal","Plant & Seed","No","No","No","Non-endemic","Non-specialized","Resident & Within-India Migrant",1,NA,NA,"Yellow-legged Buttonquail","Turnix tanki","Yellow-legged Buttonquail","Turnix tanki","Least Concern","Schedule-II","","",NA,"Yellow-legged Buttonquail","Turnix tanki","avibase-950909C3",1,2.91,2,0.302785675,286,"","","X",2,NA,0.5,NA,21,7.84,NA,NA,NA,NA,NA,NA,NA,NA,NA,NA,NA,NA,NA,NA,NA,NA,NA,NA,NA,NA,NA,NA,NA,NA,NA,NA,NA,NA,NA,NA,NA,NA,NA,613,613,613,"Insufficient Data","Insufficient Data",NA,"Low","Insufficient Data","Insufficient Data",NA,"Moderate"
"Barred Buttonquail","Turnix suscitator","barbut1","Charadriiformes","Turnicidae (Buttonquail)",NA,NA,NA,NA,"24 hour","Diurnal","Plant & Seed","No","No","No","Non-endemic","Grassland & Scrub","Resident",NA,NA,NA,"Barred Buttonquail","Turnix suscitator","Barred Buttonquail","Turnix suscitator","Least Concern","Schedule-II","","",NA,"Barred Buttonquail","Turnix suscitator","avibase-FDA8873B",1,3.05,3,0.35002639,287,"","","X",90,0.0111111111111111,0.283333333333333,0.477777777777778,18.9333333333333,0.986608926339653,NA,NA,NA,NA,NA,NA,NA,NA,NA,NA,NA,NA,NA,NA,NA,NA,NA,NA,NA,NA,NA,NA,NA,NA,NA,NA,NA,NA,NA,NA,NA,NA,NA,69677,69781,69885,"Insufficient Data","Insufficient Data",NA,"Low","Insufficient Data","Insufficient Data",NA,"Low"
"Small Buttonquail","Turnix sylvaticus","smabut2","Charadriiformes","Turnicidae (Buttonquail)",NA,NA,NA,NA,"Diurnal","Diurnal","Invertebrate","No","No","No","Non-endemic","Grassland & Scrub","Local Migrant",NA,NA,NA,"Small Buttonquail","Turnix sylvaticus","Common Buttonquail","Turnix sylvaticus","Least Concern","Schedule-II","","",NA,"Common Buttonquail","Turnix sylvaticus","avibase-0DA8BB90",1,2.83,1,0.165322633,288,"","","",NA,NA,NA,NA,NA,NA,NA,NA,NA,NA,NA,NA,NA,NA,NA,NA,NA,NA,NA,NA,NA,NA,NA,NA,NA,NA,NA,NA,NA,NA,NA,NA,NA,NA,NA,NA,NA,NA,NA,NA,NA,NA,NA,NA,NA,NA,NA,NA,NA,NA
"Crab-Plover","Dromas ardeola","craplo1","Charadriiformes","Dromadidae (Crab-Plover)",NA,NA,NA,NA,"24 hour","24 hour","Invertebrate","No","No","No","Non-endemic","Wetland","Winter Migrant",1,NA,NA,"Crab-Plover","Dromas ardeola","Crab-plover","Dromas ardeola","Least Concern","Schedule-II","","Appendix II",NA,"Crab-plover","Dromas ardeola","avibase-C3E33FEB",1,8.41,1,0.052052584,289,"","","X",3,1,NA,NA,11,11.9222145593845,NA,NA,NA,NA,NA,NA,NA,NA,NA,NA,NA,NA,NA,NA,NA,NA,NA,NA,NA,NA,NA,NA,NA,NA,NA,NA,NA,NA,NA,NA,NA,NA,NA,0,0,0,"Insufficient Data","Insufficient Data",NA,"Moderate","Insufficient Data","Insufficient Data",NA,"Moderate"
"Jerdon's Courser","Rhinoptilus bitorquatus","jercou1","Charadriiformes","Glareolidae (Pratincoles and Coursers)",NA,NA,NA,NA,"Nocturnal","Nocturnal","Invertebrate","Yes","Yes","No","Eastern Andhra Pradesh","Forest","Resident",NA,NA,NA,"Jerdon's Courser","Rhinoptilus bitorquatus","Jerdon's Courser","Rhinoptilus bitorquatus","Critically Endangered","Schedule-I","","",1,"Jerdon's Courser","Rhinoptilus bitorquatus","avibase-A632F945",1,5.28,1,1,290,"","","",NA,NA,NA,NA,NA,NA,NA,NA,NA,NA,NA,NA,NA,NA,NA,NA,NA,NA,NA,NA,NA,NA,NA,NA,NA,NA,NA,NA,NA,NA,NA,NA,NA,NA,NA,NA,NA,NA,NA,NA,NA,NA,NA,NA,NA,"High",NA,NA,NA,NA
"Indian Courser","Cursorius coromandelicus","indcou1","Charadriiformes","Glareolidae (Pratincoles and Coursers)",NA,NA,NA,NA,"Diurnal","Diurnal","Invertebrate","No","Yes","No","Indian Subcontinent","Grassland","Resident",NA,NA,NA,"Indian Courser","Cursorius coromandelicus","Indian Courser","Cursorius coromandelicus","Near Threatened","Schedule-I","","",NA,"Indian Courser","Cursorius coromandelicus","avibase-236D9272",1,4.04,1,0.863404627,291,"","","X",29,0.137931034482759,0.310344827586207,0.379310344827586,17.6896551724138,2.18832943846951,NA,NA,NA,NA,NA,NA,NA,NA,NA,NA,NA,NA,NA,NA,NA,NA,NA,NA,NA,NA,NA,NA,NA,NA,NA,NA,NA,NA,NA,NA,NA,NA,NA,18591,18704,18817,"Insufficient Data","Insufficient Data",NA,"High","Insufficient Data","Insufficient Data",NA,"Moderate"
"Cream-colored Courser","Cursorius cursor","crccou1","Charadriiformes","Glareolidae (Pratincoles and Coursers)",NA,NA,NA,NA,"Diurnal","Diurnal","Invertebrate","No","No","No","Non-endemic","Grassland","Resident & Winter Migrant",NA,NA,NA,"Cream-coloured Courser","Cursorius cursor","Cream-coloured Courser","Cursorius cursor","Least Concern","Schedule-II","","",NA,"Cream-colored Courser","Cursorius cursor","avibase-DE0A72A7",1,4.09,1,0.03583601,292,"","","",NA,NA,NA,NA,NA,NA,NA,NA,NA,NA,NA,NA,NA,NA,NA,NA,NA,NA,NA,NA,NA,NA,NA,NA,NA,NA,NA,NA,NA,NA,NA,NA,NA,NA,NA,NA,NA,NA,NA,NA,NA,NA,NA,NA,NA,NA,NA,NA,NA,NA
"Small Pratincole","Glareola lactea","smapra1","Charadriiformes","Glareolidae (Pratincoles and Coursers)",NA,NA,NA,NA,"Diurnal","Diurnal","Invertebrate","No","No","No","Non-endemic","Wetland","Resident",NA,NA,NA,"Small Pratincole","Glareola lactea","Little Pratincole","Glareola lactea","Least Concern","Schedule-II","","",710,"Small Pratincole","Glareola lactea","avibase-D9A310F1",1,3.22,1,0.499910618,293,"","","X",55,0.0181818181818182,0.252272727272727,0.381818181818182,18.2545454545455,1.3903257296501,NA,NA,NA,NA,NA,NA,NA,NA,NA,NA,NA,NA,NA,NA,NA,NA,NA,NA,NA,NA,NA,NA,NA,NA,NA,NA,NA,NA,NA,NA,NA,NA,NA,35501,35603,35705,"Insufficient Data","Insufficient Data",NA,"Moderate","Insufficient Data","Insufficient Data",NA,"Low"
"Collared Pratincole","Glareola pratincola","colpra","Charadriiformes","Glareolidae (Pratincoles and Coursers)",NA,NA,NA,NA,"24 hour","24 hour","Invertebrate","No","No","No","Non-endemic","Open Habitat","Winter Migrant & Localized Summer Migrant",NA,NA,NA,"Collared Pratincole","Glareola pratincola","Collared Pratincole","Glareola pratincola","Least Concern","Schedule-II","","Appendix II",NA,"Collared Pratincole","Glareola pratincola","avibase-D56ABB4E",1,3.65,1,0.00656346,294,"","","",NA,NA,NA,NA,NA,NA,NA,NA,NA,NA,NA,NA,NA,NA,NA,NA,NA,NA,NA,NA,NA,NA,NA,NA,NA,NA,NA,NA,NA,NA,NA,NA,NA,NA,NA,NA,NA,NA,NA,NA,NA,NA,NA,NA,NA,NA,NA,NA,NA,NA
"Oriental Pratincole","Glareola maldivarum","oripra","Charadriiformes","Glareolidae (Pratincoles and Coursers)",NA,NA,NA,NA,"Diurnal","Diurnal","Invertebrate","No","No","No","Non-endemic","Wetland","Summer Migrant & Localized Winter Migrant",NA,NA,NA,"Oriental Pratincole","Glareola maldivarum","Oriental Pratincole","Glareola maldivarum","Least Concern","Schedule-II","","",1000,"Oriental Pratincole","Glareola maldivarum","avibase-3222F80F",1,3.76,1,0.073045564,295,"","","X",21,0.0952380952380952,0.345238095238095,0.428571428571429,17.6190476190476,2.79968887160302,NA,NA,NA,NA,NA,NA,NA,NA,NA,NA,NA,NA,NA,NA,NA,NA,NA,NA,NA,NA,NA,NA,NA,NA,NA,NA,NA,NA,NA,NA,NA,NA,NA,9559,9748,9937,"Insufficient Data","Insufficient Data",NA,"Low","Insufficient Data","Insufficient Data",NA,"Low"
"Long-tailed Jaeger","Stercorarius longicaudus","lotjae","Charadriiformes","Stercorariidae (Skuas and Jaegers)",NA,NA,NA,NA,"Diurnal","Diurnal","Vertebrate & Carrion","No","No","No","Non-endemic","Wetland","Passage Migrant",NA,NA,NA,"Long-tailed Skua","Stercorarius longicaudus","Long-tailed Jaeger","Stercorarius longicaudus","Least Concern","Schedule-II","","",NA,"Long-tailed Jaeger","Stercorarius longicaudus","avibase-1D446440",1,9.81,1,NA,296,"","","",NA,NA,NA,NA,NA,NA,NA,NA,NA,NA,NA,NA,NA,NA,NA,NA,NA,NA,NA,NA,NA,NA,NA,NA,NA,NA,NA,NA,NA,NA,NA,NA,NA,NA,NA,NA,NA,NA,NA,NA,NA,NA,NA,NA,NA,NA,NA,NA,NA,NA
"Parasitic Jaeger","Stercorarius parasiticus","parjae","Charadriiformes","Stercorariidae (Skuas and Jaegers)",NA,NA,NA,NA,"Diurnal","Diurnal","Vertebrate & Carrion","No","No","No","Non-endemic","Wetland","Winter Migrant",NA,NA,NA,"Arctic Skua","Stercorarius parasiticus","Arctic Jaeger","Stercorarius parasiticus","Least Concern","Schedule-II","","",NA,"Parasitic Jaeger","Stercorarius parasiticus","avibase-39086887",1,11.41,1,NA,297,"","","",NA,NA,NA,NA,NA,NA,NA,NA,NA,NA,NA,NA,NA,NA,NA,NA,NA,NA,NA,NA,NA,NA,NA,NA,NA,NA,NA,NA,NA,NA,NA,NA,NA,NA,NA,NA,NA,NA,NA,NA,NA,NA,NA,NA,NA,NA,NA,NA,NA,NA
"Pomarine Jaeger","Stercorarius pomarinus","pomjae","Charadriiformes","Stercorariidae (Skuas and Jaegers)",NA,NA,NA,NA,"Diurnal","Diurnal","Vertebrate & Carrion","No","No","No","Non-endemic","Wetland","Winter Migrant",NA,NA,NA,"Pomarine Skua","Stercorarius pomarinus","Pomarine Jaeger","Stercorarius pomarinus","Least Concern","Schedule-II","","",NA,"Pomarine Jaeger","Stercorarius pomarinus","avibase-7CB8F5B7",1,11.82,1,0.021187475,298,"","","",NA,NA,NA,NA,NA,NA,NA,NA,NA,NA,NA,NA,NA,NA,NA,NA,NA,NA,NA,NA,NA,NA,NA,NA,NA,NA,NA,NA,NA,NA,NA,NA,NA,NA,NA,NA,NA,NA,NA,NA,NA,NA,NA,NA,NA,NA,NA,NA,NA,NA
"Brown Skua","Stercorarius antarcticus","brnsku3","Charadriiformes","Stercorariidae (Skuas and Jaegers)",NA,NA,NA,NA,"Diurnal","Diurnal","Vertebrate & Carrion","No","No","No","Non-endemic","Wetland","Summer Migrant",NA,1,NA,"Brown Skua","Stercorarius antarcticus","Brown Skua","Catharacta antarctica","Least Concern","Schedule-II","","",NA,"Brown Skua","Stercorarius antarcticus","avibase-4D5D2BC3",NA,15.26,1,NA,299,"","","",NA,NA,NA,NA,NA,NA,NA,NA,NA,NA,NA,NA,NA,NA,NA,NA,NA,NA,NA,NA,NA,NA,NA,NA,NA,NA,NA,NA,NA,NA,NA,NA,NA,NA,NA,NA,NA,NA,NA,NA,NA,NA,NA,NA,NA,NA,NA,NA,NA,NA
"South Polar Skua","Stercorarius maccormicki","sopsku1","Charadriiformes","Stercorariidae (Skuas and Jaegers)",NA,NA,NA,NA,"Diurnal","Diurnal","Vertebrate & Carrion","No","No","No","Non-endemic","Wetland","Summer Migrant",NA,1,NA,"South Polar Skua","Stercorarius maccormicki","South Polar Skua","Catharacta maccormicki","Least Concern","Schedule-II","","",NA,"South Polar Skua","Stercorarius maccormicki","avibase-7D1A9D5C",NA,17.06,1,NA,300,"","","",NA,NA,NA,NA,NA,NA,NA,NA,NA,NA,NA,NA,NA,NA,NA,NA,NA,NA,NA,NA,NA,NA,NA,NA,NA,NA,NA,NA,NA,NA,NA,NA,NA,NA,NA,NA,NA,NA,NA,NA,NA,NA,NA,NA,NA,NA,NA,NA,NA,NA
"Little Gull","Hydrocoloeus minutus","litgul","Charadriiformes","Laridae (Gulls, Terns, and Skimmers)",NA,NA,NA,NA,"Diurnal","Diurnal","Vertebrate & Carrion","No","No","No","Non-endemic","Wetland","Uncertain",NA,1,NA,"Little Gull","Hydrocoloeus minutus","Little Gull","Hydrocoloeus minutus","Least Concern","Schedule-II","","",NA,"Little Gull","Hydrocoloeus minutus","avibase-F89FD6E3",NA,5.81,1,NA,301,"","","",NA,NA,NA,NA,NA,NA,NA,NA,NA,NA,NA,NA,NA,NA,NA,NA,NA,NA,NA,NA,NA,NA,NA,NA,NA,NA,NA,NA,NA,NA,NA,NA,NA,NA,NA,NA,NA,NA,NA,NA,NA,NA,NA,NA,NA,NA,NA,NA,NA,NA
"Black-legged Kittiwake","Rissa tridactyla","bklkit","Charadriiformes","Laridae (Gulls, Terns, and Skimmers)",NA,NA,NA,NA,"24 hour","Diurnal","Omnivore","No","No","No","Non-endemic","Wetland","Uncertain",NA,1,NA,"Black-legged Kittiwake","Rissa tridactyla","Black-legged Kittiwake","Rissa tridactyla","Vulnerable","Schedule-II","","",NA,"Black-legged Kittiwake","Rissa tridactyla","avibase-FB4D08F0",1,9.86,2,NA,302,"","","",NA,NA,NA,NA,NA,NA,NA,NA,NA,NA,NA,NA,NA,NA,NA,NA,NA,NA,NA,NA,NA,NA,NA,NA,NA,NA,NA,NA,NA,NA,NA,NA,NA,NA,NA,NA,NA,NA,NA,NA,NA,NA,NA,NA,NA,NA,NA,NA,NA,NA
"Sabine's Gull","Xema sabini","sabgul","Charadriiformes","Laridae (Gulls, Terns, and Skimmers)",NA,NA,NA,NA,"Diurnal","Diurnal","Omnivore","No","No","No","Non-endemic","Wetland","Uncertain",NA,1,NA,"Sabine's Gull","Xema sabini","Sabine's Gull","Xema sabini","Least Concern","Schedule-II","","",NA,"Sabine's Gull","Xema sabini","avibase-86182656",NA,7.56,1,NA,303,"","","",NA,NA,NA,NA,NA,NA,NA,NA,NA,NA,NA,NA,NA,NA,NA,NA,NA,NA,NA,NA,NA,NA,NA,NA,NA,NA,NA,NA,NA,NA,NA,NA,NA,NA,NA,NA,NA,NA,NA,NA,NA,NA,NA,NA,NA,NA,NA,NA,NA,NA
"Slender-billed Gull","Chroicocephalus genei","slbgul1","Charadriiformes","Laridae (Gulls, Terns, and Skimmers)",NA,NA,NA,NA,"Diurnal","Diurnal","Omnivore","No","No","No","Non-endemic","Wetland","Resident & Within-India Migrant",NA,NA,NA,"Slender-billed Gull","Chroicocephalus genei","Slender-billed Gull","Larus genei","Least Concern","Schedule-II","","Appendix II",NA,"Slender-billed Gull","Chroicocephalus genei","avibase-27CE7132",1,9.33,1,0.038707751,304,"","","X",9,0.111111111111111,0.349206349206349,0.111111111111111,13.5555555555556,4.70117610711654,NA,NA,NA,NA,NA,NA,NA,NA,NA,NA,NA,NA,NA,NA,NA,NA,NA,NA,NA,NA,NA,NA,NA,NA,NA,NA,NA,NA,NA,NA,NA,NA,NA,2805,2875,2945,"Insufficient Data","Insufficient Data",NA,"Low","Insufficient Data","Insufficient Data",NA,"Low"
"Black-headed Gull","Chroicocephalus ridibundus","bkhgul","Charadriiformes","Laridae (Gulls, Terns, and Skimmers)",NA,NA,NA,NA,"24 hour","24 hour","Omnivore","No","No","No","Non-endemic","Wetland","Winter Migrant",NA,NA,NA,"Black-headed Gull","Chroicocephalus ridibundus","Black-headed Gull","Larus ridibundus","Least Concern","Schedule-II","","",10000,"Black-headed Gull","Chroicocephalus ridibundus","avibase-FB02DD96",1,10.27,1,0.02407621,305,"","","X",30,0.266666666666667,0.354166666666667,0.533333333333333,13.0333333333333,2.435168748824,NA,NA,NA,NA,NA,NA,NA,NA,NA,NA,NA,NA,NA,NA,NA,NA,NA,NA,NA,NA,NA,NA,NA,NA,NA,NA,NA,NA,NA,NA,NA,NA,NA,12523,12594,12665,"Insufficient Data","Insufficient Data",NA,"Moderate","Insufficient Data","Insufficient Data",NA,"Low"
"Brown-headed Gull","Chroicocephalus brunnicephalus","bnhgul1","Charadriiformes","Laridae (Gulls, Terns, and Skimmers)",NA,NA,NA,NA,"Diurnal","Diurnal","Omnivore","No","No","No","Non-endemic","Wetland","Winter Migrant & Localized Summer Migrant",NA,NA,NA,"Brown-headed Gull","Chroicocephalus brunnicephalus","Brown-headed Gull","Larus brunnicephalus","Least Concern","Schedule-II","","",1400,"Brown-headed Gull","Chroicocephalus brunnicephalus","avibase-C2868E7A",1,9.33,1,0.358392655,306,"","X","X",68,0.235294117647059,0.299632352941176,0.441176470588235,15.0441176470588,1.6356492988499,70.6682196224535,96.1195696318838,131.177881406939,67.0677158269493,95.1013213717202,135.389495332035,63.690672572075,94.1956422427746,139.792401285587,60.5388272398149,93.2746485307257,144.435648085315,57.4688281437736,92.3938820296114,149.240102086177,54.481068189873,91.4041500232345,154.505445292294,51.5551921247603,90.464447870662,159.758636022582,48.8158312687741,89.6008292556529,165.342600353437,NA,NA,NA,NA,NA,NA,-7.02639201181308,-1.78127728942858,3.46383743295592,21941,22014,22087,"Insufficient Data","Trend Inconclusive",NA,"Moderate","Insufficient Data","Trend Inconclusive",NA,"Low"
"Laughing Gull","Leucophaeus atricilla","laugul","Charadriiformes","Laridae (Gulls, Terns, and Skimmers)",NA,NA,NA,NA,"Diurnal","Diurnal","Omnivore","No","No","No","Non-endemic","Wetland","Uncertain",NA,1,NA,"Laughing Gull","Leucophaeus atricilla","Laughing Gull","Larus atricilla","Least Concern","Recent addition","","",NA,"Laughing Gull","Leucophaeus atricilla","avibase-6CDC3C9C",NA,8.44,1,NA,307,"","","",NA,NA,NA,NA,NA,NA,NA,NA,NA,NA,NA,NA,NA,NA,NA,NA,NA,NA,NA,NA,NA,NA,NA,NA,NA,NA,NA,NA,NA,NA,NA,NA,NA,NA,NA,NA,NA,NA,NA,NA,NA,NA,NA,NA,NA,NA,NA,NA,NA,NA
"Franklin's Gull","Leucophaeus pipixcan","fragul","Charadriiformes","Laridae (Gulls, Terns, and Skimmers)",NA,NA,NA,NA,"Diurnal","Diurnal","Vertebrate & Carrion","No","No","No","Non-endemic","Wetland","Uncertain",NA,1,NA,"Franklin's Gull","Leucophaeus pipixcan","Franklin's Gull","Larus pipixcan","Least Concern","Schedule-II","","",NA,"Franklin's Gull","Leucophaeus pipixcan","avibase-57C93A74",NA,7.77,1,NA,308,"","","",NA,NA,NA,NA,NA,NA,NA,NA,NA,NA,NA,NA,NA,NA,NA,NA,NA,NA,NA,NA,NA,NA,NA,NA,NA,NA,NA,NA,NA,NA,NA,NA,NA,NA,NA,NA,NA,NA,NA,NA,NA,NA,NA,NA,NA,NA,NA,NA,NA,NA
"Pallas's Gull","Ichthyaetus ichthyaetus","gbhgul2","Charadriiformes","Laridae (Gulls, Terns, and Skimmers)",NA,NA,NA,NA,"24 hour","24 hour","Vertebrate & Carrion","No","No","No","Non-endemic","Wetland","Winter Migrant",NA,NA,NA,"Pallas's Gull","Ichthyaetus ichthyaetus","Pallas's Gull","Larus ichthyaetus","Least Concern","Schedule-II","","Appendix II",1000,"Pallas's Gull","Ichthyaetus ichthyaetus","avibase-EF930CDC",1,11.05,1,0.250516773,309,"","","X",18,0.277777777777778,0.381944444444444,0.388888888888889,14,3.47161035131717,NA,NA,NA,NA,NA,NA,NA,NA,NA,NA,NA,NA,NA,NA,NA,NA,NA,NA,NA,NA,NA,NA,NA,NA,NA,NA,NA,NA,NA,NA,NA,NA,NA,5981,6011,6041,"Insufficient Data","Insufficient Data",NA,"High","Insufficient Data","Insufficient Data",NA,"Low"
"Sooty Gull","Ichthyaetus hemprichii","soogul2","Charadriiformes","Laridae (Gulls, Terns, and Skimmers)",NA,NA,NA,NA,"24 hour","Diurnal","Vertebrate & Carrion","No","No","No","Non-endemic","Wetland","Uncertain",NA,1,NA,"Sooty Gull","Ichthyaetus hemprichii","Sooty Gull","Larus hemprichii","Least Concern","Schedule-II","","Appendix II",NA,"Sooty Gull","Ichthyaetus hemprichii","avibase-67D43542",1,9.68,1,NA,310,"","","",NA,NA,NA,NA,NA,NA,NA,NA,NA,NA,NA,NA,NA,NA,NA,NA,NA,NA,NA,NA,NA,NA,NA,NA,NA,NA,NA,NA,NA,NA,NA,NA,NA,NA,NA,NA,NA,NA,NA,NA,NA,NA,NA,NA,NA,NA,NA,NA,NA,NA
"White-eyed Gull","Ichthyaetus leucophthalmus","whegul2","Charadriiformes","Laridae (Gulls, Terns, and Skimmers)",NA,NA,NA,NA,"Diurnal","Diurnal","Vertebrate & Carrion","No","No","No","Non-endemic","Wetland","Uncertain",NA,1,NA,"White-eyed Gull","Ichthyaetus leucophthalmus","White-eyed Gull","Larus leucophthalmus","Least Concern","Schedule-II","","Appendix I",NA,"White-eyed Gull","Ichthyaetus leucophthalmus","avibase-A7F240E3",NA,9.25,1,NA,311,"","","",NA,NA,NA,NA,NA,NA,NA,NA,NA,NA,NA,NA,NA,NA,NA,NA,NA,NA,NA,NA,NA,NA,NA,NA,NA,NA,NA,NA,NA,NA,NA,NA,NA,NA,NA,NA,NA,NA,NA,NA,NA,NA,NA,NA,NA,NA,NA,NA,NA,NA
"Common Gull","Larus canus","mewgul","Charadriiformes","Laridae (Gulls, Terns, and Skimmers)",NA,NA,NA,NA,"Diurnal","Diurnal","Omnivore","No","No","No","Non-endemic","Wetland","Uncertain",NA,1,NA,"Mew Gull","Larus canus","Mew Gull","Larus canus","Least Concern","Schedule-II","","",NA,"Common Gull","Larus canus","avibase-00DA9D91",1,10.67,1,NA,312,"","","",NA,NA,NA,NA,NA,NA,NA,NA,NA,NA,NA,NA,NA,NA,NA,NA,NA,NA,NA,NA,NA,NA,NA,NA,NA,NA,NA,NA,NA,NA,NA,NA,NA,NA,NA,NA,NA,NA,NA,NA,NA,NA,NA,NA,NA,NA,NA,NA,NA,NA
"Caspian Gull","Larus cachinnans","casgul2","Charadriiformes","Laridae (Gulls, Terns, and Skimmers)",NA,NA,NA,NA,"24 hour","24 hour","Vertebrate & Carrion","No","No","No","Non-endemic","Wetland","Winter Migrant",NA,1,NA,"Caspian Gull","Larus cachinnans","Caspian Gull","Larus cachinnans","Least Concern","Schedule-II","","",NA,"Caspian Gull","Larus cachinnans","avibase-93CA037F",1,10.6,1,NA,313,"","","",NA,NA,NA,NA,NA,NA,NA,NA,NA,NA,NA,NA,NA,NA,NA,NA,NA,NA,NA,NA,NA,NA,NA,NA,NA,NA,NA,NA,NA,NA,NA,NA,NA,NA,NA,NA,NA,NA,NA,NA,NA,NA,NA,NA,NA,NA,NA,NA,NA,NA
"Mongolian Gull","Larus mongolicus","casgul4","Charadriiformes","Laridae (Gulls, Terns, and Skimmers)",NA,NA,NA,NA,"24 hour","24 hour","Vertebrate & Carrion","No","No","No","Non-endemic","Wetland","Winter Migrant",NA,1,NA,"Mongolian Gull","Larus mongolicus","Arctic Herring Gull","Larus smithsonianus","Least Concern","Schedule-II","","",NA,"Mongolian Gull","Larus mongolicus","avibase-E1325FAB",NA,10.87,1,NA,314,"","","",NA,NA,NA,NA,NA,NA,NA,NA,NA,NA,NA,NA,NA,NA,NA,NA,NA,NA,NA,NA,NA,NA,NA,NA,NA,NA,NA,NA,NA,NA,NA,NA,NA,NA,NA,NA,NA,NA,NA,NA,NA,NA,NA,NA,NA,NA,NA,NA,NA,NA
"Lesser Black-backed Gull","Larus fuscus","lbbgul","Charadriiformes","Laridae (Gulls, Terns, and Skimmers)",NA,NA,NA,NA,"24 hour","24 hour","Vertebrate & Carrion","No","No","No","Non-endemic","Wetland","Winter Migrant",NA,NA,NA,"Lesser Black-backed Gull","Larus fuscus","Lesser Black-backed Gull","Larus fuscus","Least Concern","Schedule-II","","",NA,"Lesser Black-backed Gull","Larus fuscus","avibase-2D52E3A5",1,12.66,3,0.03315485,315,"","","X",28,0.285714285714286,0.383928571428571,0.5,12.7142857142857,2.62276077332152,NA,NA,NA,NA,NA,NA,NA,NA,NA,NA,NA,NA,NA,NA,NA,NA,NA,NA,NA,NA,NA,NA,NA,NA,NA,NA,NA,NA,NA,NA,NA,NA,NA,11787,11858,11929,"Insufficient Data","Insufficient Data",NA,"Low","Insufficient Data","Insufficient Data",NA,"Low"
"Indian Skimmer","Rynchops albicollis","indski1","Charadriiformes","Laridae (Gulls, Terns, and Skimmers)",NA,NA,NA,NA,"24 hour","24 hour","Vertebrate & Carrion","No","No","No","Non-endemic","Wetland","Resident & Within-India Migrant",1,NA,NA,"Indian Skimmer","Rynchops albicollis","Indian Skimmer","Rynchops albicollis","Endangered","Schedule-I","","",40,"Indian Skimmer","Rynchops albicollis","avibase-88151F23",1,6.93,1,0.869605063,316,"","","X",1,NA,NA,NA,11,NA,NA,NA,NA,NA,NA,NA,NA,NA,NA,NA,NA,NA,NA,NA,NA,NA,NA,NA,NA,NA,NA,NA,NA,NA,NA,NA,NA,NA,NA,NA,NA,NA,NA,0,0,0,"Insufficient Data","Insufficient Data",NA,"High","Insufficient Data","Insufficient Data",NA,"High"
"Blue-billed White-Tern","Gygis candida","whiter4","Charadriiformes","Laridae (Gulls, Terns, and Skimmers)",NA,NA,NA,NA,"24 hour","24 hour","Vertebrate & Carrion","No","No","No","Non-endemic","Wetland","Uncertain",NA,1,NA,"Blue-billed White-Tern","Gygis candida","Common White Tern","Gygis candida","Least Concern","Schedule-II","","",NA,"Blue-billed White Tern","Gygis candida","avibase-0E429338",NA,10.32,1,NA,317,"","","",NA,NA,NA,NA,NA,NA,NA,NA,NA,NA,NA,NA,NA,NA,NA,NA,NA,NA,NA,NA,NA,NA,NA,NA,NA,NA,NA,NA,NA,NA,NA,NA,NA,NA,NA,NA,NA,NA,NA,NA,NA,NA,NA,NA,NA,NA,NA,NA,NA,NA
"Brown Noddy","Anous stolidus","brnnod","Charadriiformes","Laridae (Gulls, Terns, and Skimmers)",NA,NA,NA,NA,"24 hour","24 hour","Vertebrate & Carrion","No","No","No","Non-endemic","Wetland","Resident & Local Migrant",NA,NA,NA,"Brown Noddy","Anous stolidus","Brown Noddy","Anous stolidus","Least Concern","Schedule-II","","",NA,"Brown Noddy","Anous stolidus","avibase-A070171E",1,10.83,1,0.007750678,318,"","","",1,NA,1,NA,20,NA,NA,NA,NA,NA,NA,NA,NA,NA,NA,NA,NA,NA,NA,NA,NA,NA,NA,NA,NA,NA,NA,NA,NA,NA,NA,NA,NA,NA,NA,NA,NA,NA,NA,NA,NA,NA,NA,NA,NA,NA,NA,NA,NA,NA
"Lesser Noddy","Anous tenuirostris","lesnod1","Charadriiformes","Laridae (Gulls, Terns, and Skimmers)",NA,NA,NA,NA,"Diurnal","Diurnal","Vertebrate & Carrion","No","No","No","Non-endemic","Wetland","Uncertain",NA,NA,NA,"Lesser Noddy","Anous tenuirostris","Lesser Noddy","Anous tenuirostris","Least Concern","Schedule-II","","",NA,"Lesser Noddy","Anous tenuirostris","avibase-03F9EB15",1,6.43,1,0.071870326,319,"","","",NA,NA,NA,NA,NA,NA,NA,NA,NA,NA,NA,NA,NA,NA,NA,NA,NA,NA,NA,NA,NA,NA,NA,NA,NA,NA,NA,NA,NA,NA,NA,NA,NA,NA,NA,NA,NA,NA,NA,NA,NA,NA,NA,NA,NA,NA,NA,NA,NA,NA
"Black Noddy","Anous minutus","blknod","Charadriiformes","Laridae (Gulls, Terns, and Skimmers)",NA,NA,NA,NA,"24 hour","Diurnal","Vertebrate & Carrion","No","No","No","Non-endemic","Wetland","Uncertain",NA,1,NA,"Black Noddy","Anous minutus","Black Noddy","Anous minutus","Least Concern","Schedule-II","","Appendix II",NA,"Black Noddy","Anous minutus","avibase-C67DCF31",NA,8.63,1,NA,320,"","","",NA,NA,NA,NA,NA,NA,NA,NA,NA,NA,NA,NA,NA,NA,NA,NA,NA,NA,NA,NA,NA,NA,NA,NA,NA,NA,NA,NA,NA,NA,NA,NA,NA,NA,NA,NA,NA,NA,NA,NA,NA,NA,NA,NA,NA,NA,NA,NA,NA,NA
"Sooty Tern","Onychoprion fuscatus","sooter1","Charadriiformes","Laridae (Gulls, Terns, and Skimmers)",NA,NA,NA,NA,"24 hour","24 hour","Vertebrate & Carrion","No","No","No","Non-endemic","Wetland","Resident & Winter Migrant",NA,NA,NA,"Sooty Tern","Onychoprion fuscatus","Sooty Tern","Onychoprion fuscatus","Least Concern","Schedule-II","","",NA,"Sooty Tern","Onychoprion fuscatus","avibase-3E7F825D",1,11.44,1,0.014582308,321,"","","",NA,NA,NA,NA,NA,NA,NA,NA,NA,NA,NA,NA,NA,NA,NA,NA,NA,NA,NA,NA,NA,NA,NA,NA,NA,NA,NA,NA,NA,NA,NA,NA,NA,NA,NA,NA,NA,NA,NA,NA,NA,NA,NA,NA,NA,NA,NA,NA,NA,NA
"Bridled Tern","Onychoprion anaethetus","briter1","Charadriiformes","Laridae (Gulls, Terns, and Skimmers)",NA,NA,NA,NA,"24 hour","24 hour","Vertebrate & Carrion","No","No","No","Non-endemic","Wetland","Resident & Winter Migrant",NA,NA,NA,"Bridled Tern","Onychoprion anaethetus","Bridled Tern","Onychoprion anaethetus","Least Concern","Schedule-II","","",NA,"Bridled Tern","Onychoprion anaethetus","avibase-E6518B9D",1,10.01,1,0.02866614,322,"","","",2,NA,0.666666666666667,1,18.5,2.94,NA,NA,NA,NA,NA,NA,NA,NA,NA,NA,NA,NA,NA,NA,NA,NA,NA,NA,NA,NA,NA,NA,NA,NA,NA,NA,NA,NA,NA,NA,NA,NA,NA,NA,NA,NA,NA,NA,NA,NA,NA,NA,NA,NA
"Little Tern","Sternula albifrons","litter1","Charadriiformes","Laridae (Gulls, Terns, and Skimmers)",NA,NA,NA,NA,"Diurnal","Diurnal","Vertebrate & Carrion","No","No","No","Non-endemic","Wetland","Winter Migrant & Localized Summer Migrant",NA,NA,NA,"Little Tern","Sternula albifrons","Little Tern","Sternula albifrons","Least Concern","Schedule-II","","Appendix II",710,"Little Tern","Sternula albifrons","avibase-17310BF0",1,10.02,2,0.019498148,323,"","","X",50,0.16,0.3825,0.34,14.8,2.03458103795351,NA,NA,NA,NA,NA,NA,NA,NA,NA,NA,NA,NA,NA,NA,NA,NA,NA,NA,NA,NA,NA,NA,NA,NA,NA,NA,NA,NA,NA,NA,NA,NA,NA,25574,25717,25860,"Insufficient Data","Insufficient Data",NA,"Moderate","Insufficient Data","Insufficient Data",NA,"Low"
"Saunders's Tern","Sternula saundersi","sauter2","Charadriiformes","Laridae (Gulls, Terns, and Skimmers)",NA,NA,NA,NA,"Diurnal","Diurnal","Vertebrate & Carrion","No","No","No","Non-endemic","Wetland","Winter Migrant & Localized Summer Migrant",NA,NA,NA,"Saunders's Tern","Sternula saundersi","Saunders's Tern","Sternula saundersi","Least Concern","Schedule-II","","Appendix II",NA,"Saunders's Tern","Sternula saundersi","avibase-4B21F4D8",1,6.93,1,0.002747428,324,"","","",NA,NA,NA,NA,NA,NA,NA,NA,NA,NA,NA,NA,NA,NA,NA,NA,NA,NA,NA,NA,NA,NA,NA,NA,NA,NA,NA,NA,NA,NA,NA,NA,NA,NA,NA,NA,NA,NA,NA,NA,NA,NA,NA,NA,NA,NA,NA,NA,NA,NA
"Gull-billed Tern","Gelochelidon nilotica","gubter2","Charadriiformes","Laridae (Gulls, Terns, and Skimmers)",NA,NA,NA,NA,"Diurnal","Diurnal","Vertebrate & Carrion","No","No","No","Non-endemic","Wetland","Resident & Winter Migrant",NA,NA,NA,"Gull-billed Tern","Gelochelidon nilotica","Common Gull-billed Tern","Gelochelidon nilotica","Least Concern","Schedule-I","","Appendix II",NA,"Gull-billed Tern","Gelochelidon nilotica","avibase-87168739",1,8.51,2,0.01783409,325,"","X","X",81,0.148148148148148,0.410493827160494,0.432098765432099,15.1234567901235,1.5469822317341,58.1644311121569,86.6607636335516,129.320293833342,53.061966893883,83.4553177904982,131.300940379971,48.3382538244162,80.3615344820564,133.529977700699,44.0051715480922,77.362888794236,135.824390244828,40.0405964269939,74.4096162911506,138.297783978073,36.4265394791371,71.6680877485543,140.926716107297,33.0754047111537,68.9562014786626,143.585454575335,30.0577142811751,66.3882975341327,146.260838073987,NA,NA,NA,NA,NA,NA,-13.0653799792167,-5.23171809369646,2.60194379182373,38796,38919,39042,"Insufficient Data","Trend Inconclusive",NA,"Moderate","Insufficient Data","Decline",NA,"Moderate"
"Caspian Tern","Hydroprogne caspia","caster1","Charadriiformes","Laridae (Gulls, Terns, and Skimmers)",NA,NA,NA,NA,"Diurnal","Diurnal","Vertebrate & Carrion","No","No","No","Non-endemic","Wetland","Resident & Winter Migrant",NA,NA,NA,"Caspian Tern","Hydroprogne caspia","Caspian Tern","Hydroprogne caspia","Least Concern","Schedule-II","","Appendix II",710,"Caspian Tern","Hydroprogne caspia","avibase-BC06BC0D",1,11.23,1,0.055138468,326,"","X","X",68,0.235294117647059,0.457720588235294,0.529411764705882,14.5294117647059,1.67991865732943,87.8139338185973,115.419762589637,151.92665975136,83.4626886932915,113.759984938684,155.303779495957,79.1359033869407,112.127613611356,158.806896500366,75.0914918523502,110.475694183024,162.5329645242,71.1725339412061,108.794651258185,166.404056997478,67.5421802900784,107.259334636934,170.316627967972,64.0059845547365,105.693116214073,174.755344496097,60.660264975668,104.142773007949,178.962692131498,NA,NA,NA,NA,NA,NA,-8.01333873815058,-2.33246667110662,3.34840539593733,36476,36601,36726,"Insufficient Data","Trend Inconclusive",NA,"Moderate","Insufficient Data","Trend Inconclusive",NA,"Low"
"Whiskered Tern","Chlidonias hybrida","whiter2","Charadriiformes","Laridae (Gulls, Terns, and Skimmers)",NA,NA,NA,NA,"Diurnal","Diurnal","Vertebrate & Carrion","No","No","No","Non-endemic","Wetland","Winter Migrant & Localized Summer Migrant",NA,NA,NA,"Whiskered Tern","Chlidonias hybrida","Whiskered Tern","Chlidonias hybrida","Least Concern","Schedule-II","","",NA,"Whiskered Tern","Chlidonias hybrida","avibase-7AB4E42B",1,5.45,1,0.086116037,327,"","X","X",161,0.111801242236025,0.477484472049689,0.602484472049689,15.8944099378882,0.919646270453985,71.094957934932,92.9550683809401,121.260727651956,67.0741700822884,90.7748552230503,122.742499368466,63.238643317082,88.769358829327,124.362525855856,59.6453339943204,86.7106885827208,126.13680214236,56.157962711283,84.7582219028425,128.000153922977,52.8561650716958,82.8402162695855,129.927999115055,49.7358081004436,80.9395554954945,131.959245244926,46.7766314932335,79.0982252573762,134.030084803124,NA,NA,NA,NA,NA,NA,-7.11441776068926,-2.75950606902371,1.59540562264184,96515,96592,96669,"Insufficient Data","Trend Inconclusive",NA,"High","Insufficient Data","Decline",NA,"Moderate"
"Black Tern","Chlidonias niger","blkter","Charadriiformes","Laridae (Gulls, Terns, and Skimmers)",NA,NA,NA,NA,"24 hour","Diurnal","Vertebrate & Carrion","No","No","No","Non-endemic","Wetland","Uncertain",NA,1,NA,"Black Tern","Chlidonias niger","Black Tern","Chlidonias niger","Least Concern","Schedule-II","","Appendix II",NA,"Black Tern","Chlidonias niger","avibase-115AF02D",NA,5.37,1,NA,328,"","","",NA,NA,NA,NA,NA,NA,NA,NA,NA,NA,NA,NA,NA,NA,NA,NA,NA,NA,NA,NA,NA,NA,NA,NA,NA,NA,NA,NA,NA,NA,NA,NA,NA,NA,NA,NA,NA,NA,NA,NA,NA,NA,NA,NA,NA,NA,NA,NA,NA,NA
"White-winged Tern","Chlidonias leucopterus","whwter","Charadriiformes","Laridae (Gulls, Terns, and Skimmers)",NA,NA,NA,NA,"Diurnal","24 hour","Invertebrate","No","No","No","Non-endemic","Wetland","Winter Migrant",NA,NA,NA,"White-winged Tern","Chlidonias leucopterus","White-winged Tern","Chlidonias leucopterus","Least Concern","Schedule-II","","Appendix II",NA,"White-winged Tern","Chlidonias leucopterus","avibase-43CAAEE3",1,4.49,1,0.00457385,329,"","","",9,0.444444444444444,0.444444444444444,0.555555555555556,20.2222222222222,2.64938101319656,NA,NA,NA,NA,NA,NA,NA,NA,NA,NA,NA,NA,NA,NA,NA,NA,NA,NA,NA,NA,NA,NA,NA,NA,NA,NA,NA,NA,NA,NA,NA,NA,NA,NA,NA,NA,NA,NA,NA,NA,NA,NA,NA,NA
"River Tern","Sterna aurantia","rivter1","Charadriiformes","Laridae (Gulls, Terns, and Skimmers)",NA,NA,NA,NA,"Diurnal","Diurnal","Omnivore","No","No","No","Non-endemic","Wetland","Resident & Local Migrant",NA,NA,NA,"River Tern","Sterna aurantia","River Tern","Sterna aurantia","Vulnerable","Schedule-I","","",550,"River Tern","Sterna aurantia","avibase-A874F334",1,6.68,1,0.524643816,330,"","X","X",89,0.0786516853932584,0.306179775280899,0.449438202247191,17.9325842696629,1.06619969009568,21.8396801407444,36.7551712764676,61.9680272258381,19.5418575500003,35.2496370111432,63.5528862650013,17.4824523008525,33.854533484394,65.4920034838048,15.6231213025979,32.4840679469873,67.3782501243438,13.958473982906,31.1467733928841,69.5466401253422,12.4472444199082,29.8710707158664,71.6924505783395,11.0915580964244,28.6835613238591,74.0758986466316,9.87653731706684,27.4785534621295,76.499208508639,NA,NA,NA,NA,NA,NA,-6.87908878150012,-2.99903114359183,0.881026494316452,59570,59644,59718,"Insufficient Data","Trend Inconclusive",NA,"Low","Insufficient Data","Trend Inconclusive",NA,"Moderate"
"Arctic Tern","Sterna paradisaea","arcter","Charadriiformes","Laridae (Gulls, Terns, and Skimmers)",NA,NA,NA,NA,"24 hour","Diurnal","Vertebrate & Carrion","No","No","No","Non-endemic","Wetland","Uncertain",NA,1,NA,"Arctic Tern","Sterna paradisaea","Arctic Tern","Sterna paradisaea","Least Concern","Schedule-II","","Appendix II",NA,"Arctic Tern","Sterna paradisaea","avibase-BDC5CF80",NA,11.27,1,NA,331,"","","",NA,NA,NA,NA,NA,NA,NA,NA,NA,NA,NA,NA,NA,NA,NA,NA,NA,NA,NA,NA,NA,NA,NA,NA,NA,NA,NA,NA,NA,NA,NA,NA,NA,NA,NA,NA,NA,NA,NA,NA,NA,NA,NA,NA,NA,NA,NA,NA,NA,NA
"Common Tern","Sterna hirundo","comter","Charadriiformes","Laridae (Gulls, Terns, and Skimmers)",NA,NA,NA,NA,"24 hour","Diurnal","Vertebrate & Carrion","No","No","No","Non-endemic","Wetland","Winter Migrant & Localized Summer Migrant",NA,NA,NA,"Common Tern","Sterna hirundo","Common Tern","Sterna hirundo","Least Concern","Schedule-II","","Appendix II",1000,"Common Tern","Sterna hirundo","avibase-4D2FF6F1",1,11.03,3,0.008458986,332,"","","X",36,0.138888888888889,0.368055555555556,0.333333333333333,15.5,2.30261107827131,NA,NA,NA,NA,NA,NA,NA,NA,NA,NA,NA,NA,NA,NA,NA,NA,NA,NA,NA,NA,NA,NA,NA,NA,NA,NA,NA,NA,NA,NA,NA,NA,NA,11572,11572,11572,"Insufficient Data","Insufficient Data",NA,"Moderate","Insufficient Data","Insufficient Data",NA,"Moderate"
"White-cheeked Tern","Sterna repressa","whcter1","Charadriiformes","Laridae (Gulls, Terns, and Skimmers)",NA,NA,NA,NA,"Diurnal","Diurnal","Vertebrate & Carrion","No","No","No","Non-endemic","Wetland","Passage Migrant",NA,NA,NA,"White-cheeked Tern","Sterna repressa","White-cheeked Tern","Sterna repressa","Least Concern","Schedule-II","","Appendix II",NA,"White-cheeked Tern","Sterna repressa","avibase-CF5C013D",NA,8.24,1,0.275780287,333,"","","",NA,NA,NA,NA,NA,NA,NA,NA,NA,NA,NA,NA,NA,NA,NA,NA,NA,NA,NA,NA,NA,NA,NA,NA,NA,NA,NA,NA,NA,NA,NA,NA,NA,NA,NA,NA,NA,NA,NA,NA,NA,NA,NA,NA,NA,NA,NA,NA,NA,NA
"Black-naped Tern","Sterna sumatrana","blnter1","Charadriiformes","Laridae (Gulls, Terns, and Skimmers)",NA,NA,NA,NA,"Diurnal","Diurnal","Vertebrate & Carrion","No","No","No","Non-endemic","Wetland","Resident",NA,NA,1,"Black-naped Tern","Sterna sumatrana","Black-naped Tern","Sterna sumatrana","Least Concern","Schedule-II","","",NA,"Black-naped Tern","Sterna sumatrana","avibase-9D6704AC",1,8.95,2,0.021420525,334,"","","",NA,NA,NA,NA,NA,NA,NA,NA,NA,NA,NA,NA,NA,NA,NA,NA,NA,NA,NA,NA,NA,NA,NA,NA,NA,NA,NA,NA,NA,NA,NA,NA,NA,NA,NA,NA,NA,NA,NA,NA,NA,NA,NA,NA,NA,NA,NA,NA,NA,NA
"Roseate Tern","Sterna dougallii","roster","Charadriiformes","Laridae (Gulls, Terns, and Skimmers)",NA,NA,NA,NA,"Diurnal","Diurnal","Vertebrate & Carrion","No","No","No","Non-endemic","Wetland","Resident & Summer Migrant",NA,NA,NA,"Roseate Tern","Sterna dougallii","Roseate Tern","Sterna dougallii","Least Concern","Schedule-II","","",100,"Roseate Tern","Sterna dougallii","avibase-74236837",1,8.86,2,0.015188034,335,"","","",NA,NA,NA,NA,NA,NA,NA,NA,NA,NA,NA,NA,NA,NA,NA,NA,NA,NA,NA,NA,NA,NA,NA,NA,NA,NA,NA,NA,NA,NA,NA,NA,NA,NA,NA,NA,NA,NA,NA,NA,NA,NA,NA,NA,NA,NA,NA,NA,NA,NA
"Black-bellied Tern","Sterna acuticauda","blbter1","Charadriiformes","Laridae (Gulls, Terns, and Skimmers)",NA,NA,NA,NA,"Diurnal","Diurnal","Vertebrate & Carrion","No","No","No","Non-endemic","Wetland","Resident & Local Migrant",1,NA,NA,"Black-bellied Tern","Sterna acuticauda","Black-bellied Tern","Sterna acuticauda","Endangered","Schedule-I","","",250,"Black-bellied Tern","Sterna acuticauda","avibase-807E1277",1,6.56,1,0.708186801,336,"","","X",4,0.25,0.333333333333333,0.25,18.75,5.14694407715232,NA,NA,NA,NA,NA,NA,NA,NA,NA,NA,NA,NA,NA,NA,NA,NA,NA,NA,NA,NA,NA,NA,NA,NA,NA,NA,NA,NA,NA,NA,NA,NA,NA,1512,1577,1642,"Insufficient Data","Insufficient Data",NA,"High","Insufficient Data","Insufficient Data",NA,"High"
"Sandwich Tern","Thalasseus sandvicensis","santer1","Charadriiformes","Laridae (Gulls, Terns, and Skimmers)",NA,NA,NA,NA,"Diurnal","Diurnal","Vertebrate & Carrion","No","No","No","Non-endemic","Wetland","Winter Migrant",NA,NA,NA,"Sandwich Tern","Thalasseus sandvicensis","Sandwich Tern","Thalasseus sandvicensis","Least Concern","Schedule-II","","Appendix II",NA,"Sandwich Tern","Thalasseus sandvicensis","avibase-F7504353",1,10.29,1,0.003706348,337,"","","X",5,NA,0.2,NA,15.4,5.49499554139946,NA,NA,NA,NA,NA,NA,NA,NA,NA,NA,NA,NA,NA,NA,NA,NA,NA,NA,NA,NA,NA,NA,NA,NA,NA,NA,NA,NA,NA,NA,NA,NA,NA,1921,1992,2063,"Insufficient Data","Insufficient Data",NA,"Moderate","Insufficient Data","Insufficient Data",NA,"Moderate"
"Lesser Crested Tern","Thalasseus bengalensis","lecter2","Charadriiformes","Laridae (Gulls, Terns, and Skimmers)",NA,NA,NA,NA,"24 hour","24 hour","Vertebrate & Carrion","No","No","No","Non-endemic","Wetland","Resident & Local Migrant",NA,NA,NA,"Lesser Crested Tern","Thalasseus bengalensis","Lesser Crested Tern","Thalasseus bengalensis","Least Concern","Schedule-II","","Appendix II",NA,"Lesser Crested Tern","Thalasseus bengalensis","avibase-D01CDECD",1,10.19,1,0.088417536,338,"","","X",34,0.117647058823529,0.400735294117647,0.382352941176471,12.2352941176471,2.38699580595902,NA,NA,NA,NA,NA,NA,NA,NA,NA,NA,NA,NA,NA,NA,NA,NA,NA,NA,NA,NA,NA,NA,NA,NA,NA,NA,NA,NA,NA,NA,NA,NA,NA,11656,11763,11870,"Insufficient Data","Insufficient Data",NA,"Low","Insufficient Data","Insufficient Data",NA,"Low"
"Great Crested Tern","Thalasseus bergii","grcter1","Charadriiformes","Laridae (Gulls, Terns, and Skimmers)",NA,NA,NA,NA,"24 hour","24 hour","Vertebrate & Carrion","No","No","No","Non-endemic","Wetland","Resident",NA,NA,NA,"Great Crested Tern","Thalasseus bergii","Greater Crested Tern","Thalasseus bergii","Least Concern","Schedule-II","","Appendix II",10000,"Greater Crested Tern","Thalasseus bergii","avibase-526978C4",1,12.13,3,0.001668955,339,"","","X",32,0.15625,0.4375,0.53125,11.90625,2.38489660246214,NA,NA,NA,NA,NA,NA,NA,NA,NA,NA,NA,NA,NA,NA,NA,NA,NA,NA,NA,NA,NA,NA,NA,NA,NA,NA,NA,NA,NA,NA,NA,NA,NA,15410,15536,15662,"Insufficient Data","Insufficient Data",NA,"Low","Insufficient Data","Insufficient Data",NA,"Low"
"Greater Flamingo","Phoenicopterus roseus","grefla3","Phoenicopteriformes","Phoenicopteridae (Flamingos)",NA,NA,NA,NA,"24 hour","24 hour","Omnivore","No","No","No","Non-endemic","Wetland","Within-India Migrant",NA,NA,NA,"Greater Flamingo","Phoenicopterus roseus","Greater Flamingo","Phoenicopterus roseus","Least Concern","Schedule-II","Appendix II","Appendix II",NA,"Greater Flamingo","Phoenicopterus roseus","avibase-0F9B5174",1,14.46,1,0.236636416,340,"","","X",54,0.259259259259259,0.37962962962963,0.481481481481481,15.8148148148148,1.81349945343778,NA,NA,NA,NA,NA,NA,NA,NA,NA,NA,NA,NA,NA,NA,NA,NA,NA,NA,NA,NA,NA,NA,NA,NA,NA,NA,NA,NA,NA,NA,NA,NA,NA,12670,12728,12786,"Insufficient Data","Insufficient Data",NA,"Moderate","Insufficient Data","Insufficient Data",NA,"Low"
"Lesser Flamingo","Phoeniconaias minor","lesfla1","Phoenicopteriformes","Phoenicopteridae (Flamingos)",NA,NA,NA,NA,"24 hour","24 hour","Plant & Seed","No","No","No","Non-endemic","Wetland","Within-India Migrant",NA,NA,NA,"Lesser Flamingo","Phoeniconaias minor","Lesser Flamingo","Phoeniconaias minor","Near Threatened","Schedule-II","Appendix II","Appendix II",3900,"Lesser Flamingo","Phoeniconaias minor","avibase-B06A9079",1,13.4,1,0.033972698,341,"","","X",6,0.5,0.233333333333333,0.166666666666667,15,6.00924620896831,NA,NA,NA,NA,NA,NA,NA,NA,NA,NA,NA,NA,NA,NA,NA,NA,NA,NA,NA,NA,NA,NA,NA,NA,NA,NA,NA,NA,NA,NA,NA,NA,NA,1174,1239,1304,"Insufficient Data","Insufficient Data",NA,"Moderate","Insufficient Data","Insufficient Data",NA,"Moderate"
"Little Grebe","Tachybaptus ruficollis","litgre1","Podicipediformes","Podicipedidae (Grebes)",NA,NA,NA,NA,"24 hour","Diurnal","Invertebrate","No","No","No","Non-endemic","Wetland","Resident",NA,NA,NA,"Little Grebe","Tachybaptus ruficollis","Little Grebe","Tachybaptus ruficollis","Least Concern","Schedule-II","","",10000,"Little Grebe","Tachybaptus ruficollis","avibase-215FEA89",1,4.34,2,0.078456523,342,"X","X","X",220,0.104545454545455,0.586363636363636,0.8,15.7318181818182,0.74768410410349,53.6768250773064,63.6577014076018,75.467115712211,51.3483828141838,62.2754291927287,75.4875749343678,49.0720840188362,60.9246016329584,75.5682993908368,46.8612344278564,59.5820694948957,75.7166708942193,44.7579501544238,58.271434528914,75.8445649311019,42.7408359143777,56.9953617157002,76.0055320949204,40.7854267057712,55.7679747488298,76.1357405870634,38.9297079865128,54.5824308045379,76.2977881809597,NA,NA,NA,-23.1918795961522,-5.9844114939265,19.64618451553,-5.78129349568257,-2.6740967189607,0.433100057761165,135778,135792,135806,"Stable","Trend Inconclusive",NA,"Moderate","Increase","Trend Inconclusive",NA,"Low"
"Horned Grebe","Podiceps auritus","horgre","Podicipediformes","Podicipedidae (Grebes)",NA,NA,NA,NA,"Diurnal","24 hour","Vertebrate & Carrion","No","No","No","Non-endemic","Wetland","Uncertain",NA,1,NA,"Horned Grebe","Podiceps auritus","Horned Grebe","Podiceps auritus","Vulnerable","Schedule-II","","Appendix II",NA,"Horned Grebe","Podiceps auritus","avibase-018B3169",NA,5.24,1,NA,343,"","","",NA,NA,NA,NA,NA,NA,NA,NA,NA,NA,NA,NA,NA,NA,NA,NA,NA,NA,NA,NA,NA,NA,NA,NA,NA,NA,NA,NA,NA,NA,NA,NA,NA,NA,NA,NA,NA,NA,NA,NA,NA,NA,NA,NA,NA,NA,NA,NA,NA,NA
"Red-necked Grebe","Podiceps grisegena","rengre","Podicipediformes","Podicipedidae (Grebes)",NA,NA,NA,NA,"24 hour","24 hour","Omnivore","No","No","No","Non-endemic","Wetland","Uncertain",NA,1,NA,"Red-necked Grebe","Podiceps grisegena","Red-necked Grebe","Podiceps grisegena","Least Concern","Schedule-II","","Appendix II",NA,"Red-necked Grebe","Podiceps grisegena","avibase-1CBD2CED",NA,5.86,1,0.003273549,344,"","","",NA,NA,NA,NA,NA,NA,NA,NA,NA,NA,NA,NA,NA,NA,NA,NA,NA,NA,NA,NA,NA,NA,NA,NA,NA,NA,NA,NA,NA,NA,NA,NA,NA,NA,NA,NA,NA,NA,NA,NA,NA,NA,NA,NA,NA,NA,NA,NA,NA,NA
"Great Crested Grebe","Podiceps cristatus","grcgre1","Podicipediformes","Podicipedidae (Grebes)",NA,NA,NA,NA,"Diurnal","24 hour","Vertebrate & Carrion","No","No","No","Non-endemic","Wetland","Resident & Winter Migrant",NA,NA,NA,"Great Crested Grebe","Podiceps cristatus","Great Crested Grebe","Podiceps cristatus","Least Concern","Schedule-II","","",250,"Great Crested Grebe","Podiceps cristatus","avibase-8F269702",1,5.06,1,0.040156282,345,"","","",NA,NA,NA,NA,NA,NA,NA,NA,NA,NA,NA,NA,NA,NA,NA,NA,NA,NA,NA,NA,NA,NA,NA,NA,NA,NA,NA,NA,NA,NA,NA,NA,NA,NA,NA,NA,NA,NA,NA,NA,NA,NA,NA,NA,NA,"Moderate",NA,NA,NA,NA
"Eared Grebe","Podiceps nigricollis","eargre","Podicipediformes","Podicipedidae (Grebes)",NA,NA,NA,NA,"24 hour","24 hour","Invertebrate","No","No","No","Non-endemic","Wetland","Winter Migrant & Localized Summer Migrant",NA,NA,NA,"Black-necked Grebe","Podiceps nigricollis","Black-necked Grebe","Podiceps nigricollis","Least Concern","Schedule-II","","",NA,"Black-necked Grebe","Podiceps nigricollis","avibase-32DCEC14",1,5.24,1,0.002523776,346,"","","",NA,NA,NA,NA,NA,NA,NA,NA,NA,NA,NA,NA,NA,NA,NA,NA,NA,NA,NA,NA,NA,NA,NA,NA,NA,NA,NA,NA,NA,NA,NA,NA,NA,NA,NA,NA,NA,NA,NA,NA,NA,NA,NA,NA,NA,NA,NA,NA,NA,NA
"White-tailed Tropicbird","Phaethon lepturus","whttro","Phaethontiformes","Phaethontidae (Tropicbirds)",NA,NA,NA,NA,"Diurnal","Diurnal","Vertebrate & Carrion","No","No","No","Non-endemic","Wetland","Resident",NA,1,NA,"White-tailed Tropicbird","Phaethon lepturus","White-tailed Tropicbird","Phaethon lepturus","Least Concern","Schedule-II","","",NA,"White-tailed Tropicbird","Phaethon lepturus","avibase-1D07B501",1,9.31,2,0.010486112,347,"","","",NA,NA,NA,NA,NA,NA,NA,NA,NA,NA,NA,NA,NA,NA,NA,NA,NA,NA,NA,NA,NA,NA,NA,NA,NA,NA,NA,NA,NA,NA,NA,NA,NA,NA,NA,NA,NA,NA,NA,NA,NA,NA,NA,NA,NA,NA,NA,NA,NA,NA
"Red-billed Tropicbird","Phaethon aethereus","rebtro","Phaethontiformes","Phaethontidae (Tropicbirds)",NA,NA,NA,NA,"Diurnal","Diurnal","Vertebrate & Carrion","No","No","No","Non-endemic","Wetland","Winter Migrant",NA,1,NA,"Red-billed Tropicbird","Phaethon aethereus","Red-billed Tropicbird","Phaethon aethereus","Least Concern","Schedule-II","","",NA,"Red-billed Tropicbird","Phaethon aethereus","avibase-7EE005BD",1,10.94,1,0.0045809,348,"","","",NA,NA,NA,NA,NA,NA,NA,NA,NA,NA,NA,NA,NA,NA,NA,NA,NA,NA,NA,NA,NA,NA,NA,NA,NA,NA,NA,NA,NA,NA,NA,NA,NA,NA,NA,NA,NA,NA,NA,NA,NA,NA,NA,NA,NA,NA,NA,NA,NA,NA
"Red-tailed Tropicbird","Phaethon rubricauda","rettro","Phaethontiformes","Phaethontidae (Tropicbirds)",NA,NA,NA,NA,"Diurnal","Diurnal","Vertebrate & Carrion","No","No","No","Non-endemic","Wetland","Resident",NA,1,NA,"Red-tailed Tropicbird","Phaethon rubricauda","Red-tailed Tropicbird","Phaethon rubricauda","Least Concern","Schedule-II","","",NA,"Red-tailed Tropicbird","Phaethon rubricauda","avibase-C412CD62",NA,9.94,1,0.022458032,349,"","","",NA,NA,NA,NA,NA,NA,NA,NA,NA,NA,NA,NA,NA,NA,NA,NA,NA,NA,NA,NA,NA,NA,NA,NA,NA,NA,NA,NA,NA,NA,NA,NA,NA,NA,NA,NA,NA,NA,NA,NA,NA,NA,NA,NA,NA,NA,NA,NA,NA,NA
"Red-throated Loon","Gavia stellata","retloo","Gaviiformes","Gaviidae (Loons)",NA,NA,NA,NA,"Diurnal","Diurnal","Vertebrate & Carrion","No","No","No","Non-endemic","Wetland","Uncertain",NA,1,NA,"Red-throated Diver","Gavia stellata","Red-throated Loon","Gavia stellata","Least Concern","Schedule-II","","Appendix II",NA,"Red-throated Loon","Gavia stellata","avibase-6C50988A",NA,8.75,1,NA,350,"","","",NA,NA,NA,NA,NA,NA,NA,NA,NA,NA,NA,NA,NA,NA,NA,NA,NA,NA,NA,NA,NA,NA,NA,NA,NA,NA,NA,NA,NA,NA,NA,NA,NA,NA,NA,NA,NA,NA,NA,NA,NA,NA,NA,NA,NA,NA,NA,NA,NA,NA
"Arctic Loon","Gavia arctica","arcloo","Gaviiformes","Gaviidae (Loons)",NA,NA,NA,NA,"24 hour","Diurnal","Vertebrate & Carrion","No","No","No","Non-endemic","Wetland","Uncertain",NA,1,NA,"Black-throated Diver","Gavia arctica","Arctic Loon","Gavia arctica","Least Concern","Schedule-II","","Appendix II",NA,"Black-throated Loon","Gavia arctica","avibase-CA5852BE",NA,9.72,1,NA,351,"","","",NA,NA,NA,NA,NA,NA,NA,NA,NA,NA,NA,NA,NA,NA,NA,NA,NA,NA,NA,NA,NA,NA,NA,NA,NA,NA,NA,NA,NA,NA,NA,NA,NA,NA,NA,NA,NA,NA,NA,NA,NA,NA,NA,NA,NA,NA,NA,NA,NA,NA
"Light-mantled Albatross","Phoebetria palpebrata","limalb1","Procellariiformes","Diomedeidae (Albatrosses)",NA,NA,NA,NA,"Diurnal","Diurnal","Vertebrate & Carrion","No","No","No","Non-endemic","Wetland","Uncertain",NA,1,NA,"Light-mantled Albatross","Phoebetria palpebrata","Light-mantled Albatross","Phoebetria palpebrata","Near Threatened","Recent addition","","Appendix II",NA,"Light-mantled Albatross","Phoebetria palpebrata","avibase-1819ECCE",NA,21.94,1,NA,352,"","","",NA,NA,NA,NA,NA,NA,NA,NA,NA,NA,NA,NA,NA,NA,NA,NA,NA,NA,NA,NA,NA,NA,NA,NA,NA,NA,NA,NA,NA,NA,NA,NA,NA,NA,NA,NA,NA,NA,NA,NA,NA,NA,NA,NA,NA,NA,NA,NA,NA,NA
"Wilson's Storm-Petrel","Oceanites oceanicus","wispet","Procellariiformes","Oceanitidae (Southern Storm-Petrels)",NA,NA,NA,NA,"24 hour","Diurnal","Invertebrate","No","No","No","Non-endemic","Wetland","Summer Migrant",NA,NA,NA,"Wilson's Storm-Petrel","Oceanites oceanicus","Wilson's Storm-petrel","Oceanites oceanicus","Least Concern","Schedule-II","","",NA,"Wilson's Storm Petrel","Oceanites oceanicus","avibase-D295D249",1,10.58,1,0.022804663,353,"","","",NA,NA,NA,NA,NA,NA,NA,NA,NA,NA,NA,NA,NA,NA,NA,NA,NA,NA,NA,NA,NA,NA,NA,NA,NA,NA,NA,NA,NA,NA,NA,NA,NA,NA,NA,NA,NA,NA,NA,NA,NA,NA,NA,NA,NA,NA,NA,NA,NA,NA
"White-faced Storm-Petrel","Pelagodroma marina","wfspet","Procellariiformes","Oceanitidae (Southern Storm-Petrels)",NA,NA,NA,NA,"24 hour","Diurnal","Invertebrate","No","No","No","Non-endemic","Wetland","Summer Migrant",NA,1,NA,"White-faced Storm-Petrel","Pelagodroma marina","White-faced Storm-petrel","Pelagodroma marina","Least Concern","Schedule-II","","",NA,"White-faced Storm Petrel","Pelagodroma marina","avibase-E9DF118E",NA,6.73,1,0.025095582,354,"","","",NA,NA,NA,NA,NA,NA,NA,NA,NA,NA,NA,NA,NA,NA,NA,NA,NA,NA,NA,NA,NA,NA,NA,NA,NA,NA,NA,NA,NA,NA,NA,NA,NA,NA,NA,NA,NA,NA,NA,NA,NA,NA,NA,NA,NA,NA,NA,NA,NA,NA
"Black-bellied Storm-Petrel","Fregetta tropica","bbspet1","Procellariiformes","Oceanitidae (Southern Storm-Petrels)",NA,NA,NA,NA,"24 hour","Diurnal","Omnivore","No","No","No","Non-endemic","Wetland","Uncertain",NA,1,NA,"Black-bellied Storm-Petrel","Fregetta tropica","Black-bellied Storm-petrel","Fregetta tropica","Least Concern","Schedule-II","","",NA,"Black-bellied Storm Petrel","Fregetta tropica","avibase-ACE8EADE",NA,6.36,1,0.03564806,355,"","","",NA,NA,NA,NA,NA,NA,NA,NA,NA,NA,NA,NA,NA,NA,NA,NA,NA,NA,NA,NA,NA,NA,NA,NA,NA,NA,NA,NA,NA,NA,NA,NA,NA,NA,NA,NA,NA,NA,NA,NA,NA,NA,NA,NA,NA,NA,NA,NA,NA,NA
"Swinhoe's Storm-Petrel","Hydrobates monorhis","swspet","Procellariiformes","Hydrobatidae (Northern Storm-Petrels)",NA,NA,NA,NA,"24 hour","Diurnal","Invertebrate","No","No","No","Non-endemic","Wetland","Winter Migrant",NA,NA,NA,"Swinhoe's Storm-Petrel","Hydrobates monorhis","Swinhoe's Storm-petrel","Hydrobates monorhis","Near Threatened","Schedule-II","","",NA,"Swinhoe's Storm Petrel","Hydrobates monorhis","avibase-80DE8670",1,11.05,1,0.162809966,356,"","","",NA,NA,NA,NA,NA,NA,NA,NA,NA,NA,NA,NA,NA,NA,NA,NA,NA,NA,NA,NA,NA,NA,NA,NA,NA,NA,NA,NA,NA,NA,NA,NA,NA,NA,NA,NA,NA,NA,NA,NA,NA,NA,NA,NA,NA,NA,NA,NA,NA,NA
"Barau's Petrel","Pterodroma baraui","barpet1","Procellariiformes","Procellariidae (Shearwaters and Petrels)",NA,NA,NA,NA,"24 hour","Diurnal","Invertebrate","No","No","No","Non-endemic","Wetland","Uncertain",NA,1,NA,"Barau's Petrel","Pterodroma baraui","Barau's Petrel","Pterodroma baraui","Endangered","Schedule-II","","",NA,"Barau's Petrel","Pterodroma baraui","avibase-D956176F",NA,13.34,1,0.001631429,357,"","","",NA,NA,NA,NA,NA,NA,NA,NA,NA,NA,NA,NA,NA,NA,NA,NA,NA,NA,NA,NA,NA,NA,NA,NA,NA,NA,NA,NA,NA,NA,NA,NA,NA,NA,NA,NA,NA,NA,NA,NA,NA,NA,NA,NA,NA,NA,NA,NA,NA,NA
"Jouanin's Petrel","Bulweria fallax","joupet","Procellariiformes","Procellariidae (Shearwaters and Petrels)",NA,NA,NA,NA,"24 hour","Diurnal","Omnivore","No","No","No","Non-endemic","Wetland","Uncertain",NA,NA,NA,"Jouanin's Petrel","Bulweria fallax","Jouanin's Petrel","Bulweria fallax","Near Threatened","Schedule-II","","",NA,"Jouanin's Petrel","Bulweria fallax","avibase-F501ED18",1,11.92,1,0.102026749,358,"","","",NA,NA,NA,NA,NA,NA,NA,NA,NA,NA,NA,NA,NA,NA,NA,NA,NA,NA,NA,NA,NA,NA,NA,NA,NA,NA,NA,NA,NA,NA,NA,NA,NA,NA,NA,NA,NA,NA,NA,NA,NA,NA,NA,NA,NA,NA,NA,NA,NA,NA
"Streaked Shearwater","Calonectris leucomelas","strshe","Procellariiformes","Procellariidae (Shearwaters and Petrels)",NA,NA,NA,NA,"24 hour","Diurnal","Omnivore","No","No","No","Non-endemic","Wetland","Winter Migrant",NA,NA,NA,"Streaked Shearwater","Calonectris leucomelas","Streaked Shearwater","Calonectris leucomelas","Near Threatened","Schedule-II","","",NA,"Streaked Shearwater","Calonectris leucomelas","avibase-13B165A3",NA,16.91,1,NA,359,"","","",NA,NA,NA,NA,NA,NA,NA,NA,NA,NA,NA,NA,NA,NA,NA,NA,NA,NA,NA,NA,NA,NA,NA,NA,NA,NA,NA,NA,NA,NA,NA,NA,NA,NA,NA,NA,NA,NA,NA,NA,NA,NA,NA,NA,NA,NA,NA,NA,NA,NA
"Cory's Shearwater","Calonectris borealis","corshe1","Procellariiformes","Procellariidae (Shearwaters and Petrels)",NA,NA,NA,NA,"24 hour","Diurnal","Vertebrate & Carrion","No","No","No","Non-endemic","Wetland","Uncertain",NA,1,NA,"Cory's Shearwater","Calonectris borealis","Cory's Shearwater","Calonectris borealis","Least Concern","Schedule-II","","",NA,"Cory's Shearwater","Calonectris borealis","avibase-710BB4E6",NA,14.99,1,NA,360,"","","",NA,NA,NA,NA,NA,NA,NA,NA,NA,NA,NA,NA,NA,NA,NA,NA,NA,NA,NA,NA,NA,NA,NA,NA,NA,NA,NA,NA,NA,NA,NA,NA,NA,NA,NA,NA,NA,NA,NA,NA,NA,NA,NA,NA,NA,NA,NA,NA,NA,NA
"Flesh-footed Shearwater","Ardenna carneipes","flfshe","Procellariiformes","Procellariidae (Shearwaters and Petrels)",NA,NA,NA,NA,"24 hour","Diurnal","Omnivore","No","No","No","Non-endemic","Wetland","Summer Migrant",NA,NA,NA,"Flesh-footed Shearwater","Ardenna carneipes","Flesh-footed Shearwater","Ardenna carneipes","Near Threatened","Schedule-II","","",NA,"Flesh-footed Shearwater","Ardenna carneipes","avibase-08F22F84",1,15.09,1,0.024451461,361,"","","",1,NA,1,NA,5,NA,NA,NA,NA,NA,NA,NA,NA,NA,NA,NA,NA,NA,NA,NA,NA,NA,NA,NA,NA,NA,NA,NA,NA,NA,NA,NA,NA,NA,NA,NA,NA,NA,NA,NA,NA,NA,NA,NA,NA,NA,NA,NA,NA,NA
"Wedge-tailed Shearwater","Ardenna pacifica","wetshe","Procellariiformes","Procellariidae (Shearwaters and Petrels)",NA,NA,NA,NA,"24 hour","Diurnal","Omnivore","No","No","No","Non-endemic","Wetland","Summer Migrant",NA,NA,NA,"Wedge-tailed Shearwater","Ardenna pacifica","Wedge-tailed Shearwater","Ardenna pacifica","Least Concern","Schedule-II","","",NA,"Wedge-tailed Shearwater","Ardenna pacifica","avibase-E94A7272",NA,12.66,1,0.030919157,362,"","","",NA,NA,NA,NA,NA,NA,NA,NA,NA,NA,NA,NA,NA,NA,NA,NA,NA,NA,NA,NA,NA,NA,NA,NA,NA,NA,NA,NA,NA,NA,NA,NA,NA,NA,NA,NA,NA,NA,NA,NA,NA,NA,NA,NA,NA,NA,NA,NA,NA,NA
"Sooty Shearwater","Ardenna grisea","sooshe","Procellariiformes","Procellariidae (Shearwaters and Petrels)",NA,NA,NA,NA,"24 hour","Diurnal","Omnivore","No","No","No","Non-endemic","Wetland","Summer Migrant",NA,NA,NA,"Sooty Shearwater","Ardenna grisea","Sooty Shearwater","Ardenna grisea","Near Threatened","Recent addition","","",NA,"Sooty Shearwater","Ardenna grisea","avibase-1725B07D",NA,16.78,1,NA,363,"","","",NA,NA,NA,NA,NA,NA,NA,NA,NA,NA,NA,NA,NA,NA,NA,NA,NA,NA,NA,NA,NA,NA,NA,NA,NA,NA,NA,NA,NA,NA,NA,NA,NA,NA,NA,NA,NA,NA,NA,NA,NA,NA,NA,NA,NA,NA,NA,NA,NA,NA
"Short-tailed Shearwater","Ardenna tenuirostris","shtshe","Procellariiformes","Procellariidae (Shearwaters and Petrels)",NA,NA,NA,NA,"24 hour","Diurnal","Omnivore","No","No","No","Non-endemic","Wetland","Summer Migrant",NA,NA,NA,"Short-tailed Shearwater","Ardenna tenuirostris","Short-tailed Shearwater","Ardenna tenuirostris","Least Concern","Schedule-II","","",NA,"Short-tailed Shearwater","Ardenna tenuirostris","avibase-60825BF6",NA,20.34,1,NA,364,"","","",NA,NA,NA,NA,NA,NA,NA,NA,NA,NA,NA,NA,NA,NA,NA,NA,NA,NA,NA,NA,NA,NA,NA,NA,NA,NA,NA,NA,NA,NA,NA,NA,NA,NA,NA,NA,NA,NA,NA,NA,NA,NA,NA,NA,NA,NA,NA,NA,NA,NA
"Tropical Shearwater","Puffinus bailloni","troshe5","Procellariiformes","Procellariidae (Shearwaters and Petrels)",NA,NA,NA,NA,"24 hour","Diurnal","Omnivore","No","No","No","Non-endemic","Wetland","Uncertain",NA,1,NA,"Tropical Shearwater","Puffinus bailloni","Tropical Shearwater","Puffinus bailloni","Least Concern","Schedule-II","","",NA,"Tropical Shearwater","Puffinus bailloni","avibase-6DA05B66",NA,11.85,1,0.006031788,365,"","","",NA,NA,NA,NA,NA,NA,NA,NA,NA,NA,NA,NA,NA,NA,NA,NA,NA,NA,NA,NA,NA,NA,NA,NA,NA,NA,NA,NA,NA,NA,NA,NA,NA,NA,NA,NA,NA,NA,NA,NA,NA,NA,NA,NA,NA,NA,NA,NA,NA,NA
"Persian Shearwater","Puffinus persicus","pershe1","Procellariiformes","Procellariidae (Shearwaters and Petrels)",NA,NA,NA,NA,"24 hour","Diurnal","Omnivore","No","No","No","Non-endemic","Wetland","Winter Migrant",NA,NA,NA,"Persian Shearwater","Puffinus persicus","Persian Shearwater","Puffinus persicus","Least Concern","Schedule-II","","",NA,"Persian Shearwater","Puffinus persicus","avibase-198120BB",1,11.63,1,0.007159134,366,"","","",NA,NA,NA,NA,NA,NA,NA,NA,NA,NA,NA,NA,NA,NA,NA,NA,NA,NA,NA,NA,NA,NA,NA,NA,NA,NA,NA,NA,NA,NA,NA,NA,NA,NA,NA,NA,NA,NA,NA,NA,NA,NA,NA,NA,NA,NA,NA,NA,NA,NA
"Asian Openbill","Anastomus oscitans","asiope1","Ciconiiformes","Ciconiidae (Storks)",NA,NA,NA,NA,"Diurnal","Diurnal","Invertebrate","No","No","No","Non-endemic","Wetland","Resident",NA,NA,NA,"Asian Openbill","Anastomus oscitans","Asian Openbill","Anastomus oscitans","Least Concern","Schedule-II","","",3000,"Asian Openbill","Anastomus oscitans","avibase-0DF27D63",1,6.84,1,0.476598873,367,"","X","X",213,0.0610328638497653,0.559272300469484,0.751173708920188,15.4084507042254,0.779238368786026,90.1513588703145,106.154303158954,125.011977603131,89.9759343583761,108.25056230399,130.323290909782,89.718184146524,110.398669036332,135.870982138324,89.4080786897025,112.612353472544,141.69566347315,89.117728604981,114.801384992909,147.810680005571,88.7621986457992,117.060073102737,154.246220931936,88.4177913728518,119.361603798217,161.047812014424,88.0974089295339,121.669016975133,168.083572640988,NA,NA,NA,NA,NA,NA,-0.321414314863449,1.95863481880371,4.23868395247086,133965,133976,133987,"Insufficient Data","Stable",NA,"Low","Insufficient Data","Stable",NA,"Low"
"African Openbill","Anastomus lamelligerus","afrope1","Ciconiiformes","Ciconiidae (Storks)",NA,NA,NA,NA,"Diurnal","Diurnal","Invertebrate","No","No","No","Non-endemic","Wetland","Uncertain",NA,NA,NA,"African Openbill","Anastomus lamelligerus","African Openbill","Anastomus lamelligerus","Least Concern","Recent addition","","",NA,"African Openbill","Anastomus lamelligerus","avibase-0F14ECE4",NA,6.81,1,NA,368,"","","",NA,NA,NA,NA,NA,NA,NA,NA,NA,NA,NA,NA,NA,NA,NA,NA,NA,NA,NA,NA,NA,NA,NA,NA,NA,NA,NA,NA,NA,NA,NA,NA,NA,NA,NA,NA,NA,NA,NA,NA,NA,NA,NA,NA,NA,NA,NA,NA,NA,NA
"Black Stork","Ciconia nigra","blasto1","Ciconiiformes","Ciconiidae (Storks)",NA,NA,NA,NA,"Diurnal","Diurnal","Vertebrate & Carrion","No","No","No","Non-endemic","Wetland","Winter Migrant",NA,NA,NA,"Black Stork","Ciconia nigra","Black Stork","Ciconia nigra","Least Concern","Schedule-II","Appendix II","Appendix II",100,"Black Stork","Ciconia nigra","avibase-E2817DAE",1,12.75,1,0.02968384,369,"","","X",8,NA,0.1875,0.125,19.125,4.51282893537967,NA,NA,NA,NA,NA,NA,NA,NA,NA,NA,NA,NA,NA,NA,NA,NA,NA,NA,NA,NA,NA,NA,NA,NA,NA,NA,NA,NA,NA,NA,NA,NA,NA,3662,3662,3662,"Insufficient Data","Insufficient Data",NA,"Moderate","Insufficient Data","Insufficient Data",NA,"Low"
"Asian Woolly-necked Stork","Ciconia episcopus","wonsto1","Ciconiiformes","Ciconiidae (Storks)",NA,NA,NA,NA,"Diurnal","Diurnal","Vertebrate & Carrion","No","No","No","Non-endemic","Open Habitat","Resident",NA,NA,NA,"Asian Woolly-necked Stork","Ciconia episcopus","Asian Woollyneck","Ciconia episcopus","Near Threatened","Schedule-II","","",250,"Asian Woolly-necked Stork","Ciconia episcopus","avibase-F76E7B80",1,9.78,1,0.592137268,370,"","X","X",107,0.0280373831775701,0.308411214953271,0.383177570093458,17.4299065420561,1.14581815646685,92.3862960362218,152.045476214096,248.777587882376,88.3960456979323,155.189250361644,271.285272201727,84.4321681723637,158.479922781782,295.595959085357,80.5955035960759,161.903222765903,323.208956695079,76.8578319445298,164.935461403428,353.048565477458,72.9521149302518,168.373984752435,386.034080193329,69.4287942375864,171.869204275043,422.160569622872,66.0273579159815,175.377146622497,462.839344503544,NA,NA,NA,NA,NA,NA,-7.22643042271226,2.89357367042248,13.0135777635572,92579,92579,92579,"Insufficient Data","Trend Inconclusive",NA,"Low","Insufficient Data","Decline",NA,"Moderate"
"White Stork","Ciconia ciconia","whisto1","Ciconiiformes","Ciconiidae (Storks)",NA,NA,NA,NA,"24 hour","24 hour","Vertebrate & Carrion","No","No","No","Non-endemic","Wetland","Winter Migrant",NA,NA,NA,"White Stork","Ciconia ciconia","White Stork","Ciconia ciconia","Least Concern","Schedule-I","","Appendix II",NA,"White Stork","Ciconia ciconia","avibase-28825494",1,13.09,2,0.022634998,371,"","","",10,0.3,0.1,0.1,19.4,3.39733333333333,NA,NA,NA,NA,NA,NA,NA,NA,NA,NA,NA,NA,NA,NA,NA,NA,NA,NA,NA,NA,NA,NA,NA,NA,NA,NA,NA,NA,NA,NA,NA,NA,NA,NA,NA,NA,NA,NA,NA,NA,NA,NA,NA,NA
"Black-necked Stork","Ephippiorhynchus asiaticus","blnsto1","Ciconiiformes","Ciconiidae (Storks)",NA,NA,NA,NA,"24 hour","24 hour","Vertebrate & Carrion","No","No","No","Non-endemic","Wetland","Resident",NA,NA,NA,"Black-necked Stork","Ephippiorhynchus asiaticus","Black-necked Stork","Ephippiorhynchus asiaticus","Least Concern","Schedule-II","","",10,"Black-necked Stork","Ephippiorhynchus asiaticus","avibase-27A758E6",1,10.33,1,0.236812468,372,"","","",NA,NA,NA,NA,NA,NA,NA,NA,NA,NA,NA,NA,NA,NA,NA,NA,NA,NA,NA,NA,NA,NA,NA,NA,NA,NA,NA,NA,NA,NA,NA,NA,NA,NA,NA,NA,NA,NA,NA,NA,NA,NA,NA,NA,NA,"Low",NA,NA,NA,NA
"Lesser Adjutant","Leptoptilos javanicus","lesadj1","Ciconiiformes","Ciconiidae (Storks)",NA,NA,NA,NA,"Diurnal","Diurnal","Vertebrate & Carrion","No","No","No","Non-endemic","Wetland","Resident & Local Migrant",NA,NA,NA,"Lesser Adjutant","Leptoptilos javanicus","Lesser Adjutant","Leptoptilos javanicus","Near Threatened","Schedule-I","","",50,"Lesser Adjutant","Leptoptilos javanicus","avibase-74907154",1,11.91,1,0.343202926,373,"","","X",1,NA,1,NA,20,NA,NA,NA,NA,NA,NA,NA,NA,NA,NA,NA,NA,NA,NA,NA,NA,NA,NA,NA,NA,NA,NA,NA,NA,NA,NA,NA,NA,NA,NA,NA,NA,NA,NA,0,0,0,"Insufficient Data","Insufficient Data",NA,"Moderate","Insufficient Data","Insufficient Data",NA,"Moderate"
"Greater Adjutant","Leptoptilos dubius","greadj1","Ciconiiformes","Ciconiidae (Storks)",NA,NA,NA,NA,"Diurnal","Diurnal","Vertebrate & Carrion","No","No","No","Non-endemic","Open Habitat","Resident",1,NA,NA,"Greater Adjutant","Leptoptilos dubius","Greater Adjutant","Leptoptilos dubius","Near Threatened","Schedule-I","","",7,"Greater Adjutant","Leptoptilos dubius","avibase-81E1FC1C",1,12.84,1,0.425405224,374,"","","",NA,NA,NA,NA,NA,NA,NA,NA,NA,NA,NA,NA,NA,NA,NA,NA,NA,NA,NA,NA,NA,NA,NA,NA,NA,NA,NA,NA,NA,NA,NA,NA,NA,NA,NA,NA,NA,NA,NA,NA,NA,NA,NA,NA,NA,"Moderate",NA,NA,NA,NA
"Painted Stork","Mycteria leucocephala","paisto1","Ciconiiformes","Ciconiidae (Storks)",NA,NA,NA,NA,"24 hour","24 hour","Vertebrate & Carrion","No","No","No","Non-endemic","Wetland","Resident",NA,NA,NA,"Painted Stork","Mycteria leucocephala","Painted Stork","Mycteria leucocephala","Least Concern","Schedule-II","","",250,"Painted Stork","Mycteria leucocephala","avibase-547013E2",1,9.71,1,0.644062666,375,"X","X","X",183,0.092896174863388,0.510245901639344,0.677595628415301,15.879781420765,0.854426218754943,54.7061178764113,64.3589721701238,75.6616679168332,51.6746396107008,62.0659193917751,74.6017519000497,48.7725883925683,59.903340342196,73.6425540878389,46.0299533224055,57.8391709814402,72.6533536019759,43.4587032550663,55.8208982659761,71.7325647300081,40.9822255416032,53.8822544422124,70.8673720726877,38.6534647906824,52.0297800991223,70.0219648774232,36.4587603789056,50.2167496478533,69.1703410001829,NA,NA,NA,87.032051451641,166.80556073209,328.837274437219,-20.7704027763633,-11.7300217800582,-2.689640783753,119407,119443,119479,"Trend Inconclusive","Trend Inconclusive",NA,"Low","Trend Inconclusive","Rapid Decline",NA,"Moderate"
"Lesser Frigatebird","Fregata ariel","lesfri","Suliformes","Fregatidae (Frigatebirds)",NA,NA,NA,NA,"Diurnal","Diurnal","Vertebrate & Carrion","No","No","No","Non-endemic","Wetland","Uncertain",NA,1,NA,"Lesser Frigatebird","Fregata ariel","Lesser Frigatebird","Fregata ariel","Least Concern","Schedule-II","","",NA,"Lesser Frigatebird","Fregata ariel","avibase-09ED7E92",1,13.1,2,0.015943353,376,"","","",NA,NA,NA,NA,NA,NA,NA,NA,NA,NA,NA,NA,NA,NA,NA,NA,NA,NA,NA,NA,NA,NA,NA,NA,NA,NA,NA,NA,NA,NA,NA,NA,NA,NA,NA,NA,NA,NA,NA,NA,NA,NA,NA,NA,NA,NA,NA,NA,NA,NA
"Great Frigatebird","Fregata minor","grefri","Suliformes","Fregatidae (Frigatebirds)",NA,NA,NA,NA,"Diurnal","Diurnal","Vertebrate & Carrion","No","No","No","Non-endemic","Wetland","Uncertain",NA,1,NA,"Great Frigatebird","Fregata minor","Great Frigatebird","Fregata minor","Least Concern","Schedule-II","","",NA,"Great Frigatebird","Fregata minor","avibase-788EBCAB",NA,16.22,1,NA,377,"","","",NA,NA,NA,NA,NA,NA,NA,NA,NA,NA,NA,NA,NA,NA,NA,NA,NA,NA,NA,NA,NA,NA,NA,NA,NA,NA,NA,NA,NA,NA,NA,NA,NA,NA,NA,NA,NA,NA,NA,NA,NA,NA,NA,NA,NA,NA,NA,NA,NA,NA
"Christmas Island Frigatebird","Fregata andrewsi","chifri1","Suliformes","Fregatidae (Frigatebirds)",NA,NA,NA,NA,"Diurnal","Diurnal","Vertebrate & Carrion","No","No","No","Non-endemic","Wetland","Uncertain",NA,1,NA,"Christmas Island Frigatebird","Fregata andrewsi","Christmas Island Frigatebird","Fregata andrewsi","Vulnerable","Schedule-I","Appendix I","Appendix I",NA,"Christmas Frigatebird","Fregata andrewsi","avibase-67200E8E",NA,16.93,1,0.045880174,378,"","","",NA,NA,NA,NA,NA,NA,NA,NA,NA,NA,NA,NA,NA,NA,NA,NA,NA,NA,NA,NA,NA,NA,NA,NA,NA,NA,NA,NA,NA,NA,NA,NA,NA,NA,NA,NA,NA,NA,NA,NA,NA,NA,NA,NA,NA,NA,NA,NA,NA,NA
"Red-footed Booby","Sula sula","refboo","Suliformes","Sulidae (Boobies and Gannets)",NA,NA,NA,NA,"24 hour","24 hour","Omnivore","No","No","No","Non-endemic","Wetland","Uncertain",NA,1,NA,"Red-footed Booby","Sula sula","Red-footed Booby","Sula sula","Least Concern","Schedule-II","","",NA,"Red-footed Booby","Sula sula","avibase-0A4609D1",NA,10.2,1,0.000432,379,"","","",NA,NA,NA,NA,NA,NA,NA,NA,NA,NA,NA,NA,NA,NA,NA,NA,NA,NA,NA,NA,NA,NA,NA,NA,NA,NA,NA,NA,NA,NA,NA,NA,NA,NA,NA,NA,NA,NA,NA,NA,NA,NA,NA,NA,NA,NA,NA,NA,NA,NA
"Brown Booby","Sula leucogaster","brnboo","Suliformes","Sulidae (Boobies and Gannets)",NA,NA,NA,NA,"24 hour","24 hour","Vertebrate & Carrion","No","No","No","Non-endemic","Wetland","Uncertain",NA,1,NA,"Brown Booby","Sula leucogaster","Brown Booby","Sula leucogaster","Least Concern","Schedule-II","","",NA,"Brown Booby","Sula leucogaster","avibase-05520B42",NA,13.51,1,0.011021253,380,"","","",NA,NA,NA,NA,NA,NA,NA,NA,NA,NA,NA,NA,NA,NA,NA,NA,NA,NA,NA,NA,NA,NA,NA,NA,NA,NA,NA,NA,NA,NA,NA,NA,NA,NA,NA,NA,NA,NA,NA,NA,NA,NA,NA,NA,NA,NA,NA,NA,NA,NA
"Masked Booby","Sula dactylatra","masboo","Suliformes","Sulidae (Boobies and Gannets)",NA,NA,NA,NA,"Diurnal","Diurnal","Vertebrate & Carrion","No","No","No","Non-endemic","Wetland","Winter Migrant",NA,NA,NA,"Masked Booby","Sula dactylatra","Masked Booby","Sula dactylatra","Least Concern","Schedule-II","","",NA,"Masked Booby","Sula dactylatra","avibase-22D1B4A2",1,11.74,2,0.000801,381,"","","",NA,NA,NA,NA,NA,NA,NA,NA,NA,NA,NA,NA,NA,NA,NA,NA,NA,NA,NA,NA,NA,NA,NA,NA,NA,NA,NA,NA,NA,NA,NA,NA,NA,NA,NA,NA,NA,NA,NA,NA,NA,NA,NA,NA,NA,NA,NA,NA,NA,NA
"Oriental Darter","Anhinga melanogaster","darter2","Suliformes","Anhingidae (Anhingas)",NA,NA,NA,NA,"Diurnal","Diurnal","Vertebrate & Carrion","No","No","No","Non-endemic","Wetland","Resident",NA,NA,NA,"Oriental Darter","Anhinga melanogaster","Oriental Darter","Anhinga melanogaster","Least Concern","Schedule-II","","",40,"Oriental Darter","Anhinga melanogaster","avibase-CA0C901A",1,6.15,1,0.427806754,382,"","X","X",203,0.0344827586206897,0.512931034482759,0.783251231527094,15.8522167487685,0.798246167395098,128.052293313427,141.90738725671,157.55304866726,132.105990167277,148.467431047167,166.98493778049,136.082264766384,155.331675834883,177.0175237127,140.316070943105,162.466916735317,187.792278448122,144.551973914902,169.873174565754,199.346263609164,149.006793333306,177.667844960896,211.61462084524,153.462659675457,185.939758345802,224.6600537214,158.066141137008,194.428380967835,238.512300917594,NA,NA,NA,NA,NA,NA,3.34460334980895,4.97383097737872,6.6030586049485,136293,136321,136349,"Insufficient Data","Rapid Increase",NA,"Low","Insufficient Data","Trend Inconclusive",NA,"Moderate"
"Little Cormorant","Microcarbo niger","litcor1","Suliformes","Phalacrocoracidae (Cormorants and Shags)",NA,NA,NA,NA,"Diurnal","Diurnal","Vertebrate & Carrion","No","No","No","Non-endemic","Wetland","Resident",NA,NA,NA,"Little Cormorant","Microcarbo niger","Little Cormorant","Microcarbo niger","Least Concern","Schedule-II","","",2500,"Little Cormorant","Microcarbo niger","avibase-60EA3FA9",1,4.82,1,0.558694313,383,"X","X","X",246,0.0934959349593496,0.698678861788618,0.845528455284553,14.760162601626,0.783660479064257,72.7379046203733,80.2900045719772,88.6640124128063,71.1861497553955,79.6763740975069,89.0701131561952,69.6514318893855,79.0255615776868,89.5609578293519,68.1430951548499,78.3938300447533,90.0319529634564,66.685133140371,77.7611864223492,90.5398112758472,65.2197702328797,77.1487439095946,91.0879306063605,63.7846788567355,76.5050654007608,91.6059268589815,62.3773300517113,75.8918788264416,92.1132730927306,NA,NA,NA,177.839174614142,247.099434766576,337.776047362231,-9.24631297945339,-3.39868787757094,2.44893722431151,145126,145128,145130,"Rapid Increase","Trend Inconclusive",NA,"Low","Rapid Increase","Stable",NA,"Low"
"Great Cormorant","Phalacrocorax carbo","grecor","Suliformes","Phalacrocoracidae (Cormorants and Shags)",NA,NA,NA,NA,"Diurnal","Diurnal","Vertebrate & Carrion","No","No","No","Non-endemic","Wetland","Resident & Winter Migrant",NA,NA,NA,"Great Cormorant","Phalacrocorax carbo","Great Cormorant","Phalacrocorax carbo","Least Concern","Schedule-II","","",1000,"Great Cormorant","Phalacrocorax carbo","avibase-3DF5C587",1,11.1,1,0.090864871,384,"","X","X",166,0.072289156626506,0.433734939759036,0.704819277108434,16.5602409638554,0.919710261674934,159.772772785741,194.433912358329,236.43199650015,165.198294429703,206.474633376348,257.884857254296,170.742677661765,219.339870276625,281.330135001135,176.476943720975,232.789950072284,306.804861938059,182.401213593063,247.173324364705,334.718175917444,188.238257951564,262.378361885093,365.688837037635,194.099451267388,278.402124340911,399.065605971502,200.537040682789,295.717371537126,436.049685599775,NA,NA,NA,NA,NA,NA,4.56266589226135,8.83386097485821,13.1050560574551,107743,107793,107843,"Insufficient Data","Trend Inconclusive",NA,"Low","Insufficient Data","Trend Inconclusive",NA,"Low"
"Indian Cormorant","Phalacrocorax fuscicollis","indcor1","Suliformes","Phalacrocoracidae (Cormorants and Shags)",NA,NA,NA,NA,"Diurnal","Diurnal","Vertebrate & Carrion","No","No","No","Non-endemic","Wetland","Resident",1,NA,NA,"Indian Cormorant","Phalacrocorax fuscicollis","Indian Cormorant","Phalacrocorax fuscicollis","Least Concern","Schedule-II","","",300,"Indian Cormorant","Phalacrocorax fuscicollis","avibase-2D189E70",1,5.76,1,0.522712622,385,"","X","X",203,0.0443349753694581,0.527709359605911,0.748768472906404,15.8817733990148,0.787707671360054,80.1721232973951,92.0117632124901,105.377481955201,79.7279721353076,93.1456490775153,108.650119457412,79.2700277357045,94.2971682534405,112.087985500045,78.8044664421204,95.4496937130696,115.729341595911,78.2772955410987,96.6678398419807,119.437527891731,77.7328721066826,97.8415186057099,123.315357463093,77.1443800497843,99.0534239593547,127.275868833055,76.5709520653848,100.309979332183,131.322595612243,NA,NA,NA,NA,NA,NA,-0.760054581840754,0.975320386804215,2.71069535544918,130381,130424,130467,"Insufficient Data","Trend Inconclusive",NA,"Low","Insufficient Data","Stable",NA,"Low"
"Glossy Ibis","Plegadis falcinellus","gloibi","Pelecaniformes","Threskiornithidae (Ibises and Spoonbills)",NA,NA,NA,NA,"Diurnal","Diurnal","Invertebrate","No","No","No","Non-endemic","Wetland","Resident",NA,NA,NA,"Glossy Ibis","Plegadis falcinellus","Glossy Ibis","Plegadis falcinellus","Least Concern","Schedule-II","","Appendix II",NA,"Glossy Ibis","Plegadis falcinellus","avibase-D4540F88",1,8.56,1,0.075450629,386,"","X","X",203,0.0246305418719212,0.501231527093596,0.788177339901478,15.6551724137931,0.764452053123096,114.254471496863,142.294016100662,177.830111803722,116.942882756022,149.962523915362,192.997552874907,119.5428906491,158.164519810922,209.789594057311,122.192557505947,166.811141066571,228.095127329459,124.920991881827,175.87621138402,248.06085791667,127.652917676223,185.41635578191,269.831083698407,130.398038624366,195.388041979975,293.612478509023,133.250759291883,205.993618603671,319.493776670592,NA,NA,NA,NA,NA,NA,2.69280110576268,5.92574446912572,9.15868783248876,130255,130279,130303,"Insufficient Data","Trend Inconclusive",NA,"Low","Insufficient Data","Trend Inconclusive",NA,"Low"
"Black-headed Ibis","Threskiornis melanocephalus","blhibi1","Pelecaniformes","Threskiornithidae (Ibises and Spoonbills)",NA,NA,NA,NA,"Diurnal","Diurnal","Vertebrate & Carrion","No","No","No","Non-endemic","Wetland","Resident",NA,NA,NA,"Black-headed Ibis","Threskiornis melanocephalus","Black-headed Ibis","Threskiornis melanocephalus","Least Concern","Schedule-II","","",250,"Black-headed Ibis","Threskiornis melanocephalus","avibase-423DDA5A",1,10.94,1,0.671065879,387,"","X","X",200,0.05,0.53,0.765,15.62,0.831390410622093,80.4350388342282,95.0665188805979,112.456640664317,79.6659125016947,96.2538849437684,116.46502044231,78.8519479181797,97.4420744368498,120.670881782583,77.9992586323928,98.6591754582886,125.003927250711,77.1799112880515,99.8809697677865,129.625367204525,76.3197707360326,101.143060452737,134.47747882204,75.4441250497864,102.403450571918,139.495606696817,74.6217527275928,103.697766458109,144.723301075886,NA,NA,NA,NA,NA,NA,-1.04545283766645,1.07826428516878,3.20198140800401,130803,130830,130857,"Insufficient Data","Stable",NA,"Low","Insufficient Data","Stable",NA,"Low"
"Red-naped Ibis","Pseudibis papillosa","renibi1","Pelecaniformes","Threskiornithidae (Ibises and Spoonbills)",NA,NA,NA,NA,"Diurnal","Diurnal","Omnivore","No","Yes","No","Indian Subcontinent","Non-specialized","Resident",NA,NA,NA,"Red-naped Ibis","Pseudibis papillosa","Red-naped Ibis","Pseudibis papillosa","Least Concern","Schedule-II","","",100,"Red-naped Ibis","Pseudibis papillosa","avibase-2B954EC3",1,9.02,1,0.897618634,388,"","","X",75,0.0133333333333333,0.485,0.666666666666667,14.7066666666667,1.22035157204774,NA,NA,NA,NA,NA,NA,NA,NA,NA,NA,NA,NA,NA,NA,NA,NA,NA,NA,NA,NA,NA,NA,NA,NA,NA,NA,NA,NA,NA,NA,NA,NA,NA,58710,58758,58806,"Insufficient Data","Insufficient Data",NA,"Low","Insufficient Data","Insufficient Data",NA,"Moderate"
"Eurasian Spoonbill","Platalea leucorodia","eurspo1","Pelecaniformes","Threskiornithidae (Ibises and Spoonbills)",NA,NA,NA,NA,"24 hour","24 hour","Invertebrate","No","No","No","Non-endemic","Wetland","Resident & Local Migrant",NA,NA,NA,"Eurasian Spoonbill","Platalea leucorodia","Eurasian Spoonbill","Platalea leucorodia","Least Concern","Schedule-I","Appendix II","Appendix II",NA,"Eurasian Spoonbill","Platalea leucorodia","avibase-A0A584C1",1,9.72,1,0.212708878,389,"","X","X",109,0.073394495412844,0.45756880733945,0.541284403669725,16.256880733945,1.09954690090708,48.095669737665,60.0036934816518,74.8159920221618,43.9918225695009,56.602126417584,72.6511266323462,40.2262479457045,53.3772840176407,70.6146301108282,36.7872920648973,50.3355547798387,68.6534775385128,33.6286873037298,47.484833474199,66.7696545399187,30.7231572791884,44.7649856431744,64.9639538348675,28.0938021708407,42.2131635888048,63.1912007583746,25.661762058522,39.8020101093533,61.4630921559641,NA,NA,NA,NA,NA,NA,-9.15140852702938,-5.63977810506249,-2.12814768309559,64009,64084,64159,"Insufficient Data","Trend Inconclusive",NA,"Moderate","Insufficient Data","Rapid Decline",NA,"Moderate"
"Eurasian Bittern","Botaurus stellaris","grebit1","Pelecaniformes","Ardeidae (Herons, Egrets, and Bitterns)",NA,NA,NA,NA,"24 hour","Diurnal","Vertebrate & Carrion","No","No","No","Non-endemic","Wetland","Winter Migrant",NA,NA,NA,"Great Bittern","Botaurus stellaris","Eurasian Bittern","Botaurus stellaris","Least Concern","Schedule-II","","Appendix II",NA,"Eurasian Bittern","Botaurus stellaris","avibase-0F42F11A",1,3.91,1,0.084969961,390,"","","",NA,NA,NA,NA,NA,NA,NA,NA,NA,NA,NA,NA,NA,NA,NA,NA,NA,NA,NA,NA,NA,NA,NA,NA,NA,NA,NA,NA,NA,NA,NA,NA,NA,NA,NA,NA,NA,NA,NA,NA,NA,NA,NA,NA,NA,NA,NA,NA,NA,NA
"Black Bittern","Botaurus flavicollis","blabit1","Pelecaniformes","Ardeidae (Herons, Egrets, and Bitterns)",NA,NA,NA,NA,"24 hour","24 hour","Vertebrate & Carrion","No","No","No","Non-endemic","Wetland","Resident & Local Migrant",NA,NA,NA,"Black Bittern","Botaurus flavicollis","Black Bittern","Ixobrychus flavicollis","Least Concern","Schedule-II","","",1000,"Black Bittern","Botaurus flavicollis","avibase-003BE0C5",1,5.36,1,0.053882296,391,"","X","X",99,0.0707070707070707,0.315656565656566,0.424242424242424,16.9292929292929,1.17798234445018,20.9592818808597,29.8941488817775,42.6640921314935,18.7202801222218,27.9937513295481,41.8546492846165,16.6851742715378,26.2175619379883,41.1119902851756,14.8507245571191,24.559473291389,40.4270768209168,13.2447560833911,22.9874253819264,39.7677814302218,11.7857200748735,21.5171602024098,39.1626135621536,10.4860716670837,20.1245651838722,38.5428471082663,9.34125756126478,18.8220820904861,38.0251583093516,NA,NA,NA,NA,NA,NA,-6.737705530146,-3.79689541568179,-0.856085301217589,52527,52762,52997,"Insufficient Data","Trend Inconclusive",NA,"Low","Insufficient Data","Rapid Decline",NA,"Moderate"
"Cinnamon Bittern","Botaurus cinnamomeus","cinbit1","Pelecaniformes","Ardeidae (Herons, Egrets, and Bitterns)",NA,NA,NA,NA,"24 hour","24 hour","Vertebrate & Carrion","No","No","No","Non-endemic","Wetland","Resident & Local Migrant",NA,NA,NA,"Cinnamon Bittern","Botaurus cinnamomeus","Cinnamon Bittern","Ixobrychus cinnamomeus","Least Concern","Schedule-I","","",10000,"Cinnamon Bittern","Botaurus cinnamomeus","avibase-CBDC8AA3",1,4.57,1,0.113225276,392,"","X","X",88,0.0795454545454545,0.309659090909091,0.431818181818182,17.6022727272727,1.13935745963356,66.5017277496641,84.9019426750409,108.212488310235,65.4163532406467,86.1907660979237,113.28828268412,64.302962473681,87.3159441023243,118.962654385436,63.1105829856123,88.6698042760525,125.075224884567,61.9503701046124,89.9329960635935,131.705573808913,60.6856066998766,91.4212634728796,138.427354581049,59.4573878335629,92.8509934301356,145.286391019179,58.2513388431534,94.2405067047053,152.859131368344,NA,NA,NA,NA,NA,NA,-1.79611870069165,0.985627873062776,3.7673744468172,52702,52939,53176,"Insufficient Data","Trend Inconclusive",NA,"Moderate","Insufficient Data","Trend Inconclusive",NA,"Low"
"Little Bittern","Botaurus minutus","litbit1","Pelecaniformes","Ardeidae (Herons, Egrets, and Bitterns)",NA,NA,NA,NA,"24 hour","24 hour","Invertebrate","No","No","No","Non-endemic","Wetland","Summer Migrant & Localized Winter Migrant",NA,NA,NA,"Little Bittern","Botaurus minutus","Common Little Bittern","Ixobrychus minutus","Least Concern","Schedule-II","","Appendix II",250,"Little Bittern","Botaurus minutus","avibase-7AAD57AC",1,4.2,1,0.005701863,393,"","","",NA,NA,NA,NA,NA,NA,NA,NA,NA,NA,NA,NA,NA,NA,NA,NA,NA,NA,NA,NA,NA,NA,NA,NA,NA,NA,NA,NA,NA,NA,NA,NA,NA,NA,NA,NA,NA,NA,NA,NA,NA,NA,NA,NA,NA,NA,NA,NA,NA,NA
"Yellow Bittern","Botaurus sinensis","yelbit","Pelecaniformes","Ardeidae (Herons, Egrets, and Bitterns)",NA,NA,NA,NA,"24 hour","24 hour","Invertebrate","No","No","No","Non-endemic","Wetland","Resident & Local Migrant",NA,NA,NA,"Yellow Bittern","Botaurus sinensis","Yellow Bittern","Ixobrychus sinensis","Least Concern","Schedule-II","","",NA,"Yellow Bittern","Botaurus sinensis","avibase-1BFBF5D5",1,4.12,1,0.050069667,394,"","X","X",109,0.036697247706422,0.416284403669725,0.577981651376147,17.1467889908257,1.05576610084074,70.3888993199873,86.0156671349012,104.992322131454,67.3690555906234,84.6518987480168,106.219312326304,64.4587074467752,83.2939188373349,107.388341660445,61.7137289035565,81.9573023370787,108.720594905969,58.9641397491984,80.6048767611301,110.073813796167,56.4172182901559,79.1833538550582,111.705557057488,53.8695375481124,77.9265813076533,113.172016438867,51.5391820391869,76.7357490791993,114.513911508963,NA,NA,NA,NA,NA,NA,-4.51824525295514,-1.57625514813694,1.36573495668126,80961,81160,81359,"Insufficient Data","Trend Inconclusive",NA,"Low","Insufficient Data","Trend Inconclusive",NA,"Low"
"Black-crowned Night Heron","Nycticorax nycticorax","bcnher","Pelecaniformes","Ardeidae (Herons, Egrets, and Bitterns)",NA,NA,NA,NA,"24 hour","24 hour","Vertebrate & Carrion","No","No","No","Non-endemic","Wetland","Resident",NA,NA,NA,"Black-crowned Night Heron","Nycticorax nycticorax","Black-crowned Night Heron","Nycticorax nycticorax","Least Concern","Schedule-II","","",1200,"Black-crowned Night Heron","Nycticorax nycticorax","avibase-6BB94D7E",1,6.97,1,0.056780409,395,"","X","X",195,0.0717948717948718,0.476923076923077,0.676923076923077,15.9948717948718,0.796732387947101,41.7954427758926,54.7039074658447,71.6605188233032,39.5178893063771,53.6357995602802,72.7853936602944,37.3348293096302,52.5893149609656,73.9707905455066,35.2599383636776,51.5351398698691,75.2662796597605,33.2722378258767,50.4839231397581,76.5757306018766,31.3891390860082,49.4446940669013,78.0136290547436,29.5973966849799,48.4683832177413,79.4002311566616,27.9107681805096,47.5261377574062,80.8172977778521,NA,NA,NA,NA,NA,NA,-4.4620731241122,-1.70495695719535,1.05215920972149,126522,126567,126612,"Insufficient Data","Trend Inconclusive",NA,"Low","Insufficient Data","Stable",NA,"Low"
"Malayan Night Heron","Gorsachius melanolophus","manher1","Pelecaniformes","Ardeidae (Herons, Egrets, and Bitterns)",NA,NA,NA,NA,"24 hour","24 hour","Invertebrate","No","No","No","Non-endemic","Forest","Summer Migrant & Localized Winter Migrant",NA,NA,NA,"Malayan Night Heron","Gorsachius melanolophus","Malay Night Heron","Gorsachius melanolophus","Least Concern","Schedule-II","","",NA,"Malayan Night Heron","Gorsachius melanolophus","avibase-DC10105A",1,5.34,2,0.057074003,396,"","","",6,0.5,0.166666666666667,NA,21,2.42702561447821,NA,NA,NA,NA,NA,NA,NA,NA,NA,NA,NA,NA,NA,NA,NA,NA,NA,NA,NA,NA,NA,NA,NA,NA,NA,NA,NA,NA,NA,NA,NA,NA,NA,NA,NA,NA,NA,NA,NA,NA,NA,NA,NA,NA
"Pacific Reef-Heron","Egretta sacra","pacreh1","Pelecaniformes","Ardeidae (Herons, Egrets, and Bitterns)",NA,NA,NA,NA,"24 hour","24 hour","Omnivore","No","No","No","Non-endemic","Wetland","Resident",NA,NA,1,"Pacific Reef-Egret","Egretta sacra","Pacific Reef-egret","Egretta sacra","Least Concern","Schedule-II","","",10000,"Pacific Reef Heron","Egretta sacra","avibase-C79F1BF8",1,5.42,1,0.001637889,397,"","","",NA,NA,NA,NA,NA,NA,NA,NA,NA,NA,NA,NA,NA,NA,NA,NA,NA,NA,NA,NA,NA,NA,NA,NA,NA,NA,NA,NA,NA,NA,NA,NA,NA,NA,NA,NA,NA,NA,NA,NA,NA,NA,NA,NA,NA,NA,NA,NA,NA,NA
"Chinese Egret","Egretta eulophotes","chiegr","Pelecaniformes","Ardeidae (Herons, Egrets, and Bitterns)",NA,NA,NA,NA,"No information","No information","Invertebrate","No","No","No","Non-endemic","Wetland","Winter Migrant",NA,NA,NA,"Chinese Egret","Egretta eulophotes","Chinese Egret","Egretta eulophotes","Vulnerable","Schedule-II","","Appendix I",NA,"Chinese Egret","Egretta eulophotes","avibase-A8E3A3DA",NA,5.63,1,0.000669,398,"","","",NA,NA,NA,NA,NA,NA,NA,NA,NA,NA,NA,NA,NA,NA,NA,NA,NA,NA,NA,NA,NA,NA,NA,NA,NA,NA,NA,NA,NA,NA,NA,NA,NA,NA,NA,NA,NA,NA,NA,NA,NA,NA,NA,NA,NA,NA,NA,NA,NA,NA
"Little Egret","Egretta garzetta","litegr","Pelecaniformes","Ardeidae (Herons, Egrets, and Bitterns)",NA,NA,NA,NA,"Diurnal","Diurnal","Invertebrate","No","No","No","Non-endemic","Wetland","Resident",NA,NA,NA,"Little Egret","Egretta garzetta","Little Egret","Egretta garzetta","Least Concern","Schedule-II","","",1400,"Little Egret","Egretta garzetta","avibase-F2858F9F",1,4.86,1,0.080602742,399,"X","X","X",242,0.119834710743802,0.713326446280992,0.830578512396694,15.0454545454545,0.76343962007228,80.7030728709473,88.2040310485628,96.413445955997,79.6056839135437,88.0091509565249,97.3534056206067,78.4808192197381,87.8439162490305,98.3649761890255,77.3610023850476,87.6849462639381,99.3967055263364,76.2410157438243,87.5188130159236,100.448954204896,75.1229930628265,87.3530797084226,101.489827674858,74.0308237673157,87.1783677554284,102.573280058605,72.9617977869356,87.0201370853719,103.702089021569,NA,NA,NA,-7.88299944035801,6.075906961698,21.651525288923,-1.74029698762984,-0.238169840142398,1.26395730734505,145218,145222,145226,"Stable","Stable",NA,"Low","Increase","Stable",NA,"Low"
"Western Reef-Heron","Egretta gularis","werher","Pelecaniformes","Ardeidae (Herons, Egrets, and Bitterns)",NA,NA,NA,NA,"24 hour","24 hour","Invertebrate","No","No","No","Non-endemic","Wetland","Resident & Local Migrant",NA,NA,NA,"Western Reef-Egret","Egretta gularis","Western Reef-egret","Egretta gularis","Least Concern","Schedule-II","","",250,"Western Reef Heron","Egretta gularis","avibase-DF32B1F9",1,4.78,1,0.052096359,400,"","X","X",63,0.19047619047619,0.299603174603175,0.301587301587302,15.8730158730159,1.75032167493598,19.6538117575802,30.8472185135245,48.4216951470453,16.5986782822798,27.6718958772964,46.1202007110431,14.0041119988881,24.7638274643452,44.0839927775559,11.7931182439858,22.2243423763937,42.1270176199835,9.92110529958686,19.9186950053931,40.1390383248919,8.35472376618196,17.859643496055,38.3564361059097,7.03180424979117,15.99664391281,36.6876660878331,5.90988097904505,14.3741101961774,34.9750149833476,NA,NA,NA,NA,NA,NA,-12.5305605678299,-7.59352571487506,-2.65649086192018,15406,15406,15406,"Insufficient Data","Trend Inconclusive",NA,"Moderate","Insufficient Data","Trend Inconclusive",NA,"Low"
"White-eared Night Heron","Oroanassa magnifica","wenher1","Pelecaniformes","Ardeidae (Herons, Egrets, and Bitterns)",NA,NA,NA,NA,"24 hour","24 hour","Vertebrate & Carrion","No","No","No","Non-endemic","Wetland","Uncertain",NA,1,NA,"White-eared Night Heron","Oroanassa magnifica","White-eared Night Heron","Oroanassa magnifica","Near Threatened","Schedule-I","","",NA,"White-eared Night Heron","Oroanassa magnifica","avibase-DED23735",NA,5.62,1,0.001441625,401,"","","",NA,NA,NA,NA,NA,NA,NA,NA,NA,NA,NA,NA,NA,NA,NA,NA,NA,NA,NA,NA,NA,NA,NA,NA,NA,NA,NA,NA,NA,NA,NA,NA,NA,NA,NA,NA,NA,NA,NA,NA,NA,NA,NA,NA,NA,NA,NA,NA,NA,NA
"Little Heron","Butorides atricapilla","strher1","Pelecaniformes","Ardeidae (Herons, Egrets, and Bitterns)",NA,NA,NA,NA,"24 hour","24 hour","Invertebrate","No","No","No","Non-endemic","Wetland","Resident & Summer Migrant",NA,NA,NA,"Little Heron","Butorides atricapilla","Green-backed Heron","Butorides striata","Least Concern","Schedule-II","","",NA,"Little Heron","Butorides atricapilla","avibase-7085B8A0",1,4.35,2,0.046798843,402,"","","",NA,NA,NA,NA,NA,NA,NA,NA,NA,NA,NA,NA,NA,NA,NA,NA,NA,NA,NA,NA,NA,NA,NA,NA,NA,NA,NA,NA,NA,NA,NA,NA,NA,NA,NA,NA,NA,NA,NA,69263,69263,69263,NA,NA,NA,NA,"Insufficient Data","Insufficient Data",NA,"Low"
"Indian Pond-Heron","Ardeola grayii","inpher1","Pelecaniformes","Ardeidae (Herons, Egrets, and Bitterns)",NA,NA,NA,NA,"24 hour","24 hour","Omnivore","No","No","No","Non-endemic","Non-specialized","Resident",1,NA,NA,"Indian Pond-Heron","Ardeola grayii","Indian Pond Heron","Ardeola grayii","Least Concern","Schedule-II","","",10000,"Indian Pond Heron","Ardeola grayii","avibase-E5E0B92F",1,4.99,1,0.712054255,403,"X","X","X",254,0.141732283464567,0.782972440944882,0.901574803149606,14.6023622047244,0.771196668458294,74.0360862404879,82.7836310883031,92.4506077019639,72.7143296635958,82.5134984492271,93.4855819982172,71.3977421850312,82.2405887015567,94.5806407790378,70.0755671578922,81.9680352590619,95.7217607249197,68.7757685391178,81.6809480040453,96.8804469579131,67.4964267954981,81.396125139513,98.0938126150387,66.2219139838684,81.1332060215846,99.3191746283738,64.982464037985,80.8419460169998,100.568100038492,NA,NA,NA,66.272437781457,82.268868302502,100.803106175258,-3.89313918907391,-0.75173272163182,2.38967374581027,146393,146393,146393,"Rapid Increase","Trend Inconclusive",NA,"Low","Rapid Increase","Trend Inconclusive",NA,"Low"
"Chinese Pond-Heron","Ardeola bacchus","chpher1","Pelecaniformes","Ardeidae (Herons, Egrets, and Bitterns)",NA,NA,NA,NA,"24 hour","24 hour","Invertebrate","No","No","No","Non-endemic","Wetland","Resident & Summer Migrant",NA,NA,NA,"Chinese Pond-Heron","Ardeola bacchus","Chinese Pond Heron","Ardeola bacchus","Least Concern","Schedule-II","","",NA,"Chinese Pond Heron","Ardeola bacchus","avibase-56292AA8",1,4.87,1,0.012836394,404,"","","",1,NA,NA,NA,17,NA,NA,NA,NA,NA,NA,NA,NA,NA,NA,NA,NA,NA,NA,NA,NA,NA,NA,NA,NA,NA,NA,NA,NA,NA,NA,NA,NA,NA,NA,NA,NA,NA,NA,NA,NA,NA,NA,NA,NA,NA,NA,NA,NA,NA
"Javan Pond-Heron","Ardeola speciosa","japher1","Pelecaniformes","Ardeidae (Herons, Egrets, and Bitterns)",NA,NA,NA,NA,"24 hour","24 hour","Invertebrate","No","No","No","Non-endemic","Wetland","Uncertain",NA,1,NA,"Javan Pond-Heron","Ardeola speciosa","Javan Pond Heron","Ardeola speciosa","Least Concern","Schedule-II","","",NA,"Javan Pond Heron","Ardeola speciosa","avibase-CC13DEBE",NA,5.43,1,NA,405,"","","",NA,NA,NA,NA,NA,NA,NA,NA,NA,NA,NA,NA,NA,NA,NA,NA,NA,NA,NA,NA,NA,NA,NA,NA,NA,NA,NA,NA,NA,NA,NA,NA,NA,NA,NA,NA,NA,NA,NA,NA,NA,NA,NA,NA,NA,NA,NA,NA,NA,NA
"Eastern Cattle-Egret","Ardea coromanda","categr2","Pelecaniformes","Ardeidae (Herons, Egrets, and Bitterns)",NA,NA,NA,NA,"24 hour","24 hour","Invertebrate","No","No","No","Non-endemic","Non-specialized","Resident",NA,NA,NA,"Eastern Cattle-Egret","Ardea coromanda","Cattle Egret","Bubulcus ibis","Not recognized","Schedule-II","","",20000,"Eastern Cattle Egret","Ardea coromanda","avibase-0653A8AD",1,6.8,1,0.046924754,406,"","","",NA,NA,NA,NA,NA,NA,NA,NA,NA,NA,NA,NA,NA,NA,NA,NA,NA,NA,NA,NA,NA,NA,NA,NA,NA,NA,NA,NA,NA,NA,NA,NA,NA,NA,NA,NA,NA,NA,NA,146718,146719,146720,NA,NA,NA,NA,"Rapid Increase","Trend Inconclusive",NA,"Low"
"Great Egret","Ardea alba","greegr","Pelecaniformes","Ardeidae (Herons, Egrets, and Bitterns)",NA,NA,NA,NA,"Diurnal","Diurnal","Invertebrate","No","No","No","Non-endemic","Wetland","Resident",NA,NA,NA,"Great Egret","Ardea alba","Great White Egret","Ardea alba","Least Concern","Schedule-II","","",1000,"Great Egret","Ardea alba","avibase-49D9148A",1,5.84,2,0.040134092,407,"X","X","X",213,0.0938967136150235,0.545774647887324,0.751173708920188,15.6431924882629,0.782040123639645,66.2936302930255,77.0925558670771,89.6774371014827,64.2207811346659,76.17487072167,90.3836199302153,62.2047073036647,75.2811097489979,91.1715546782128,60.1970958781777,74.4064994176017,92.0282333556354,58.2179929205563,73.5477631818089,92.8745965452031,56.3061340554052,72.669639591247,93.7435560968506,54.4553128448927,71.7898597930851,94.6374316438758,52.6486738677284,70.9420222652299,95.6305697480277,NA,NA,NA,33.730616176521,72.520179591224,124.003914215797,-6.74881180872283,-2.3893385433273,1.97013472206824,131494,131503,131512,"Increase","Trend Inconclusive",NA,"Low","Rapid Increase","Stable",NA,"Low"
"Medium Egret","Ardea intermedia","integr1","Pelecaniformes","Ardeidae (Herons, Egrets, and Bitterns)",NA,NA,NA,NA,"Diurnal","Diurnal","Invertebrate","No","No","No","Non-endemic","Wetland","Resident",NA,NA,NA,"Intermediate Egret","Ardea intermedia","Intermediate Egret","Ardea intermedia","Least Concern","Schedule-II","","",1000,"Medium Egret","Ardea intermedia","avibase-30785911",1,5.35,1,0.291197181,408,"X","X","X",226,0.0663716814159292,0.585176991150443,0.783185840707965,15.3849557522124,0.780015374334276,66.2896899562442,72.8384832365729,80.0511730603969,64.3966860209552,71.678034081211,79.7102563292164,62.5672111926546,70.54404043936,79.4241537725428,60.7630300900159,69.3926591858971,79.1485017742911,58.9946749114403,68.2575884250062,78.8829432893295,57.2900889779302,67.1572467454401,78.6404377915773,55.6162458721823,66.0407478793661,78.4032677154013,53.9881640362895,64.9547645650697,78.1318193869696,NA,NA,NA,28.574610001327,64.779072560932,119.932680518667,-5.98498980130368,-3.18594368652305,-0.386897571742413,138118,138134,138150,"Trend Inconclusive","Trend Inconclusive",NA,"Moderate","Increase","Trend Inconclusive",NA,"Low"
"Gray Heron","Ardea cinerea","graher1","Pelecaniformes","Ardeidae (Herons, Egrets, and Bitterns)",NA,NA,NA,NA,"24 hour","24 hour","Vertebrate & Carrion","No","No","No","Non-endemic","Wetland","Resident",NA,NA,NA,"Grey Heron","Ardea cinerea","Grey Heron","Ardea cinerea","Least Concern","Schedule-II","","",1000,"Grey Heron","Ardea cinerea","avibase-6429024D",1,8.31,1,0.054507942,409,"X","X","X",210,0.123809523809524,0.585119047619048,0.766666666666667,15.7666666666667,0.793276590521644,99.5100695918072,111.508512325704,125.117204162861,99.8177389257581,113.524426043858,129.345273010431,100.015566620344,115.579829577907,133.726108099578,100.209923246042,117.681664213147,138.306417862751,100.329755676413,119.803547679904,143.097221432069,100.479904113804,121.885620102599,148.072407725562,100.636630261236,124.054925299572,153.213616452276,100.804597499224,126.292547806019,158.587915075525,NA,NA,NA,22.483304236827,50.619736454975,91.743557275699,0.156403153122119,2.54091330929865,4.92542346547519,133970,133977,133984,"Trend Inconclusive","Trend Inconclusive",NA,"Low","Trend Inconclusive","Stable",NA,"Low"
"Purple Heron","Ardea purpurea","purher1","Pelecaniformes","Ardeidae (Herons, Egrets, and Bitterns)",NA,NA,NA,NA,"24 hour","24 hour","Vertebrate & Carrion","No","No","No","Non-endemic","Wetland","Resident",NA,NA,NA,"Purple Heron","Ardea purpurea","Purple Heron","Ardea purpurea","Least Concern","Schedule-II","","",250,"Purple Heron","Ardea purpurea","avibase-3395DCF1",1,6.11,1,0.068338261,410,"","X","X",201,0.0398009950248756,0.551616915422886,0.766169154228856,15.8457711442786,0.815440145276738,71.068400433797,82.5189061986058,95.7057278508085,69.7057580568838,82.5551109145279,97.6794552072735,68.3597469155054,82.5710125730258,99.6997495531695,66.9944984952977,82.5274923604512,101.790051014996,65.6489102124984,82.5422979921384,103.980655894833,64.3373574692544,82.5461563758674,106.277590168079,63.0101330227278,82.5929377605785,108.502876956774,61.6950071701467,82.5720184848548,110.847912095937,NA,NA,NA,NA,NA,NA,-1.88817363842748,-0.0914476343984414,1.7052783696306,130897,130919,130941,"Insufficient Data","Stable",NA,"Low","Insufficient Data","Trend Inconclusive",NA,"Low"
"White-bellied Heron","Ardea insignis","whbher2","Pelecaniformes","Ardeidae (Herons, Egrets, and Bitterns)",NA,NA,NA,NA,"Diurnal","Diurnal","Vertebrate & Carrion","No","No","No","Non-endemic","Wetland","Resident & Local Migrant",1,NA,NA,"White-bellied Heron","Ardea insignis","White-bellied Heron","Ardea insignis","Critically Endangered","Schedule-I","","",5,"White-bellied Heron","Ardea insignis","avibase-1E1181E6",1,7.02,1,0.59827252,411,"","","",NA,NA,NA,NA,NA,NA,NA,NA,NA,NA,NA,NA,NA,NA,NA,NA,NA,NA,NA,NA,NA,NA,NA,NA,NA,NA,NA,NA,NA,NA,NA,NA,NA,NA,NA,NA,NA,NA,NA,NA,NA,NA,NA,NA,NA,"High",NA,NA,NA,NA
"Goliath Heron","Ardea goliath","golher1","Pelecaniformes","Ardeidae (Herons, Egrets, and Bitterns)",NA,NA,NA,NA,"24 hour","24 hour","Vertebrate & Carrion","No","No","No","Non-endemic","Wetland","Uncertain",1,NA,NA,"Goliath Heron","Ardea goliath","Goliath Heron","Ardea goliath","Least Concern","Schedule-II","","",1,"Goliath Heron","Ardea goliath","avibase-C7888A15",NA,10.62,1,0.004676873,412,"","","",NA,NA,NA,NA,NA,NA,NA,NA,NA,NA,NA,NA,NA,NA,NA,NA,NA,NA,NA,NA,NA,NA,NA,NA,NA,NA,NA,NA,NA,NA,NA,NA,NA,NA,NA,NA,NA,NA,NA,NA,NA,NA,NA,NA,NA,"Low",NA,NA,NA,NA
"Great White Pelican","Pelecanus onocrotalus","grwpel1","Pelecaniformes","Pelecanidae (Pelicans)",NA,NA,NA,NA,"24 hour","24 hour","Vertebrate & Carrion","No","No","No","Non-endemic","Wetland","Winter Migrant",NA,NA,NA,"Great White Pelican","Pelecanus onocrotalus","Great White Pelican","Pelecanus onocrotalus","Least Concern","Schedule-II","","Appendix I",210,"Great White Pelican","Pelecanus onocrotalus","avibase-8BAFB01E",1,14.6,1,0.045526518,413,"","","X",2,NA,0.5,NA,16.5,6.86,NA,NA,NA,NA,NA,NA,NA,NA,NA,NA,NA,NA,NA,NA,NA,NA,NA,NA,NA,NA,NA,NA,NA,NA,NA,NA,NA,NA,NA,NA,NA,NA,NA,0,0,0,"Insufficient Data","Insufficient Data",NA,"Moderate","Insufficient Data","Insufficient Data",NA,"Low"
"Spot-billed Pelican","Pelecanus philippensis","spbpel1","Pelecaniformes","Pelecanidae (Pelicans)",NA,NA,NA,NA,"24 hour","24 hour","Vertebrate & Carrion","No","No","No","Non-endemic","Wetland","Resident",NA,NA,NA,"Spot-billed Pelican","Pelecanus philippensis","Spot-billed Pelican","Pelecanus philippensis","Near Threatened","Schedule-II","","",100,"Spot-billed Pelican","Pelecanus philippensis","avibase-793E3F20",1,9.16,1,0.486464767,414,"","X","X",133,0.0676691729323308,0.484962406015038,0.548872180451128,16.4661654135338,0.943145683732755,48.2186990944804,54.015020646314,60.5853213040292,45.1325233584286,51.3296615147399,58.4543461474958,42.2432004814846,48.7540020156901,56.4464444718871,39.5295985547749,46.360399060067,54.5209746664354,36.9540303467445,44.0629558649369,52.6480871996985,34.5345313502485,41.874693233682,50.8107119690558,32.2897352257695,39.8224340824592,49.0319772820774,30.1870208860581,37.8505063045023,47.368526779409,NA,NA,NA,NA,NA,NA,-4.97885356408129,-3.71463793786934,-2.45042231165739,73076,73195,73314,"Insufficient Data","Decline",NA,"Moderate","Insufficient Data","Rapid Decline",NA,"Moderate"
"Dalmatian Pelican","Pelecanus crispus","dalpel1","Pelecaniformes","Pelecanidae (Pelicans)",NA,NA,NA,NA,"24 hour","24 hour","Vertebrate & Carrion","No","No","No","Non-endemic","Wetland","Winter Migrant",NA,NA,NA,"Dalmatian Pelican","Pelecanus crispus","Dalmatian Pelican","Pelecanus crispus","Near Threatened","Schedule-II","Appendix I","Appendix I",NA,"Dalmatian Pelican","Pelecanus crispus","avibase-7C6D8BA2",1,10.36,1,0.070932989,415,"","","",NA,NA,NA,NA,NA,NA,NA,NA,NA,NA,NA,NA,NA,NA,NA,NA,NA,NA,NA,NA,NA,NA,NA,NA,NA,NA,NA,NA,NA,NA,NA,NA,NA,NA,NA,NA,NA,NA,NA,NA,NA,NA,NA,NA,NA,"Moderate",NA,NA,NA,NA
"Osprey","Pandion haliaetus","osprey","Accipitriformes","Pandionidae (Osprey)",NA,NA,NA,NA,"Diurnal","Diurnal","Vertebrate & Carrion","No","No","No","Non-endemic","Wetland","Winter Migrant",NA,NA,NA,"Osprey","Pandion haliaetus","Osprey","Pandion haliaetus","Least Concern","Schedule-I","Appendix II","Appendix II",NA,"Osprey","Pandion haliaetus","avibase-1327AC55",1,9.78,1,0.030922409,416,"","X","X",79,0.0759493670886076,0.294303797468354,0.316455696202532,17.1392405063291,1.36473044838569,42.76809066111,53.0300501634567,65.5530851866877,39.6660523714369,50.6226630243164,64.2214912662679,36.7146069829922,48.2772438214107,63.1808586018408,34.0593672326118,46.0785777746642,62.1264642697198,31.5475813370927,44.0508333635614,61.091315809833,29.2314432889643,42.0373307037138,60.1141604705574,27.0224684625209,40.1141197093114,59.2303530152093,25.0033830278548,38.3025179429697,58.4174640570191,NA,NA,NA,NA,NA,NA,-5.84989205302018,-3.38662923031228,-0.923366407604388,40035,40035,40035,"Insufficient Data","Trend Inconclusive",NA,"Moderate","Insufficient Data","Trend Inconclusive",NA,"Low"
"Black-winged Kite","Elanus caeruleus","bkskit1","Accipitriformes","Accipitridae (Hawks, Eagles, and Kites)",NA,NA,NA,NA,"Diurnal","Diurnal","Vertebrate & Carrion","No","No","No","Non-endemic","Open Habitat","Resident",NA,NA,NA,"Black-winged Kite","Elanus caeruleus","Black-winged Kite","Elanus caeruleus","Least Concern","Schedule-II","Appendix II","",NA,"Black-winged Kite","Elanus caeruleus","avibase-97C47F3E",1,4.79,1,0.10506064,417,"X","X","X",234,0.106837606837607,0.548611111111111,0.696581196581197,15.2179487179487,0.767485755562065,36.1277401910529,44.3034690907154,54.3199268316499,32.4611575781851,40.9077137539111,51.5517379046457,29.1476409542028,37.7645559969631,48.9342787218608,26.1650938850092,34.8961444114794,46.4800388897731,23.4752003739902,32.236077338144,44.2035098259077,21.0592820757569,29.7603900481878,41.9999850918991,18.8987745790936,27.4822235812433,39.9355199968291,16.9497873580852,25.3659774497673,37.9530456267897,NA,NA,NA,-55.0640560865088,-45.770198005217,-33.1088788425077,-8.95114060607701,-6.38650076294265,-3.82186091980829,142547,142563,142579,"Decline","Rapid Decline",NA,"Moderate","Trend Inconclusive","Decline",NA,"Moderate"
"Bearded Vulture","Gypaetus barbatus","lammer1","Accipitriformes","Accipitridae (Hawks, Eagles, and Kites)",NA,NA,NA,NA,"Diurnal","Diurnal","Vertebrate & Carrion","No","No","No","Non-endemic","Non-specialized","Resident & Altitudinal Migrant",NA,NA,NA,"Bearded Vulture","Gypaetus barbatus","Bearded Vulture","Gypaetus barbatus","Near Threatened","Schedule-I","Appendix II","Appendix II",NA,"Bearded Vulture","Gypaetus barbatus","avibase-81DB7410",1,20.12,1,0.027226112,418,"","","",NA,NA,NA,NA,NA,NA,NA,NA,NA,NA,NA,NA,NA,NA,NA,NA,NA,NA,NA,NA,NA,NA,NA,NA,NA,NA,NA,NA,NA,NA,NA,NA,NA,NA,NA,NA,NA,NA,NA,NA,NA,NA,NA,NA,NA,"Moderate",NA,NA,NA,NA
"Egyptian Vulture","Neophron percnopterus","egyvul1","Accipitriformes","Accipitridae (Hawks, Eagles, and Kites)",NA,NA,NA,NA,"Diurnal","Diurnal","Vertebrate & Carrion","No","No","No","Non-endemic","Open Habitat","Resident & Winter Migrant",NA,NA,NA,"Egyptian Vulture","Neophron percnopterus","Egyptian Vulture","Neophron percnopterus","Endangered","Schedule-I","Appendix II","Appendix I",NA,"Egyptian Vulture","Neophron percnopterus","avibase-6D3480A6",1,16.63,2,0.094801815,419,"","","X",20,0.65,0.06,NA,16.55,2.52558358029439,NA,NA,NA,NA,NA,NA,NA,NA,NA,NA,NA,NA,NA,NA,NA,NA,NA,NA,NA,NA,NA,NA,NA,NA,NA,NA,NA,NA,NA,NA,NA,NA,NA,2420,2420,2420,"Insufficient Data","Insufficient Data",NA,"High","Insufficient Data","Insufficient Data",NA,"High"
"Jerdon's Baza","Aviceda jerdoni","jerbaz1","Accipitriformes","Accipitridae (Hawks, Eagles, and Kites)",NA,NA,NA,NA,"Diurnal","Diurnal","Invertebrate","No","No","No","Non-endemic","Forest","Resident",1,NA,NA,"Jerdon's Baza","Aviceda jerdoni","Jerdon's Baza","Aviceda jerdoni","Least Concern","Schedule-I","Appendix II","Appendix II",NA,"Jerdon's Baza","Aviceda jerdoni","avibase-0C89F1D6",1,6.58,2,0.112293583,420,"","","X",4,0.25,0.375,0.5,14.75,10.1016087827633,NA,NA,NA,NA,NA,NA,NA,NA,NA,NA,NA,NA,NA,NA,NA,NA,NA,NA,NA,NA,NA,NA,NA,NA,NA,NA,NA,NA,NA,NA,NA,NA,NA,2324,2387,2450,"Insufficient Data","Insufficient Data",NA,"Low","Insufficient Data","Insufficient Data",NA,"Low"
"Black Baza","Aviceda leuphotes","blabaz1","Accipitriformes","Accipitridae (Hawks, Eagles, and Kites)",NA,NA,NA,NA,"Diurnal","Diurnal","Invertebrate","No","No","No","Non-endemic","Forest","Within-India Migrant",NA,NA,NA,"Black Baza","Aviceda leuphotes","Black Baza","Aviceda leuphotes","Least Concern","Schedule-I","Appendix II","Appendix II",NA,"Black Baza","Aviceda leuphotes","avibase-139A5705",1,5.24,3,0.028532448,421,"","","X",14,0.142857142857143,0.238095238095238,0.142857142857143,15.4285714285714,4.37167104118181,NA,NA,NA,NA,NA,NA,NA,NA,NA,NA,NA,NA,NA,NA,NA,NA,NA,NA,NA,NA,NA,NA,NA,NA,NA,NA,NA,NA,NA,NA,NA,NA,NA,5523,5523,5523,"Insufficient Data","Insufficient Data",NA,"Low","Insufficient Data","Insufficient Data",NA,"Moderate"
"European Honey-buzzard","Pernis apivorus","euhbuz1","Accipitriformes","Accipitridae (Hawks, Eagles, and Kites)",NA,NA,NA,NA,"Diurnal","Diurnal","Vertebrate & Carrion","No","No","No","Non-endemic","Non-specialized","Winter Migrant",NA,NA,NA,"European Honey-buzzard","Pernis apivorus","European Honey-buzzard","Pernis apivorus","Least Concern","Schedule-II","Appendix II","Appendix II",NA,"European Honey Buzzard","Pernis apivorus","avibase-ED5A7E8F",NA,8.92,1,NA,422,"","","",2,NA,NA,NA,15,15.68,NA,NA,NA,NA,NA,NA,NA,NA,NA,NA,NA,NA,NA,NA,NA,NA,NA,NA,NA,NA,NA,NA,NA,NA,NA,NA,NA,NA,NA,NA,NA,NA,NA,NA,NA,NA,NA,NA,NA,NA,NA,NA,NA,NA
"Oriental Honey-buzzard","Pernis ptilorhynchus","orihob2","Accipitriformes","Accipitridae (Hawks, Eagles, and Kites)",NA,NA,NA,NA,"Diurnal","Diurnal","Vertebrate & Carrion","No","No","No","Non-endemic","Forest & Plantation","Resident & Winter Migrant",NA,NA,NA,"Oriental Honey-buzzard","Pernis ptilorhynchus","Oriental Honey-buzzard","Pernis ptilorhynchus","Least Concern","Schedule-II","Appendix II","Appendix II",NA,"Crested Honey Buzzard","Pernis ptilorhynchus","avibase-1192205B",1,8.82,2,0.180103617,423,"","X","X",212,0.0471698113207547,0.488797169811321,0.674528301886792,15.7028301886792,0.79752981335823,72.5528310685939,77.4644688783773,82.4849186196097,70.3482792610107,75.7249492839588,81.3178329239425,68.1513917483876,74.0115886864437,80.1854684382939,66.01789685178,72.3309953141463,79.0994351708489,63.9378478806044,70.7272286404794,78.0264122682455,61.9633837369492,69.0967149815929,76.9597221741044,59.9589824289769,67.4816054040453,75.9687573073502,58.0924630496991,65.9726654215445,74.9788302643725,NA,NA,NA,NA,NA,NA,-2.87787615408423,-2.0010780245985,-1.12427989511277,133610,133661,133712,"Insufficient Data","Trend Inconclusive",NA,"Low","Insufficient Data","Stable",NA,"Low"
"Red-headed Vulture","Sarcogyps calvus","rehvul1","Accipitriformes","Accipitridae (Hawks, Eagles, and Kites)",NA,NA,NA,NA,"Diurnal","Diurnal","Vertebrate & Carrion","No","No","No","Non-endemic","Forest","Resident",1,NA,NA,"Red-headed Vulture","Sarcogyps calvus","Red-headed Vulture","Sarcogyps calvus","Critically Endangered","Schedule-I","Appendix II","Appendix I",NA,"Red-headed Vulture","Sarcogyps calvus","avibase-21D7169D",1,13.14,1,0.553966538,424,"X","X","X",4,0.25,0.71875,0.75,21.25,3.43,65.9661365658734,94.8202883067646,137.797531454447,64.716747773899,98.2425098215965,148.687389041859,63.3299904430213,101.661504793065,161.551964643414,62.0389697032654,104.786856086225,175.379789464034,60.8216265660603,108.087155781566,190.617650999777,59.686559068335,111.699970641187,208.513339989344,58.2516566503695,115.451152373393,227.865349028302,56.8555740616585,119.090538801088,248.135389648013,NA,NA,NA,-22.0220172674892,189.119207167168,378181213.03489,-6385455.26147574,6.40004259249407,6385468.06156093,5750,5784,5818,"Trend Inconclusive","Trend Inconclusive",NA,"Moderate","Insufficient Data","Trend Inconclusive",NA,"High"
"Cinereous Vulture","Aegypius monachus","cinvul1","Accipitriformes","Accipitridae (Hawks, Eagles, and Kites)",NA,NA,NA,NA,"Diurnal","Diurnal","Vertebrate & Carrion","No","No","No","Non-endemic","Open Habitat","Winter Migrant",1,NA,NA,"Cinereous Vulture","Aegypius monachus","Cinereous Vulture","Aegypius monachus","Near Threatened","Schedule-I","Appendix II","Appendix II",NA,"Cinereous Vulture","Aegypius monachus","avibase-158BDC90",1,14.89,1,0.067655846,425,"","","X",1,NA,NA,NA,7,NA,NA,NA,NA,NA,NA,NA,NA,NA,NA,NA,NA,NA,NA,NA,NA,NA,NA,NA,NA,NA,NA,NA,NA,NA,NA,NA,NA,NA,NA,NA,NA,NA,NA,0,0,0,"Insufficient Data","Insufficient Data",NA,"Moderate","Insufficient Data","Insufficient Data",NA,"Moderate"
"Himalayan Griffon","Gyps himalayensis","himgri1","Accipitriformes","Accipitridae (Hawks, Eagles, and Kites)",NA,NA,NA,NA,"Diurnal","Diurnal","Vertebrate & Carrion","No","No","No","Non-endemic","Non-specialized","Resident & Winter Migrant",NA,NA,NA,"Himalayan Vulture","Gyps himalayensis","Himalayan Griffon","Gyps himalayensis","Near Threatened","Schedule-I","Appendix II","Appendix II",NA,"Himalayan Vulture","Gyps himalayensis","avibase-9BB5551E",1,14.68,1,0.252074413,426,"","","",NA,NA,NA,NA,NA,NA,NA,NA,NA,NA,NA,NA,NA,NA,NA,NA,NA,NA,NA,NA,NA,NA,NA,NA,NA,NA,NA,NA,NA,NA,NA,NA,NA,NA,NA,NA,NA,NA,NA,NA,NA,NA,NA,NA,NA,"Moderate",NA,NA,NA,NA
"White-rumped Vulture","Gyps bengalensis","whrvul1","Accipitriformes","Accipitridae (Hawks, Eagles, and Kites)",NA,NA,NA,NA,"Diurnal","Diurnal","Vertebrate & Carrion","No","No","No","Non-endemic","Non-specialized","Resident",1,NA,NA,"White-rumped Vulture","Gyps bengalensis","White-rumped Vulture","Gyps bengalensis","Critically Endangered","Schedule-I","Appendix II","Appendix I",NA,"White-rumped Vulture","Gyps bengalensis","avibase-FC2346E6",1,11.62,1,0.517331362,427,"X","X","X",12,0.5,0.302083333333333,0.5,14.3333333333333,5.14246570580238,86.5247088214265,135.771753791587,212.512606416245,86.4940749878781,143.880708706685,238.815189735687,86.1395126014383,152.745853536553,268.392273682066,86.0114806662547,161.74046784624,301.989919360315,85.6772559729007,171.201147204397,341.769167377539,85.3481095519184,181.574378268831,386.316955493443,84.7634035360711,192.284214734585,437.123538614759,84.2453355171069,204.238767428247,493.018820089546,NA,NA,NA,-65.9964383899886,-18.4457778142786,406.038531074706,-4947528.47995419,3.40559102241594,4947535.29113624,5499,5499,5499,"Trend Inconclusive","Trend Inconclusive",NA,"Moderate","Decline","Trend Inconclusive",NA,"Moderate"
"Indian Vulture","Gyps indicus","indvul1","Accipitriformes","Accipitridae (Hawks, Eagles, and Kites)",NA,NA,NA,NA,"Diurnal","Diurnal","Vertebrate & Carrion","No","Yes","No","Indian Subcontinent","Forest & Plantation","Resident",NA,NA,NA,"Indian Vulture","Gyps indicus","Indian Vulture","Gyps indicus","Critically Endangered","Schedule-I","Appendix II","Appendix I",NA,"Indian Vulture","Gyps indicus","avibase-C255F69A",1,13.4,1,0.971954803,428,"X","X","X",6,0.166666666666667,0.520833333333333,0.333333333333333,22.5,2.66588821971215,50.0999573510191,119.047478600227,301.376388879326,46.208597388697,122.350771200426,345.492055922561,42.1327411417796,125.733959739666,399.420784746267,38.0813136612988,129.586813730667,467.74273640956,34.7150023314656,133.977842814134,546.998335636414,31.7179085942268,138.644012432112,640.299527891711,28.6627805655312,143.096247733196,747.079844737968,25.9728004670623,147.121727726886,869.268034083697,NA,NA,NA,-35.9580615160664,139.4809261407,1027618522.34136,-26699072.0816844,5.37371376934102,26699082.8291119,4896,4901,4906,"Trend Inconclusive","Trend Inconclusive",NA,"Moderate","Insufficient Data","Trend Inconclusive",NA,"High"
"Slender-billed Vulture","Gyps tenuirostris","slbvul1","Accipitriformes","Accipitridae (Hawks, Eagles, and Kites)",NA,NA,NA,NA,"Diurnal","Diurnal","Vertebrate & Carrion","No","No","No","Non-endemic","Open Habitat","Resident",1,NA,NA,"Slender-billed Vulture","Gyps tenuirostris","Slender-billed Vulture","Gyps tenuirostris","Critically Endangered","Schedule-I","Appendix II","Appendix I",NA,"Slender-billed Vulture","Gyps tenuirostris","avibase-11324DC8",1,13.42,1,0.20720409,429,"","","",NA,NA,NA,NA,NA,NA,NA,NA,NA,NA,NA,NA,NA,NA,NA,NA,NA,NA,NA,NA,NA,NA,NA,NA,NA,NA,NA,NA,NA,NA,NA,NA,NA,NA,NA,NA,NA,NA,NA,NA,NA,NA,NA,NA,NA,"High",NA,NA,NA,NA
"Eurasian Griffon","Gyps fulvus","eurgri1","Accipitriformes","Accipitridae (Hawks, Eagles, and Kites)",NA,NA,NA,NA,"Diurnal","Diurnal","Vertebrate & Carrion","No","No","No","Non-endemic","Open Habitat","Winter Migrant",NA,NA,NA,"Griffon Vulture","Gyps fulvus","Griffon Vulture","Gyps fulvus","Least Concern","Schedule-I","Appendix II","Appendix II",NA,"Griffon Vulture","Gyps fulvus","avibase-5D1987CE",1,14.02,1,0.082819957,430,"","","",NA,NA,NA,NA,NA,NA,NA,NA,NA,NA,NA,NA,NA,NA,NA,NA,NA,NA,NA,NA,NA,NA,NA,NA,NA,NA,NA,NA,NA,NA,NA,NA,NA,NA,NA,NA,NA,NA,NA,NA,NA,NA,NA,NA,NA,"Moderate",NA,NA,NA,NA
"Nicobar Serpent-Eagle","Spilornis klossi","nicsee1","Accipitriformes","Accipitridae (Hawks, Eagles, and Kites)",NA,NA,NA,NA,"Diurnal","Diurnal","Vertebrate & Carrion","Yes","Yes","No","Nicobar Islands","Forest","Resident",NA,NA,1,"Nicobar Serpent-Eagle","Spilornis klossi","Great Nicobar Serpent-eagle","Spilornis klossi","Endangered","Schedule-I","Appendix II","",NA,"Great Nicobar Serpent Eagle","Spilornis klossi","avibase-827AE888",1,9.3,1,1,431,"","","",NA,NA,NA,NA,NA,NA,NA,NA,NA,NA,NA,NA,NA,NA,NA,NA,NA,NA,NA,NA,NA,NA,NA,NA,NA,NA,NA,NA,NA,NA,NA,NA,NA,NA,NA,NA,NA,NA,NA,NA,NA,NA,NA,NA,NA,"High",NA,NA,NA,NA
"Crested Serpent-Eagle","Spilornis cheela","crseag1","Accipitriformes","Accipitridae (Hawks, Eagles, and Kites)",NA,NA,NA,NA,"Diurnal","Diurnal","Vertebrate & Carrion","No","No","No","Non-endemic","Forest","Resident",NA,NA,NA,"Crested Serpent-Eagle","Spilornis cheela","Crested Serpent-eagle","Spilornis cheela","Least Concern","Schedule-I","Appendix II","Appendix II",NA,"Crested Serpent Eagle","Spilornis cheela","avibase-3EEEE78A",1,8.12,4,0.271842028,432,"","X","X",104,0.125,0.447115384615385,0.596153846153846,16.5576923076923,1.21105555059179,67.3697503745241,76.5183254018165,86.9060629300753,64.7514776158624,74.7749082447775,86.3990920380603,62.1961786863676,73.0678687278349,85.9166645235492,59.7337192505052,71.3819168533834,85.4096569545382,57.3237002048452,69.7471310338936,84.9951946354576,54.9896086048031,68.1726923486908,84.5844437115052,52.7769536312273,66.6438567148255,84.1532799298848,50.637612419901,65.1278157585935,83.7015145440837,NA,NA,NA,NA,NA,NA,-3.86851379407442,-2.12907026634062,-0.389626738606814,76220,76269,76318,"Insufficient Data","Trend Inconclusive",NA,"Low","Insufficient Data","Decline",NA,"Moderate"
"Andaman Serpent-Eagle","Spilornis elgini","anseag1","Accipitriformes","Accipitridae (Hawks, Eagles, and Kites)",NA,NA,NA,NA,"Diurnal","Diurnal","Vertebrate & Carrion","Yes","Yes","No","Andaman Islands","Forest","Resident",NA,NA,1,"Andaman Serpent-Eagle","Spilornis elgini","Andaman Serpent-eagle","Spilornis elgini","Vulnerable","Schedule-I","Appendix II","",NA,"Andaman Serpent Eagle","Spilornis elgini","avibase-FEADBB9B",1,9.17,1,1,433,"","","",NA,NA,NA,NA,NA,NA,NA,NA,NA,NA,NA,NA,NA,NA,NA,NA,NA,NA,NA,NA,NA,NA,NA,NA,NA,NA,NA,NA,NA,NA,NA,NA,NA,NA,NA,NA,NA,NA,NA,NA,NA,NA,NA,NA,NA,"High",NA,NA,NA,NA
"Short-toed Snake-Eagle","Circaetus gallicus","shteag1","Accipitriformes","Accipitridae (Hawks, Eagles, and Kites)",NA,NA,NA,NA,"Diurnal","Diurnal","Vertebrate & Carrion","No","No","No","Non-endemic","Open Habitat","Resident",NA,NA,NA,"Short-toed Snake-Eagle","Circaetus gallicus","Short-toed Snake-eagle","Circaetus gallicus","Least Concern","Schedule-I","Appendix II","Appendix II",NA,"Short-toed Snake Eagle","Circaetus gallicus","avibase-8372FFBA",1,11.72,1,0.106097228,434,"","X","X",151,0.0463576158940397,0.367549668874172,0.483443708609272,16.8543046357616,0.904422495166888,45.0515297090997,51.9066650646685,60.0609273887808,41.6949154802094,48.9560158538091,57.8255915022978,38.5612066208475,46.1466168303514,55.712739724276,35.6675315521643,43.5436382763824,53.567002965843,32.9657519999303,41.1340861710247,51.5411808647327,30.4353403149153,38.8536562400228,49.6699560938521,28.105487706028,36.5634045594123,47.8563705525918,25.9777635674553,34.5206509031064,46.1415944008083,NA,NA,NA,NA,NA,NA,-5.90929460876645,-4.25431802770142,-2.5993414466364,108054,108157,108260,"Insufficient Data","Decline",NA,"Moderate","Insufficient Data","Decline",NA,"Moderate"
"Legge's Hawk-Eagle","Nisaetus kelaarti","mouhae2","Accipitriformes","Accipitridae (Hawks, Eagles, and Kites)",NA,NA,NA,NA,"Diurnal","Diurnal","Vertebrate & Carrion","No","Yes","No","Western Ghats & Sri Lanka","Forest","Resident",NA,NA,NA,"Legge's Hawk-Eagle","Nisaetus kelaarti","Not at species rank","Nisaetus nipalensis kelaarti","Not recognized","Schedule-II","Appendix II","",NA,"Legge's Hawk-Eagle","Nisaetus kelaarti","avibase-38856722",1,11.23,1,NA,435,"","","X",20,0.1,0.375,0.4,17.85,3.11943486784655,NA,NA,NA,NA,NA,NA,NA,NA,NA,NA,NA,NA,NA,NA,NA,NA,NA,NA,NA,NA,NA,NA,NA,NA,NA,NA,NA,NA,NA,NA,NA,NA,NA,18295,18512,18729,"Insufficient Data","Insufficient Data",NA,"Moderate","Insufficient Data","Insufficient Data",NA,"Moderate"
"Mountain Hawk-Eagle","Nisaetus nipalensis","mouhae1","Accipitriformes","Accipitridae (Hawks, Eagles, and Kites)",NA,NA,NA,NA,"Diurnal","Diurnal","Vertebrate & Carrion","No","No","No","Non-endemic","Forest","Resident",NA,NA,NA,"Mountain Hawk-Eagle","Nisaetus nipalensis","Mountain Hawk-eagle","Nisaetus nipalensis","Near Threatened","Schedule-I","Appendix II","Appendix II",NA,"Mountain Hawk-Eagle","Nisaetus nipalensis","avibase-9EA9701E",1,11.23,1,0.134679459,436,"","","",NA,NA,NA,NA,NA,NA,NA,NA,NA,NA,NA,NA,NA,NA,NA,NA,NA,NA,NA,NA,NA,NA,NA,NA,NA,NA,NA,NA,NA,NA,NA,NA,NA,NA,NA,NA,NA,NA,NA,NA,NA,NA,NA,NA,NA,"Moderate",NA,NA,NA,NA
"Changeable Hawk-Eagle","Nisaetus cirrhatus","y00839","Accipitriformes","Accipitridae (Hawks, Eagles, and Kites)",NA,NA,NA,NA,"Diurnal","Diurnal","Vertebrate & Carrion","No","No","No","Non-endemic","Forest","Resident",NA,NA,NA,"Changeable Hawk-Eagle","Nisaetus cirrhatus","Changeable Hawk-eagle","Nisaetus cirrhatus","Least Concern","Schedule-I","Appendix II","",NA,"Changeable Hawk-Eagle","Nisaetus cirrhatus","avibase-2C0FA6E3",1,10.28,3,0.406839482,437,"","X","X",70,0.114285714285714,0.408928571428571,0.614285714285714,16.6142857142857,1.40235569925978,54.9273425456569,69.0876303426324,86.7671259112757,51.9671403900863,67.3329978518271,87.1644765361054,49.0181040910782,65.6109245523922,87.6861066524534,46.2536281231664,63.9489055537755,88.1360234635979,43.6863330855172,62.2568944536464,88.7278627870654,41.2238512608614,60.6679126904141,89.3515733264109,38.8658592750371,59.0957738517787,90.0311124416606,36.6192941465035,57.5694195240399,90.6615571507908,NA,NA,NA,NA,NA,NA,-4.90722925668666,-2.25981105818822,0.387607140310228,59445,59552,59659,"Insufficient Data","Trend Inconclusive",NA,"Low","Insufficient Data","Decline",NA,"Moderate"
"Rufous-bellied Eagle","Lophotriorchis kienerii","rubeag2","Accipitriformes","Accipitridae (Hawks, Eagles, and Kites)",NA,NA,NA,NA,"Diurnal","Diurnal","Vertebrate & Carrion","No","No","No","Non-endemic","Forest","Resident",NA,NA,NA,"Rufous-bellied Eagle","Lophotriorchis kienerii","Rufous-bellied Eagle","Lophotriorchis kienerii","Near Threatened","Schedule-I","Appendix II","",NA,"Rufous-bellied Eagle","Lophotriorchis kienerii","avibase-BEB2A9A8",1,9.02,1,0.070132851,438,"","","X",37,0.0810810810810811,0.408783783783784,0.540540540540541,17.2432432432432,2.29032821041429,NA,NA,NA,NA,NA,NA,NA,NA,NA,NA,NA,NA,NA,NA,NA,NA,NA,NA,NA,NA,NA,NA,NA,NA,NA,NA,NA,NA,NA,NA,NA,NA,NA,24364,24364,24364,"Insufficient Data","Insufficient Data",NA,"Moderate","Insufficient Data","Insufficient Data",NA,"Moderate"
"Black Eagle","Ictinaetus malaiensis","blaeag1","Accipitriformes","Accipitridae (Hawks, Eagles, and Kites)",NA,NA,NA,NA,"Diurnal","Diurnal","Vertebrate & Carrion","No","No","No","Non-endemic","Forest","Resident",NA,NA,NA,"Black Eagle","Ictinaetus malaiensis","Black Eagle","Ictinaetus malaiensis","Least Concern","Schedule-I","Appendix II","Appendix II",NA,"Black Eagle","Ictinaetus malaiensis","avibase-28D7E7CC",1,9.51,1,0.216764514,439,"","X","X",90,0.0888888888888889,0.459722222222222,0.611111111111111,16.7777777777778,1.27650669449925,81.7089152852642,96.6019896716981,114.009039107114,78.9476687299238,95.2795425693726,115.099735222752,76.2318805984373,94.0959488777288,116.126741833699,73.5939593200983,93.0246809446933,117.414280747296,71.0718099207799,91.8918907569104,118.809864500268,68.6803697832096,90.795213621375,120.134880156903,66.2001855246697,89.6416686035591,121.460277153631,63.796768167524,88.4921306985039,122.790695222871,NA,NA,NA,NA,NA,NA,-4.3874371133325,-1.51070078298514,1.36603554736223,72372,72481,72590,"Insufficient Data","Trend Inconclusive",NA,"Moderate","Insufficient Data","Trend Inconclusive",NA,"Low"
"Indian Spotted Eagle","Clanga hastata","inseag1","Accipitriformes","Accipitridae (Hawks, Eagles, and Kites)",NA,NA,NA,NA,"Diurnal","Diurnal","Vertebrate & Carrion","No","No","No","Non-endemic","Open Habitat","Resident & Within-India Migrant",1,NA,NA,"Indian Spotted Eagle","Clanga hastata","Indian Spotted Eagle","Clanga hastata","Near Threatened","Schedule-I","Appendix II","",NA,"Indian Spotted Eagle","Clanga hastata","avibase-3A985C9F",1,9.62,1,0.890102817,440,"","","X",82,0.024390243902439,0.278963414634146,0.48780487804878,17.1829268292683,1.16739514128566,NA,NA,NA,NA,NA,NA,NA,NA,NA,NA,NA,NA,NA,NA,NA,NA,NA,NA,NA,NA,NA,NA,NA,NA,NA,NA,NA,NA,NA,NA,NA,NA,NA,46669,46669,46669,"Insufficient Data","Insufficient Data",NA,"Moderate","Insufficient Data","Insufficient Data",NA,"Moderate"
"Greater Spotted Eagle","Clanga clanga","grseag1","Accipitriformes","Accipitridae (Hawks, Eagles, and Kites)",NA,NA,NA,NA,"Diurnal","Diurnal","Vertebrate & Carrion","No","No","No","Non-endemic","Open Habitat","Winter Migrant",NA,NA,NA,"Greater Spotted Eagle","Clanga clanga","Greater Spotted Eagle","Clanga clanga","Vulnerable","Schedule-I","Appendix II","Appendix I",NA,"Greater Spotted Eagle","Clanga clanga","avibase-BAC4CA22",1,10.07,1,0.07512828,441,"","X","X",74,0.0135135135135135,0.285472972972973,0.432432432432432,18.0135135135135,1.29850408667195,159.187211519338,203.077658044867,260.011325299082,163.118261870708,215.23300513086,284.378959792123,166.721450381391,227.7036256292,310.942829070127,170.193363956292,241.056731225248,341.153272516273,173.782841866522,254.267744091352,374.242774372958,177.368710467401,269.510218774283,411.114157128868,180.902602479875,286.431134357717,452.405611165645,185.108852754543,303.00747283827,496.031967389121,NA,NA,NA,NA,NA,NA,2.18408642919221,8.09568931816314,14.0072922071341,49157,49275,49393,"Insufficient Data","Trend Inconclusive",NA,"Low","Insufficient Data","Trend Inconclusive",NA,"Moderate"
"Booted Eagle","Hieraaetus pennatus","booeag1","Accipitriformes","Accipitridae (Hawks, Eagles, and Kites)",NA,NA,NA,NA,"Diurnal","Diurnal","Vertebrate & Carrion","No","No","No","Non-endemic","Non-specialized","Winter Migrant",NA,NA,NA,"Booted Eagle","Hieraaetus pennatus","Booted Eagle","Hieraaetus pennatus","Least Concern","Schedule-I","Appendix II","Appendix II",NA,"Booted Eagle","Hieraaetus pennatus","avibase-4B8CC285",1,6.53,1,0.078998913,442,"","X","X",194,0.0412371134020619,0.420103092783505,0.597938144329897,16.0773195876289,0.826128216525426,37.1431980973272,42.8370779323499,49.4059909067951,33.7784749050361,39.718302520816,46.6846885917797,30.6899964650004,36.8002125773557,44.0700926615596,27.9074816111431,34.1154361231916,41.6546745829596,25.366485725266,31.6557141709032,39.4086442744105,23.0494392593277,29.3717513408582,37.2975989949298,20.9549537860684,27.2524405206882,35.3074949762961,19.0342674903353,25.2740954345865,33.4122980745605,NA,NA,NA,NA,NA,NA,-7.04425837215212,-5.40071830986573,-3.75717824757933,120584,120665,120746,"Insufficient Data","Rapid Decline",NA,"Low","Insufficient Data","Decline",NA,"Moderate"
"Steppe Eagle","Aquila nipalensis","steeag1","Accipitriformes","Accipitridae (Hawks, Eagles, and Kites)",NA,NA,NA,NA,"Diurnal","Diurnal","Vertebrate & Carrion","No","No","No","Non-endemic","Non-specialized","Winter Migrant",NA,NA,NA,"Steppe Eagle","Aquila nipalensis","Steppe Eagle","Aquila nipalensis","Endangered","Schedule-I","Appendix II","Appendix I",NA,"Steppe Eagle","Aquila nipalensis","avibase-A635F565",1,13.27,2,0.098318497,443,"","","X",4,NA,0.333333333333333,0.25,17.75,9.71387152478351,NA,NA,NA,NA,NA,NA,NA,NA,NA,NA,NA,NA,NA,NA,NA,NA,NA,NA,NA,NA,NA,NA,NA,NA,NA,NA,NA,NA,NA,NA,NA,NA,NA,2001,2017,2033,"Insufficient Data","Insufficient Data",NA,"Moderate","Insufficient Data","Insufficient Data",NA,"High"
"Imperial Eagle","Aquila heliaca","impeag1","Accipitriformes","Accipitridae (Hawks, Eagles, and Kites)",NA,NA,NA,NA,"Diurnal","Diurnal","Vertebrate & Carrion","No","No","No","Non-endemic","Open Habitat","Winter Migrant",NA,NA,NA,"Imperial Eagle","Aquila heliaca","Eastern Imperial Eagle","Aquila heliaca","Vulnerable","Schedule-I","Appendix I","Appendix I",NA,"Eastern Imperial Eagle","Aquila heliaca","avibase-469DCF57",1,16.53,1,0.041263671,444,"","","",NA,NA,NA,NA,NA,NA,NA,NA,NA,NA,NA,NA,NA,NA,NA,NA,NA,NA,NA,NA,NA,NA,NA,NA,NA,NA,NA,NA,NA,NA,NA,NA,NA,NA,NA,NA,NA,NA,NA,NA,NA,NA,NA,NA,NA,"Moderate",NA,NA,NA,NA
"Tawny Eagle","Aquila rapax","taweag1","Accipitriformes","Accipitridae (Hawks, Eagles, and Kites)",NA,NA,NA,NA,"Diurnal","Diurnal","Vertebrate & Carrion","No","No","No","Non-endemic","Open Habitat","Resident & Winter Migrant",NA,NA,NA,"Tawny Eagle","Aquila rapax","Tawny Eagle","Aquila rapax","Vulnerable","Schedule-I","Appendix II","Appendix II",NA,"Tawny Eagle","Aquila rapax","avibase-F6D547B2",1,14.25,1,0.119234533,445,"","","X",18,0.0555555555555556,0.126984126984127,0.111111111111111,18.5,2.61453403789167,NA,NA,NA,NA,NA,NA,NA,NA,NA,NA,NA,NA,NA,NA,NA,NA,NA,NA,NA,NA,NA,NA,NA,NA,NA,NA,NA,NA,NA,NA,NA,NA,NA,3120,3288,3456,"Insufficient Data","Insufficient Data",NA,"High","Insufficient Data","Insufficient Data",NA,"Moderate"
"Golden Eagle","Aquila chrysaetos","goleag","Accipitriformes","Accipitridae (Hawks, Eagles, and Kites)",NA,NA,NA,NA,"Diurnal","Diurnal","Vertebrate & Carrion","No","No","No","Non-endemic","Alpine & Cold Desert","Local Migrant & Winter Migrant",NA,NA,NA,"Golden Eagle","Aquila chrysaetos","Golden Eagle","Aquila chrysaetos","Least Concern","Schedule-I","Appendix II","Appendix II",NA,"Golden Eagle","Aquila chrysaetos","avibase-5F8E7CA8",1,18.86,1,0.004886929,446,"","","",NA,NA,NA,NA,NA,NA,NA,NA,NA,NA,NA,NA,NA,NA,NA,NA,NA,NA,NA,NA,NA,NA,NA,NA,NA,NA,NA,NA,NA,NA,NA,NA,NA,NA,NA,NA,NA,NA,NA,NA,NA,NA,NA,NA,NA,"Low",NA,NA,NA,NA
"Bonelli's Eagle","Aquila fasciata","boneag2","Accipitriformes","Accipitridae (Hawks, Eagles, and Kites)",NA,NA,NA,NA,"Diurnal","Diurnal","Vertebrate & Carrion","No","No","No","Non-endemic","Non-specialized","Resident",NA,NA,NA,"Bonelli's Eagle","Aquila fasciata","Bonelli's Eagle","Aquila fasciata","Least Concern","Schedule-I","Appendix II","",NA,"Bonelli's Eagle","Aquila fasciata","avibase-05F11441",1,11.46,1,0.366021832,447,"","X","X",119,0.00840336134453781,0.303571428571429,0.428571428571429,16.9075630252101,1.0744765649234,43.461178597973,57.2803129871023,75.403979515669,39.9240543974957,54.5476736057685,74.368633361478,36.5783497022713,51.8175258431684,73.375011822402,33.4973336056766,49.3161855070122,72.6040275125968,30.640923752911,46.9848200565133,71.7025401189236,28.0054539989718,44.7268070625638,71.022886330402,25.6275324096142,42.5298311772385,70.3712401955186,23.4569519562682,40.4510092898296,69.5375860019793,NA,NA,NA,NA,NA,NA,-7.2422726024008,-4.07830111740942,-0.91432963241804,64311,64311,64311,"Insufficient Data","Trend Inconclusive",NA,"Moderate","Insufficient Data","Trend Inconclusive",NA,"Low"
"Crested Goshawk","Lophospiza trivirgata","cregos1","Accipitriformes","Accipitridae (Hawks, Eagles, and Kites)",NA,NA,NA,NA,"Diurnal","Diurnal","Vertebrate & Carrion","No","No","No","Non-endemic","Forest","Resident & Local Migrant",NA,NA,NA,"Crested Goshawk","Lophospiza trivirgata","Crested Goshawk","Accipiter trivirgatus","Least Concern","Schedule-I","Appendix II","",NA,"Crested Goshawk","Lophospiza trivirgata","avibase-0D4EE0EB",1,6.07,2,0.139060009,448,"","","X",30,0.166666666666667,0.433333333333333,0.466666666666667,17.5,2.30717242478779,NA,NA,NA,NA,NA,NA,NA,NA,NA,NA,NA,NA,NA,NA,NA,NA,NA,NA,NA,NA,NA,NA,NA,NA,NA,NA,NA,NA,NA,NA,NA,NA,NA,16189,16317,16445,"Insufficient Data","Insufficient Data",NA,"Low","Insufficient Data","Insufficient Data",NA,"Low"
"Besra","Tachyspiza virgata","besra1","Accipitriformes","Accipitridae (Hawks, Eagles, and Kites)",NA,NA,NA,NA,"Diurnal","Diurnal","Vertebrate & Carrion","No","No","No","Non-endemic","Forest","Resident & Local Migrant",NA,NA,NA,"Besra","Tachyspiza virgata","Besra","Accipiter virgatus","Least Concern","Schedule-I","Appendix II","Appendix II",NA,"Besra","Tachyspiza virgata","avibase-A59A2D4D",1,4,3,0.159213219,449,"","","X",17,0.470588235294118,0.169117647058824,0.235294117647059,20,2.43554559656377,NA,NA,NA,NA,NA,NA,NA,NA,NA,NA,NA,NA,NA,NA,NA,NA,NA,NA,NA,NA,NA,NA,NA,NA,NA,NA,NA,NA,NA,NA,NA,NA,NA,13246,13451,13656,"Insufficient Data","Insufficient Data",NA,"Low","Insufficient Data","Insufficient Data",NA,"Low"
"Japanese Sparrowhawk","Tachyspiza gularis","japspa1","Accipitriformes","Accipitridae (Hawks, Eagles, and Kites)",NA,NA,NA,NA,"Diurnal","Diurnal","Vertebrate & Carrion","No","No","No","Non-endemic","Non-specialized","Winter Migrant",NA,NA,NA,"Japanese Sparrowhawk","Tachyspiza gularis","Japanese Sparrowhawk","Accipiter gularis","Least Concern","Schedule-I","Appendix II","Appendix II",NA,"Japanese Sparrowhawk","Tachyspiza gularis","avibase-1E49FE52",1,4,1,NA,450,"","","",NA,NA,NA,NA,NA,NA,NA,NA,NA,NA,NA,NA,NA,NA,NA,NA,NA,NA,NA,NA,NA,NA,NA,NA,NA,NA,NA,NA,NA,NA,NA,NA,NA,NA,NA,NA,NA,NA,NA,NA,NA,NA,NA,NA,NA,NA,NA,NA,NA,NA
"Shikra","Tachyspiza badia","shikra1","Accipitriformes","Accipitridae (Hawks, Eagles, and Kites)",NA,NA,NA,NA,"Diurnal","Diurnal","Vertebrate & Carrion","No","No","No","Non-endemic","Non-specialized","Resident",NA,NA,NA,"Shikra","Tachyspiza badia","Shikra","Accipiter badius","Least Concern","Schedule-I","Appendix II","Appendix II",NA,"Shikra","Tachyspiza badia","avibase-1A0ECB6E",1,3.77,4,0.128560004,451,"X","X","X",252,0.126984126984127,0.668650793650794,0.817460317460317,14.6904761904762,0.76754104535725,85.663179645665,91.6185605553527,97.9297101733203,84.254002470506,90.8799789537196,98.0037194763683,82.822127633993,90.204081375309,98.1785097763146,81.4040663144965,89.5026299369552,98.3618630731849,80.0070649489221,88.8383614423314,98.5072967025708,78.6587459874974,88.1388717369833,98.6655772060584,77.2915532664582,87.4452465511363,98.8330184127736,75.9499881199255,86.7916388393502,99.0452063798537,NA,NA,NA,-10.0545283667259,2.154898192372,17.103928693098,-1.96378752278609,-0.845786686475505,0.272214149835075,145151,145156,145161,"Stable","Stable",NA,"Low","Trend Inconclusive","Trend Inconclusive",NA,"Low"
"Nicobar Sparrowhawk","Tachyspiza butleri","nicspa1","Accipitriformes","Accipitridae (Hawks, Eagles, and Kites)",NA,NA,NA,NA,"Diurnal","Diurnal","Vertebrate & Carrion","Yes","Yes","No","Nicobar Islands","Forest","Resident",NA,NA,1,"Nicobar Sparrowhawk","Tachyspiza butleri","Nicobar Sparrowhawk","Accipiter butleri","Vulnerable","Schedule-I","Appendix II","",NA,"Nicobar Sparrowhawk","Tachyspiza butleri","avibase-6B64C150",1,5.86,2,1,452,"","","",NA,NA,NA,NA,NA,NA,NA,NA,NA,NA,NA,NA,NA,NA,NA,NA,NA,NA,NA,NA,NA,NA,NA,NA,NA,NA,NA,NA,NA,NA,NA,NA,NA,NA,NA,NA,NA,NA,NA,NA,NA,NA,NA,NA,NA,"High",NA,NA,NA,NA
"Levant Sparrowhawk","Tachyspiza brevipes","levspa1","Accipitriformes","Accipitridae (Hawks, Eagles, and Kites)",NA,NA,NA,NA,"Diurnal","Diurnal","Vertebrate & Carrion","No","No","No","Non-endemic","Non-specialized","Winter Migrant",NA,NA,NA,"Levant Sparrowhawk","Tachyspiza brevipes","Levant Sparrowhawk","Accipiter brevipes","Least Concern","Recent addition","Appendix II","Appendix II",NA,"Levant Sparrowhawk","Tachyspiza brevipes","avibase-8492E4B7",NA,3.7,1,NA,453,"","","",NA,NA,NA,NA,NA,NA,NA,NA,NA,NA,NA,NA,NA,NA,NA,NA,NA,NA,NA,NA,NA,NA,NA,NA,NA,NA,NA,NA,NA,NA,NA,NA,NA,NA,NA,NA,NA,NA,NA,NA,NA,NA,NA,NA,NA,NA,NA,NA,NA,NA
"Chinese Sparrowhawk","Tachyspiza soloensis","grfhaw1","Accipitriformes","Accipitridae (Hawks, Eagles, and Kites)",NA,NA,NA,NA,"Diurnal","Diurnal","Vertebrate & Carrion","No","No","No","Non-endemic","Non-specialized","Winter Migrant",NA,NA,NA,"Chinese Sparrowhawk","Tachyspiza soloensis","Chinese Sparrowhawk","Accipiter soloensis","Least Concern","Schedule-I","Appendix II","Appendix II",NA,"Chinese Sparrowhawk","Tachyspiza soloensis","avibase-D188E45C",1,4.47,1,NA,454,"","","",NA,NA,NA,NA,NA,NA,NA,NA,NA,NA,NA,NA,NA,NA,NA,NA,NA,NA,NA,NA,NA,NA,NA,NA,NA,NA,NA,NA,NA,NA,NA,NA,NA,NA,NA,NA,NA,NA,NA,NA,NA,NA,NA,NA,NA,NA,NA,NA,NA,NA
"Eurasian Sparrowhawk","Accipiter nisus","eurspa1","Accipitriformes","Accipitridae (Hawks, Eagles, and Kites)",NA,NA,NA,NA,"Diurnal","Diurnal","Vertebrate & Carrion","No","No","No","Non-endemic","Non-specialized","Resident & Winter Migrant",NA,NA,NA,"Eurasian Sparrowhawk","Accipiter nisus","Eurasian Sparrowhawk","Accipiter nisus","Least Concern","Schedule-I","Appendix II","Appendix II",NA,"Eurasian Sparrowhawk","Accipiter nisus","avibase-DB376A66",1,5.24,2,0.050028113,455,"","","X",16,0.0625,0.160714285714286,0.1875,19.5,3.25521325466295,NA,NA,NA,NA,NA,NA,NA,NA,NA,NA,NA,NA,NA,NA,NA,NA,NA,NA,NA,NA,NA,NA,NA,NA,NA,NA,NA,NA,NA,NA,NA,NA,NA,9541,9608,9675,"Insufficient Data","Insufficient Data",NA,"Low","Insufficient Data","Insufficient Data",NA,"Low"
"Eurasian Goshawk","Astur gentilis","norgos1","Accipitriformes","Accipitridae (Hawks, Eagles, and Kites)",NA,NA,NA,NA,"Diurnal","Diurnal","Vertebrate & Carrion","No","No","No","Non-endemic","Forest","Resident & Local Migrant",NA,NA,NA,"Northern Goshawk","Astur gentilis","Northern Goshawk","Accipiter gentilis","Least Concern","Schedule-I","Appendix II","Appendix II",NA,"Eurasian Goshawk","Astur gentilis","avibase-95DD1855",1,7.91,1,0.002479356,456,"","","",NA,NA,NA,NA,NA,NA,NA,NA,NA,NA,NA,NA,NA,NA,NA,NA,NA,NA,NA,NA,NA,NA,NA,NA,NA,NA,NA,NA,NA,NA,NA,NA,NA,NA,NA,NA,NA,NA,NA,NA,NA,NA,NA,NA,NA,NA,NA,NA,NA,NA
"Western Marsh Harrier","Circus aeruginosus","wemhar1","Accipitriformes","Accipitridae (Hawks, Eagles, and Kites)",NA,NA,NA,NA,"Diurnal","Diurnal","Vertebrate & Carrion","No","No","No","Non-endemic","Open Habitat","Winter Migrant",NA,NA,NA,"Western Marsh Harrier","Circus aeruginosus","Western Marsh-harrier","Circus aeruginosus","Least Concern","Schedule-I","Appendix II","Appendix II",NA,"Western Marsh Harrier","Circus aeruginosus","avibase-E2A19474",1,6.61,1,0.078124388,457,"","X","X",111,0.135135135135135,0.379504504504505,0.495495495495495,17.4684684684685,1.0405930882917,27.7516882585197,34.8634747109003,43.7896417112803,24.5241092843302,31.8071773248788,41.1789489452945,21.6832066043393,29.0165364891162,38.7316908010826,19.1750449934581,26.4540401990065,36.5011603487187,16.948485104788,24.1354092714693,34.3920558766703,14.969101509602,22.0489164730854,32.369575089883,13.2170526915822,20.1137296454679,30.5044976640109,11.6587234843746,18.3474048645567,28.7596427159701,NA,NA,NA,NA,NA,NA,-7.85148173787855,-5.82956419372456,-3.80764664957057,68668,68668,68668,"Insufficient Data","Rapid Decline",NA,"Moderate","Insufficient Data","Rapid Decline",NA,"Moderate"
"Eastern Marsh Harrier","Circus spilonotus","easmah1","Accipitriformes","Accipitridae (Hawks, Eagles, and Kites)",NA,NA,NA,NA,"Diurnal","Diurnal","Vertebrate & Carrion","No","No","No","Non-endemic","Open Habitat","Winter Migrant",NA,NA,NA,"Eastern Marsh Harrier","Circus spilonotus","Eastern Marsh-harrier","Circus spilonotus","Least Concern","Schedule-I","Appendix II","Appendix II",NA,"Eastern Marsh Harrier","Circus spilonotus","avibase-A2F048C0",1,6.35,1,NA,458,"","","",NA,NA,NA,NA,NA,NA,NA,NA,NA,NA,NA,NA,NA,NA,NA,NA,NA,NA,NA,NA,NA,NA,NA,NA,NA,NA,NA,NA,NA,NA,NA,NA,NA,NA,NA,NA,NA,NA,NA,NA,NA,NA,NA,NA,NA,NA,NA,NA,NA,NA
"Hen Harrier","Circus cyaneus","norhar1","Accipitriformes","Accipitridae (Hawks, Eagles, and Kites)",NA,NA,NA,NA,"Diurnal","Diurnal","Vertebrate & Carrion","No","No","No","Non-endemic","Open Habitat","Winter Migrant",NA,NA,NA,"Hen Harrier","Circus cyaneus","Hen Harrier","Circus cyaneus","Least Concern","Schedule-I","Appendix II","Appendix II",NA,"Hen Harrier","Circus cyaneus","avibase-F558C7F9",1,8.29,1,0.035536704,459,"","","",NA,NA,NA,NA,NA,NA,NA,NA,NA,NA,NA,NA,NA,NA,NA,NA,NA,NA,NA,NA,NA,NA,NA,NA,NA,NA,NA,NA,NA,NA,NA,NA,NA,NA,NA,NA,NA,NA,NA,NA,NA,NA,NA,NA,NA,"Low",NA,NA,NA,NA
"Pallid Harrier","Circus macrourus","palhar1","Accipitriformes","Accipitridae (Hawks, Eagles, and Kites)",NA,NA,NA,NA,"Diurnal","Diurnal","Vertebrate & Carrion","No","No","No","Non-endemic","Grassland","Winter Migrant",NA,NA,NA,"Pallid Harrier","Circus macrourus","Pallid Harrier","Circus macrourus","Near Threatened","Schedule-I","Appendix II","Appendix II",NA,"Pallid Harrier","Circus macrourus","avibase-22647E26",1,5.16,1,0.063690099,460,"","X","X",87,0.103448275862069,0.272988505747126,0.32183908045977,17.5402298850575,1.24926937669543,29.0101993696961,41.3134322880175,58.9941558313867,24.823887354622,37.0583418315107,55.501396217335,21.2232924970694,33.2662569086844,52.1126307338747,18.1422501711056,29.8301297601868,49.0307767427411,15.4773793807366,26.7368754297381,46.1127076861963,13.218593741527,23.9686397496962,43.4283602668213,11.2835839258981,21.4762471768425,40.8808242973644,9.61714363899883,19.2746373979175,38.5549655592705,NA,NA,NA,NA,NA,NA,-13.4765880130714,-8.88245486839146,-4.2883217237115,35326,35326,35326,"Insufficient Data","Trend Inconclusive",NA,"High","Insufficient Data","Decline",NA,"Moderate"
"Pied Harrier","Circus melanoleucos","piehar1","Accipitriformes","Accipitridae (Hawks, Eagles, and Kites)",NA,NA,NA,NA,"Diurnal","Diurnal","Vertebrate & Carrion","No","No","No","Non-endemic","Open Habitat","Winter Migrant",NA,NA,NA,"Pied Harrier","Circus melanoleucos","Pied Harrier","Circus melanoleucos","Least Concern","Schedule-I","Appendix II","Appendix II",NA,"Pied Harrier","Circus melanoleucos","avibase-1EA96AE1",1,4.74,1,0.206160456,461,"","","X",10,0.5,0.15,0.3,16.9,3.24635015568767,NA,NA,NA,NA,NA,NA,NA,NA,NA,NA,NA,NA,NA,NA,NA,NA,NA,NA,NA,NA,NA,NA,NA,NA,NA,NA,NA,NA,NA,NA,NA,NA,NA,4066,4149,4232,"Insufficient Data","Insufficient Data",NA,"Low","Insufficient Data","Insufficient Data",NA,"Low"
"Montagu's Harrier","Circus pygargus","monhar1","Accipitriformes","Accipitridae (Hawks, Eagles, and Kites)",NA,NA,NA,NA,"Diurnal","Diurnal","Vertebrate & Carrion","No","No","No","Non-endemic","Grassland","Winter Migrant",NA,NA,NA,"Montagu's Harrier","Circus pygargus","Montagu's Harrier","Circus pygargus","Least Concern","Schedule-I","Appendix II","Appendix II",NA,"Montagu's Harrier","Circus pygargus","avibase-63B6412E",1,5.71,1,0.028617415,462,"","X","X",66,0.0454545454545455,0.325757575757576,0.318181818181818,18.6666666666667,1.31690626600458,43.9419057626592,60.3550861363937,82.982795918834,39.2833404365532,56.385915694441,80.8823518096495,35.1515047756408,52.6011010253848,78.774174921194,31.395030808292,49.0495886201412,76.8158345667479,28.0498945885866,45.7371636810731,75.0464150227848,25.0718490382629,42.6584621792274,73.394398234924,22.3410943227875,39.8752943034292,71.6795678094524,19.9008541930466,37.2049322335139,70.0301089460012,NA,NA,NA,NA,NA,NA,-10.8640502699947,-6.42983396074178,-1.99561765148883,40218,40348,40478,"Insufficient Data","Trend Inconclusive",NA,"Low","Insufficient Data","Decline",NA,"Moderate"
"Red Kite","Milvus milvus","redkit1","Accipitriformes","Accipitridae (Hawks, Eagles, and Kites)",NA,NA,NA,NA,"Diurnal","Diurnal","Vertebrate & Carrion","No","No","No","Non-endemic","Non-specialized","Uncertain",NA,1,NA,"Red Kite","Milvus milvus","Red Kite","Milvus milvus","Least Concern","Schedule-I","Appendix II","Appendix II",NA,"Red Kite","Milvus milvus","avibase-451D6FC8",NA,10.99,1,NA,463,"","","",NA,NA,NA,NA,NA,NA,NA,NA,NA,NA,NA,NA,NA,NA,NA,NA,NA,NA,NA,NA,NA,NA,NA,NA,NA,NA,NA,NA,NA,NA,NA,NA,NA,NA,NA,NA,NA,NA,NA,NA,NA,NA,NA,NA,NA,NA,NA,NA,NA,NA
"Black Kite","Milvus migrans","blakit1","Accipitriformes","Accipitridae (Hawks, Eagles, and Kites)",NA,NA,NA,NA,"Diurnal","Diurnal","Vertebrate & Carrion","No","No","No","Non-endemic","Non-specialized","Resident & Winter Migrant",1,NA,NA,"Black Kite","Milvus migrans","Black Kite","Milvus migrans","Least Concern","Schedule-II","Appendix II","Appendix II",NA,"Black Kite","Milvus migrans","avibase-06D9A2C8",1,9.34,3,0.039857277,464,"X","X","X",234,0.170940170940171,0.616452991452991,0.726495726495726,15.0982905982906,0.797509072755043,57.3124577043695,64.79970535856,73.2329192074994,55.1038372193993,63.3447440808391,72.7329428382845,52.9800816613098,61.8998071642413,72.2809515121819,50.9271899448642,60.5060646877226,71.8265239856154,48.9396003584047,59.1411977987353,71.3720260750656,47.0102961353164,57.7866418041649,70.9903413583639,45.1563986286707,56.4918944002979,70.5854834029075,43.3617386302738,55.2028971751567,70.2505862884254,NA,NA,NA,-20.7749366381521,-10.5176488685229,1.47255760878301,-4.05567255452584,-2.24406326881495,-0.432453983104054,128436,128458,128480,"Trend Inconclusive","Trend Inconclusive",NA,"Moderate","Decline","Decline",NA,"Moderate"
"Brahminy Kite","Haliastur indus","brakit1","Accipitriformes","Accipitridae (Hawks, Eagles, and Kites)",NA,NA,NA,NA,"Diurnal","Diurnal","Vertebrate & Carrion","No","No","No","Non-endemic","Non-specialized","Resident",1,NA,NA,"Brahminy Kite","Haliastur indus","Brahminy Kite","Haliastur indus","Least Concern","Schedule-I","Appendix II","",NA,"Brahminy Kite","Haliastur indus","avibase-D89A9DC9",1,6.81,1,0.29608902,465,"","X","X",222,0.153153153153153,0.592905405405405,0.752252252252252,15.027027027027,0.850304679114825,83.5491550890372,94.5231556906017,106.963075182638,82.6776245318262,95.1055148659467,109.384433988478,81.7713440223129,95.7181256051859,111.934819549025,80.903508106643,96.3050907134453,114.568009936166,79.9826774269558,96.8925965181851,117.301850254093,79.0745683112039,97.4760198301585,120.08039429819,78.2055785598621,98.0640677972712,123.038181172432,77.3311330664434,98.6835130771665,125.987071844256,NA,NA,NA,NA,NA,NA,-1.12269372924121,0.508780524210874,2.14025477766296,132578,132614,132650,"Insufficient Data","Stable",NA,"Low","Insufficient Data","Stable",NA,"Low"
"White-tailed Eagle","Haliaeetus albicilla","whteag","Accipitriformes","Accipitridae (Hawks, Eagles, and Kites)",NA,NA,NA,NA,"Diurnal","Diurnal","Vertebrate & Carrion","No","No","No","Non-endemic","Wetland","Winter Migrant",NA,NA,NA,"White-tailed Eagle","Haliaeetus albicilla","White-tailed Sea-eagle","Haliaeetus albicilla","Least Concern","Schedule-I","Appendix I","Appendix I",NA,"White-tailed Eagle","Haliaeetus albicilla","avibase-5A3D91D3",1,16.99,1,0.009271458,466,"","","",NA,NA,NA,NA,NA,NA,NA,NA,NA,NA,NA,NA,NA,NA,NA,NA,NA,NA,NA,NA,NA,NA,NA,NA,NA,NA,NA,NA,NA,NA,NA,NA,NA,NA,NA,NA,NA,NA,NA,NA,NA,NA,NA,NA,NA,NA,NA,NA,NA,NA
"Pallas's Fish-Eagle","Haliaeetus leucoryphus","pafeag1","Accipitriformes","Accipitridae (Hawks, Eagles, and Kites)",NA,NA,NA,NA,"Diurnal","Diurnal","Vertebrate & Carrion","No","No","No","Non-endemic","Wetland","Winter Migrant",1,NA,NA,"Pallas's Fish-Eagle","Haliaeetus leucoryphus","Pallas's Fish-eagle","Haliaeetus leucoryphus","Endangered","Schedule-I","Appendix II","Appendix I",NA,"Pallas's Fish Eagle","Haliaeetus leucoryphus","avibase-F3CCFC18",1,12.4,1,0.100434094,467,"","","",NA,NA,NA,NA,NA,NA,NA,NA,NA,NA,NA,NA,NA,NA,NA,NA,NA,NA,NA,NA,NA,NA,NA,NA,NA,NA,NA,NA,NA,NA,NA,NA,NA,NA,NA,NA,NA,NA,NA,NA,NA,NA,NA,NA,NA,"Moderate",NA,NA,NA,NA
"White-bellied Sea-Eagle","Icthyophaga leucogaster","wbseag1","Accipitriformes","Accipitridae (Hawks, Eagles, and Kites)",NA,NA,NA,NA,"Diurnal","Diurnal","Vertebrate & Carrion","No","No","No","Non-endemic","Wetland","Resident",NA,NA,NA,"White-bellied Sea-Eagle","Icthyophaga leucogaster","White-bellied Sea-eagle","Haliaeetus leucogaster","Least Concern","Schedule-I","Appendix II","",NA,"White-bellied Sea Eagle","Icthyophaga leucogaster","avibase-94383EEF",1,12.41,1,0.032428862,468,"","","X",25,0.36,0.21,0.32,12.8,2.86052582578798,NA,NA,NA,NA,NA,NA,NA,NA,NA,NA,NA,NA,NA,NA,NA,NA,NA,NA,NA,NA,NA,NA,NA,NA,NA,NA,NA,NA,NA,NA,NA,NA,NA,8759,8863,8967,"Insufficient Data","Insufficient Data",NA,"Moderate","Insufficient Data","Insufficient Data",NA,"Low"
"Lesser Fish-Eagle","Icthyophaga humilis","lefeag1","Accipitriformes","Accipitridae (Hawks, Eagles, and Kites)",NA,NA,NA,NA,"Diurnal","Diurnal","Vertebrate & Carrion","No","No","No","Non-endemic","Wetland","Resident",1,NA,NA,"Lesser Fish-Eagle","Icthyophaga humilis","Lesser Fish-eagle","Icthyophaga humilis","Near Threatened","Schedule-I","Appendix II","Appendix II",NA,"Lesser Fish Eagle","Icthyophaga humilis","avibase-B7B03CB8",1,7.9,1,0.250916648,469,"","","X",19,0.0526315789473684,0.328947368421053,0.526315789473684,18.3684210526316,2.86829243769814,NA,NA,NA,NA,NA,NA,NA,NA,NA,NA,NA,NA,NA,NA,NA,NA,NA,NA,NA,NA,NA,NA,NA,NA,NA,NA,NA,NA,NA,NA,NA,NA,NA,20894,21160,21426,"Insufficient Data","Insufficient Data",NA,"Moderate","Insufficient Data","Insufficient Data",NA,"Moderate"
"Gray-headed Fish-Eagle","Icthyophaga ichthyaetus","gyhfie1","Accipitriformes","Accipitridae (Hawks, Eagles, and Kites)",NA,NA,NA,NA,"Diurnal","Diurnal","Vertebrate & Carrion","No","No","No","Non-endemic","Wetland","Resident",NA,NA,NA,"Grey-headed Fish-Eagle","Icthyophaga ichthyaetus","Grey-headed Fish-eagle","Icthyophaga ichthyaetus","Near Threatened","Schedule-I","Appendix II","",NA,"Grey-headed Fish Eagle","Icthyophaga ichthyaetus","avibase-4C057390",1,9.62,1,0.264272045,470,"","","",NA,NA,NA,NA,NA,NA,NA,NA,NA,NA,NA,NA,NA,NA,NA,NA,NA,NA,NA,NA,NA,NA,NA,NA,NA,NA,NA,NA,NA,NA,NA,NA,NA,NA,NA,NA,NA,NA,NA,NA,NA,NA,NA,NA,NA,"Moderate",NA,NA,NA,NA
"Rufous-winged Buzzard","Butastur liventer","ruwbuz1","Accipitriformes","Accipitridae (Hawks, Eagles, and Kites)",NA,NA,NA,NA,"Diurnal","Diurnal","Vertebrate & Carrion","No","No","No","Non-endemic","Non-specialized","Uncertain",NA,1,NA,"Rufous-winged Buzzard","Butastur liventer","Rufous-winged Buzzard","Butastur liventer","Least Concern","Recent addition","Appendix II","",NA,"Rufous-winged Buzzard","Butastur liventer","avibase-DAB52BF2",NA,6.06,1,NA,471,"","","",NA,NA,NA,NA,NA,NA,NA,NA,NA,NA,NA,NA,NA,NA,NA,NA,NA,NA,NA,NA,NA,NA,NA,NA,NA,NA,NA,NA,NA,NA,NA,NA,NA,NA,NA,NA,NA,NA,NA,NA,NA,NA,NA,NA,NA,NA,NA,NA,NA,NA
"White-eyed Buzzard","Butastur teesa","whebuz1","Accipitriformes","Accipitridae (Hawks, Eagles, and Kites)",NA,NA,NA,NA,"Diurnal","Diurnal","Vertebrate & Carrion","No","No","No","Non-endemic","Non-specialized","Resident & Local Migrant",NA,NA,NA,"White-eyed Buzzard","Butastur teesa","White-eyed Buzzard","Butastur teesa","Least Concern","Schedule-I","Appendix II","Appendix II",NA,"White-eyed Buzzard","Butastur teesa","avibase-868CD246",1,5.84,1,0.709735441,472,"","X","X",164,0.0365853658536585,0.366615853658537,0.49390243902439,16.2073170731707,0.882140211569793,37.1409873158202,44.0449865348333,52.1189902269869,33.1636328548096,40.2315302147109,48.6861285869275,29.5681580818598,36.7435037494531,45.5271494318327,26.3708740784935,33.55366781185,42.5900919471477,23.5116922589048,30.6619031104468,39.8514120114136,20.9736328562865,27.9957695262397,37.2892302753486,18.6924246270329,25.5751992400312,34.8997523453088,16.6643529839767,23.3579251656253,32.6744639596532,NA,NA,NA,NA,NA,NA,-8.76200426070361,-6.76186153628906,-4.76171881187451,76593,76593,76593,"Insufficient Data","Rapid Decline",NA,"Moderate","Insufficient Data","Decline",NA,"Moderate"
"Gray-faced Buzzard","Butastur indicus","gyfbuz1","Accipitriformes","Accipitridae (Hawks, Eagles, and Kites)",NA,NA,NA,NA,"Diurnal","Diurnal","Vertebrate & Carrion","No","No","No","Non-endemic","Non-specialized","Uncertain",NA,1,NA,"Grey-faced Buzzard","Butastur indicus","Grey-faced Buzzard","Butastur indicus","Least Concern","Schedule-I","Appendix II","Appendix II",NA,"Grey-faced Buzzard","Butastur indicus","avibase-2E1D79FE",NA,5.67,1,NA,473,"","","",NA,NA,NA,NA,NA,NA,NA,NA,NA,NA,NA,NA,NA,NA,NA,NA,NA,NA,NA,NA,NA,NA,NA,NA,NA,NA,NA,NA,NA,NA,NA,NA,NA,NA,NA,NA,NA,NA,NA,NA,NA,NA,NA,NA,NA,NA,NA,NA,NA,NA
"Rough-legged Hawk","Buteo lagopus","rolhaw","Accipitriformes","Accipitridae (Hawks, Eagles, and Kites)",NA,NA,NA,NA,"Diurnal","Diurnal","Vertebrate & Carrion","No","No","No","Non-endemic","Non-specialized","Uncertain",NA,1,NA,"Rough-legged Buzzard","Buteo lagopus","Rough-legged Buzzard","Buteo lagopus","Least Concern","Schedule-II","Appendix II","Appendix II",NA,"Rough-legged Buzzard","Buteo lagopus","avibase-90B13ACF",NA,7.02,1,NA,474,"","","",NA,NA,NA,NA,NA,NA,NA,NA,NA,NA,NA,NA,NA,NA,NA,NA,NA,NA,NA,NA,NA,NA,NA,NA,NA,NA,NA,NA,NA,NA,NA,NA,NA,NA,NA,NA,NA,NA,NA,NA,NA,NA,NA,NA,NA,NA,NA,NA,NA,NA
"Common Buzzard","Buteo buteo","combuz1","Accipitriformes","Accipitridae (Hawks, Eagles, and Kites)",NA,NA,NA,NA,"Diurnal","Diurnal","Vertebrate & Carrion","No","No","No","Non-endemic","Non-specialized","Winter Migrant",NA,NA,NA,"Common Buzzard","Buteo buteo","Eurasian Buzzard","Buteo buteo","Least Concern","Schedule-I","Appendix II","Appendix II",NA,"Common Buzzard","Buteo buteo","avibase-3C0C325D",1,9.53,1,0.003331716,475,"","","X",35,0.0571428571428571,0.267857142857143,0.428571428571429,19.0857142857143,1.83472594523478,NA,NA,NA,NA,NA,NA,NA,NA,NA,NA,NA,NA,NA,NA,NA,NA,NA,NA,NA,NA,NA,NA,NA,NA,NA,NA,NA,NA,NA,NA,NA,NA,NA,18261,18261,18261,"Insufficient Data","Insufficient Data",NA,"Moderate","Insufficient Data","Insufficient Data",NA,"Low"
"Long-legged Buzzard","Buteo rufinus","lolbuz1","Accipitriformes","Accipitridae (Hawks, Eagles, and Kites)",NA,NA,NA,NA,"Diurnal","Diurnal","Vertebrate & Carrion","No","No","No","Non-endemic","Non-specialized","Winter Migrant",NA,NA,NA,"Long-legged Buzzard","Buteo rufinus","Long-legged Buzzard","Buteo rufinus","Least Concern","Schedule-I","Appendix II","Appendix II",NA,"Long-legged Buzzard","Buteo rufinus","avibase-CC65921F",1,7.3,1,0.056131436,476,"","","",NA,NA,NA,NA,NA,NA,NA,NA,NA,NA,NA,NA,NA,NA,NA,NA,NA,NA,NA,NA,NA,NA,NA,NA,NA,NA,NA,NA,NA,NA,NA,NA,NA,NA,NA,NA,NA,NA,NA,NA,NA,NA,NA,NA,NA,"High",NA,NA,NA,NA
"Upland Buzzard","Buteo hemilasius","uplbuz1","Accipitriformes","Accipitridae (Hawks, Eagles, and Kites)",NA,NA,NA,NA,"Diurnal","Diurnal","Vertebrate & Carrion","No","No","No","Non-endemic","Alpine & Cold Desert","Resident & Altitudinal Migrant",NA,NA,NA,"Upland Buzzard","Buteo hemilasius","Upland Buzzard","Buteo hemilasius","Least Concern","Schedule-I","Appendix II","Appendix II",NA,"Upland Buzzard","Buteo hemilasius","avibase-92FFE8FF",1,7.52,1,0.015169939,477,"","","",NA,NA,NA,NA,NA,NA,NA,NA,NA,NA,NA,NA,NA,NA,NA,NA,NA,NA,NA,NA,NA,NA,NA,NA,NA,NA,NA,NA,NA,NA,NA,NA,NA,NA,NA,NA,NA,NA,NA,NA,NA,NA,NA,NA,NA,NA,NA,NA,NA,NA
"Himalayan Buzzard","Buteo refectus","combuz9","Accipitriformes","Accipitridae (Hawks, Eagles, and Kites)",NA,NA,NA,NA,"Diurnal","Diurnal","Vertebrate & Carrion","No","No","No","Non-endemic","Non-specialized","Resident & Winter Migrant",NA,NA,NA,"Himalayan Buzzard","Buteo refectus","Himalayan Buzzard","Buteo refectus","Least Concern","Schedule-I","Appendix II","",NA,"Himalayan Buzzard","Buteo refectus","avibase-1029A4CA",1,8.19,1,0.457546109,478,"","","",NA,NA,NA,NA,NA,NA,NA,NA,NA,NA,NA,NA,NA,NA,NA,NA,NA,NA,NA,NA,NA,NA,NA,NA,NA,NA,NA,NA,NA,NA,NA,NA,NA,NA,NA,NA,NA,NA,NA,NA,NA,NA,NA,NA,NA,NA,NA,NA,NA,NA
"Australasian Grass-Owl","Tyto longimembris","ausgro1","Strigiformes","Tytonidae (Barn-Owls)",NA,NA,NA,NA,"Nocturnal","Nocturnal","Vertebrate & Carrion","No","No","No","Non-endemic","Grassland","Resident",NA,NA,NA,"Eastern Grass-Owl","Tyto longimembris","Eastern Grass-owl","Tyto longimembris","Least Concern","Schedule-II","Appendix II","",NA,"Eastern Grass Owl","Tyto longimembris","avibase-8BF77421",1,4.6,1,0.181816787,479,"","","",NA,NA,NA,NA,NA,NA,NA,NA,NA,NA,NA,NA,NA,NA,NA,NA,NA,NA,NA,NA,NA,NA,NA,NA,NA,NA,NA,NA,NA,NA,NA,NA,NA,NA,NA,NA,NA,NA,NA,NA,NA,NA,NA,NA,NA,NA,NA,NA,NA,NA
"Eastern Barn Owl","Tyto javanica","eabowl1","Strigiformes","Tytonidae (Barn-Owls)",NA,NA,NA,NA,"Nocturnal","Nocturnal","Vertebrate & Carrion","No","No","No","Non-endemic","Non-specialized","Resident",NA,NA,NA,"Eastern Barn Owl","Tyto javanica","Common Barn-owl","Tyto alba","Least Concern","Schedule-I","Appendix II","",NA,"Eastern Barn Owl","Tyto javanica","avibase-9E668317",1,6.86,1,0.047968697,480,"","","",NA,NA,NA,NA,NA,NA,NA,NA,NA,NA,NA,NA,NA,NA,NA,NA,NA,NA,NA,NA,NA,NA,NA,NA,NA,NA,NA,NA,NA,NA,NA,NA,NA,NA,NA,NA,NA,NA,NA,NA,NA,NA,NA,NA,NA,NA,NA,NA,NA,NA
"Andaman Masked-Owl","Tyto deroepstorffi","barowl5","Strigiformes","Tytonidae (Barn-Owls)",NA,NA,NA,NA,"Nocturnal","Nocturnal","Vertebrate & Carrion","Yes","Yes","No","Andaman Islands","Non-specialized","Resident",NA,NA,1,"Andaman Barn Owl","Tyto deroepstorffi","Not at species rank","Tyto alba deroepstorffi","Not recognized","Schedule-I","Appendix II","",NA,"Andaman Masked Owl","Tyto deroepstorffi","avibase-ED259007",1,6.86,1,1,481,"","","",NA,NA,NA,NA,NA,NA,NA,NA,NA,NA,NA,NA,NA,NA,NA,NA,NA,NA,NA,NA,NA,NA,NA,NA,NA,NA,NA,NA,NA,NA,NA,NA,NA,NA,NA,NA,NA,NA,NA,NA,NA,NA,NA,NA,NA,NA,NA,NA,NA,NA
"Oriental Bay-Owl","Phodilus badius","orbowl1","Strigiformes","Tytonidae (Barn-Owls)",NA,NA,NA,NA,"Nocturnal","Nocturnal","Vertebrate & Carrion","No","No","No","Non-endemic","Forest","Resident",1,NA,NA,"Oriental Bay-Owl","Phodilus badius","Oriental Bay-owl","Phodilus badius","Least Concern","Schedule-II","Appendix II","",NA,"Oriental Bay Owl","Phodilus badius","avibase-F14E4D45",1,5.34,1,0.041973627,482,"","","",NA,NA,NA,NA,NA,NA,NA,NA,NA,NA,NA,NA,NA,NA,NA,NA,NA,NA,NA,NA,NA,NA,NA,NA,NA,NA,NA,NA,NA,NA,NA,NA,NA,NA,NA,NA,NA,NA,NA,NA,NA,NA,NA,NA,NA,NA,NA,NA,NA,NA
"Sri Lanka Bay-Owl","Phodilus assimilis","srlbao1","Strigiformes","Tytonidae (Barn-Owls)",NA,NA,NA,NA,"Nocturnal","Nocturnal","Vertebrate & Carrion","No","Yes","No","Western Ghats & Sri Lanka","Forest","Resident",NA,NA,NA,"Sri Lanka Bay-Owl","Phodilus assimilis","Sri Lanka Bay-owl","Phodilus assimilis","Least Concern","Schedule-II","Appendix II","",NA,"Sri Lanka Bay Owl","Phodilus assimilis","avibase-D5D7DE60",1,5.35,1,0.620860859,483,"","","",1,NA,1,NA,18,NA,NA,NA,NA,NA,NA,NA,NA,NA,NA,NA,NA,NA,NA,NA,NA,NA,NA,NA,NA,NA,NA,NA,NA,NA,NA,NA,NA,NA,NA,NA,NA,NA,NA,NA,NA,NA,NA,NA,NA,NA,NA,NA,NA,NA
"Andaman Scops-Owl","Otus balli","ansowl1","Strigiformes","Strigidae (Owls)",NA,NA,NA,NA,"Nocturnal","Nocturnal","Invertebrate","Yes","Yes","No","Andaman Islands","Forest","Resident",NA,NA,1,"Andaman Scops-Owl","Otus balli","Andaman Scops-owl","Otus balli","Least Concern","Schedule-II","Appendix II","",NA,"Andaman Scops Owl","Otus balli","avibase-8E1E400D",1,3.45,1,1,484,"","","",NA,NA,NA,NA,NA,NA,NA,NA,NA,NA,NA,NA,NA,NA,NA,NA,NA,NA,NA,NA,NA,NA,NA,NA,NA,NA,NA,NA,NA,NA,NA,NA,NA,NA,NA,NA,NA,NA,NA,NA,NA,NA,NA,NA,NA,NA,NA,NA,NA,NA
"Mountain Scops-Owl","Otus spilocephalus","mosowl2","Strigiformes","Strigidae (Owls)",NA,NA,NA,NA,"Nocturnal","Nocturnal","Invertebrate","No","No","No","Non-endemic","Forest","Resident & Altitudinal Migrant",NA,NA,NA,"Mountain Scops-Owl","Otus spilocephalus","Mountain Scops-owl","Otus spilocephalus","Least Concern","Schedule-II","Appendix II","",NA,"Mountain Scops Owl","Otus spilocephalus","avibase-A0AD0888",1,3.05,2,0.092364574,485,"","","",NA,NA,NA,NA,NA,NA,NA,NA,NA,NA,NA,NA,NA,NA,NA,NA,NA,NA,NA,NA,NA,NA,NA,NA,NA,NA,NA,NA,NA,NA,NA,NA,NA,NA,NA,NA,NA,NA,NA,NA,NA,NA,NA,NA,NA,NA,NA,NA,NA,NA
"Indian Scops-Owl","Otus bakkamoena","insowl1","Strigiformes","Strigidae (Owls)",NA,NA,NA,NA,"Nocturnal","Nocturnal","Invertebrate","No","Yes","No","Indian Subcontinent","Forest & Plantation","Resident",NA,NA,NA,"Indian Scops-Owl","Otus bakkamoena","Indian Scops-owl","Otus bakkamoena","Least Concern","Schedule-II","Appendix II","",NA,"Indian Scops Owl","Otus bakkamoena","avibase-489F3A6A",1,3.37,4,0.830392892,486,"","","",108,0.0555555555555556,0.282407407407407,0.425925925925926,17.7407407407407,1.09164437325654,NA,NA,NA,NA,NA,NA,NA,NA,NA,NA,NA,NA,NA,NA,NA,NA,NA,NA,NA,NA,NA,NA,NA,NA,NA,NA,NA,NA,NA,NA,NA,NA,NA,NA,NA,NA,NA,NA,NA,NA,NA,NA,NA,NA
"Collared Scops-Owl","Otus lettia","cosowl1","Strigiformes","Strigidae (Owls)",NA,NA,NA,NA,"Nocturnal","Nocturnal","Invertebrate","No","No","No","Non-endemic","Forest & Plantation","Resident & Altitudinal Migrant",NA,NA,NA,"Collared Scops-Owl","Otus lettia","Collared Scops-owl","Otus lettia","Least Concern","Schedule-II","Appendix II","",NA,"Collared Scops Owl","Otus lettia","avibase-A2EF15D7",1,3.52,2,0.065579799,487,"","","",NA,NA,NA,NA,NA,NA,NA,NA,NA,NA,NA,NA,NA,NA,NA,NA,NA,NA,NA,NA,NA,NA,NA,NA,NA,NA,NA,NA,NA,NA,NA,NA,NA,NA,NA,NA,NA,NA,NA,NA,NA,NA,NA,NA,NA,NA,NA,NA,NA,NA
"Nicobar Scops-Owl","Otus alius","nicsco1","Strigiformes","Strigidae (Owls)",NA,NA,NA,NA,"Nocturnal","Nocturnal","Omnivore","Yes","Yes","No","Nicobar Islands","Forest","Resident",NA,NA,1,"Nicobar Scops-Owl","Otus alius","Nicobar Scops-owl","Otus alius","Near Threatened","Schedule-II","Appendix II","",NA,"Nicobar Scops Owl","Otus alius","avibase-29998B5F",1,3.3,1,1,488,"","","",NA,NA,NA,NA,NA,NA,NA,NA,NA,NA,NA,NA,NA,NA,NA,NA,NA,NA,NA,NA,NA,NA,NA,NA,NA,NA,NA,NA,NA,NA,NA,NA,NA,NA,NA,NA,NA,NA,NA,NA,NA,NA,NA,NA,NA,NA,NA,NA,NA,NA
"Eurasian Scops-Owl","Otus scops","eursco1","Strigiformes","Strigidae (Owls)",NA,NA,NA,NA,"Nocturnal","Nocturnal","Invertebrate","No","No","No","Non-endemic","Forest & Plantation","Winter Migrant",NA,1,NA,"Eurasian Scops-Owl","Otus scops","Eurasian Scops-owl","Otus scops","Least Concern","Schedule-II","Appendix II","",NA,"Eurasian Scops Owl","Otus scops","avibase-2C7AA154",1,3.14,2,4.49e-08,489,"","","",NA,NA,NA,NA,NA,NA,NA,NA,NA,NA,NA,NA,NA,NA,NA,NA,NA,NA,NA,NA,NA,NA,NA,NA,NA,NA,NA,NA,NA,NA,NA,NA,NA,NA,NA,NA,NA,NA,NA,NA,NA,NA,NA,NA,NA,NA,NA,NA,NA,NA
"Pallid Scops-Owl","Otus brucei","pasowl3","Strigiformes","Strigidae (Owls)",NA,NA,NA,NA,"Nocturnal","Nocturnal","Invertebrate","No","No","No","Non-endemic","Forest & Plantation","Winter Migrant",NA,NA,NA,"Pallid Scops-Owl","Otus brucei","Pallid Scops-owl","Otus brucei","Least Concern","Schedule-II","Appendix II","",NA,"Pallid Scops Owl","Otus brucei","avibase-08C90B0F",1,2.87,1,0.119365775,490,"","","",NA,NA,NA,NA,NA,NA,NA,NA,NA,NA,NA,NA,NA,NA,NA,NA,NA,NA,NA,NA,NA,NA,NA,NA,NA,NA,NA,NA,NA,NA,NA,NA,NA,NA,NA,NA,NA,NA,NA,NA,NA,NA,NA,NA,NA,NA,NA,NA,NA,NA
"Oriental Scops-Owl","Otus sunia","orsowl","Strigiformes","Strigidae (Owls)",NA,NA,NA,NA,"Nocturnal","Nocturnal","Invertebrate","No","No","No","Non-endemic","Forest & Plantation","Resident & Local Migrant",NA,NA,NA,"Oriental Scops-Owl","Otus sunia","Oriental Scops-owl","Otus sunia","Least Concern","Schedule-II","Appendix II","",NA,"Oriental Scops Owl","Otus sunia","avibase-DD855E67",1,2.98,4,0.116375187,491,"","","",22,0.0454545454545455,0.295454545454545,0.590909090909091,18,2.96324146839234,NA,NA,NA,NA,NA,NA,NA,NA,NA,NA,NA,NA,NA,NA,NA,NA,NA,NA,NA,NA,NA,NA,NA,NA,NA,NA,NA,NA,NA,NA,NA,NA,NA,NA,NA,NA,NA,NA,NA,NA,NA,NA,NA,NA
"Rock Eagle-Owl","Bubo bengalensis","roeowl1","Strigiformes","Strigidae (Owls)",NA,NA,NA,NA,"Nocturnal","Nocturnal","Vertebrate & Carrion","No","Yes","No","Indian Subcontinent","Open Habitat","Resident",NA,NA,NA,"Indian Eagle-Owl","Bubo bengalensis","Rock Eagle-owl","Bubo bengalensis","Least Concern","Schedule-I","Appendix II","",NA,"Indian Eagle-Owl","Bubo bengalensis","avibase-C4D3F66E",1,10.11,1,0.813472817,492,"","","",96,0.03125,0.322916666666667,0.458333333333333,18.21875,1.05581276635004,NA,NA,NA,NA,NA,NA,NA,NA,NA,NA,NA,NA,NA,NA,NA,NA,NA,NA,NA,NA,NA,NA,NA,NA,NA,NA,NA,NA,NA,NA,NA,NA,NA,NA,NA,NA,NA,NA,NA,NA,NA,NA,NA,NA
"Eurasian Eagle-Owl","Bubo bubo","eueowl1","Strigiformes","Strigidae (Owls)",NA,NA,NA,NA,"Nocturnal","Nocturnal","Vertebrate & Carrion","No","No","No","Non-endemic","Alpine & Cold Desert","Resident",NA,NA,NA,"Eurasian Eagle-Owl","Bubo bubo","Eurasian Eagle-owl","Bubo bubo","Least Concern","Schedule-I","Appendix II","",NA,"Eurasian Eagle-Owl","Bubo bubo","avibase-5516AEB3",1,13.8,2,0.001144999,493,"","","",NA,NA,NA,NA,NA,NA,NA,NA,NA,NA,NA,NA,NA,NA,NA,NA,NA,NA,NA,NA,NA,NA,NA,NA,NA,NA,NA,NA,NA,NA,NA,NA,NA,NA,NA,NA,NA,NA,NA,NA,NA,NA,NA,NA,NA,NA,NA,NA,NA,NA
"Buffy Fish-Owl","Ketupa ketupu","bufowl2","Strigiformes","Strigidae (Owls)",NA,NA,NA,NA,"Nocturnal","Nocturnal","Vertebrate & Carrion","No","No","No","Non-endemic","Forest","Resident",NA,NA,NA,"Buffy Fish-Owl","Ketupa ketupu","Buffy Fish-owl","Ketupa ketupu","Least Concern","Schedule-I","Appendix II","",NA,"Buffy Fish Owl","Ketupa ketupu","avibase-C1AAB74D",1,9.79,1,0.023975228,494,"","","",NA,NA,NA,NA,NA,NA,NA,NA,NA,NA,NA,NA,NA,NA,NA,NA,NA,NA,NA,NA,NA,NA,NA,NA,NA,NA,NA,NA,NA,NA,NA,NA,NA,NA,NA,NA,NA,NA,NA,NA,NA,NA,NA,NA,NA,NA,NA,NA,NA,NA
"Brown Fish-Owl","Ketupa zeylonensis","brfowl1","Strigiformes","Strigidae (Owls)",NA,NA,NA,NA,"24 hour","24 hour","Vertebrate & Carrion","No","No","No","Non-endemic","Non-specialized","Resident",NA,NA,NA,"Brown Fish-Owl","Ketupa zeylonensis","Brown Fish-owl","Ketupa zeylonensis","Least Concern","Schedule-I","Appendix II","",NA,"Brown Fish Owl","Ketupa zeylonensis","avibase-CFDF9E89",1,8.87,2,0.503785432,495,"","","X",55,0.109090909090909,0.388636363636364,0.472727272727273,17.4727272727273,1.52403814603987,NA,NA,NA,NA,NA,NA,NA,NA,NA,NA,NA,NA,NA,NA,NA,NA,NA,NA,NA,NA,NA,NA,NA,NA,NA,NA,NA,NA,NA,NA,NA,NA,NA,44239,44353,44467,"Insufficient Data","Insufficient Data",NA,"Moderate","Insufficient Data","Insufficient Data",NA,"Low"
"Tawny Fish-Owl","Ketupa flavipes","tafowl1","Strigiformes","Strigidae (Owls)",NA,NA,NA,NA,"Nocturnal","Nocturnal","Vertebrate & Carrion","No","No","No","Non-endemic","Forest","Resident",NA,NA,NA,"Tawny Fish-Owl","Ketupa flavipes","Tawny Fish-owl","Ketupa flavipes","Least Concern","Schedule-I","Appendix II","",NA,"Tawny Fish Owl","Ketupa flavipes","avibase-67CA1D26",1,10.96,1,0.043515147,496,"","","",NA,NA,NA,NA,NA,NA,NA,NA,NA,NA,NA,NA,NA,NA,NA,NA,NA,NA,NA,NA,NA,NA,NA,NA,NA,NA,NA,NA,NA,NA,NA,NA,NA,NA,NA,NA,NA,NA,NA,NA,NA,NA,NA,NA,NA,NA,NA,NA,NA,NA
"Dusky Eagle-Owl","Ketupa coromanda","dueowl1","Strigiformes","Strigidae (Owls)",NA,NA,NA,NA,"24 hour","24 hour","Vertebrate & Carrion","No","No","No","Non-endemic","Forest","Resident",1,NA,NA,"Dusky Eagle-Owl","Ketupa coromanda","Dusky Eagle-owl","Bubo coromandus","Least Concern","Schedule-II","Appendix II","",NA,"Dusky Eagle-Owl","Ketupa coromanda","avibase-15789B6D",1,7.93,1,0.665360824,497,"","","",NA,NA,NA,NA,NA,NA,NA,NA,NA,NA,NA,NA,NA,NA,NA,NA,NA,NA,NA,NA,NA,NA,NA,NA,NA,NA,NA,NA,NA,NA,NA,NA,NA,NA,NA,NA,NA,NA,NA,NA,NA,NA,NA,NA,NA,"Moderate",NA,NA,NA,NA
"Spot-bellied Eagle-Owl","Ketupa nipalensis","sbeowl1","Strigiformes","Strigidae (Owls)",NA,NA,NA,NA,"Nocturnal","Nocturnal","Vertebrate & Carrion","No","No","No","Non-endemic","Forest","Resident",NA,NA,NA,"Spot-bellied Eagle-Owl","Ketupa nipalensis","Spot-bellied Eagle-owl","Bubo nipalensis","Least Concern","Schedule-I","Appendix II","",NA,"Spot-bellied Eagle-Owl","Ketupa nipalensis","avibase-F5EBAA64",1,9.03,1,0.156173249,498,"","","",18,NA,0.270833333333333,0.277777777777778,18.0555555555556,3.16704073011414,NA,NA,NA,NA,NA,NA,NA,NA,NA,NA,NA,NA,NA,NA,NA,NA,NA,NA,NA,NA,NA,NA,NA,NA,NA,NA,NA,NA,NA,NA,NA,NA,NA,NA,NA,NA,NA,NA,NA,NA,NA,NA,NA,NA
"Asian Barred Owlet","Glaucidium cuculoides","asbowl1","Strigiformes","Strigidae (Owls)",NA,NA,NA,NA,"Diurnal","Diurnal","Invertebrate","No","No","No","Non-endemic","Non-specialized","Resident",NA,NA,NA,"Asian Barred Owlet","Glaucidium cuculoides","Asian Barred Owlet","Glaucidium cuculoides","Least Concern","Schedule-II","Appendix II","",NA,"Asian Barred Owlet","Glaucidium cuculoides","avibase-75E76449",1,4.37,3,0.06952141,499,"","","",NA,NA,NA,NA,NA,NA,NA,NA,NA,NA,NA,NA,NA,NA,NA,NA,NA,NA,NA,NA,NA,NA,NA,NA,NA,NA,NA,NA,NA,NA,NA,NA,NA,NA,NA,NA,NA,NA,NA,NA,NA,NA,NA,NA,NA,"Low",NA,NA,NA,NA
"Jungle Owlet","Glaucidium radiatum","junowl1","Strigiformes","Strigidae (Owls)",NA,NA,NA,NA,"24 hour","Diurnal","Invertebrate","No","Yes","No","Indian Subcontinent","Forest & Plantation","Resident",NA,NA,NA,"Jungle Owlet","Glaucidium radiatum","Jungle Owlet","Glaucidium radiatum","Least Concern","Schedule-II","Appendix II","",NA,"Jungle Owlet","Glaucidium radiatum","avibase-1986F1AB",1,4.18,2,0.927089422,500,"","X","X",73,0.0684931506849315,0.383561643835616,0.561643835616438,15.8767123287671,1.5478383686411,153.822734521533,184.064309476475,220.146081219905,159.225934838153,194.958542772676,238.982102145487,164.766250215624,206.478953080372,259.525590260416,170.370599015308,218.704003375461,282.030099921735,176.248439443636,231.717072148614,305.518008593729,182.170798051095,245.46823290178,332.986696803925,188.306921833791,260.003646258237,361.409217705076,194.686360413047,275.922423628728,392.774662889959,NA,NA,NA,NA,NA,NA,4.16468633025415,7.86721941064747,11.5697524910408,52627,52678,52729,"Insufficient Data","Trend Inconclusive",NA,"Low","Insufficient Data","Trend Inconclusive",NA,"Low"
"Collared Owlet","Taenioptynx brodiei","colowl1","Strigiformes","Strigidae (Owls)",NA,NA,NA,NA,"Diurnal","Diurnal","Vertebrate & Carrion","No","No","No","Non-endemic","Forest","Resident & Altitudinal Migrant",NA,NA,NA,"Collared Owlet","Taenioptynx brodiei","Collared Owlet","Glaucidium brodiei","Least Concern","Schedule-II","Appendix II","",NA,"Collared Owlet","Taenioptynx brodiei","avibase-8BB833BB",1,3.28,1,0.065612734,501,"","","",NA,NA,NA,NA,NA,NA,NA,NA,NA,NA,NA,NA,NA,NA,NA,NA,NA,NA,NA,NA,NA,NA,NA,NA,NA,NA,NA,NA,NA,NA,NA,NA,NA,NA,NA,NA,NA,NA,NA,NA,NA,NA,NA,NA,NA,"Low",NA,NA,NA,NA
"Spotted Owlet","Athene brama","spoowl1","Strigiformes","Strigidae (Owls)",NA,NA,NA,NA,"Nocturnal","Nocturnal","Invertebrate","No","No","No","Non-endemic","Non-specialized","Resident",NA,NA,NA,"Spotted Owlet","Athene brama","Spotted Owlet","Athene brama","Least Concern","Schedule-II","Appendix II","",NA,"Spotted Owlet","Athene brama","avibase-DDE6A352",1,4.23,3,0.554175442,502,"","","",228,0.0789473684210526,0.569627192982456,0.692982456140351,15.4517543859649,0.747530747986348,NA,NA,NA,NA,NA,NA,NA,NA,NA,NA,NA,NA,NA,NA,NA,NA,NA,NA,NA,NA,NA,NA,NA,NA,NA,NA,NA,NA,NA,NA,NA,NA,NA,NA,NA,NA,NA,NA,NA,NA,NA,NA,NA,NA
"Little Owl","Athene noctua","litowl1","Strigiformes","Strigidae (Owls)",NA,NA,NA,NA,"24 hour","Diurnal","Invertebrate","No","No","No","Non-endemic","Alpine & Cold Desert","Resident",NA,NA,NA,"Little Owl","Athene noctua","Little Owl","Athene noctua","Least Concern","Schedule-II","Appendix II","",NA,"Little Owl","Athene noctua","avibase-9A7B268C",1,3.59,1,0.007283412,503,"","","",NA,NA,NA,NA,NA,NA,NA,NA,NA,NA,NA,NA,NA,NA,NA,NA,NA,NA,NA,NA,NA,NA,NA,NA,NA,NA,NA,NA,NA,NA,NA,NA,NA,NA,NA,NA,NA,NA,NA,NA,NA,NA,NA,NA,NA,NA,NA,NA,NA,NA
"Forest Owlet","Athene blewitti","forowl1","Strigiformes","Strigidae (Owls)",NA,NA,NA,NA,"Diurnal","Diurnal","Invertebrate","Yes","Yes","No","Central India","Forest","Resident",NA,NA,NA,"Forest Owlet","Athene blewitti","Forest Owlet","Athene blewitti","Endangered","Schedule-I","Appendix I","",NA,"Forest Owlet","Athene blewitti","avibase-DD89F95C",1,4.85,1,1,504,"","","",NA,NA,NA,NA,NA,NA,NA,NA,NA,NA,NA,NA,NA,NA,NA,NA,NA,NA,NA,NA,NA,NA,NA,NA,NA,NA,NA,NA,NA,NA,NA,NA,NA,NA,NA,NA,NA,NA,NA,NA,NA,NA,NA,NA,NA,"High",NA,NA,NA,NA
"Mottled Wood-Owl","Strix ocellata","mowowl1","Strigiformes","Strigidae (Owls)",NA,NA,NA,NA,"Nocturnal","Nocturnal","Vertebrate & Carrion","No","Yes","No","Mainland India","Forest & Plantation","Resident",NA,NA,NA,"Mottled Wood-Owl","Strix ocellata","Mottled Wood-owl","Strix ocellata","Least Concern","Schedule-I","Appendix II","",NA,"Mottled Wood Owl","Strix ocellata","avibase-52A8CE5C",1,6.51,3,1,505,"","","",54,NA,0.240740740740741,0.425925925925926,17.8703703703704,1.45633915210783,NA,NA,NA,NA,NA,NA,NA,NA,NA,NA,NA,NA,NA,NA,NA,NA,NA,NA,NA,NA,NA,NA,NA,NA,NA,NA,NA,NA,NA,NA,NA,NA,NA,NA,NA,NA,NA,NA,NA,NA,NA,NA,NA,NA
"Brown Wood-Owl","Strix leptogrammica","brwowl1","Strigiformes","Strigidae (Owls)",NA,NA,NA,NA,"Nocturnal","Nocturnal","Vertebrate & Carrion","No","No","No","Non-endemic","Forest","Resident",NA,NA,NA,"Brown Wood-Owl","Strix leptogrammica","Brown Wood-owl","Strix leptogrammica","Least Concern","Schedule-I","Appendix II","",NA,"Brown Wood Owl","Strix leptogrammica","avibase-8253A007",1,8.21,2,0.133964925,506,"","","",14,0.214285714285714,0.348214285714286,0.428571428571429,18.9285714285714,2.835581611755,NA,NA,NA,NA,NA,NA,NA,NA,NA,NA,NA,NA,NA,NA,NA,NA,NA,NA,NA,NA,NA,NA,NA,NA,NA,NA,NA,NA,NA,NA,NA,NA,NA,NA,NA,NA,NA,NA,NA,NA,NA,NA,NA,NA
"Tawny Owl","Strix aluco","tawowl1","Strigiformes","Strigidae (Owls)",NA,NA,NA,NA,"Nocturnal","Nocturnal","Vertebrate & Carrion","No","No","No","Non-endemic","Forest","Resident",NA,NA,NA,"Tawny Owl","Strix aluco","Tawny Owl","Strix aluco","Least Concern","Schedule-II","Appendix II","",NA,"Tawny Owl","Strix aluco","avibase-612B4380",1,5.82,1,0.002429067,507,"","","",NA,NA,NA,NA,NA,NA,NA,NA,NA,NA,NA,NA,NA,NA,NA,NA,NA,NA,NA,NA,NA,NA,NA,NA,NA,NA,NA,NA,NA,NA,NA,NA,NA,NA,NA,NA,NA,NA,NA,NA,NA,NA,NA,NA,NA,NA,NA,NA,NA,NA
"Himalayan Owl","Strix nivicolum","himowl1","Strigiformes","Strigidae (Owls)",NA,NA,NA,NA,"Nocturnal","Nocturnal","Vertebrate & Carrion","No","No","No","Non-endemic","Forest","Resident & Altitudinal Migrant",NA,NA,NA,"Himalayan Owl","Strix nivicolum","Himalayan Owl","Strix nivicolum","Least Concern","Schedule-II","Appendix II","",NA,"Himalayan Owl","Strix nivicolum","avibase-6EC64712",1,5.01,1,0.045734522,508,"","","",NA,NA,NA,NA,NA,NA,NA,NA,NA,NA,NA,NA,NA,NA,NA,NA,NA,NA,NA,NA,NA,NA,NA,NA,NA,NA,NA,NA,NA,NA,NA,NA,NA,NA,NA,NA,NA,NA,NA,NA,NA,NA,NA,NA,NA,NA,NA,NA,NA,NA
"Long-eared Owl","Asio otus","loeowl","Strigiformes","Strigidae (Owls)",NA,NA,NA,NA,"Nocturnal","Nocturnal","Vertebrate & Carrion","No","No","No","Non-endemic","Non-specialized","Passage Migrant & Localized Summer Migrant",NA,NA,NA,"Long-eared Owl","Asio otus","Long-eared Owl","Asio otus","Least Concern","Schedule-I","Appendix II","",NA,"Long-eared Owl","Asio otus","avibase-FC4D40D2",1,5.76,1,0.003878511,509,"","","",NA,NA,NA,NA,NA,NA,NA,NA,NA,NA,NA,NA,NA,NA,NA,NA,NA,NA,NA,NA,NA,NA,NA,NA,NA,NA,NA,NA,NA,NA,NA,NA,NA,NA,NA,NA,NA,NA,NA,NA,NA,NA,NA,NA,NA,NA,NA,NA,NA,NA
"Short-eared Owl","Asio flammeus","sheowl","Strigiformes","Strigidae (Owls)",NA,NA,NA,NA,"24 hour","24 hour","Vertebrate & Carrion","No","No","No","Non-endemic","Grassland","Winter Migrant",NA,NA,NA,"Short-eared Owl","Asio flammeus","Short-eared Owl","Asio flammeus","Least Concern","Schedule-I","Appendix II","",NA,"Short-eared Owl","Asio flammeus","avibase-8F123A11",1,4.69,1,0.048318673,510,"","","X",4,0.25,NA,NA,14.25,7.69055481310246,NA,NA,NA,NA,NA,NA,NA,NA,NA,NA,NA,NA,NA,NA,NA,NA,NA,NA,NA,NA,NA,NA,NA,NA,NA,NA,NA,NA,NA,NA,NA,NA,NA,0,0,0,"Insufficient Data","Insufficient Data",NA,"Low","Insufficient Data","Insufficient Data",NA,"Low"
"Boreal Owl","Aegolius funereus","borowl","Strigiformes","Strigidae (Owls)",NA,NA,NA,NA,"Nocturnal","Nocturnal","Vertebrate & Carrion","No","No","No","Non-endemic","Forest","Uncertain",NA,1,NA,"Boreal Owl","Aegolius funereus","Boreal Owl","Aegolius funereus","Least Concern","Schedule-II","Appendix II","",NA,"Boreal Owl","Aegolius funereus","avibase-8AB4EAF6",NA,4.06,1,4.25e-05,511,"","","",NA,NA,NA,NA,NA,NA,NA,NA,NA,NA,NA,NA,NA,NA,NA,NA,NA,NA,NA,NA,NA,NA,NA,NA,NA,NA,NA,NA,NA,NA,NA,NA,NA,NA,NA,NA,NA,NA,NA,NA,NA,NA,NA,NA,NA,NA,NA,NA,NA,NA
"Andaman Boobook","Ninox affinis","andhao1","Strigiformes","Strigidae (Owls)",NA,NA,NA,NA,"Nocturnal","Nocturnal","Invertebrate","Yes","Yes","No","Andaman Islands","Forest","Resident",NA,NA,1,"Andaman Boobook","Ninox affinis","Andaman Boobook","Ninox affinis","Least Concern","Schedule-II","Appendix II","",NA,"Andaman Boobook","Ninox affinis","avibase-719451A5",1,6.37,1,1,512,"","","",NA,NA,NA,NA,NA,NA,NA,NA,NA,NA,NA,NA,NA,NA,NA,NA,NA,NA,NA,NA,NA,NA,NA,NA,NA,NA,NA,NA,NA,NA,NA,NA,NA,NA,NA,NA,NA,NA,NA,NA,NA,NA,NA,NA,NA,NA,NA,NA,NA,NA
"Brown Boobook","Ninox scutulata","brnhao1","Strigiformes","Strigidae (Owls)",NA,NA,NA,NA,"Nocturnal","Nocturnal","Invertebrate","No","No","No","Non-endemic","Forest & Plantation","Resident",NA,NA,NA,"Brown Boobook","Ninox scutulata","Brown Boobook","Ninox scutulata","Least Concern","Schedule-II","Appendix II","",NA,"Brown Boobook","Ninox scutulata","avibase-A5AC4024",1,4.93,5,0.290681793,513,"","","",25,0.12,0.27,0.52,16.72,2.93241154001276,NA,NA,NA,NA,NA,NA,NA,NA,NA,NA,NA,NA,NA,NA,NA,NA,NA,NA,NA,NA,NA,NA,NA,NA,NA,NA,NA,NA,NA,NA,NA,NA,NA,NA,NA,NA,NA,NA,NA,NA,NA,NA,NA,NA
"Hume's Boobook","Ninox obscura","brnhao3","Strigiformes","Strigidae (Owls)",NA,NA,NA,NA,"Nocturnal","Nocturnal","Invertebrate","Yes","Yes","No","Andaman Islands","Non-specialized","Resident",NA,NA,1,"Hume's Boobook","Ninox obscura","Hume's Boobook","Ninox obscura","Least Concern","Schedule-II","Appendix II","",NA,"Hume's Boobook","Ninox obscura","avibase-2EE2D67A",1,5.54,1,1,514,"","","",NA,NA,NA,NA,NA,NA,NA,NA,NA,NA,NA,NA,NA,NA,NA,NA,NA,NA,NA,NA,NA,NA,NA,NA,NA,NA,NA,NA,NA,NA,NA,NA,NA,NA,NA,NA,NA,NA,NA,NA,NA,NA,NA,NA,NA,NA,NA,NA,NA,NA
"Malabar Trogon","Harpactes fasciatus","maltro1","Trogoniformes","Trogonidae (Trogons)",NA,NA,NA,NA,"Diurnal","Diurnal","Invertebrate","No","Yes","No","Indian Subcontinent","Forest","Resident",NA,NA,NA,"Malabar Trogon","Harpactes fasciatus","Malabar Trogon","Harpactes fasciatus","Least Concern","Schedule-II","","",NA,"Malabar Trogon","Harpactes fasciatus","avibase-FC98A36A",1,4.06,2,0.84164173,515,"X","X","X",27,0.259259259259259,0.421296296296296,0.481481481481481,15.5185185185185,3.06328037435264,60.8904142900194,73.0022405952881,87.8013492101433,57.6233837612177,70.9169604968577,87.5915617625062,54.5932965665049,68.9535090410052,87.2623197830294,51.7432661755125,67.0590263957401,87.0140392152518,48.9090072449256,65.0122701952594,86.8166458353733,46.2792624490924,63.1406082126318,86.6592306336458,43.798359804347,61.1876728451085,86.358728189918,41.4161888068726,59.4260709788276,86.1692970920468,NA,NA,NA,-88.0651652139397,-81.8112611763952,-71.837457490996,-1.30626115147462,-0.639752777767105,0.0267555959404122,18156,18234,18312,"Trend Inconclusive","Stable",NA,"Moderate","Trend Inconclusive","Rapid Decline",NA,"Moderate"
"Red-headed Trogon","Harpactes erythrocephalus","rehtro1","Trogoniformes","Trogonidae (Trogons)",NA,NA,NA,NA,"Diurnal","Diurnal","Invertebrate","No","No","No","Non-endemic","Forest","Resident",1,NA,NA,"Red-headed Trogon","Harpactes erythrocephalus","Red-headed Trogon","Harpactes erythrocephalus","Least Concern","Schedule-II","","",NA,"Red-headed Trogon","Harpactes erythrocephalus","avibase-B8B765D8",1,4.3,2,0.075375982,516,"","","",NA,NA,NA,NA,NA,NA,NA,NA,NA,NA,NA,NA,NA,NA,NA,NA,NA,NA,NA,NA,NA,NA,NA,NA,NA,NA,NA,NA,NA,NA,NA,NA,NA,NA,NA,NA,NA,NA,NA,NA,NA,NA,NA,NA,NA,"Low",NA,NA,NA,NA
"Ward's Trogon","Harpactes wardi","wartro1","Trogoniformes","Trogonidae (Trogons)",NA,NA,NA,NA,"Diurnal","Diurnal","Invertebrate","No","No","Yes","Eastern Himalayas","Forest","Resident",NA,NA,NA,"Ward's Trogon","Harpactes wardi","Ward's Trogon","Harpactes wardi","Least Concern","Schedule-I","","",NA,"Ward's Trogon","Harpactes wardi","avibase-09E4B98C",1,4.6,1,0.294209472,517,"","","",NA,NA,NA,NA,NA,NA,NA,NA,NA,NA,NA,NA,NA,NA,NA,NA,NA,NA,NA,NA,NA,NA,NA,NA,NA,NA,NA,NA,NA,NA,NA,NA,NA,NA,NA,NA,NA,NA,NA,NA,NA,NA,NA,NA,NA,"Moderate",NA,NA,NA,NA
"Common Hoopoe","Upupa epops","hoopoe","Bucerotiformes","Upupidae (Hoopoes)",NA,NA,NA,NA,"Diurnal","Diurnal","Invertebrate","No","No","No","Non-endemic","Non-specialized","Within-India Migrant & Winter Migrant",NA,NA,NA,"Eurasian Hoopoe","Upupa epops","Common Hoopoe","Upupa epops","Least Concern","Schedule-II","","",NA,"Common Hoopoe","Upupa epops","avibase-FA2F9125",1,2.79,3,0.050783192,518,"","","",NA,NA,NA,NA,NA,NA,NA,NA,NA,NA,NA,NA,NA,NA,NA,NA,NA,NA,NA,NA,NA,NA,NA,NA,NA,NA,NA,NA,NA,NA,NA,NA,NA,NA,NA,NA,NA,NA,NA,133966,133991,134016,NA,NA,NA,NA,"Rapid Decline","Decline",NA,"Moderate"
"Great Hornbill","Buceros bicornis","grehor1","Bucerotiformes","Bucerotidae (Hornbills)",NA,NA,NA,NA,"Diurnal","Diurnal","Fruit & Nect","No","No","No","Non-endemic","Forest","Resident",1,NA,NA,"Great Hornbill","Buceros bicornis","Great Hornbill","Buceros bicornis","Vulnerable","Schedule-I","Appendix I","",NA,"Great Hornbill","Buceros bicornis","avibase-A9D587B9",1,21.12,1,0.161794238,519,"X","X","X",25,0.24,0.4,0.6,16.16,2.96100584711795,155.248740739028,193.347374327294,240.679288560991,158.927539779966,204.079996089488,261.609428027418,162.800084396049,215.260090633505,284.326093518137,166.762712615114,226.851204594182,309.74802269472,170.337013338186,239.390348681401,337.02058526874,174.356305798896,252.679321895526,366.555555781704,178.331459933898,266.23058738443,399.591802116132,182.440328230664,280.971178852208,434.74089690616,NA,NA,NA,-60.0880961930008,-29.3345202050333,90.594861368588,-312848.447482696,3.5585834080338,312855.564649513,21900,21975,22050,"Trend Inconclusive","Trend Inconclusive",NA,"Low","Trend Inconclusive","Trend Inconclusive",NA,"Moderate"
"Brown Hornbill","Anorrhinus austeni","brnhor1","Bucerotiformes","Bucerotidae (Hornbills)",NA,NA,NA,NA,"Diurnal","Diurnal","Fruit & Nect","No","No","No","Non-endemic","Forest","Resident",1,NA,NA,"Brown Hornbill","Anorrhinus austeni","Austen's Brown Hornbill","Anorrhinus austeni","Near Threatened","Schedule-I","Appendix II","",NA,"Austen's Brown Hornbill","Anorrhinus austeni","avibase-71A029B9",1,7,1,0.041401953,520,"","","",NA,NA,NA,NA,NA,NA,NA,NA,NA,NA,NA,NA,NA,NA,NA,NA,NA,NA,NA,NA,NA,NA,NA,NA,NA,NA,NA,NA,NA,NA,NA,NA,NA,NA,NA,NA,NA,NA,NA,NA,NA,NA,NA,NA,NA,"Moderate",NA,NA,NA,NA
"Indian Gray Hornbill","Ocyceros birostris","inghor2","Bucerotiformes","Bucerotidae (Hornbills)",NA,NA,NA,NA,"Diurnal","Diurnal","Fruit & Nect","No","Yes","No","Indian Subcontinent","Non-specialized","Resident",NA,NA,NA,"Indian Grey Hornbill","Ocyceros birostris","Indian Grey Hornbill","Ocyceros birostris","Least Concern","Schedule-II","","",NA,"Indian Grey Hornbill","Ocyceros birostris","avibase-FD5AD57F",1,5.96,1,0.977850469,521,"","","X",51,NA,0.384803921568627,0.686274509803922,16.4705882352941,1.90175890903576,NA,NA,NA,NA,NA,NA,NA,NA,NA,NA,NA,NA,NA,NA,NA,NA,NA,NA,NA,NA,NA,NA,NA,NA,NA,NA,NA,NA,NA,NA,NA,NA,NA,29649,29697,29745,"Insufficient Data","Insufficient Data",NA,"Low","Insufficient Data","Insufficient Data",NA,"Moderate"
"Malabar Gray Hornbill","Ocyceros griseus","maghor2","Bucerotiformes","Bucerotidae (Hornbills)",NA,NA,NA,NA,"Diurnal","Diurnal","Fruit & Nect","Yes","Yes","No","Western Ghats","Forest & Plantation","Resident",NA,NA,NA,"Malabar Grey Hornbill","Ocyceros griseus","Malabar Grey Hornbill","Ocyceros griseus","Vulnerable","Schedule-I","","",NA,"Malabar Grey Hornbill","Ocyceros griseus","avibase-2BE24F91",1,5.93,1,1,522,"","X","X",30,0.2,0.429166666666667,0.633333333333333,16.2333333333333,2.73769006303235,137.359598577889,174.067077681064,221.218275744061,138.815800916143,181.659701264749,238.105666533469,140.209317999887,189.583897064528,256.365406630264,141.435557714822,197.925743689839,276.94364942431,142.712848408578,206.657946090845,299.131113498917,143.947277075197,215.578429086377,323.395030052985,145.264597161997,224.940110596029,348.765258881192,146.461541702398,234.765845347369,376.132681716921,NA,NA,NA,NA,NA,NA,-0.0193604723089387,5.43994994429678,10.8992603609025,18750,18812,18874,"Insufficient Data","Trend Inconclusive",NA,"Moderate","Insufficient Data","Trend Inconclusive",NA,"Moderate"
"Malabar Pied-Hornbill","Anthracoceros coronatus","maphor1","Bucerotiformes","Bucerotidae (Hornbills)",NA,NA,NA,NA,"Diurnal","Diurnal","Fruit & Nect","No","Yes","No","Indian Subcontinent","Forest & Plantation","Resident",NA,NA,NA,"Malabar Pied-Hornbill","Anthracoceros coronatus","Malabar Pied Hornbill","Anthracoceros coronatus","Near Threatened","Schedule-I","Appendix II","",NA,"Malabar Pied Hornbill","Anthracoceros coronatus","avibase-079BC769",1,7.38,1,0.915210124,523,"","X","X",5,0.2,0.275,0.2,20.4,6.18565566451932,36.1229432241588,98.8278705465426,360.73597058311,29.42816085751,92.6927074355273,404.157992085338,24.1984062992529,86.6119890297967,452.254054019127,19.9337676546762,80.3877917634444,502.416822225943,16.4500299915593,74.6157285888935,563.12499149849,13.1161919163189,68.9475506582525,634.817174244969,10.6765167084705,64.1554222622794,711.913437505999,8.73640986363237,59.9094041048527,799.074406789839,NA,NA,NA,NA,NA,NA,-55375966.2942167,-11.6522584139578,55375942.9896999,4292,4292,4292,"Insufficient Data","Trend Inconclusive",NA,"Low","Insufficient Data","Trend Inconclusive",NA,"Moderate"
"Oriental Pied-Hornbill","Anthracoceros albirostris","orphor1","Bucerotiformes","Bucerotidae (Hornbills)",NA,NA,NA,NA,"Diurnal","Diurnal","Fruit & Nect","No","No","No","Non-endemic","Forest & Plantation","Resident",NA,NA,NA,"Oriental Pied-Hornbill","Anthracoceros albirostris","Oriental Pied Hornbill","Anthracoceros albirostris","Least Concern","Schedule-I","Appendix II","",NA,"Oriental Pied Hornbill","Anthracoceros albirostris","avibase-082CFEA6",1,7.62,1,0.184263928,524,"","","",NA,NA,NA,NA,NA,NA,NA,NA,NA,NA,NA,NA,NA,NA,NA,NA,NA,NA,NA,NA,NA,NA,NA,NA,NA,NA,NA,NA,NA,NA,NA,NA,NA,NA,NA,NA,NA,NA,NA,NA,NA,NA,NA,NA,NA,"Low",NA,NA,NA,NA
"Rufous-necked Hornbill","Aceros nipalensis","runhor1","Bucerotiformes","Bucerotidae (Hornbills)",NA,NA,NA,NA,"Diurnal","Diurnal","Fruit & Nect","No","No","No","Non-endemic","Forest","Resident",1,NA,NA,"Rufous-necked Hornbill","Aceros nipalensis","Rufous-necked Hornbill","Aceros nipalensis","Vulnerable","Schedule-I","Appendix I","",NA,"Rufous-necked Hornbill","Aceros nipalensis","avibase-01391B1A",1,10.89,1,0.320978699,525,"","","",NA,NA,NA,NA,NA,NA,NA,NA,NA,NA,NA,NA,NA,NA,NA,NA,NA,NA,NA,NA,NA,NA,NA,NA,NA,NA,NA,NA,NA,NA,NA,NA,NA,NA,NA,NA,NA,NA,NA,NA,NA,NA,NA,NA,NA,"High",NA,NA,NA,NA
"Wreathed Hornbill","Rhyticeros undulatus","wrehor1","Bucerotiformes","Bucerotidae (Hornbills)",NA,NA,NA,NA,"Diurnal","Diurnal","Fruit & Nect","No","No","No","Non-endemic","Forest","Resident",1,NA,NA,"Wreathed Hornbill","Rhyticeros undulatus","Wreathed Hornbill","Rhyticeros undulatus","Vulnerable","Schedule-I","Appendix II","",NA,"Wreathed Hornbill","Rhyticeros undulatus","avibase-3C98DDBC",1,10.4,1,0.043919835,526,"","","",NA,NA,NA,NA,NA,NA,NA,NA,NA,NA,NA,NA,NA,NA,NA,NA,NA,NA,NA,NA,NA,NA,NA,NA,NA,NA,NA,NA,NA,NA,NA,NA,NA,NA,NA,NA,NA,NA,NA,NA,NA,NA,NA,NA,NA,"High",NA,NA,NA,NA
"Narcondam Hornbill","Rhyticeros narcondami","narhor1","Bucerotiformes","Bucerotidae (Hornbills)",NA,NA,NA,NA,"Diurnal","Diurnal","Fruit & Nect","Yes","Yes","No","Andaman Islands","Forest","Resident",NA,NA,1,"Narcondam Hornbill","Rhyticeros narcondami","Narcondam Hornbill","Rhyticeros narcondami","Vulnerable","Schedule-I","Appendix II","",NA,"Narcondam Hornbill","Rhyticeros narcondami","avibase-E3E8456E",1,7.95,1,1,527,"","","",NA,NA,NA,NA,NA,NA,NA,NA,NA,NA,NA,NA,NA,NA,NA,NA,NA,NA,NA,NA,NA,NA,NA,NA,NA,NA,NA,NA,NA,NA,NA,NA,NA,NA,NA,NA,NA,NA,NA,NA,NA,NA,NA,NA,NA,"High",NA,NA,NA,NA
"Blue-bearded Bee-eater","Nyctyornis athertoni","bbbeat1","Coraciiformes","Meropidae (Bee-eaters)",NA,NA,NA,NA,"Diurnal","Diurnal","Invertebrate","No","No","No","Non-endemic","Forest","Resident",NA,NA,NA,"Blue-bearded Bee-eater","Nyctyornis athertoni","Blue-bearded Bee-eater","Nyctyornis athertoni","Least Concern","Schedule-II","","",NA,"Blue-bearded Bee-eater","Nyctyornis athertoni","avibase-5C15B5FC",1,3.96,1,0.348396321,528,"","","X",52,0.0961538461538462,0.413461538461538,0.673076923076923,16.9423076923077,1.71347449265755,NA,NA,NA,NA,NA,NA,NA,NA,NA,NA,NA,NA,NA,NA,NA,NA,NA,NA,NA,NA,NA,NA,NA,NA,NA,NA,NA,NA,NA,NA,NA,NA,NA,49513,49657,49801,"Insufficient Data","Insufficient Data",NA,"Low","Insufficient Data","Insufficient Data",NA,"Low"
"Asian Green Bee-eater","Merops orientalis","grnbee3","Coraciiformes","Meropidae (Bee-eaters)",NA,NA,NA,NA,"Diurnal","Diurnal","Invertebrate","No","No","No","Non-endemic","Non-specialized","Resident",NA,NA,NA,"Asian Green Bee-eater","Merops orientalis","Asian Green Bee-eater","Merops orientalis","Least Concern","Schedule-II","","",NA,"Asian Green Bee-eater","Merops orientalis","avibase-759AD1FB",1,2.5,3,0.505233278,529,"X","X","X",250,0.148,0.6925,0.836,14.684,0.78108354249917,89.1985491152005,99.3135158714132,110.5440492642,86.6583497423691,97.8993976756765,110.526217119746,84.1460126831291,96.503575711635,110.537592980964,81.7087283514596,95.0927065823921,110.585209102504,79.3374955567812,93.6947767215305,110.639797225389,76.9955965881362,92.3282950763925,110.674340306323,74.7230350321667,90.9739764525095,110.731820046483,72.4942140151158,89.6737483243579,110.818232739509,NA,NA,NA,-28.8055800643733,-20.9764471918003,-12.868586768523,-2.65763809415691,-1.26600606785786,0.125625958441181,145519,145521,145523,"Trend Inconclusive","Stable",NA,"Low","Trend Inconclusive","Stable",NA,"Low"
"Blue-throated Bee-eater","Merops viridis","btbeat2","Coraciiformes","Meropidae (Bee-eaters)",NA,NA,NA,NA,"Diurnal","Diurnal","Invertebrate","No","No","No","Non-endemic","Non-specialized","Uncertain",NA,1,NA,"Blue-throated Bee-eater","Merops viridis","Blue-throated Bee-eater","Merops viridis","Least Concern","Schedule-II","","",NA,"Blue-throated Bee-eater","Merops viridis","avibase-457420DA",NA,3.25,1,NA,530,"","","",NA,NA,NA,NA,NA,NA,NA,NA,NA,NA,NA,NA,NA,NA,NA,NA,NA,NA,NA,NA,NA,NA,NA,NA,NA,NA,NA,NA,NA,NA,NA,NA,NA,NA,NA,NA,NA,NA,NA,NA,NA,NA,NA,NA,NA,NA,NA,NA,NA,NA
"Blue-cheeked Bee-eater","Merops persicus","bcbeat1","Coraciiformes","Meropidae (Bee-eaters)",NA,NA,NA,NA,"Diurnal","Diurnal","Invertebrate","No","No","No","Non-endemic","Open Habitat","Resident & Summer Migrant",NA,NA,NA,"Blue-cheeked Bee-eater","Merops persicus","Blue-cheeked Bee-eater","Merops persicus","Least Concern","Schedule-II","","",NA,"Blue-cheeked Bee-eater","Merops persicus","avibase-6EE45113",1,3.02,1,0.02311117,531,"","","",NA,NA,NA,NA,NA,NA,NA,NA,NA,NA,NA,NA,NA,NA,NA,NA,NA,NA,NA,NA,NA,NA,NA,NA,NA,NA,NA,NA,NA,NA,NA,NA,NA,NA,NA,NA,NA,NA,NA,NA,NA,NA,NA,NA,NA,"Low",NA,NA,NA,NA
"Blue-tailed Bee-eater","Merops philippinus","btbeat1","Coraciiformes","Meropidae (Bee-eaters)",NA,NA,NA,NA,"Diurnal","Diurnal","Invertebrate","No","No","No","Non-endemic","Open Habitat","Within-India Migrant & Winter Migrant",NA,NA,NA,"Blue-tailed Bee-eater","Merops philippinus","Blue-tailed Bee-eater","Merops philippinus","Least Concern","Schedule-II","","",NA,"Blue-tailed Bee-eater","Merops philippinus","avibase-809951F0",1,2.73,1,0.334372462,532,"","X","X",232,0.103448275862069,0.614224137931034,0.767241379310345,15.0818965517241,0.777145767823286,96.9353372823279,119.174056206878,146.548674934987,98.0401142854124,123.936743038076,156.566607095918,99.0959251672816,128.858005830265,167.305027771268,100.077751908775,133.847170621248,178.916578425335,101.049990938157,139.10995006183,191.398891195733,102.045530440881,144.583040193439,204.863933840781,102.984305272202,150.297486884397,219.215598345132,103.911320704348,156.183068388176,234.733400204944,NA,NA,NA,NA,NA,NA,1.03848492095364,3.69538410032122,6.3522832796888,134147,134172,134197,"Insufficient Data","Trend Inconclusive",NA,"Low","Insufficient Data","Trend Inconclusive",NA,"Low"
"European Bee-eater","Merops apiaster","eubeat1","Coraciiformes","Meropidae (Bee-eaters)",NA,NA,NA,NA,"Diurnal","Diurnal","Invertebrate","No","No","No","Non-endemic","Forest","Winter Migrant & Localized Summer Migrant",NA,NA,NA,"European Bee-eater","Merops apiaster","European Bee-eater","Merops apiaster","Least Concern","Schedule-II","","Appendix II",NA,"European Bee-eater","Merops apiaster","avibase-66AA3934",1,2.93,1,0.004888962,533,"","","",19,NA,0.361842105263158,0.684210526315789,19.2105263157895,3.06286118214884,NA,NA,NA,NA,NA,NA,NA,NA,NA,NA,NA,NA,NA,NA,NA,NA,NA,NA,NA,NA,NA,NA,NA,NA,NA,NA,NA,NA,NA,NA,NA,NA,NA,NA,NA,NA,NA,NA,NA,NA,NA,NA,NA,NA
"Chestnut-headed Bee-eater","Merops leschenaulti","chbeat1","Coraciiformes","Meropidae (Bee-eaters)",NA,NA,NA,NA,"Diurnal","Diurnal","Invertebrate","No","No","No","Non-endemic","Forest","Resident & Within-India Migrant",NA,NA,NA,"Chestnut-headed Bee-eater","Merops leschenaulti","Chestnut-headed Bee-eater","Merops leschenaulti","Least Concern","Schedule-II","","",NA,"Chestnut-headed Bee-eater","Merops leschenaulti","avibase-F8652F4F",1,3.19,2,0.200171415,534,"","X","X",74,0.135135135135135,0.483108108108108,0.702702702702703,16.7567567567568,1.44880228729894,72.1642596522746,79.4644096241121,87.4126838740694,69.7493351214712,77.8083081241643,86.6560471649691,67.3954673248242,76.1826348267905,86.0316822899077,65.1141093338908,74.6503336054727,85.3831802560807,62.9263425463855,73.0693060224799,84.7136385223542,60.8192356742015,71.5686870244662,84.1727945653617,58.7717034842124,70.0768954279932,83.5876705454027,56.7758390791202,68.6069924323466,82.9409494924465,NA,NA,NA,NA,NA,NA,-3.2118070308282,-1.91172415009159,-0.611641269354967,39682,39748,39814,"Insufficient Data","Trend Inconclusive",NA,"Low","Insufficient Data","Trend Inconclusive",NA,"Low"
"Blyth's Kingfisher","Alcedo hercules","blykin1","Coraciiformes","Alcedinidae (Kingfishers)",NA,NA,NA,NA,"Diurnal","Diurnal","Vertebrate & Carrion","No","No","No","Non-endemic","Forest","Resident",1,NA,NA,"Blyth's Kingfisher","Alcedo hercules","Blyth's Kingfisher","Alcedo hercules","Near Threatened","Schedule-I","","",NA,"Blyth's Kingfisher","Alcedo hercules","avibase-56A1C8E5",1,3.81,1,0.157188419,535,"","","",NA,NA,NA,NA,NA,NA,NA,NA,NA,NA,NA,NA,NA,NA,NA,NA,NA,NA,NA,NA,NA,NA,NA,NA,NA,NA,NA,NA,NA,NA,NA,NA,NA,NA,NA,NA,NA,NA,NA,NA,NA,NA,NA,NA,NA,"Moderate",NA,NA,NA,NA
"Common Kingfisher","Alcedo atthis","comkin1","Coraciiformes","Alcedinidae (Kingfishers)",NA,NA,NA,NA,"Diurnal","Diurnal","Vertebrate & Carrion","No","No","No","Non-endemic","Wetland","Resident",NA,NA,NA,"Common Kingfisher","Alcedo atthis","Common Kingfisher","Alcedo atthis","Least Concern","Schedule-II","","",NA,"Common Kingfisher","Alcedo atthis","avibase-9505E03D",1,4.55,3,0.10914,536,"X","X","X",230,0.108695652173913,0.590217391304348,0.791304347826087,15.2130434782609,0.781920807233891,96.4912587911482,106.992830297822,118.499166585941,96.3596791311547,108.339929875972,121.72360365484,96.2543646459023,109.727135849373,125.031856331228,96.1382124637263,111.118806813577,128.438974757045,95.9849652097475,112.465763225224,131.992015014394,95.8124876121243,113.826191589843,135.629613939971,95.686272733676,115.272220924352,139.474123286318,95.5426004343346,116.74048697733,143.226568571033,NA,NA,NA,-44.3241354674307,-34.0919017265566,-21.018344875971,-0.194272057230664,0.812796317212633,1.81986469165593,141442,141442,141442,"Trend Inconclusive","Stable",NA,"Low","Stable","Trend Inconclusive",NA,"Low"
"Blue-eared Kingfisher","Alcedo meninting","blekin1","Coraciiformes","Alcedinidae (Kingfishers)",NA,NA,NA,NA,"Diurnal","Diurnal","Vertebrate & Carrion","No","No","No","Non-endemic","Forest","Resident",NA,NA,NA,"Blue-eared Kingfisher","Alcedo meninting","Blue-eared Kingfisher","Alcedo meninting","Least Concern","Schedule-II","","",NA,"Blue-eared Kingfisher","Alcedo meninting","avibase-39629250",1,3.49,3,0.140353949,537,"","","X",1,NA,1,1,25,NA,NA,NA,NA,NA,NA,NA,NA,NA,NA,NA,NA,NA,NA,NA,NA,NA,NA,NA,NA,NA,NA,NA,NA,NA,NA,NA,NA,NA,NA,NA,NA,NA,NA,53,78,103,"Insufficient Data","Insufficient Data",NA,"Low","Insufficient Data","Insufficient Data",NA,"Low"
"Black-backed Dwarf-Kingfisher","Ceyx erithaca","bkbkin1","Coraciiformes","Alcedinidae (Kingfishers)",NA,NA,NA,NA,"Diurnal","Diurnal","Invertebrate","No","No","No","Non-endemic","Forest","Local Migrant & Summer Migrant",NA,NA,NA,"Black-backed Dwarf-Kingfisher","Ceyx erithaca","Black-backed Dwarf-kingfisher","Ceyx erithaca","Near Threatened","Schedule-II","","",NA,"Black-backed Dwarf Kingfisher","Ceyx erithaca","avibase-2D66E27C",1,2.68,2,0.109218977,538,"","","X",3,NA,0.333333333333333,NA,16,11.76,NA,NA,NA,NA,NA,NA,NA,NA,NA,NA,NA,NA,NA,NA,NA,NA,NA,NA,NA,NA,NA,NA,NA,NA,NA,NA,NA,NA,NA,NA,NA,NA,NA,1225,1225,1225,"Insufficient Data","Insufficient Data",NA,"Moderate","Insufficient Data","Insufficient Data",NA,"Moderate"
"Rufous-backed Dwarf-Kingfisher","Ceyx rufidorsa","rubkin1","Coraciiformes","Alcedinidae (Kingfishers)",NA,NA,NA,NA,"Diurnal","Diurnal","Invertebrate","No","No","No","Non-endemic","Wetland","Uncertain",NA,1,NA,"Rufous-backed Dwarf-Kingfisher","Ceyx rufidorsa","Rufous-backed Dwarf-kingfisher","Ceyx rufidorsa","Least Concern","Schedule-II","","",NA,"Rufous-backed Dwarf Kingfisher","Ceyx rufidorsa","avibase-2F51076C",NA,3.1,1,NA,539,"","","",NA,NA,NA,NA,NA,NA,NA,NA,NA,NA,NA,NA,NA,NA,NA,NA,NA,NA,NA,NA,NA,NA,NA,NA,NA,NA,NA,NA,NA,NA,NA,NA,NA,NA,NA,NA,NA,NA,NA,NA,NA,NA,NA,NA,NA,NA,NA,NA,NA,NA
"Brown-winged Kingfisher","Pelargopsis amauroptera","bnwkin1","Coraciiformes","Alcedinidae (Kingfishers)",NA,NA,NA,NA,"Diurnal","Diurnal","Omnivore","No","No","No","Non-endemic","Wetland","Resident",1,NA,NA,"Brown-winged Kingfisher","Pelargopsis amauroptera","Brown-winged Kingfisher","Pelargopsis amauroptera","Near Threatened","Schedule-II","","",NA,"Brown-winged Kingfisher","Pelargopsis amauroptera","avibase-19C28D92",1,4.92,1,0.145540406,540,"","","",NA,NA,NA,NA,NA,NA,NA,NA,NA,NA,NA,NA,NA,NA,NA,NA,NA,NA,NA,NA,NA,NA,NA,NA,NA,NA,NA,NA,NA,NA,NA,NA,NA,NA,NA,NA,NA,NA,NA,NA,NA,NA,NA,NA,NA,"High",NA,NA,NA,NA
"Stork-billed Kingfisher","Pelargopsis capensis","stbkin1","Coraciiformes","Alcedinidae (Kingfishers)",NA,NA,NA,NA,"Diurnal","Diurnal","Vertebrate & Carrion","No","No","No","Non-endemic","Wetland","Resident",NA,NA,NA,"Stork-billed Kingfisher","Pelargopsis capensis","Stork-billed Kingfisher","Pelargopsis capensis","Least Concern","Schedule-II","","",NA,"Stork-billed Kingfisher","Pelargopsis capensis","avibase-2B0E883A",1,4.88,3,0.291940068,541,"","","X",63,0.0476190476190476,0.359126984126984,0.555555555555556,17.1269841269841,1.64308439350316,NA,NA,NA,NA,NA,NA,NA,NA,NA,NA,NA,NA,NA,NA,NA,NA,NA,NA,NA,NA,NA,NA,NA,NA,NA,NA,NA,NA,NA,NA,NA,NA,NA,45136,45204,45272,"Insufficient Data","Insufficient Data",NA,"Low","Insufficient Data","Insufficient Data",NA,"Low"
"Ruddy Kingfisher","Halcyon coromanda","rudkin1","Coraciiformes","Alcedinidae (Kingfishers)",NA,NA,NA,NA,"Diurnal","Diurnal","Omnivore","No","No","No","Non-endemic","Forest","Resident & Summer Migrant",1,NA,NA,"Ruddy Kingfisher","Halcyon coromanda","Ruddy Kingfisher","Halcyon coromanda","Least Concern","Schedule-II","","",NA,"Ruddy Kingfisher","Halcyon coromanda","avibase-6647508A",1,3.13,2,0.04148625,542,"","","",NA,NA,NA,NA,NA,NA,NA,NA,NA,NA,NA,NA,NA,NA,NA,NA,NA,NA,NA,NA,NA,NA,NA,NA,NA,NA,NA,NA,NA,NA,NA,NA,NA,NA,NA,NA,NA,NA,NA,NA,NA,NA,NA,NA,NA,"Moderate",NA,NA,NA,NA
"White-throated Kingfisher","Halcyon smyrnensis","whtkin2","Coraciiformes","Alcedinidae (Kingfishers)",NA,NA,NA,NA,"Diurnal","Diurnal","Vertebrate & Carrion","No","No","No","Non-endemic","Non-specialized","Resident",NA,NA,NA,"White-throated Kingfisher","Halcyon smyrnensis","White-throated Kingfisher","Halcyon smyrnensis","Least Concern","Schedule-II","","",NA,"White-throated Kingfisher","Halcyon smyrnensis","avibase-B30B6781",1,3.7,4,0.416983856,543,"X","X","X",256,0.15625,0.77490234375,0.89453125,14.5,0.778168570124373,100.314524580006,106.332212194779,112.631197818359,100.429921646828,107.281693536297,114.520036452792,100.509843403086,108.220770940484,116.444164491854,100.559176097473,109.155139633269,118.410135749461,100.619805521019,110.107670223846,120.408107302601,100.652412228633,111.059257437057,122.460092918633,100.718594742204,112.044363366006,124.510013683307,100.754108967431,113.007124415006,126.631550806737,NA,NA,NA,56.393391060095,70.807410919316,88.536044667284,0.00519266964674643,1.47714288405492,2.94909309846309,145817,145817,145817,"Rapid Increase","Trend Inconclusive",NA,"Low","Increase","Trend Inconclusive",NA,"Low"
"Black-capped Kingfisher","Halcyon pileata","blckin1","Coraciiformes","Alcedinidae (Kingfishers)",NA,NA,NA,NA,"Diurnal","Diurnal","Invertebrate","No","No","No","Non-endemic","Wetland","Winter Migrant",NA,NA,NA,"Black-capped Kingfisher","Halcyon pileata","Black-capped Kingfisher","Halcyon pileata","Vulnerable","Schedule-II","","",NA,"Black-capped Kingfisher","Halcyon pileata","avibase-6B292CA0",1,3.42,1,0.088051495,544,"","","X",10,0.3,0.2,0.1,18,4.11133068482699,NA,NA,NA,NA,NA,NA,NA,NA,NA,NA,NA,NA,NA,NA,NA,NA,NA,NA,NA,NA,NA,NA,NA,NA,NA,NA,NA,NA,NA,NA,NA,NA,NA,1224,1224,1224,"Insufficient Data","Insufficient Data",NA,"Moderate","Insufficient Data","Insufficient Data",NA,"Moderate"
"Collared Kingfisher","Todiramphus chloris","colkin1","Coraciiformes","Alcedinidae (Kingfishers)",NA,NA,NA,NA,"Diurnal","Diurnal","Invertebrate","No","No","No","Non-endemic","Forest","Resident",NA,NA,NA,"Collared Kingfisher","Todiramphus chloris","Collared Kingfisher","Todiramphus chloris","Least Concern","Schedule-II","","",NA,"Collared Kingfisher","Todiramphus chloris","avibase-5DA28D37",1,3.29,4,0.006217201,545,"","","",NA,NA,NA,NA,NA,NA,NA,NA,NA,NA,NA,NA,NA,NA,NA,NA,NA,NA,NA,NA,NA,NA,NA,NA,NA,NA,NA,NA,NA,NA,NA,NA,NA,NA,NA,NA,NA,NA,NA,NA,NA,NA,NA,NA,NA,"Moderate",NA,NA,NA,NA
"Crested Kingfisher","Megaceryle lugubris","crekin1","Coraciiformes","Alcedinidae (Kingfishers)",NA,NA,NA,NA,"Diurnal","Diurnal","Omnivore","No","No","No","Non-endemic","Wetland","Resident & Altitudinal Migrant",NA,NA,NA,"Crested Kingfisher","Megaceryle lugubris","Crested Kingfisher","Megaceryle lugubris","Least Concern","Schedule-II","","",NA,"Crested Kingfisher","Megaceryle lugubris","avibase-BE8DC16C",1,4.66,2,0.051789475,546,"","","",NA,NA,NA,NA,NA,NA,NA,NA,NA,NA,NA,NA,NA,NA,NA,NA,NA,NA,NA,NA,NA,NA,NA,NA,NA,NA,NA,NA,NA,NA,NA,NA,NA,NA,NA,NA,NA,NA,NA,NA,NA,NA,NA,NA,NA,"Low",NA,NA,NA,NA
"Pied Kingfisher","Ceryle rudis","piekin1","Coraciiformes","Alcedinidae (Kingfishers)",NA,NA,NA,NA,"Diurnal","Diurnal","Vertebrate & Carrion","No","No","No","Non-endemic","Wetland","Resident",NA,NA,NA,"Pied Kingfisher","Ceryle rudis","Pied Kingfisher","Ceryle rudis","Least Concern","Schedule-II","","",NA,"Pied Kingfisher","Ceryle rudis","avibase-8205077F",1,3.42,2,0.124645969,547,"X","X","X",198,0.136363636363636,0.54040404040404,0.696969696969697,15.6616161616162,0.84163757058383,57.8953152598521,63.3052062070518,69.2319573728477,55.2512475452246,61.1407912189723,67.6723845526985,52.7199921065876,59.020626678798,66.1219779080776,50.3124039352094,56.9770945999432,64.591526074639,47.9871028382199,55.0145678435112,63.1427400869922,45.7631219848636,53.1435763171941,61.7847454331549,43.6592897895553,51.318537961126,60.4084914970117,41.6182644613676,49.5566665349809,59.0739778541232,NA,NA,NA,-49.7290008924628,-37.902081003486,-22.0462796257105,-3.76193357717861,-2.70683439427052,-1.65173521136243,129377,129400,129423,"Trend Inconclusive","Decline",NA,"Moderate","Trend Inconclusive","Rapid Decline",NA,"Moderate"
"European Roller","Coracias garrulus","eurrol1","Coraciiformes","Coraciidae (Rollers)",NA,NA,NA,NA,"Diurnal","Diurnal","Invertebrate","No","No","No","Non-endemic","Non-specialized","Passage Migrant & Localized Summer Migrant",NA,NA,NA,"European Roller","Coracias garrulus","European Roller","Coracias garrulus","Least Concern","Schedule-II","","Appendix I",NA,"European Roller","Coracias garrulus","avibase-7451A628",1,3.83,1,0.00031,548,"","","X",5,NA,0.3,0.2,22.6,4.23105849640489,NA,NA,NA,NA,NA,NA,NA,NA,NA,NA,NA,NA,NA,NA,NA,NA,NA,NA,NA,NA,NA,NA,NA,NA,NA,NA,NA,NA,NA,NA,NA,NA,NA,7547,7612,7677,"Insufficient Data","Insufficient Data",NA,"Low","Insufficient Data","Insufficient Data",NA,"Low"
"Indian Roller","Coracias benghalensis","indrol2","Coraciiformes","Coraciidae (Rollers)",NA,NA,NA,NA,"Diurnal","Diurnal","Omnivore","No","No","No","Non-endemic","Open Habitat","Resident",NA,NA,NA,"Indian Roller","Coracias benghalensis","Indian Roller","Coracias benghalensis","Near Threatened","Schedule-II","","",NA,"Indian Roller","Coracias benghalensis","avibase-4F404CB9",1,4.77,2,0.69195081,549,"X","X","X",248,0.133064516129032,0.763608870967742,0.879032258064516,14.7338709677419,0.766014460202611,56.8033211825777,64.6202079474936,73.5974812743133,53.239334110538,61.6065399151502,71.3952897144543,49.8582765893503,58.7263965412591,69.241360346175,46.671844670641,55.9655523761257,67.1693624765287,43.7165696934456,53.3599184154606,65.181252174764,40.9002299126015,50.8621114693152,63.2909285318461,38.2730231133838,48.4792276512489,61.4625666905411,35.8219130845714,46.2181831129531,59.6711189203167,NA,NA,NA,-18.4761078759074,-8.385265917006,2.05676735129801,-8.1235164428389,-5.83486816540846,-3.54621988797802,141686,141689,141692,"Stable","Decline",NA,"Moderate","Stable","Decline",NA,"Low"
"Indochinese Roller","Coracias affinis","indrol3","Coraciiformes","Coraciidae (Rollers)",NA,NA,NA,NA,"Diurnal","Diurnal","Omnivore","No","No","No","Non-endemic","Open Habitat","Resident & Local Migrant",NA,NA,NA,"Indochinese Roller","Coracias affinis","Indochinese Roller","Coracias affinis","Least Concern","Schedule-II","","",NA,"Indochinese Roller","Coracias affinis","avibase-959FEC0D",1,4.94,1,0.095178165,550,"","","",NA,NA,NA,NA,NA,NA,NA,NA,NA,NA,NA,NA,NA,NA,NA,NA,NA,NA,NA,NA,NA,NA,NA,NA,NA,NA,NA,NA,NA,NA,NA,NA,NA,NA,NA,NA,NA,NA,NA,NA,NA,NA,NA,NA,NA,"Low",NA,NA,NA,NA
"Dollarbird","Eurystomus orientalis","dollar1","Coraciiformes","Coraciidae (Rollers)",NA,NA,NA,NA,"Diurnal","Diurnal","Invertebrate","No","No","No","Non-endemic","Forest","Resident",NA,NA,NA,"Dollarbird","Eurystomus orientalis","Oriental Dollarbird","Eurystomus orientalis","Least Concern","Schedule-II","","",NA,"Oriental Dollarbird","Eurystomus orientalis","avibase-924BAB9C",1,4.4,3,0.021844972,551,"","","X",9,0.222222222222222,0.277777777777778,0.333333333333333,13.7777777777778,5.38532344822252,NA,NA,NA,NA,NA,NA,NA,NA,NA,NA,NA,NA,NA,NA,NA,NA,NA,NA,NA,NA,NA,NA,NA,NA,NA,NA,NA,NA,NA,NA,NA,NA,NA,5535,5590,5645,"Insufficient Data","Insufficient Data",NA,"Low","Insufficient Data","Insufficient Data",NA,"Low"
"Malabar Barbet","Psilopogon malabaricus","crfbar1","Piciformes","Megalaimidae (Asian Barbets)",NA,NA,NA,NA,"Diurnal","Diurnal","Fruit & Nect","Yes","Yes","No","Western Ghats","Forest","Resident",NA,NA,NA,"Malabar Barbet","Psilopogon malabaricus","Malabar Barbet","Psilopogon malabaricus","Least Concern","Schedule-II","","",NA,"Malabar Barbet","Psilopogon malabaricus","avibase-1E095819",1,3.63,1,1,552,"","","X",30,0.233333333333333,0.454166666666667,0.633333333333333,15.9,2.59300658048467,NA,NA,NA,NA,NA,NA,NA,NA,NA,NA,NA,NA,NA,NA,NA,NA,NA,NA,NA,NA,NA,NA,NA,NA,NA,NA,NA,NA,NA,NA,NA,NA,NA,21057,21111,21165,"Insufficient Data","Insufficient Data",NA,"Low","Insufficient Data","Insufficient Data",NA,"Moderate"
"Coppersmith Barbet","Psilopogon haemacephalus","copbar1","Piciformes","Megalaimidae (Asian Barbets)",NA,NA,NA,NA,"Diurnal","Diurnal","Fruit & Nect","No","No","No","Non-endemic","Forest & Plantation","Resident",NA,NA,NA,"Coppersmith Barbet","Psilopogon haemacephalus","Coppersmith Barbet","Psilopogon haemacephalus","Least Concern","Schedule-II","","",NA,"Coppersmith Barbet","Psilopogon haemacephalus","avibase-2B7AC50E",1,3.8,1,0.47066296,553,"","X","X",237,0.122362869198312,0.612341772151899,0.80168776371308,15.084388185654,0.778249110423696,74.8393923515469,84.2827116325994,94.8698411262298,72.6002038481427,83.0480811905176,94.9384427373706,70.3942291239558,81.81731996049,95.0664712699879,68.2337989342447,80.6199470285592,95.2037391379086,66.1559683331145,79.4280266539752,95.3890438924269,64.1211721322093,78.2653754984659,95.5794949368625,62.1381413386247,77.1152920089979,95.7893178906525,60.2033491151982,75.9831764852094,95.9880730944048,NA,NA,NA,NA,NA,NA,-3.03514053466234,-1.40501303917445,0.225114456313447,141511,141521,141531,"Insufficient Data","Trend Inconclusive",NA,"Low","Insufficient Data","Stable",NA,"Low"
"Blue-eared Barbet","Psilopogon cyanotis","buebar1","Piciformes","Megalaimidae (Asian Barbets)",NA,NA,NA,NA,"Diurnal","Diurnal","Fruit & Nect","No","No","No","Non-endemic","Forest","Resident",NA,NA,NA,"Blue-eared Barbet","Psilopogon cyanotis","Blue-eared Barbet","Psilopogon cyanotis","Least Concern","Schedule-II","","",NA,"Blue-eared Barbet","Psilopogon cyanotis","avibase-E3ADA3B1",1,3.53,1,0.115908157,554,"","","",NA,NA,NA,NA,NA,NA,NA,NA,NA,NA,NA,NA,NA,NA,NA,NA,NA,NA,NA,NA,NA,NA,NA,NA,NA,NA,NA,NA,NA,NA,NA,NA,NA,NA,NA,NA,NA,NA,NA,NA,NA,NA,NA,NA,NA,"Low",NA,NA,NA,NA
"Great Barbet","Psilopogon virens","grebar1","Piciformes","Megalaimidae (Asian Barbets)",NA,NA,NA,NA,"Diurnal","Diurnal","Fruit & Nect","No","No","No","Non-endemic","Forest","Resident & Altitudinal Migrant",NA,NA,NA,"Great Barbet","Psilopogon virens","Great Barbet","Psilopogon virens","Least Concern","Schedule-II","","",NA,"Great Barbet","Psilopogon virens","avibase-F5636BF7",1,4.89,3,0.105529158,555,"","","",NA,NA,NA,NA,NA,NA,NA,NA,NA,NA,NA,NA,NA,NA,NA,NA,NA,NA,NA,NA,NA,NA,NA,NA,NA,NA,NA,NA,NA,NA,NA,NA,NA,NA,NA,NA,NA,NA,NA,NA,NA,NA,NA,NA,NA,"Low",NA,NA,NA,NA
"Lineated Barbet","Psilopogon lineatus","linbar1","Piciformes","Megalaimidae (Asian Barbets)",NA,NA,NA,NA,"Diurnal","Diurnal","Fruit & Nect","No","No","No","Non-endemic","Forest & Plantation","Resident",NA,NA,NA,"Lineated Barbet","Psilopogon lineatus","Lineated Barbet","Psilopogon lineatus","Least Concern","Schedule-II","","",NA,"Lineated Barbet","Psilopogon lineatus","avibase-4EBAE936",1,5.06,1,0.215550974,556,"","","",NA,NA,NA,NA,NA,NA,NA,NA,NA,NA,NA,NA,NA,NA,NA,NA,NA,NA,NA,NA,NA,NA,NA,NA,NA,NA,NA,NA,NA,NA,NA,NA,NA,NA,NA,NA,NA,NA,NA,NA,NA,NA,NA,NA,NA,"Low",NA,NA,NA,NA
"Brown-headed Barbet","Psilopogon zeylanicus","brhbar1","Piciformes","Megalaimidae (Asian Barbets)",NA,NA,NA,NA,"Diurnal","Diurnal","Fruit & Nect","No","Yes","No","Indian Subcontinent","Non-specialized","Resident",NA,NA,NA,"Brown-headed Barbet","Psilopogon zeylanicus","Brown-headed Barbet","Psilopogon zeylanicus","Least Concern","Schedule-II","","",NA,"Brown-headed Barbet","Psilopogon zeylanicus","avibase-15471F21",1,4.78,3,0.959509262,557,"","X","X",78,0.0256410256410256,0.461538461538462,0.730769230769231,16.6153846153846,1.3760782135387,70.8040494678977,96.4427654394136,131.07260207732,66.0472835987019,93.6561580886947,132.681219262359,61.5023786729014,91.0178472331097,134.487482754848,57.2343730812196,88.4980513003745,136.370835324577,53.2163822757878,85.9902389471936,138.317140233809,49.5806800960552,83.5782214471174,140.48311219887,46.1482995409732,81.20513389498,142.624431836326,42.9761676576936,78.8976728423267,144.913224166184,NA,NA,NA,NA,NA,NA,-9.43425028665343,-3.77201574989438,1.89021878686466,59386,59422,59458,"Insufficient Data","Trend Inconclusive",NA,"Low","Insufficient Data","Trend Inconclusive",NA,"Low"
"White-cheeked Barbet","Psilopogon viridis","whcbar1","Piciformes","Megalaimidae (Asian Barbets)",NA,NA,NA,NA,"Diurnal","Diurnal","Fruit & Nect","Yes","Yes","No","Mainland India","Non-specialized","Resident",NA,NA,NA,"White-cheeked Barbet","Psilopogon viridis","White-cheeked Barbet","Psilopogon viridis","Least Concern","Schedule-II","","",NA,"White-cheeked Barbet","Psilopogon viridis","avibase-EAE4A304",1,4.35,1,1,558,"","X","X",109,0.137614678899083,0.518348623853211,0.73394495412844,15.4036697247706,1.35403855804138,102.534463483284,116.019809027718,131.234962844134,102.483856573713,117.832672493192,135.545090753716,102.345691845451,119.68924688363,139.958640665084,102.196844211888,121.526215599863,144.621263346166,102.020326576062,123.395330625685,149.468351709053,101.886675645126,125.265937608916,154.4616476693,101.719914624173,127.251546322691,159.461045390409,101.521365967163,129.250664018382,164.876697219357,NA,NA,NA,NA,NA,NA,-0.385318734875787,1.57698663488761,3.53929200465101,62377,62438,62499,"Insufficient Data","Stable",NA,"Low","Insufficient Data","Trend Inconclusive",NA,"Low"
"Golden-throated Barbet","Psilopogon franklinii","gotbar2","Piciformes","Megalaimidae (Asian Barbets)",NA,NA,NA,NA,"Diurnal","Diurnal","Fruit & Nect","No","No","No","Non-endemic","Forest","Resident",NA,NA,NA,"Golden-throated Barbet","Psilopogon franklinii","Golden-throated Barbet","Psilopogon franklinii","Least Concern","Schedule-II","","",NA,"Golden-throated Barbet","Psilopogon franklinii","avibase-BB0C3E76",1,3.91,1,0.121843602,559,"","","",NA,NA,NA,NA,NA,NA,NA,NA,NA,NA,NA,NA,NA,NA,NA,NA,NA,NA,NA,NA,NA,NA,NA,NA,NA,NA,NA,NA,NA,NA,NA,NA,NA,NA,NA,NA,NA,NA,NA,NA,NA,NA,NA,NA,NA,"Low",NA,NA,NA,NA
"Blue-throated Barbet","Psilopogon asiaticus","bltbar2","Piciformes","Megalaimidae (Asian Barbets)",NA,NA,NA,NA,"Diurnal","Diurnal","Fruit & Nect","No","No","No","Non-endemic","Forest & Plantation","Resident",NA,NA,NA,"Blue-throated Barbet","Psilopogon asiaticus","Blue-throated Barbet","Psilopogon asiaticus","Least Concern","Schedule-II","","",NA,"Blue-throated Barbet","Psilopogon asiaticus","avibase-229575C0",1,4.25,1,0.20041755,560,"","","",NA,NA,NA,NA,NA,NA,NA,NA,NA,NA,NA,NA,NA,NA,NA,NA,NA,NA,NA,NA,NA,NA,NA,NA,NA,NA,NA,NA,NA,NA,NA,NA,NA,NA,NA,NA,NA,NA,NA,NA,NA,NA,NA,NA,NA,"Low",NA,NA,NA,NA
"Yellow-rumped Honeyguide","Indicator xanthonotus","yerhon1","Piciformes","Indicatoridae (Honeyguides)",NA,NA,NA,NA,"Diurnal","Diurnal","Invertebrate","No","No","Yes","Himalayas","Forest","Resident & Altitudinal Migrant",NA,NA,NA,"Yellow-rumped Honeyguide","Indicator xanthonotus","Yellow-rumped Honeyguide","Indicator xanthonotus","Least Concern","Schedule-II","","",NA,"Yellow-rumped Honeyguide","Indicator xanthonotus","avibase-CBA33B09",1,3.34,2,0.392580765,561,"","","",NA,NA,NA,NA,NA,NA,NA,NA,NA,NA,NA,NA,NA,NA,NA,NA,NA,NA,NA,NA,NA,NA,NA,NA,NA,NA,NA,NA,NA,NA,NA,NA,NA,NA,NA,NA,NA,NA,NA,NA,NA,NA,NA,NA,NA,"Moderate",NA,NA,NA,NA
"Eurasian Wryneck","Jynx torquilla","eurwry","Piciformes","Picidae (Woodpeckers)",NA,NA,NA,NA,"Diurnal","Diurnal","Invertebrate","No","No","No","Non-endemic","Open Habitat","Winter Migrant & Localized Summer Migrant",NA,NA,NA,"Eurasian Wryneck","Jynx torquilla","Eurasian Wryneck","Jynx torquilla","Least Concern","Schedule-II","","",NA,"Eurasian Wryneck","Jynx torquilla","avibase-B2E6AB9F",1,2.6,4,0.090926714,562,"","","X",8,NA,0.291666666666667,0.625,21.25,2.79035839991926,NA,NA,NA,NA,NA,NA,NA,NA,NA,NA,NA,NA,NA,NA,NA,NA,NA,NA,NA,NA,NA,NA,NA,NA,NA,NA,NA,NA,NA,NA,NA,NA,NA,5489,5535,5581,"Insufficient Data","Insufficient Data",NA,"Low","Insufficient Data","Insufficient Data",NA,"Low"
"Speckled Piculet","Picumnus innominatus","spepic1","Piciformes","Picidae (Woodpeckers)",NA,NA,NA,NA,"Diurnal","Diurnal","Invertebrate","No","No","No","Non-endemic","Forest","Resident",NA,NA,NA,"Speckled Piculet","Picumnus innominatus","Speckled Piculet","Picumnus innominatus","Least Concern","Schedule-II","","",NA,"Speckled Piculet","Picumnus innominatus","avibase-2458C837",1,2.62,2,0.1051065,563,"","","X",23,0.173913043478261,0.304347826086957,0.565217391304348,17.2173913043478,2.75249895363738,NA,NA,NA,NA,NA,NA,NA,NA,NA,NA,NA,NA,NA,NA,NA,NA,NA,NA,NA,NA,NA,NA,NA,NA,NA,NA,NA,NA,NA,NA,NA,NA,NA,11021,11021,11021,"Insufficient Data","Insufficient Data",NA,"Low","Insufficient Data","Insufficient Data",NA,"Low"
"White-browed Piculet","Sasia ochracea","whbpic3","Piciformes","Picidae (Woodpeckers)",NA,NA,NA,NA,"Diurnal","Diurnal","Invertebrate","No","No","No","Non-endemic","Forest","Resident",1,NA,NA,"White-browed Piculet","Sasia ochracea","White-browed Piculet","Sasia ochracea","Least Concern","Schedule-II","","",NA,"White-browed Piculet","Sasia ochracea","avibase-E577AC45",1,2.49,2,0.107034415,564,"","","",NA,NA,NA,NA,NA,NA,NA,NA,NA,NA,NA,NA,NA,NA,NA,NA,NA,NA,NA,NA,NA,NA,NA,NA,NA,NA,NA,NA,NA,NA,NA,NA,NA,NA,NA,NA,NA,NA,NA,NA,NA,NA,NA,NA,NA,"Low",NA,NA,NA,NA
"Heart-spotted Woodpecker","Hemicircus canente","heswoo1","Piciformes","Picidae (Woodpeckers)",NA,NA,NA,NA,"Diurnal","Diurnal","Invertebrate","No","No","No","Non-endemic","Forest","Resident",1,NA,NA,"Heart-spotted Woodpecker","Hemicircus canente","Heart-spotted Woodpecker","Hemicircus canente","Least Concern","Schedule-I","","",NA,"Heart-spotted Woodpecker","Hemicircus canente","avibase-23956360",1,3.98,1,0.210401539,565,"","","X",23,0.173913043478261,0.402173913043478,0.478260869565217,15.4782608695652,3.09012536792324,NA,NA,NA,NA,NA,NA,NA,NA,NA,NA,NA,NA,NA,NA,NA,NA,NA,NA,NA,NA,NA,NA,NA,NA,NA,NA,NA,NA,NA,NA,NA,NA,NA,14323,14365,14407,"Insufficient Data","Insufficient Data",NA,"Moderate","Insufficient Data","Insufficient Data",NA,"Low"
"Brown-capped Pygmy Woodpecker","Yungipicus nanus","bncwoo3","Piciformes","Picidae (Woodpeckers)",NA,NA,NA,NA,"Diurnal","Diurnal","Invertebrate","No","Yes","No","Indian Subcontinent","Forest & Plantation","Resident",NA,NA,NA,"Brown-capped Pygmy Woodpecker","Yungipicus nanus","Indian Pygmy Woodpecker","Picoides nanus","Least Concern","Schedule-II","","",NA,"Brown-capped Pygmy Woodpecker","Yungipicus nanus","avibase-DB8E1EC2",1,3.1,3,0.934155299,566,"","X","X",69,0.072463768115942,0.40036231884058,0.550724637681159,17.3188405797101,1.45986583401792,106.705514809822,127.844469068974,152.516991374246,104.286927034028,127.741594998089,156.072251537753,101.819383492002,127.71040933372,159.872151140099,99.3276947682858,127.635999076179,163.854884173072,96.9784565413436,127.526480532646,167.929050941043,94.576522250956,127.394684366601,172.030902762338,92.2988366288807,127.220501602868,176.307365725323,89.985810771513,127.131479128247,180.912806720385,NA,NA,NA,NA,NA,NA,-3.56979989350574,-0.0965047181031382,3.37679045729946,40557,40625,40693,"Insufficient Data","Trend Inconclusive",NA,"Moderate","Insufficient Data","Trend Inconclusive",NA,"Low"
"Gray-capped Pygmy Woodpecker","Yungipicus canicapillus","gycwoo1","Piciformes","Picidae (Woodpeckers)",NA,NA,NA,NA,"Diurnal","Diurnal","Invertebrate","No","No","No","Non-endemic","Forest & Plantation","Resident & Altitudinal Migrant",NA,NA,NA,"Grey-capped Pygmy Woodpecker","Yungipicus canicapillus","Grey-capped Woodpecker","Picoides canicapillus","Least Concern","Schedule-II","","",NA,"Grey-capped Pygmy Woodpecker","Yungipicus canicapillus","avibase-5A4F2DF6",1,2.56,3,0.042472637,567,"","","",NA,NA,NA,NA,NA,NA,NA,NA,NA,NA,NA,NA,NA,NA,NA,NA,NA,NA,NA,NA,NA,NA,NA,NA,NA,NA,NA,NA,NA,NA,NA,NA,NA,NA,NA,NA,NA,NA,NA,NA,NA,NA,NA,NA,NA,"Low",NA,NA,NA,NA
"Yellow-crowned Woodpecker","Leiopicus mahrattensis","yecwoo1","Piciformes","Picidae (Woodpeckers)",NA,NA,NA,NA,"Diurnal","Diurnal","Invertebrate","No","No","No","Non-endemic","Forest & Plantation","Resident",1,NA,NA,"Yellow-crowned Woodpecker","Leiopicus mahrattensis","Yellow-crowned Woodpecker","Leiopicus mahrattensis","Least Concern","Schedule-I","","",NA,"Yellow-crowned Woodpecker","Leiopicus mahrattensis","avibase-CBBA6CB0",1,3.34,2,0.816138976,568,"","","X",48,0.104166666666667,0.364583333333333,0.479166666666667,17.7708333333333,1.69765012375088,NA,NA,NA,NA,NA,NA,NA,NA,NA,NA,NA,NA,NA,NA,NA,NA,NA,NA,NA,NA,NA,NA,NA,NA,NA,NA,NA,NA,NA,NA,NA,NA,NA,35127,35221,35315,"Insufficient Data","Insufficient Data",NA,"Moderate","Insufficient Data","Insufficient Data",NA,"Low"
"Brown-fronted Woodpecker","Dendrocoptes auriceps","brfwoo1","Piciformes","Picidae (Woodpeckers)",NA,NA,NA,NA,"Diurnal","Diurnal","Invertebrate","No","No","Yes","Himalayas","Forest & Plantation","Resident & Altitudinal Migrant",NA,NA,NA,"Brown-fronted Woodpecker","Dendrocoptes auriceps","Brown-fronted Woodpecker","Leiopicus auriceps","Least Concern","Schedule-II","","",NA,"Brown-fronted Woodpecker","Dendrocoptes auriceps","avibase-3716A0FB",1,3.24,1,0.370018407,569,"","","",NA,NA,NA,NA,NA,NA,NA,NA,NA,NA,NA,NA,NA,NA,NA,NA,NA,NA,NA,NA,NA,NA,NA,NA,NA,NA,NA,NA,NA,NA,NA,NA,NA,NA,NA,NA,NA,NA,NA,NA,NA,NA,NA,NA,NA,"Low",NA,NA,NA,NA
"Rufous-bellied Woodpecker","Dendrocopos hyperythrus","rubwoo1","Piciformes","Picidae (Woodpeckers)",NA,NA,NA,NA,"Diurnal","Diurnal","Invertebrate","No","No","No","Non-endemic","Forest","Resident & Altitudinal Migrant",NA,NA,NA,"Rufous-bellied Woodpecker","Dendrocopos hyperythrus","Rufous-bellied Woodpecker","Dendrocopos hyperythrus","Least Concern","Schedule-II","","",NA,"Rufous-bellied Woodpecker","Dendrocopos hyperythrus","avibase-DC1B8B91",1,2.95,2,0.163507801,570,"","","",NA,NA,NA,NA,NA,NA,NA,NA,NA,NA,NA,NA,NA,NA,NA,NA,NA,NA,NA,NA,NA,NA,NA,NA,NA,NA,NA,NA,NA,NA,NA,NA,NA,NA,NA,NA,NA,NA,NA,NA,NA,NA,NA,NA,NA,"Low",NA,NA,NA,NA
"Fulvous-breasted Woodpecker","Dendrocopos macei","fubwoo2","Piciformes","Picidae (Woodpeckers)",NA,NA,NA,NA,"Diurnal","Diurnal","Invertebrate","No","No","No","Non-endemic","Forest","Resident",NA,NA,NA,"Fulvous-breasted Woodpecker","Dendrocopos macei","Fulvous-breasted Woodpecker","Dendrocopos macei","Least Concern","Schedule-II","","",NA,"Fulvous-breasted Woodpecker","Dendrocopos macei","avibase-00B39690",1,3.19,2,0.612601763,571,"","","",NA,NA,NA,NA,NA,NA,NA,NA,NA,NA,NA,NA,NA,NA,NA,NA,NA,NA,NA,NA,NA,NA,NA,NA,NA,NA,NA,NA,NA,NA,NA,NA,NA,NA,NA,NA,NA,NA,NA,NA,NA,NA,NA,NA,NA,"Low",NA,NA,NA,NA
"Freckle-breasted Woodpecker","Dendrocopos analis","frbwoo1","Piciformes","Picidae (Woodpeckers)",NA,NA,NA,NA,"Diurnal","Diurnal","Invertebrate","No","No","No","Non-endemic","Forest & Plantation","Resident",NA,NA,1,"Freckle-breasted Woodpecker","Dendrocopos analis","Freckle-breasted Woodpecker","Dendrocopos analis","Least Concern","Schedule-II","","",NA,"Freckle-breasted Woodpecker","Dendrocopos analis","avibase-036D7192",1,3.15,1,0.004323651,572,"","","",NA,NA,NA,NA,NA,NA,NA,NA,NA,NA,NA,NA,NA,NA,NA,NA,NA,NA,NA,NA,NA,NA,NA,NA,NA,NA,NA,NA,NA,NA,NA,NA,NA,NA,NA,NA,NA,NA,NA,NA,NA,NA,NA,NA,NA,NA,NA,NA,NA,NA
"Stripe-breasted Woodpecker","Dendrocopos atratus","stbwoo4","Piciformes","Picidae (Woodpeckers)",NA,NA,NA,NA,"Diurnal","Diurnal","Invertebrate","No","No","No","Non-endemic","Forest","Resident",NA,NA,NA,"Stripe-breasted Woodpecker","Dendrocopos atratus","Stripe-breasted Woodpecker","Dendrocopos atratus","Least Concern","Schedule-II","","",NA,"Stripe-breasted Woodpecker","Dendrocopos atratus","avibase-37BC809F",1,3,1,0.102575633,573,"","","",NA,NA,NA,NA,NA,NA,NA,NA,NA,NA,NA,NA,NA,NA,NA,NA,NA,NA,NA,NA,NA,NA,NA,NA,NA,NA,NA,NA,NA,NA,NA,NA,NA,NA,NA,NA,NA,NA,NA,NA,NA,NA,NA,NA,NA,NA,NA,NA,NA,NA
"Darjeeling Woodpecker","Dendrocopos darjellensis","darwoo1","Piciformes","Picidae (Woodpeckers)",NA,NA,NA,NA,"Diurnal","Diurnal","Invertebrate","No","No","No","Non-endemic","Forest","Resident",1,NA,NA,"Darjeeling Woodpecker","Dendrocopos darjellensis","Darjeeling Woodpecker","Dendrocopos darjellensis","Least Concern","Schedule-II","","",NA,"Darjeeling Woodpecker","Dendrocopos darjellensis","avibase-16E5AF15",1,3.63,1,0.241861573,574,"","","",NA,NA,NA,NA,NA,NA,NA,NA,NA,NA,NA,NA,NA,NA,NA,NA,NA,NA,NA,NA,NA,NA,NA,NA,NA,NA,NA,NA,NA,NA,NA,NA,NA,NA,NA,NA,NA,NA,NA,NA,NA,NA,NA,NA,NA,"Moderate",NA,NA,NA,NA
"Great Spotted Woodpecker","Dendrocopos major","grswoo","Piciformes","Picidae (Woodpeckers)",NA,NA,NA,NA,"Diurnal","Diurnal","Omnivore","No","No","No","Non-endemic","Forest","Resident",NA,1,NA,"Great Spotted Woodpecker","Dendrocopos major","Great Spotted Woodpecker","Dendrocopos major","Least Concern","Schedule-II","","",NA,"Great Spotted Woodpecker","Dendrocopos major","avibase-D754DB85",1,3.07,1,0.001589703,575,"","","",NA,NA,NA,NA,NA,NA,NA,NA,NA,NA,NA,NA,NA,NA,NA,NA,NA,NA,NA,NA,NA,NA,NA,NA,NA,NA,NA,NA,NA,NA,NA,NA,NA,NA,NA,NA,NA,NA,NA,NA,NA,NA,NA,NA,NA,NA,NA,NA,NA,NA
"Himalayan Woodpecker","Dendrocopos himalayensis","himwoo1","Piciformes","Picidae (Woodpeckers)",NA,NA,NA,NA,"Diurnal","Diurnal","Invertebrate","No","No","Yes","Himalayas","Forest","Resident & Altitudinal Migrant",NA,NA,NA,"Himalayan Woodpecker","Dendrocopos himalayensis","Himalayan Woodpecker","Dendrocopos himalayensis","Least Concern","Schedule-II","","",NA,"Himalayan Woodpecker","Dendrocopos himalayensis","avibase-C6F400B4",1,3.47,2,0.533930013,576,"","","",NA,NA,NA,NA,NA,NA,NA,NA,NA,NA,NA,NA,NA,NA,NA,NA,NA,NA,NA,NA,NA,NA,NA,NA,NA,NA,NA,NA,NA,NA,NA,NA,NA,NA,NA,NA,NA,NA,NA,NA,NA,NA,NA,NA,NA,"Moderate",NA,NA,NA,NA
"Sind Woodpecker","Dendrocopos assimilis","sinwoo1","Piciformes","Picidae (Woodpeckers)",NA,NA,NA,NA,"Diurnal","Diurnal","Invertebrate","No","No","No","Non-endemic","Forest & Plantation","Resident",NA,1,NA,"Sind Woodpecker","Dendrocopos assimilis","Sind Woodpecker","Dendrocopos assimilis","Least Concern","Schedule-II","","",NA,"Sind Woodpecker","Dendrocopos assimilis","avibase-36520374",1,3.41,1,0.035122897,577,"","","",NA,NA,NA,NA,NA,NA,NA,NA,NA,NA,NA,NA,NA,NA,NA,NA,NA,NA,NA,NA,NA,NA,NA,NA,NA,NA,NA,NA,NA,NA,NA,NA,NA,NA,NA,NA,NA,NA,NA,NA,NA,NA,NA,NA,NA,NA,NA,NA,NA,NA
"Crimson-naped Woodpecker","Dryobates cathpharius","crbwoo6","Piciformes","Picidae (Woodpeckers)",NA,NA,NA,NA,"Diurnal","Diurnal","Invertebrate","No","No","No","Non-endemic","Forest","Resident",1,NA,NA,"Crimson-breasted Woodpecker","Dryobates cathpharius","Scarlet-breasted Woodpecker","Dryobates cathpharius","Least Concern","Schedule-II","","",NA,"Crimson-naped Woodpecker","Dryobates cathpharius","avibase-5B8F3EA2",1,2.81,3,0.579569609,578,"","","",NA,NA,NA,NA,NA,NA,NA,NA,NA,NA,NA,NA,NA,NA,NA,NA,NA,NA,NA,NA,NA,NA,NA,NA,NA,NA,NA,NA,NA,NA,NA,NA,NA,NA,NA,NA,NA,NA,NA,NA,NA,NA,NA,NA,NA,"Moderate",NA,NA,NA,NA
"Bay Woodpecker","Blythipicus pyrrhotis","baywoo1","Piciformes","Picidae (Woodpeckers)",NA,NA,NA,NA,"Diurnal","Diurnal","Invertebrate","No","No","No","Non-endemic","Forest","Resident & Altitudinal Migrant",NA,NA,NA,"Bay Woodpecker","Blythipicus pyrrhotis","Bay Woodpecker","Blythipicus pyrrhotis","Least Concern","Schedule-II","","",NA,"Bay Woodpecker","Blythipicus pyrrhotis","avibase-1A1E0E53",1,5.14,1,0.056427706,579,"","","",NA,NA,NA,NA,NA,NA,NA,NA,NA,NA,NA,NA,NA,NA,NA,NA,NA,NA,NA,NA,NA,NA,NA,NA,NA,NA,NA,NA,NA,NA,NA,NA,NA,NA,NA,NA,NA,NA,NA,NA,NA,NA,NA,NA,NA,"Low",NA,NA,NA,NA
"Greater Flameback","Chrysocolaptes guttacristatus","grefla1","Piciformes","Picidae (Woodpeckers)",NA,NA,NA,NA,"Diurnal","Diurnal","Invertebrate","No","No","No","Non-endemic","Forest","Resident",1,NA,NA,"Greater Flameback","Chrysocolaptes guttacristatus","Greater Flameback","Chrysocolaptes guttacristatus","Least Concern","Schedule-II","","",NA,"Greater Flameback","Chrysocolaptes guttacristatus","avibase-A837BACA",1,5.35,2,0.234315717,580,"","X","X",53,0.188679245283019,0.530660377358491,0.69811320754717,15.4716981132075,1.96185086638066,122.887449254241,159.074201720671,205.913424982827,120.510606408378,161.444172708021,216.16675918471,117.9173994254,163.830448005981,227.119269201333,115.356536087527,166.167445341426,238.526341141323,112.93415852255,168.661461991314,250.697919230254,110.445192555472,171.051479082683,263.644971924015,107.966277526642,173.51728980794,276.907821939924,105.553453394109,175.869773347489,291.084864646065,NA,NA,NA,NA,NA,NA,-4.58885524743963,1.26345853788173,7.11577232320309,32585,32643,32701,"Insufficient Data","Trend Inconclusive",NA,"Low","Insufficient Data","Trend Inconclusive",NA,"Low"
"Malabar Flameback","Chrysocolaptes socialis","grefla4","Piciformes","Picidae (Woodpeckers)",NA,NA,NA,NA,"Diurnal","Diurnal","Invertebrate","Yes","Yes","No","Western Ghats","Forest","Resident",NA,NA,NA,"Malabar Flameback","Chrysocolaptes socialis","Not at species rank","Chrysocolaptes guttacristatus socialis","Not recognized","Schedule-II","","",NA,"Malabar Flameback","Chrysocolaptes socialis","avibase-8AE05AA7",1,5.35,1,1,581,"","","",NA,NA,NA,NA,NA,NA,NA,NA,NA,NA,NA,NA,NA,NA,NA,NA,NA,NA,NA,NA,NA,NA,NA,NA,NA,NA,NA,NA,NA,NA,NA,NA,NA,NA,NA,NA,NA,NA,NA,NA,NA,NA,NA,NA,NA,NA,NA,NA,NA,NA
"White-naped Woodpecker","Chrysocolaptes festivus","whnwoo1","Piciformes","Picidae (Woodpeckers)",NA,NA,NA,NA,"Diurnal","Diurnal","Invertebrate","No","Yes","No","Indian Subcontinent","Forest & Plantation","Resident",NA,NA,NA,"White-naped Woodpecker","Chrysocolaptes festivus","White-naped Woodpecker","Chrysocolaptes festivus","Least Concern","Schedule-II","","",NA,"White-naped Woodpecker","Chrysocolaptes festivus","avibase-8C743B57",1,6.06,1,0.944709295,582,"","","X",32,0.09375,0.24609375,0.40625,17.375,2.27416610026904,NA,NA,NA,NA,NA,NA,NA,NA,NA,NA,NA,NA,NA,NA,NA,NA,NA,NA,NA,NA,NA,NA,NA,NA,NA,NA,NA,NA,NA,NA,NA,NA,NA,22674,22769,22864,"Insufficient Data","Insufficient Data",NA,"Moderate","Insufficient Data","Insufficient Data",NA,"Moderate"
"Rufous Woodpecker","Micropternus brachyurus","rufwoo2","Piciformes","Picidae (Woodpeckers)",NA,NA,NA,NA,"Diurnal","Diurnal","Invertebrate","No","No","No","Non-endemic","Forest & Plantation","Resident",1,NA,NA,"Rufous Woodpecker","Micropternus brachyurus","Rufous Woodpecker","Micropternus brachyurus","Least Concern","Schedule-II","","",NA,"Rufous Woodpecker","Micropternus brachyurus","avibase-663A7CCA",1,4.65,3,0.241377195,583,"","","X",39,0.153846153846154,0.403846153846154,0.512820512820513,16.4615384615385,2.08166165091752,NA,NA,NA,NA,NA,NA,NA,NA,NA,NA,NA,NA,NA,NA,NA,NA,NA,NA,NA,NA,NA,NA,NA,NA,NA,NA,NA,NA,NA,NA,NA,NA,NA,26972,27044,27116,"Insufficient Data","Insufficient Data",NA,"Low","Insufficient Data","Insufficient Data",NA,"Low"
"Pale-headed Woodpecker","Gecinulus grantia","pahwoo1","Piciformes","Picidae (Woodpeckers)",NA,NA,NA,NA,"Diurnal","Diurnal","Invertebrate","No","No","No","Non-endemic","Forest","Resident",1,NA,NA,"Pale-headed Woodpecker","Gecinulus grantia","Pale-headed Woodpecker","Gecinulus grantia","Least Concern","Schedule-II","","",NA,"Pale-headed Woodpecker","Gecinulus grantia","avibase-43DEA60F",1,4.26,1,0.091078661,584,"","","",NA,NA,NA,NA,NA,NA,NA,NA,NA,NA,NA,NA,NA,NA,NA,NA,NA,NA,NA,NA,NA,NA,NA,NA,NA,NA,NA,NA,NA,NA,NA,NA,NA,NA,NA,NA,NA,NA,NA,NA,NA,NA,NA,NA,NA,"Moderate",NA,NA,NA,NA
"Himalayan Flameback","Dinopium shorii","himfla1","Piciformes","Picidae (Woodpeckers)",NA,NA,NA,NA,"Diurnal","Diurnal","Invertebrate","No","No","Yes","Himalayas","Forest","Resident",NA,NA,NA,"Himalayan Flameback","Dinopium shorii","Himalayan Flameback","Dinopium shorii","Least Concern","Schedule-II","","",NA,"Himalayan Flameback","Dinopium shorii","avibase-732BAF36",1,4.44,1,0.24371212,585,"","","",NA,NA,NA,NA,NA,NA,NA,NA,NA,NA,NA,NA,NA,NA,NA,NA,NA,NA,NA,NA,NA,NA,NA,NA,NA,NA,NA,NA,NA,NA,NA,NA,NA,NA,NA,NA,NA,NA,NA,NA,NA,NA,NA,NA,NA,"Moderate",NA,NA,NA,NA
"Common Flameback","Dinopium javanense","comfla1","Piciformes","Picidae (Woodpeckers)",NA,NA,NA,NA,"Diurnal","Diurnal","Invertebrate","No","No","No","Non-endemic","Forest","Resident",1,NA,NA,"Common Flameback","Dinopium javanense","Common Flameback","Dinopium javanense","Least Concern","Schedule-II","","",NA,"Common Flameback","Dinopium javanense","avibase-8A613564",1,3.97,2,0.047592617,586,"","","X",17,0.470588235294118,0.352941176470588,0.294117647058824,15.3529411764706,3.73528920796342,NA,NA,NA,NA,NA,NA,NA,NA,NA,NA,NA,NA,NA,NA,NA,NA,NA,NA,NA,NA,NA,NA,NA,NA,NA,NA,NA,NA,NA,NA,NA,NA,NA,10808,10949,11090,"Insufficient Data","Insufficient Data",NA,"Low","Insufficient Data","Insufficient Data",NA,"Low"
"Black-rumped Flameback","Dinopium benghalense","bkrfla1","Piciformes","Picidae (Woodpeckers)",NA,NA,NA,NA,"Diurnal","Diurnal","Invertebrate","No","Yes","No","Indian Subcontinent","Non-specialized","Resident",NA,NA,NA,"Black-rumped Flameback","Dinopium benghalense","Black-rumped Flameback","Dinopium benghalense","Least Concern","Schedule-II","","",NA,"Black-rumped Flameback","Dinopium benghalense","avibase-4E1BC720",1,4.43,4,0.833601572,587,"","X","X",233,0.124463519313305,0.636266094420601,0.768240343347639,15.1931330472103,0.773291696929245,79.7575216554424,89.5242400328563,100.501241576796,77.8933139653067,88.7653188815306,101.183310690883,76.0198123234863,88.0070329683991,101.925904765759,74.1759285143975,87.2671884982352,102.725934265154,72.393152688587,86.5590358992905,103.453278487784,70.5831248589277,85.8853781319693,104.321190435069,68.8540874985683,85.139569448597,105.181627929051,67.1743139942293,84.4560198894716,106.031462726845,NA,NA,NA,NA,NA,NA,-2.44557326629197,-0.836683011271039,0.772207243749893,138610,138630,138650,"Insufficient Data","Stable",NA,"Low","Insufficient Data","Stable",NA,"Low"
"Lesser Yellownape","Picus chlorolophus","lesyel1","Piciformes","Picidae (Woodpeckers)",NA,NA,NA,NA,"Diurnal","Diurnal","Invertebrate","No","No","No","Non-endemic","Forest & Plantation","Resident",NA,NA,NA,"Lesser Yellownape","Picus chlorolophus","Lesser Yellownape","Picus chlorolophus","Least Concern","Schedule-II","","",NA,"Lesser Yellownape","Picus chlorolophus","avibase-E9C639F2",1,3.35,3,0.324795978,588,"","","X",40,0.15,0.40625,0.55,16.8,2.11959947837273,NA,NA,NA,NA,NA,NA,NA,NA,NA,NA,NA,NA,NA,NA,NA,NA,NA,NA,NA,NA,NA,NA,NA,NA,NA,NA,NA,NA,NA,NA,NA,NA,NA,24971,24971,24971,"Insufficient Data","Insufficient Data",NA,"Low","Insufficient Data","Insufficient Data",NA,"Low"
"Streak-throated Woodpecker","Picus xanthopygaeus","sttwoo1","Piciformes","Picidae (Woodpeckers)",NA,NA,NA,NA,"Diurnal","Diurnal","Invertebrate","No","No","No","Non-endemic","Forest & Plantation","Resident",NA,NA,NA,"Streak-throated Woodpecker","Picus xanthopygaeus","Streak-throated Woodpecker","Picus xanthopygaeus","Least Concern","Schedule-II","","",NA,"Streak-throated Woodpecker","Picus xanthopygaeus","avibase-8B89B332",1,3.55,1,0.660035883,589,"","","X",44,0.0909090909090909,0.471590909090909,0.613636363636364,17.2954545454545,1.79517063615569,NA,NA,NA,NA,NA,NA,NA,NA,NA,NA,NA,NA,NA,NA,NA,NA,NA,NA,NA,NA,NA,NA,NA,NA,NA,NA,NA,NA,NA,NA,NA,NA,NA,30404,30499,30594,"Insufficient Data","Insufficient Data",NA,"Low","Insufficient Data","Insufficient Data",NA,"Low"
"Scaly-bellied Woodpecker","Picus squamatus","scbwoo1","Piciformes","Picidae (Woodpeckers)",NA,NA,NA,NA,"Diurnal","Diurnal","Invertebrate","No","No","Yes","Himalayas","Forest & Plantation","Resident & Altitudinal Migrant",NA,NA,NA,"Scaly-bellied Woodpecker","Picus squamatus","Scaly-bellied Woodpecker","Picus squamatus","Least Concern","Schedule-II","","",NA,"Scaly-bellied Woodpecker","Picus squamatus","avibase-886871E9",1,3.61,1,0.172019006,590,"","","",NA,NA,NA,NA,NA,NA,NA,NA,NA,NA,NA,NA,NA,NA,NA,NA,NA,NA,NA,NA,NA,NA,NA,NA,NA,NA,NA,NA,NA,NA,NA,NA,NA,NA,NA,NA,NA,NA,NA,NA,NA,NA,NA,NA,NA,"Moderate",NA,NA,NA,NA
"Gray-headed Woodpecker","Picus canus","gyfwoo1","Piciformes","Picidae (Woodpeckers)",NA,NA,NA,NA,"Diurnal","Diurnal","Invertebrate","No","No","No","Non-endemic","Forest","Resident",NA,NA,NA,"Grey-headed Woodpecker","Picus canus","Black-naped Woodpecker","Picus guerini","Least Concern","Schedule-II","","",NA,"Grey-headed Woodpecker","Picus canus","avibase-BC863B3A",1,3.53,3,0.067671904,591,"","","",NA,NA,NA,NA,NA,NA,NA,NA,NA,NA,NA,NA,NA,NA,NA,NA,NA,NA,NA,NA,NA,NA,NA,NA,NA,NA,NA,NA,NA,NA,NA,NA,NA,NA,NA,NA,NA,NA,NA,NA,NA,NA,NA,NA,NA,"Low",NA,NA,NA,NA
"Greater Yellownape","Chrysophlegma flavinucha","greyel1","Piciformes","Picidae (Woodpeckers)",NA,NA,NA,NA,"Diurnal","Diurnal","Invertebrate","No","No","No","Non-endemic","Forest","Resident",NA,NA,NA,"Greater Yellownape","Chrysophlegma flavinucha","Greater Yellownape","Chrysophlegma flavinucha","Least Concern","Schedule-II","","",NA,"Greater Yellownape","Chrysophlegma flavinucha","avibase-B122779F",1,6.21,2,0.091193057,592,"","","",NA,NA,NA,NA,NA,NA,NA,NA,NA,NA,NA,NA,NA,NA,NA,NA,NA,NA,NA,NA,NA,NA,NA,NA,NA,NA,NA,NA,NA,NA,NA,NA,NA,NA,NA,NA,NA,NA,NA,NA,NA,NA,NA,NA,NA,"Low",NA,NA,NA,NA
"Great Slaty Woodpecker","Mulleripicus pulverulentus","grswoo1","Piciformes","Picidae (Woodpeckers)",NA,NA,NA,NA,"Diurnal","Diurnal","Invertebrate","No","No","No","Non-endemic","Forest","Resident",1,NA,NA,"Great Slaty Woodpecker","Mulleripicus pulverulentus","Great Slaty Woodpecker","Mulleripicus pulverulentus","Vulnerable","Schedule-I","","",NA,"Great Slaty Woodpecker","Mulleripicus pulverulentus","avibase-F6ED89EE",1,6.58,2,0.053757551,593,"","","",NA,NA,NA,NA,NA,NA,NA,NA,NA,NA,NA,NA,NA,NA,NA,NA,NA,NA,NA,NA,NA,NA,NA,NA,NA,NA,NA,NA,NA,NA,NA,NA,NA,NA,NA,NA,NA,NA,NA,NA,NA,NA,NA,NA,NA,"High",NA,NA,NA,NA
"White-bellied Woodpecker","Dryocopus javensis","whbwoo2","Piciformes","Picidae (Woodpeckers)",NA,NA,NA,NA,"Diurnal","Diurnal","Invertebrate","No","No","No","Non-endemic","Forest","Resident",NA,NA,NA,"White-bellied Woodpecker","Dryocopus javensis","White-bellied Woodpecker","Dryocopus javensis","Least Concern","Schedule-II","","",NA,"White-bellied Woodpecker","Dryocopus javensis","avibase-08741518",1,4.49,1,0.0397293,594,"","","X",19,0.263157894736842,0.276315789473684,0.263157894736842,17.1578947368421,3.46121682568937,NA,NA,NA,NA,NA,NA,NA,NA,NA,NA,NA,NA,NA,NA,NA,NA,NA,NA,NA,NA,NA,NA,NA,NA,NA,NA,NA,NA,NA,NA,NA,NA,NA,5838,5902,5966,"Insufficient Data","Insufficient Data",NA,"Moderate","Insufficient Data","Insufficient Data",NA,"Low"
"Andaman Woodpecker","Dryocopus hodgei","andwoo1","Piciformes","Picidae (Woodpeckers)",NA,NA,NA,NA,"Diurnal","Diurnal","Invertebrate","Yes","Yes","No","Andaman Islands","Forest","Resident",NA,NA,1,"Andaman Woodpecker","Dryocopus hodgei","Andaman Woodpecker","Dryocopus hodgei","Vulnerable","Schedule-I","","",NA,"Andaman Woodpecker","Dryocopus hodgei","avibase-D7D03D65",1,4.26,1,1,595,"","","",NA,NA,NA,NA,NA,NA,NA,NA,NA,NA,NA,NA,NA,NA,NA,NA,NA,NA,NA,NA,NA,NA,NA,NA,NA,NA,NA,NA,NA,NA,NA,NA,NA,NA,NA,NA,NA,NA,NA,NA,NA,NA,NA,NA,NA,"High",NA,NA,NA,NA
"Pied Falconet","Microhierax melanoleucos","piefal2","Falconiformes","Falconidae (Falcons and Caracaras)",NA,NA,NA,NA,"Diurnal","Diurnal","Invertebrate","No","No","No","Non-endemic","Forest","Resident",1,NA,NA,"Pied Falconet","Microhierax melanoleucos","Pied Falconet","Microhierax melanoleucos","Least Concern","Schedule-II","Appendix II","",NA,"Pied Falconet","Microhierax melanoleucos","avibase-767A595E",1,3.55,1,0.039540196,596,"","","",NA,NA,NA,NA,NA,NA,NA,NA,NA,NA,NA,NA,NA,NA,NA,NA,NA,NA,NA,NA,NA,NA,NA,NA,NA,NA,NA,NA,NA,NA,NA,NA,NA,NA,NA,NA,NA,NA,NA,NA,NA,NA,NA,NA,NA,"Moderate",NA,NA,NA,NA
"Collared Falconet","Microhierax caerulescens","colfal1","Falconiformes","Falconidae (Falcons and Caracaras)",NA,NA,NA,NA,"Diurnal","Diurnal","Invertebrate","No","No","No","Non-endemic","Forest","Resident",1,NA,NA,"Collared Falconet","Microhierax caerulescens","Collared Falconet","Microhierax caerulescens","Least Concern","Schedule-II","Appendix II","",NA,"Collared Falconet","Microhierax caerulescens","avibase-A4452EC1",1,3.26,2,0.018346311,597,"","","",NA,NA,NA,NA,NA,NA,NA,NA,NA,NA,NA,NA,NA,NA,NA,NA,NA,NA,NA,NA,NA,NA,NA,NA,NA,NA,NA,NA,NA,NA,NA,NA,NA,NA,NA,NA,NA,NA,NA,NA,NA,NA,NA,NA,NA,"Moderate",NA,NA,NA,NA
"Lesser Kestrel","Falco naumanni","leskes1","Falconiformes","Falconidae (Falcons and Caracaras)",NA,NA,NA,NA,"Diurnal","Diurnal","Invertebrate","No","No","No","Non-endemic","Grassland","Passage Migrant",NA,NA,NA,"Lesser Kestrel","Falco naumanni","Lesser Kestrel","Falco naumanni","Least Concern","Schedule-II","Appendix II","Appendix I",NA,"Lesser Kestrel","Falco naumanni","avibase-BECA271F",1,4.32,1,0.03790085,598,"","","",5,NA,0.366666666666667,0.2,23.2,1.44029996875651,NA,NA,NA,NA,NA,NA,NA,NA,NA,NA,NA,NA,NA,NA,NA,NA,NA,NA,NA,NA,NA,NA,NA,NA,NA,NA,NA,NA,NA,NA,NA,NA,NA,NA,NA,NA,NA,NA,NA,NA,NA,NA,NA,NA
"Eurasian Kestrel","Falco tinnunculus","eurkes","Falconiformes","Falconidae (Falcons and Caracaras)",NA,NA,NA,NA,"Diurnal","Diurnal","Vertebrate & Carrion","No","No","No","Non-endemic","Open Habitat","Resident & Winter Migrant",NA,NA,NA,"Common Kestrel","Falco tinnunculus","Common Kestrel","Falco tinnunculus","Least Concern","Schedule-II","Appendix II","Appendix II",NA,"Common Kestrel","Falco tinnunculus","avibase-2DAB45B8",1,6.03,3,0.053605815,599,"X","X","X",182,0.142857142857143,0.397664835164835,0.478021978021978,16.043956043956,0.856434734091213,21.1561963762358,27.3588897916712,35.354873675096,18.324332977559,24.5062174359973,32.8121825755525,15.8531490181809,21.9876824089848,30.433020582326,13.6906761053422,19.6892614281899,28.2614305795537,11.8187472031912,17.6420182123854,26.2606366068211,10.2127506461391,15.8086117689091,24.4010533344067,8.82620352760098,14.1641626232971,22.6834101648339,7.62176201337935,12.6776653947998,21.0815862413726,NA,NA,NA,-86.8609890099059,-83.9724040827041,-80.243056193195,-4.25507146683423,-3.03372187344992,-1.81237228006561,111797,111870,111943,"Rapid Decline","Decline",NA,"Moderate","Rapid Decline","Rapid Decline",NA,"High"
"Red-necked Falcon","Falco chicquera","renfal1","Falconiformes","Falconidae (Falcons and Caracaras)",NA,NA,NA,NA,"Diurnal","Diurnal","Vertebrate & Carrion","No","No","No","Non-endemic","Open Habitat","Resident",NA,NA,NA,"Red-necked Falcon","Falco chicquera","Red-headed Falcon","Falco chicquera","Near Threatened","Schedule-I","Appendix II","Appendix II",NA,"Red-necked Falcon","Falco chicquera","avibase-6A64EFCB",1,4.5,1,0.886477435,600,"","X","X",102,0.00980392156862745,0.338235294117647,0.362745098039216,18.6078431372549,1.00011533055789,58.0590512937035,81.5861844813858,114.489846114438,52.9799260360322,77.9959198209285,114.421447249094,48.3687889145105,74.6003515392706,114.509213224899,44.1310032688294,71.2556050638653,114.882141768412,40.1977488421332,68.2302467674279,115.382037311147,36.6209686069298,65.1820223547714,116.096372936782,33.2195135824193,62.4813874898479,116.302829986464,30.2149122370219,59.8455703084724,116.75791190909,NA,NA,NA,NA,NA,NA,-11.9193796162732,-5.22911762176048,1.46114437275226,83882,84102,84322,"Insufficient Data","Trend Inconclusive",NA,"High","Insufficient Data","Rapid Decline",NA,"Moderate"
"Red-footed Falcon","Falco vespertinus","reffal1","Falconiformes","Falconidae (Falcons and Caracaras)",NA,NA,NA,NA,"Diurnal","Diurnal","Invertebrate","No","No","No","Non-endemic","Open Habitat","Uncertain",NA,NA,NA,"Red-footed Falcon","Falco vespertinus","Red-footed Falcon","Falco vespertinus","Vulnerable","Schedule-II","Appendix II","Appendix I",NA,"Red-footed Falcon","Falco vespertinus","avibase-997A9437",NA,5.04,1,NA,601,"","","",NA,NA,NA,NA,NA,NA,NA,NA,NA,NA,NA,NA,NA,NA,NA,NA,NA,NA,NA,NA,NA,NA,NA,NA,NA,NA,NA,NA,NA,NA,NA,NA,NA,NA,NA,NA,NA,NA,NA,NA,NA,NA,NA,NA,NA,NA,NA,NA,NA,NA
"Amur Falcon","Falco amurensis","amufal1","Falconiformes","Falconidae (Falcons and Caracaras)",NA,NA,NA,NA,"Diurnal","Diurnal","Invertebrate","No","No","No","Non-endemic","Open Habitat","Passage Migrant",1,NA,NA,"Amur Falcon","Falco amurensis","Amur Falcon","Falco amurensis","Least Concern","Schedule-I","Appendix II","Appendix II",NA,"Amur Falcon","Falco amurensis","avibase-E6137E65",1,4.24,1,0.176732174,602,"","","X",11,NA,0.12987012987013,0.181818181818182,21,2.08099277007175,NA,NA,NA,NA,NA,NA,NA,NA,NA,NA,NA,NA,NA,NA,NA,NA,NA,NA,NA,NA,NA,NA,NA,NA,NA,NA,NA,NA,NA,NA,NA,NA,NA,7067,7169,7271,"Insufficient Data","Insufficient Data",NA,"Low","Insufficient Data","Insufficient Data",NA,"Low"
"Merlin","Falco columbarius","merlin","Falconiformes","Falconidae (Falcons and Caracaras)",NA,NA,NA,NA,"Diurnal","Diurnal","Vertebrate & Carrion","No","No","No","Non-endemic","Grassland","Winter Migrant",NA,NA,NA,"Merlin","Falco columbarius","Merlin","Falco columbarius","Least Concern","Schedule-II","Appendix II","Appendix II",NA,"Merlin","Falco columbarius","avibase-F3DA111C",1,3.84,3,0.012294551,603,"","","",NA,NA,NA,NA,NA,NA,NA,NA,NA,NA,NA,NA,NA,NA,NA,NA,NA,NA,NA,NA,NA,NA,NA,NA,NA,NA,NA,NA,NA,NA,NA,NA,NA,NA,NA,NA,NA,NA,NA,NA,NA,NA,NA,NA,NA,NA,NA,NA,NA,NA
"Eurasian Hobby","Falco subbuteo","eurhob","Falconiformes","Falconidae (Falcons and Caracaras)",NA,NA,NA,NA,"Diurnal","Diurnal","Invertebrate","No","No","No","Non-endemic","Open Habitat","Winter Migrant & Localized Summer Migrant",NA,NA,NA,"Eurasian Hobby","Falco subbuteo","Eurasian Hobby","Falco subbuteo","Least Concern","Schedule-II","Appendix II","Appendix II",NA,"Eurasian Hobby","Falco subbuteo","avibase-E91E287A",1,4.69,1,0.003191776,604,"","","X",1,NA,NA,NA,8,NA,NA,NA,NA,NA,NA,NA,NA,NA,NA,NA,NA,NA,NA,NA,NA,NA,NA,NA,NA,NA,NA,NA,NA,NA,NA,NA,NA,NA,NA,NA,NA,NA,NA,1765,1765,1765,"Insufficient Data","Insufficient Data",NA,"Low","Insufficient Data","Insufficient Data",NA,"Low"
"Oriental Hobby","Falco severus","orihob1","Falconiformes","Falconidae (Falcons and Caracaras)",NA,NA,NA,NA,"Diurnal","Diurnal","Vertebrate & Carrion","No","No","No","Non-endemic","Forest","Resident & Local Migrant",1,NA,NA,"Oriental Hobby","Falco severus","Oriental Hobby","Falco severus","Least Concern","Schedule-II","Appendix II","Appendix II",NA,"Oriental Hobby","Falco severus","avibase-B9538B77",1,4.41,1,0.091741927,605,"","","",NA,NA,NA,NA,NA,NA,NA,NA,NA,NA,NA,NA,NA,NA,NA,NA,NA,NA,NA,NA,NA,NA,NA,NA,NA,NA,NA,NA,NA,NA,NA,NA,NA,NA,NA,NA,NA,NA,NA,NA,NA,NA,NA,NA,NA,"Moderate",NA,NA,NA,NA
"Laggar Falcon","Falco jugger","lagfal1","Falconiformes","Falconidae (Falcons and Caracaras)",NA,NA,NA,NA,"Diurnal","Diurnal","Vertebrate & Carrion","No","No","No","Non-endemic","Grassland","Resident",1,NA,NA,"Laggar Falcon","Falco jugger","Laggar Falcon","Falco jugger","Near Threatened","Schedule-I","Appendix I","",NA,"Laggar Falcon","Falco jugger","avibase-9FB14C90",1,6.05,1,0.763972929,606,"","","X",6,NA,0.305555555555556,NA,18.6666666666667,4.03800170601472,NA,NA,NA,NA,NA,NA,NA,NA,NA,NA,NA,NA,NA,NA,NA,NA,NA,NA,NA,NA,NA,NA,NA,NA,NA,NA,NA,NA,NA,NA,NA,NA,NA,3190,3265,3340,"Insufficient Data","Insufficient Data",NA,"Moderate","Insufficient Data","Insufficient Data",NA,"Moderate"
"Saker Falcon","Falco cherrug","sakfal1","Falconiformes","Falconidae (Falcons and Caracaras)",NA,NA,NA,NA,"Diurnal","Diurnal","Vertebrate & Carrion","No","No","No","Non-endemic","Open Habitat","Winter Migrant & Localized Summer Migrant",1,NA,NA,"Saker Falcon","Falco cherrug","Saker Falcon","Falco cherrug","Endangered","Schedule-I","Appendix II","Appendix I",NA,"Saker Falcon","Falco cherrug","avibase-A9F51494",1,6.8,2,0.030979389,607,"","","",NA,NA,NA,NA,NA,NA,NA,NA,NA,NA,NA,NA,NA,NA,NA,NA,NA,NA,NA,NA,NA,NA,NA,NA,NA,NA,NA,NA,NA,NA,NA,NA,NA,NA,NA,NA,NA,NA,NA,NA,NA,NA,NA,NA,NA,"High",NA,NA,NA,NA
"Peregrine Falcon","Falco peregrinus","perfal","Falconiformes","Falconidae (Falcons and Caracaras)",NA,NA,NA,NA,"Diurnal","Diurnal","Vertebrate & Carrion","No","No","No","Non-endemic","Open Habitat","Resident & Winter Migrant",NA,NA,NA,"Peregrine Falcon","Falco peregrinus","Peregrine Falcon","Falco peregrinus","Least Concern","Schedule-I","Appendix I","Appendix II",NA,"Peregrine Falcon","Falco peregrinus","avibase-47E58408",1,6.08,5,0.031010784,608,"","X","X",105,0.0857142857142857,0.33452380952381,0.39047619047619,17.4952380952381,1.16110510283482,112.385000930379,171.425540416401,260.824344653991,114.009104116619,183.80173188204,295.591613314663,115.639720477748,197.307548003637,336.379718197716,117.110927054353,211.659293820917,383.323368149916,118.653362686415,227.202041315126,437.537616567512,120.04048687502,243.960464000943,498.788839294861,121.400307429636,262.350180047946,569.557009688857,122.597233475271,281.484988122527,648.686136245783,NA,NA,NA,NA,NA,NA,1.85960516625573,9.24435751083936,16.629109855423,53701,53701,53701,"Insufficient Data","Trend Inconclusive",NA,"Moderate","Insufficient Data","Trend Inconclusive",NA,"Low"
"Alexandrine Parakeet","Psittacula eupatria","alepar2","Psittaciformes","Psittaculidae (Old World Parrots)",NA,NA,NA,NA,"Diurnal","Diurnal","Fruit & Nect","No","No","No","Non-endemic","Forest & Plantation","Resident",NA,NA,NA,"Alexandrine Parakeet","Psittacula eupatria","Alexandrine Parakeet","Palaeornis eupatria","Least Concern","Schedule-II","Appendix II","",NA,"Alexandrine Parakeet","Psittacula eupatria","avibase-1021FA92",1,9.31,4,0.620048731,609,"","","X",1,1,NA,NA,17,NA,NA,NA,NA,NA,NA,NA,NA,NA,NA,NA,NA,NA,NA,NA,NA,NA,NA,NA,NA,NA,NA,NA,NA,NA,NA,NA,NA,NA,NA,NA,NA,NA,NA,1261,1264,1267,"Insufficient Data","Insufficient Data",NA,"Low","Insufficient Data","Insufficient Data",NA,"Moderate"
"Rose-ringed Parakeet","Psittacula krameri","rorpar","Psittaciformes","Psittaculidae (Old World Parrots)",NA,NA,NA,NA,"Diurnal","Diurnal","Fruit & Nect","No","No","No","Non-endemic","Non-specialized","Resident",NA,NA,NA,"Rose-ringed Parakeet","Psittacula krameri","Rose-ringed Parakeet","Alexandrinus krameri","Least Concern","Schedule-II","","",NA,"Rose-ringed Parakeet","Psittacula krameri","avibase-6B1CFC3C",1,10.25,2,0.366446142,610,"X","X","X",252,0.146825396825397,0.775297619047619,0.888888888888889,14.6785714285714,0.769323619383482,109.96450078826,123.180976799429,138.006253382915,110.611804890129,125.752299223819,143.091023531353,111.195132745621,128.401600703087,148.334973878134,111.749569944995,131.099592181275,153.827186090379,112.30241756457,133.842973264381,159.609227701535,112.838087444935,136.666071592549,165.643752366356,113.346672804666,139.534464079054,171.955678808788,113.879056322082,142.508512601274,178.479327383373,NA,NA,NA,78.851552433482,97.564594663917,119.12634067404,0.729354874216593,3.62977981488178,6.53020475554697,145718,145719,145720,"Rapid Increase","Trend Inconclusive",NA,"Low","Trend Inconclusive","Trend Inconclusive",NA,"Low"
"Slaty-headed Parakeet","Psittacula himalayana","slhpar1","Psittaciformes","Psittaculidae (Old World Parrots)",NA,NA,NA,NA,"Diurnal","Diurnal","Plant & Seed","No","Yes","Yes","Indian Subcontinent","Forest & Plantation","Resident & Altitudinal Migrant",NA,NA,NA,"Slaty-headed Parakeet","Psittacula himalayana","Slaty-headed Parakeet","Himalayapsitta himalayana","Least Concern","Schedule-II","Appendix II","",NA,"Slaty-headed Parakeet","Psittacula himalayana","avibase-5D7421A0",1,6.5,1,0.436202292,611,"","","",NA,NA,NA,NA,NA,NA,NA,NA,NA,NA,NA,NA,NA,NA,NA,NA,NA,NA,NA,NA,NA,NA,NA,NA,NA,NA,NA,NA,NA,NA,NA,NA,NA,NA,NA,NA,NA,NA,NA,NA,NA,NA,NA,NA,NA,"Low",NA,NA,NA,NA
"Gray-headed Parakeet","Psittacula finschii","gyhpar2","Psittaciformes","Psittaculidae (Old World Parrots)",NA,NA,NA,NA,"Diurnal","Diurnal","Plant & Seed","No","No","No","Non-endemic","Forest","Summer Migrant & Localized Winter Migrant",1,NA,NA,"Grey-headed Parakeet","Psittacula finschii","Grey-headed Parakeet","Himalayapsitta finschii","Near Threatened","Schedule-II","Appendix II","",NA,"Grey-headed Parakeet","Psittacula finschii","avibase-A72667DF",1,6.28,1,0.083038386,612,"","","",NA,NA,NA,NA,NA,NA,NA,NA,NA,NA,NA,NA,NA,NA,NA,NA,NA,NA,NA,NA,NA,NA,NA,NA,NA,NA,NA,NA,NA,NA,NA,NA,NA,NA,NA,NA,NA,NA,NA,NA,NA,NA,NA,NA,NA,"Moderate",NA,NA,NA,NA
"Plum-headed Parakeet","Psittacula cyanocephala","plhpar1","Psittaciformes","Psittaculidae (Old World Parrots)",NA,NA,NA,NA,"Diurnal","Diurnal","Fruit & Nect","No","Yes","No","Indian Subcontinent","Forest","Resident",NA,NA,NA,"Plum-headed Parakeet","Psittacula cyanocephala","Plum-headed Parakeet","Himalayapsitta cyanocephala","Least Concern","Schedule-II","Appendix II","",NA,"Plum-headed Parakeet","Psittacula cyanocephala","avibase-109000B4",1,6.94,1,0.922741906,613,"","X","X",101,0.108910891089109,0.396039603960396,0.603960396039604,16.2277227722772,1.29744641601537,81.4095488475137,97.3221555017193,116.230299738925,79.0600385317998,96.7916204694568,118.412038445192,76.7600420702528,96.2696900632733,120.729382787041,74.4729298203771,95.7939801701713,123.221202290877,72.2193171412879,95.247817223278,125.751784766944,70.0742223074071,94.6925564744427,128.198458143273,67.9664792954049,94.1705692371788,130.952883164416,65.9147678322429,93.637952020235,133.674814512268,NA,NA,NA,NA,NA,NA,-3.1102370576516,-0.513550661341512,2.08313573496858,58287,58354,58421,"Insufficient Data","Stable",NA,"Low","Insufficient Data","Trend Inconclusive",NA,"Low"
"Blossom-headed Parakeet","Psittacula roseata","blhpar3","Psittaciformes","Psittaculidae (Old World Parrots)",NA,NA,NA,NA,"Diurnal","Diurnal","Fruit & Nect","No","No","No","Non-endemic","Forest & Plantation","Resident",1,NA,NA,"Blossom-headed Parakeet","Psittacula roseata","Blossom-headed Parakeet","Himalayapsitta roseata","Near Threatened","Schedule-II","Appendix II","",NA,"Blossom-headed Parakeet","Psittacula roseata","avibase-7FBB0C8D",1,6.68,1,0.064411502,614,"","","",NA,NA,NA,NA,NA,NA,NA,NA,NA,NA,NA,NA,NA,NA,NA,NA,NA,NA,NA,NA,NA,NA,NA,NA,NA,NA,NA,NA,NA,NA,NA,NA,NA,NA,NA,NA,NA,NA,NA,NA,NA,NA,NA,NA,NA,"Moderate",NA,NA,NA,NA
"Malabar Parakeet","Psittacula columboides","malpar1","Psittaciformes","Psittaculidae (Old World Parrots)",NA,NA,NA,NA,"Diurnal","Diurnal","Plant & Seed","Yes","Yes","No","Western Ghats","Forest","Resident",NA,NA,NA,"Malabar Parakeet","Psittacula columboides","Malabar Parakeet","Nicopsitta columboides","Least Concern","Schedule-II","Appendix II","",NA,"Blue-winged Parakeet","Psittacula columboides","avibase-378A591F",1,4.03,1,1,615,"","","X",51,0.176470588235294,0.610294117647059,0.705882352941177,15.5294117647059,1.90492493986725,NA,NA,NA,NA,NA,NA,NA,NA,NA,NA,NA,NA,NA,NA,NA,NA,NA,NA,NA,NA,NA,NA,NA,NA,NA,NA,NA,NA,NA,NA,NA,NA,NA,32038,32073,32108,"Insufficient Data","Insufficient Data",NA,"Moderate","Insufficient Data","Insufficient Data",NA,"Moderate"
"Derbyan Parakeet","Psittacula derbiana","derpar1","Psittaciformes","Psittaculidae (Old World Parrots)",NA,NA,NA,NA,"Diurnal","Diurnal","Omnivore","No","No","No","Non-endemic","Forest","Resident",NA,NA,NA,"Derbyan Parakeet","Psittacula derbiana","Lord Derby's Parakeet","Psittacula derbiana","Least Concern","Schedule-I","Appendix II","",NA,"Lord Derby's Parakeet","Psittacula derbiana","avibase-BE817B49",1,6.66,1,0.078575074,616,"","","",NA,NA,NA,NA,NA,NA,NA,NA,NA,NA,NA,NA,NA,NA,NA,NA,NA,NA,NA,NA,NA,NA,NA,NA,NA,NA,NA,NA,NA,NA,NA,NA,NA,NA,NA,NA,NA,NA,NA,NA,NA,NA,NA,NA,NA,NA,NA,NA,NA,NA
"Red-breasted Parakeet","Psittacula alexandri","rebpar4","Psittaciformes","Psittaculidae (Old World Parrots)",NA,NA,NA,NA,"Diurnal","Diurnal","Fruit & Nect","No","No","No","Non-endemic","Forest","Resident",NA,NA,NA,"Red-breasted Parakeet","Psittacula alexandri","Red-breasted Parakeet","Psittacula alexandri","Near Threatened","Schedule-I","Appendix II","",NA,"Red-breasted Parakeet","Psittacula alexandri","avibase-AC2576A1",1,5.62,2,0.13361543,617,"","","",NA,NA,NA,NA,NA,NA,NA,NA,NA,NA,NA,NA,NA,NA,NA,NA,NA,NA,NA,NA,NA,NA,NA,NA,NA,NA,NA,NA,NA,NA,NA,NA,NA,NA,NA,NA,NA,NA,NA,NA,NA,NA,NA,NA,NA,"Low",NA,NA,NA,NA
"Nicobar Parakeet","Psittacula caniceps","nicpar1","Psittaciformes","Psittaculidae (Old World Parrots)",NA,NA,NA,NA,"Diurnal","Diurnal","Fruit & Nect","Yes","Yes","No","Nicobar Islands","Forest","Resident",NA,NA,1,"Nicobar Parakeet","Psittacula caniceps","Nicobar Parakeet","Psittacula caniceps","Near Threatened","Schedule-II","Appendix II","",NA,"Nicobar Parakeet","Psittacula caniceps","avibase-3BC383B0",1,5.79,1,1,618,"","","",NA,NA,NA,NA,NA,NA,NA,NA,NA,NA,NA,NA,NA,NA,NA,NA,NA,NA,NA,NA,NA,NA,NA,NA,NA,NA,NA,NA,NA,NA,NA,NA,NA,NA,NA,NA,NA,NA,NA,NA,NA,NA,NA,NA,NA,"Moderate",NA,NA,NA,NA
"Long-tailed Parakeet","Psittacula longicauda","lotpar2","Psittaciformes","Psittaculidae (Old World Parrots)",NA,NA,NA,NA,"Diurnal","Diurnal","Omnivore","No","No","No","Non-endemic","Forest & Plantation","Resident",1,NA,1,"Long-tailed Parakeet","Psittacula longicauda","Long-tailed Parakeet","Belocercus longicaudus","Vulnerable","Schedule-II","Appendix II","",NA,"Long-tailed Parakeet","Psittacula longicauda","avibase-39960EAB",1,4.94,2,0.007462122,619,"","","",NA,NA,NA,NA,NA,NA,NA,NA,NA,NA,NA,NA,NA,NA,NA,NA,NA,NA,NA,NA,NA,NA,NA,NA,NA,NA,NA,NA,NA,NA,NA,NA,NA,NA,NA,NA,NA,NA,NA,NA,NA,NA,NA,NA,NA,"High",NA,NA,NA,NA
"Vernal Hanging-Parrot","Loriculus vernalis","vehpar1","Psittaciformes","Psittaculidae (Old World Parrots)",NA,NA,NA,NA,"Diurnal","Diurnal","Fruit & Nect","No","No","No","Non-endemic","Forest & Plantation","Resident & Local Migrant",NA,NA,NA,"Vernal Hanging-Parrot","Loriculus vernalis","Vernal Hanging-parrot","Loriculus vernalis","Least Concern","Schedule-II","Appendix II","",NA,"Vernal Hanging Parrot","Loriculus vernalis","avibase-A5FA764B",1,3.13,1,0.186777422,620,"","","X",47,0.212765957446809,0.627659574468085,0.787234042553192,16.0212765957447,2.00702114763717,NA,NA,NA,NA,NA,NA,NA,NA,NA,NA,NA,NA,NA,NA,NA,NA,NA,NA,NA,NA,NA,NA,NA,NA,NA,NA,NA,NA,NA,NA,NA,NA,NA,29573,29602,29631,"Insufficient Data","Insufficient Data",NA,"Low","Insufficient Data","Insufficient Data",NA,"Low"
"Long-tailed Broadbill","Psarisomus dalhousiae","lotbro1","Passeriformes","Eurylaimidae (Asian and Grauer's Broadbills)",NA,NA,NA,NA,"Diurnal","Diurnal","Invertebrate","No","No","No","Non-endemic","Forest","Resident & Altitudinal Migrant",1,NA,NA,"Long-tailed Broadbill","Psarisomus dalhousiae","Long-tailed Broadbill","Psarisomus dalhousiae","Least Concern","Schedule-II","","",NA,"Long-tailed Broadbill","Psarisomus dalhousiae","avibase-63944E03",1,3.15,1,0.10041409,621,"","","",NA,NA,NA,NA,NA,NA,NA,NA,NA,NA,NA,NA,NA,NA,NA,NA,NA,NA,NA,NA,NA,NA,NA,NA,NA,NA,NA,NA,NA,NA,NA,NA,NA,NA,NA,NA,NA,NA,NA,NA,NA,NA,NA,NA,NA,"Low",NA,NA,NA,NA
"Gray-lored Broadbill","Serilophus rubropygius","sibbro2","Passeriformes","Eurylaimidae (Asian and Grauer's Broadbills)",NA,NA,NA,NA,"Diurnal","Diurnal","Invertebrate","No","No","No","Non-endemic","Forest","Resident",1,NA,NA,"Grey-lored Broadbill","Serilophus rubropygius","Grey-browed Broadbill","Serilophus rubropygius","Least Concern","Schedule-II","","",NA,"Grey-lored Broadbill","Serilophus rubropygius","avibase-098E40F1",1,3.19,1,0.487537892,622,"","","",NA,NA,NA,NA,NA,NA,NA,NA,NA,NA,NA,NA,NA,NA,NA,NA,NA,NA,NA,NA,NA,NA,NA,NA,NA,NA,NA,NA,NA,NA,NA,NA,NA,NA,NA,NA,NA,NA,NA,NA,NA,NA,NA,NA,NA,"Moderate",NA,NA,NA,NA
"Blue-naped Pitta","Hydrornis nipalensis","blnpit1","Passeriformes","Pittidae (Pittas)",NA,NA,NA,NA,"Diurnal","Diurnal","Invertebrate","No","No","No","Non-endemic","Forest","Resident",1,NA,NA,"Blue-naped Pitta","Hydrornis nipalensis","Blue-naped Pitta","Hydrornis nipalensis","Least Concern","Schedule-II","","",NA,"Blue-naped Pitta","Hydrornis nipalensis","avibase-1026AAFD",1,4.23,1,0.342693038,623,"","","",NA,NA,NA,NA,NA,NA,NA,NA,NA,NA,NA,NA,NA,NA,NA,NA,NA,NA,NA,NA,NA,NA,NA,NA,NA,NA,NA,NA,NA,NA,NA,NA,NA,NA,NA,NA,NA,NA,NA,NA,NA,NA,NA,NA,NA,"Low",NA,NA,NA,NA
"Blue Pitta","Hydrornis cyaneus","blupit1","Passeriformes","Pittidae (Pittas)",NA,NA,NA,NA,"Diurnal","Diurnal","Invertebrate","No","No","No","Non-endemic","Forest","Summer Migrant",NA,1,NA,"Blue Pitta","Hydrornis cyaneus","Blue Pitta","Hydrornis cyaneus","Least Concern","Schedule-II","","",NA,"Blue Pitta","Hydrornis cyaneus","avibase-37815E0C",1,3.59,1,0.070598203,624,"","","",NA,NA,NA,NA,NA,NA,NA,NA,NA,NA,NA,NA,NA,NA,NA,NA,NA,NA,NA,NA,NA,NA,NA,NA,NA,NA,NA,NA,NA,NA,NA,NA,NA,NA,NA,NA,NA,NA,NA,NA,NA,NA,NA,NA,NA,NA,NA,NA,NA,NA
"Indian Pitta","Pitta brachyura","indpit1","Passeriformes","Pittidae (Pittas)",NA,NA,NA,NA,"Diurnal","Diurnal","Invertebrate","No","Yes","No","Indian Subcontinent","Forest & Plantation","Within-India Migrant",NA,NA,NA,"Indian Pitta","Pitta brachyura","Indian Pitta","Pitta brachyura","Least Concern","Schedule-II","","",NA,"Indian Pitta","Pitta brachyura","avibase-DE63114F",1,3.02,1,0.949298739,625,"","X","X",138,0.0289855072463768,0.375905797101449,0.601449275362319,16.7753623188406,0.964275143205489,63.4099775876006,77.6780826469496,95.1393860611217,59.7990044456032,75.2130203326161,94.6684123427089,56.3206822999642,72.7416881364028,94.1962322667844,52.9270446054579,70.3934583079819,93.7990676834501,49.7591957612491,68.1520857968858,93.4249913050909,46.7714933457653,66.0206289299633,93.0735403123191,43.9868397726317,63.9474784326761,92.6880361060077,41.3708738460886,61.94057963839,92.35042092152,NA,NA,NA,NA,NA,NA,-6.32023336767337,-3.30616749327159,-0.292101618869805,87969,88135,88301,"Insufficient Data","Trend Inconclusive",NA,"Low","Insufficient Data","Trend Inconclusive",NA,"Low"
"Blue-winged Pitta","Pitta moluccensis","blwpit1","Passeriformes","Pittidae (Pittas)",NA,NA,NA,NA,"Diurnal","Diurnal","Invertebrate","No","No","No","Non-endemic","Forest","Uncertain",NA,1,NA,"Blue-winged Pitta","Pitta moluccensis","Blue-winged Pitta","Pitta moluccensis","Least Concern","Schedule-II","","",NA,"Blue-winged Pitta","Pitta moluccensis","avibase-AA127B89",NA,3.24,1,NA,626,"","","",NA,NA,NA,NA,NA,NA,NA,NA,NA,NA,NA,NA,NA,NA,NA,NA,NA,NA,NA,NA,NA,NA,NA,NA,NA,NA,NA,NA,NA,NA,NA,NA,NA,NA,NA,NA,NA,NA,NA,NA,NA,NA,NA,NA,NA,NA,NA,NA,NA,NA
"Nicobar Hooded Pitta","Pitta abbotti","hoopit4","Passeriformes","Pittidae (Pittas)",NA,NA,NA,NA,"Diurnal","Diurnal","Invertebrate","Yes","Yes","No","Nicobar Islands","Forest","Resident",NA,NA,1,"Nicobar Hooded Pitta","Pitta abbotti","Not at species rank","Pitta sordida abbotti","Not recognized","Schedule-II","","",NA,"Nicobar Hooded Pitta","Pitta abbotti","avibase-AC372BCE",1,3.63,1,1,627,"","","",NA,NA,NA,NA,NA,NA,NA,NA,NA,NA,NA,NA,NA,NA,NA,NA,NA,NA,NA,NA,NA,NA,NA,NA,NA,NA,NA,NA,NA,NA,NA,NA,NA,NA,NA,NA,NA,NA,NA,NA,NA,NA,NA,NA,NA,NA,NA,NA,NA,NA
"Western Hooded Pitta","Pitta sordida","wehpit1","Passeriformes","Pittidae (Pittas)",NA,NA,NA,NA,"Diurnal","Diurnal","Invertebrate","No","No","No","Non-endemic","Forest","Resident & Summer Migrant",1,NA,NA,"Western Hooded Pitta","Pitta sordida","Western Hooded Pitta","Pitta sordida","Least Concern","Schedule-II","","",NA,"Western Hooded Pitta","Pitta sordida","avibase-7205A703",1,3.63,1,0.090864134,628,"","","",NA,NA,NA,NA,NA,NA,NA,NA,NA,NA,NA,NA,NA,NA,NA,NA,NA,NA,NA,NA,NA,NA,NA,NA,NA,NA,NA,NA,NA,NA,NA,NA,NA,NA,NA,NA,NA,NA,NA,NA,NA,NA,NA,NA,NA,"Low",NA,NA,NA,NA
"Mangrove Pitta","Pitta megarhyncha","manpit1","Passeriformes","Pittidae (Pittas)",NA,NA,NA,NA,"Diurnal","Diurnal","Invertebrate","No","No","No","Non-endemic","Wetland","Resident",1,NA,NA,"Mangrove Pitta","Pitta megarhyncha","Mangrove Pitta","Pitta megarhyncha","Near Threatened","Schedule-II","","",NA,"Mangrove Pitta","Pitta megarhyncha","avibase-B882013B",1,4.47,1,0.090414153,629,"","","",NA,NA,NA,NA,NA,NA,NA,NA,NA,NA,NA,NA,NA,NA,NA,NA,NA,NA,NA,NA,NA,NA,NA,NA,NA,NA,NA,NA,NA,NA,NA,NA,NA,NA,NA,NA,NA,NA,NA,NA,NA,NA,NA,NA,NA,"High",NA,NA,NA,NA
"White-bellied Minivet","Pericrocotus erythropygius","whbmin3","Passeriformes","Campephagidae (Cuckooshrikes)",NA,NA,NA,NA,"Diurnal","Diurnal","Invertebrate","Yes","Yes","No","Mainland India","Forest","Resident",NA,NA,NA,"White-bellied Minivet","Pericrocotus erythropygius","White-bellied Minivet","Pericrocotus erythropygius","Least Concern","Schedule-II","","",NA,"White-bellied Minivet","Pericrocotus erythropygius","avibase-47EBC51F",1,2.67,1,1,630,"X","X","X",4,0.25,0.46875,0.75,19.25,2.81483569680363,25.7271627894167,49.5558004800599,96.7877756145537,21.618314735533,45.734742142497,97.6675398132314,18.1966430320871,41.7418128000239,97.9765941436248,15.2309660362495,38.4145014583899,99.1389252222158,12.7290417813689,35.3894355241452,99.91382145055,10.601428310206,32.4020268622781,100.312968677838,8.85634015616759,29.5467574780134,101.438593024503,7.39963474817904,27.1682143770229,102.513384633638,NA,NA,NA,-73.0288496074113,7.107367997558,76497374.6837563,-11601627.8568102,-13.94705050242,11601599.9627092,4517,4586,4655,"Trend Inconclusive","Trend Inconclusive",NA,"Moderate","Insufficient Data","Trend Inconclusive",NA,"Low"
"Small Minivet","Pericrocotus cinnamomeus","smamin1","Passeriformes","Campephagidae (Cuckooshrikes)",NA,NA,NA,NA,"Diurnal","Diurnal","Invertebrate","No","No","No","Non-endemic","Forest & Plantation","Resident",1,NA,NA,"Small Minivet","Pericrocotus cinnamomeus","Small Minivet","Pericrocotus cinnamomeus","Least Concern","Schedule-I","","",NA,"Small Minivet","Pericrocotus cinnamomeus","avibase-B5C1302B",1,2.55,5,0.587825611,631,"","X","X",162,0.111111111111111,0.445216049382716,0.604938271604938,16.5432098765432,0.895473139201997,108.063146580771,123.932532342676,141.966152228397,107.396432661601,125.411428275879,146.397042344946,106.682395045263,126.857775514174,150.807023166158,105.946673623692,128.473991763357,155.515285036012,105.063028776942,129.986643598206,160.376348011106,104.318302303776,131.4370616769,165.535441038364,103.503212767763,133.073848518868,170.863939748794,102.791556751627,134.491782909811,176.199536959806,NA,NA,NA,NA,NA,NA,-1.01471280839272,1.38243268497997,3.77957817835267,108293,108329,108365,"Insufficient Data","Stable",NA,"Moderate","Insufficient Data","Stable",NA,"Low"
"Gray-chinned Minivet","Pericrocotus solaris","gycmin1","Passeriformes","Campephagidae (Cuckooshrikes)",NA,NA,NA,NA,"Diurnal","Diurnal","Invertebrate","No","No","No","Non-endemic","Forest","Resident & Altitudinal Migrant",NA,NA,NA,"Grey-chinned Minivet","Pericrocotus solaris","Grey-chinned Minivet","Pericrocotus solaris","Least Concern","Schedule-II","","",NA,"Grey-chinned Minivet","Pericrocotus solaris","avibase-A3538EDB",1,2.86,1,0.065846574,632,"","","",NA,NA,NA,NA,NA,NA,NA,NA,NA,NA,NA,NA,NA,NA,NA,NA,NA,NA,NA,NA,NA,NA,NA,NA,NA,NA,NA,NA,NA,NA,NA,NA,NA,NA,NA,NA,NA,NA,NA,NA,NA,NA,NA,NA,NA,NA,NA,NA,NA,NA
"Short-billed Minivet","Pericrocotus brevirostris","shbmin2","Passeriformes","Campephagidae (Cuckooshrikes)",NA,NA,NA,NA,"Diurnal","Diurnal","Invertebrate","No","No","No","Non-endemic","Forest","Resident & Altitudinal Migrant",NA,NA,NA,"Short-billed Minivet","Pericrocotus brevirostris","Short-billed Minivet","Pericrocotus brevirostris","Least Concern","Schedule-II","","",NA,"Short-billed Minivet","Pericrocotus brevirostris","avibase-68CAEE4C",1,2.93,2,0.100795628,633,"","","",NA,NA,NA,NA,NA,NA,NA,NA,NA,NA,NA,NA,NA,NA,NA,NA,NA,NA,NA,NA,NA,NA,NA,NA,NA,NA,NA,NA,NA,NA,NA,NA,NA,NA,NA,NA,NA,NA,NA,NA,NA,NA,NA,NA,NA,"Moderate",NA,NA,NA,NA
"Long-tailed Minivet","Pericrocotus ethologus","lotmin1","Passeriformes","Campephagidae (Cuckooshrikes)",NA,NA,NA,NA,"Diurnal","Diurnal","Invertebrate","No","No","No","Non-endemic","Forest & Plantation","Resident & Within-India Migrant",NA,NA,NA,"Long-tailed Minivet","Pericrocotus ethologus","Long-tailed Minivet","Pericrocotus ethologus","Least Concern","Schedule-II","","",NA,"Long-tailed Minivet","Pericrocotus ethologus","avibase-8F319AD8",1,2.96,4,0.275262062,634,"","","",NA,NA,NA,NA,NA,NA,NA,NA,NA,NA,NA,NA,NA,NA,NA,NA,NA,NA,NA,NA,NA,NA,NA,NA,NA,NA,NA,NA,NA,NA,NA,NA,NA,NA,NA,NA,NA,NA,NA,NA,NA,NA,NA,NA,NA,"Moderate",NA,NA,NA,NA
"Orange Minivet","Pericrocotus flammeus","scamin3","Passeriformes","Campephagidae (Cuckooshrikes)",NA,NA,NA,NA,"Diurnal","Diurnal","Invertebrate","No","Yes","No","Indian Subcontinent","Forest","Resident",NA,NA,NA,"Orange Minivet","Pericrocotus flammeus","Not at species rank","Pericrocotus flammeus flammeus","Not recognized","Schedule-II","","",NA,"Not at species rank","Pericrocotus flammeus flammeus","avibase-1B2C7B12",1,3.4,1,NA,635,"","X","X",67,0.223880597014925,0.595149253731343,0.791044776119403,16.2388059701493,1.55802284915809,100.899531200413,112.449737790848,125.502427910192,100.117177210099,113.246731347603,128.233623955947,99.393750864205,114.032456512811,131.08453701484,98.6573213051985,114.956091487246,134.067818304079,97.8548731436993,115.712944960918,137.238687182192,97.1533197791102,116.578164684515,140.360734812014,96.3187167528832,117.40184875612,143.579923591928,95.5380758247006,118.208035676965,146.944163341364,NA,NA,NA,NA,NA,NA,-1.05276617793875,0.734807805028679,2.52238178799611,45196,45265,45334,"Insufficient Data","Stable",NA,"Moderate","Insufficient Data","Trend Inconclusive",NA,"Low"
"Scarlet Minivet","Pericrocotus speciosus","scamin1","Passeriformes","Campephagidae (Cuckooshrikes)",NA,NA,NA,NA,"Diurnal","Diurnal","Invertebrate","No","No","No","Non-endemic","Forest","Resident",NA,NA,NA,"Scarlet Minivet","Pericrocotus speciosus","Scarlet Minivet","Pericrocotus flammeus","Least Concern","Schedule-II","","",NA,"Not at species rank","Pericrocotus flammeus speciosus","avibase-BE3E7AFD",1,3.4,4,0.212469738,636,"","","",NA,NA,NA,NA,NA,NA,NA,NA,NA,NA,NA,NA,NA,NA,NA,NA,NA,NA,NA,NA,NA,NA,NA,NA,NA,NA,NA,NA,NA,NA,NA,NA,NA,NA,NA,NA,NA,NA,NA,NA,NA,NA,NA,NA,NA,"Low",NA,NA,NA,NA
"Ashy Minivet","Pericrocotus divaricatus","ashmin1","Passeriformes","Campephagidae (Cuckooshrikes)",NA,NA,NA,NA,"Diurnal","Diurnal","Invertebrate","No","No","No","Non-endemic","Forest & Plantation","Winter Migrant",NA,NA,NA,"Ashy Minivet","Pericrocotus divaricatus","Ashy Minivet","Pericrocotus divaricatus","Least Concern","Schedule-II","","",NA,"Ashy Minivet","Pericrocotus divaricatus","avibase-622DB161",1,3.29,1,0.048914987,637,"","","",3,0.333333333333333,0.333333333333333,NA,21,2.99394945403782,NA,NA,NA,NA,NA,NA,NA,NA,NA,NA,NA,NA,NA,NA,NA,NA,NA,NA,NA,NA,NA,NA,NA,NA,NA,NA,NA,NA,NA,NA,NA,NA,NA,NA,NA,NA,NA,NA,NA,NA,NA,NA,NA,NA
"Brown-rumped Minivet","Pericrocotus cantonensis","brrmin1","Passeriformes","Campephagidae (Cuckooshrikes)",NA,NA,NA,NA,"Diurnal","Diurnal","Invertebrate","No","No","No","Non-endemic","Forest","Winter Migrant",NA,NA,NA,"Brown-rumped Minivet","Pericrocotus cantonensis","Brown-rumped Minivet","Pericrocotus cantonensis","Least Concern","Schedule-II","","",NA,"Swinhoe's Minivet","Pericrocotus cantonensis","avibase-150830DD",1,2.93,1,NA,638,"","","",1,NA,NA,NA,20,NA,NA,NA,NA,NA,NA,NA,NA,NA,NA,NA,NA,NA,NA,NA,NA,NA,NA,NA,NA,NA,NA,NA,NA,NA,NA,NA,NA,NA,NA,NA,NA,NA,NA,NA,NA,NA,NA,NA,NA,NA,NA,NA,NA,NA
"Rosy Minivet","Pericrocotus roseus","rosmin1","Passeriformes","Campephagidae (Cuckooshrikes)",NA,NA,NA,NA,"Diurnal","Diurnal","Invertebrate","No","No","No","Non-endemic","Forest","Resident & Local Migrant",NA,NA,NA,"Rosy Minivet","Pericrocotus roseus","Rosy Minivet","Pericrocotus roseus","Least Concern","Schedule-II","","",NA,"Rosy Minivet","Pericrocotus roseus","avibase-C6FB6CF9",1,2.95,1,0.280886546,639,"","","",NA,NA,NA,NA,NA,NA,NA,NA,NA,NA,NA,NA,NA,NA,NA,NA,NA,NA,NA,NA,NA,NA,NA,NA,NA,NA,NA,NA,NA,NA,NA,NA,NA,NA,NA,NA,NA,NA,NA,NA,NA,NA,NA,NA,NA,"Low",NA,NA,NA,NA
"Indian Cuckooshrike","Coracina macei","larcuc1","Passeriformes","Campephagidae (Cuckooshrikes)",NA,NA,NA,NA,"Diurnal","Diurnal","Invertebrate","No","Yes","No","Indian Subcontinent","Forest & Plantation","Resident",NA,NA,NA,"Indian Cuckooshrike","Coracina macei","Indian Cuckooshrike","Coracina macei","Least Concern","Schedule-II","","",NA,"Indian Cuckooshrike","Coracina macei","avibase-F6D6E5DB",1,4.36,1,0.970706116,640,"","","",NA,NA,NA,NA,NA,NA,NA,NA,NA,NA,NA,NA,NA,NA,NA,NA,NA,NA,NA,NA,NA,NA,NA,NA,NA,NA,NA,NA,NA,NA,NA,NA,NA,NA,NA,NA,NA,NA,NA,53114,53203,53292,NA,NA,NA,NA,"Insufficient Data","Trend Inconclusive",NA,"Low"
"Oriental Cuckooshrike","Coracina javensis","larcuc11","Passeriformes","Campephagidae (Cuckooshrikes)",NA,NA,NA,NA,"Diurnal","Diurnal","Invertebrate","No","No","No","Non-endemic","Forest & Plantation","Resident",NA,NA,NA,"Oriental Cuckooshrike","Coracina javensis","Large Cuckooshrike","Coracina javensis","Least Concern","Schedule-II","","",NA,"Oriental Cuckooshrike","Coracina javensis","avibase-7B64BB7F",1,4.62,2,0.098986943,641,"","","",NA,NA,NA,NA,NA,NA,NA,NA,NA,NA,NA,NA,NA,NA,NA,NA,NA,NA,NA,NA,NA,NA,NA,NA,NA,NA,NA,NA,NA,NA,NA,NA,NA,NA,NA,NA,NA,NA,NA,NA,NA,NA,NA,NA,NA,NA,NA,NA,NA,NA
"Andaman Cuckooshrike","Coracina dobsoni","andcus1","Passeriformes","Campephagidae (Cuckooshrikes)",NA,NA,NA,NA,"Diurnal","Diurnal","Invertebrate","Yes","Yes","No","Andaman Islands","Forest","Resident",NA,NA,1,"Andaman Cuckooshrike","Coracina dobsoni","Andaman Cuckooshrike","Coracina dobsoni","Near Threatened","Schedule-II","","",NA,"Andaman Cuckooshrike","Coracina dobsoni","avibase-DF546828",1,5.25,1,1,642,"","","",NA,NA,NA,NA,NA,NA,NA,NA,NA,NA,NA,NA,NA,NA,NA,NA,NA,NA,NA,NA,NA,NA,NA,NA,NA,NA,NA,NA,NA,NA,NA,NA,NA,NA,NA,NA,NA,NA,NA,NA,NA,NA,NA,NA,NA,"Moderate",NA,NA,NA,NA
"Pied Triller","Lalage nigra","pietri1","Passeriformes","Campephagidae (Cuckooshrikes)",NA,NA,NA,NA,"Diurnal","Diurnal","Invertebrate","No","No","No","Non-endemic","Forest & Plantation","Resident",NA,NA,1,"Pied Triller","Lalage nigra","Pied Triller","Lalage nigra","Least Concern","Schedule-II","","",NA,"Pied Triller","Lalage nigra","avibase-84B32303",1,3.6,1,0.001265152,643,"","","",NA,NA,NA,NA,NA,NA,NA,NA,NA,NA,NA,NA,NA,NA,NA,NA,NA,NA,NA,NA,NA,NA,NA,NA,NA,NA,NA,NA,NA,NA,NA,NA,NA,NA,NA,NA,NA,NA,NA,NA,NA,NA,NA,NA,NA,NA,NA,NA,NA,NA
"Black-winged Cuckooshrike","Lalage melaschistos","bkwcus1","Passeriformes","Campephagidae (Cuckooshrikes)",NA,NA,NA,NA,"Diurnal","Diurnal","Invertebrate","No","No","No","Non-endemic","Forest & Plantation","Resident & Within-India Migrant",NA,NA,NA,"Black-winged Cuckooshrike","Lalage melaschistos","Black-winged Cuckooshrike","Lalage melaschistos","Least Concern","Schedule-II","","",NA,"Black-winged Cuckooshrike","Lalage melaschistos","avibase-FAE71B8F",1,3.62,1,0.230367017,644,"","","X",1,1,NA,NA,17,NA,NA,NA,NA,NA,NA,NA,NA,NA,NA,NA,NA,NA,NA,NA,NA,NA,NA,NA,NA,NA,NA,NA,NA,NA,NA,NA,NA,NA,NA,NA,NA,NA,NA,0,0,0,"Insufficient Data","Insufficient Data",NA,"Low","Insufficient Data","Insufficient Data",NA,"Low"
"Black-headed Cuckooshrike","Lalage melanoptera","bkhcus1","Passeriformes","Campephagidae (Cuckooshrikes)",NA,NA,NA,NA,"Diurnal","Diurnal","Invertebrate","No","Yes","No","Indian Subcontinent","Forest & Plantation","Within-India Migrant",NA,NA,NA,"Black-headed Cuckooshrike","Lalage melanoptera","Black-headed Cuckooshrike","Lalage melanoptera","Least Concern","Schedule-II","","",NA,"Black-headed Cuckooshrike","Lalage melanoptera","avibase-58BC7F5D",1,3.39,2,0.874953248,645,"","X","X",161,0.118012422360248,0.381211180124224,0.440993788819876,16.5527950310559,0.8736245900761,42.086417465673,52.9225159917153,66.6225465951543,38.2194920190397,49.511396087824,64.219094475333,34.6682468536634,46.3207548917361,62.0305845453371,31.4153361888484,43.3250504097933,59.9131706648897,28.4403942688508,40.6013801571568,57.9389509126221,25.7624126408579,37.9477880217527,56.0599881067006,23.2886645425436,35.5318616101167,54.1591387989688,21.0432673675881,33.2511679648723,52.4040117793524,NA,NA,NA,NA,NA,NA,-9.03038146841823,-5.87180612964486,-2.7132307908715,88510,88537,88564,"Insufficient Data","Trend Inconclusive",NA,"Moderate","Insufficient Data","Rapid Decline",NA,"Moderate"
"Black-headed Shrike-Babbler","Pteruthius rufiventer","bhsbab1","Passeriformes","Vireonidae (Vireos, Shrike-Babblers, and Erpornis)",NA,NA,NA,NA,"Diurnal","Diurnal","Invertebrate","No","No","Yes","Eastern Himalayas","Forest","Resident & Altitudinal Migrant",NA,NA,NA,"Black-headed Shrike-Babbler","Pteruthius rufiventer","Black-headed Shrike-babbler","Pteruthius rufiventer","Least Concern","Schedule-II","","",NA,"Black-headed Shrike-babbler","Pteruthius rufiventer","avibase-484E9B46",1,3.71,1,0.342689609,646,"","","",NA,NA,NA,NA,NA,NA,NA,NA,NA,NA,NA,NA,NA,NA,NA,NA,NA,NA,NA,NA,NA,NA,NA,NA,NA,NA,NA,NA,NA,NA,NA,NA,NA,NA,NA,NA,NA,NA,NA,NA,NA,NA,NA,NA,NA,"Moderate",NA,NA,NA,NA
"White-browed Shrike-Babbler","Pteruthius aeralatus","whbshb1","Passeriformes","Vireonidae (Vireos, Shrike-Babblers, and Erpornis)",NA,NA,NA,NA,"Diurnal","Diurnal","Invertebrate","No","No","No","Non-endemic","Forest","Resident & Altitudinal Migrant",NA,NA,NA,"White-browed Shrike-Babbler","Pteruthius aeralatus","White-browed Shrike-babbler","Pteruthius aeralatus","Least Concern","Schedule-II","","",NA,"White-browed Shrike-babbler","Pteruthius aeralatus","avibase-4C6B41B3",1,3.53,2,0.092393022,647,"","","",NA,NA,NA,NA,NA,NA,NA,NA,NA,NA,NA,NA,NA,NA,NA,NA,NA,NA,NA,NA,NA,NA,NA,NA,NA,NA,NA,NA,NA,NA,NA,NA,NA,NA,NA,NA,NA,NA,NA,NA,NA,NA,NA,NA,NA,"Low",NA,NA,NA,NA
"Green Shrike-Babbler","Pteruthius xanthochlorus","grsbab1","Passeriformes","Vireonidae (Vireos, Shrike-Babblers, and Erpornis)",NA,NA,NA,NA,"Diurnal","Diurnal","Invertebrate","No","No","No","Non-endemic","Forest","Resident",NA,NA,NA,"Green Shrike-Babbler","Pteruthius xanthochlorus","Green Shrike-babbler","Pteruthius xanthochlorus","Least Concern","Schedule-II","","",NA,"Green Shrike-babbler","Pteruthius xanthochlorus","avibase-00C6FC90",1,2.84,3,0.211921644,648,"","","",NA,NA,NA,NA,NA,NA,NA,NA,NA,NA,NA,NA,NA,NA,NA,NA,NA,NA,NA,NA,NA,NA,NA,NA,NA,NA,NA,NA,NA,NA,NA,NA,NA,NA,NA,NA,NA,NA,NA,NA,NA,NA,NA,NA,NA,"Low",NA,NA,NA,NA
"Black-eared Shrike-Babbler","Pteruthius melanotis","besbab1","Passeriformes","Vireonidae (Vireos, Shrike-Babblers, and Erpornis)",NA,NA,NA,NA,"Diurnal","Diurnal","Invertebrate","No","No","No","Non-endemic","Forest","Resident & Altitudinal Migrant",NA,NA,NA,"Black-eared Shrike-Babbler","Pteruthius melanotis","Black-eared Shrike-babbler","Pteruthius melanotis","Least Concern","Schedule-II","","",NA,"Black-eared Shrike-babbler","Pteruthius melanotis","avibase-17DB8BA0",1,2.56,1,0.169182201,649,"","","",NA,NA,NA,NA,NA,NA,NA,NA,NA,NA,NA,NA,NA,NA,NA,NA,NA,NA,NA,NA,NA,NA,NA,NA,NA,NA,NA,NA,NA,NA,NA,NA,NA,NA,NA,NA,NA,NA,NA,NA,NA,NA,NA,NA,NA,"Low",NA,NA,NA,NA
"Clicking Shrike-Babbler","Pteruthius intermedius","clishb1","Passeriformes","Vireonidae (Vireos, Shrike-Babblers, and Erpornis)",NA,NA,NA,NA,"Diurnal","Diurnal","Invertebrate","No","No","No","Non-endemic","Forest","Uncertain",NA,1,NA,"Clicking Shrike-Babbler","Pteruthius intermedius","Chestnut-fronted Shrike-babbler","Pteruthius aenobarbus","Not recognized","Schedule-II","","",NA,"Clicking Shrike-babbler","Pteruthius intermedius","avibase-0037A14F",1,3.72,1,0.016389669,650,"","","",NA,NA,NA,NA,NA,NA,NA,NA,NA,NA,NA,NA,NA,NA,NA,NA,NA,NA,NA,NA,NA,NA,NA,NA,NA,NA,NA,NA,NA,NA,NA,NA,NA,NA,NA,NA,NA,NA,NA,NA,NA,NA,NA,NA,NA,NA,NA,NA,NA,NA
"White-bellied Erpornis","Erpornis zantholeuca","whbyuh1","Passeriformes","Vireonidae (Vireos, Shrike-Babblers, and Erpornis)",NA,NA,NA,NA,"Diurnal","Diurnal","Invertebrate","No","No","No","Non-endemic","Forest","Resident",NA,NA,NA,"White-bellied Erpornis","Erpornis zantholeuca","White-bellied Erpornis","Erpornis zantholeuca","Least Concern","Schedule-II","","",NA,"White-bellied Erpornis","Erpornis zantholeuca","avibase-EECEDB6F",1,2.89,1,0.048315977,651,"","","",NA,NA,NA,NA,NA,NA,NA,NA,NA,NA,NA,NA,NA,NA,NA,NA,NA,NA,NA,NA,NA,NA,NA,NA,NA,NA,NA,NA,NA,NA,NA,NA,NA,NA,NA,NA,NA,NA,NA,NA,NA,NA,NA,NA,NA,"Low",NA,NA,NA,NA
"Mangrove Whistler","Pachycephala cinerea","manwhi1","Passeriformes","Pachycephalidae (Whistlers and Allies)",NA,NA,NA,NA,"Diurnal","Diurnal","Invertebrate","No","No","No","Non-endemic","Wetland","Resident",NA,NA,NA,"Mangrove Whistler","Pachycephala cinerea","Mangrove Whistler","Pachycephala cinerea","Least Concern","Schedule-II","","",NA,"Mangrove Whistler","Pachycephala cinerea","avibase-FDD9B522",1,4.66,1,0.028942012,652,"","","",NA,NA,NA,NA,NA,NA,NA,NA,NA,NA,NA,NA,NA,NA,NA,NA,NA,NA,NA,NA,NA,NA,NA,NA,NA,NA,NA,NA,NA,NA,NA,NA,NA,NA,NA,NA,NA,NA,NA,NA,NA,NA,NA,NA,NA,NA,NA,NA,NA,NA
"Eurasian Golden Oriole","Oriolus oriolus","eugori2","Passeriformes","Oriolidae (Old World Orioles)",NA,NA,NA,NA,"Diurnal","Diurnal","Omnivore","No","No","No","Non-endemic","Non-specialized","Uncertain",NA,1,NA,"Eurasian Golden Oriole","Oriolus oriolus","Eurasian Golden Oriole","Oriolus oriolus","Least Concern","Schedule-II","","Appendix II",NA,"Eurasian Golden Oriole","Oriolus oriolus","avibase-92A772BB",NA,3.45,1,NA,653,"","","",NA,NA,NA,NA,NA,NA,NA,NA,NA,NA,NA,NA,NA,NA,NA,NA,NA,NA,NA,NA,NA,NA,NA,NA,NA,NA,NA,NA,NA,NA,NA,NA,NA,NA,NA,NA,NA,NA,NA,NA,NA,NA,NA,NA,NA,NA,NA,NA,NA,NA
"Indian Golden Oriole","Oriolus kundoo","ingori1","Passeriformes","Oriolidae (Old World Orioles)",NA,NA,NA,NA,"Diurnal","Diurnal","Omnivore","No","No","No","Non-endemic","Non-specialized","Within-India Migrant",1,NA,NA,"Indian Golden Oriole","Oriolus kundoo","Indian Golden Oriole","Oriolus kundoo","Least Concern","Schedule-II","","Appendix II",NA,"Indian Golden Oriole","Oriolus kundoo","avibase-4C263A0E",1,3.73,1,0.643514853,654,"X","X","X",230,0.134782608695652,0.571195652173913,0.704347826086957,15.4739130434783,0.755582008368749,73.8606063421367,81.7474001780253,90.4859777306107,70.7230257642172,79.3506303107915,88.9995680429734,67.7149587849132,77.011917543715,87.5701934435683,64.8480615579733,74.7426618751081,86.2597952655124,62.0029672696758,72.5583073074162,84.8912032987644,59.3180072458754,70.4261887346272,83.5870982110053,56.709381186794,68.3532600627526,82.3046378484977,54.2524544322972,66.3437195204951,81.0624443453264,NA,NA,NA,-47.4806464856848,-39.4940236749478,-29.5427952303516,-3.3345193423121,-2.16605127397048,-0.997583205628865,136789,136820,136851,"Decline","Trend Inconclusive",NA,"Low","Decline","Stable",NA,"Low"
"Black-naped Oriole","Oriolus chinensis","blnori1","Passeriformes","Oriolidae (Old World Orioles)",NA,NA,NA,NA,"Diurnal","Diurnal","Fruit & Nect","No","No","No","Non-endemic","Forest & Plantation","Winter Migrant",NA,NA,NA,"Black-naped Oriole","Oriolus chinensis","Black-naped Oriole","Oriolus chinensis","Least Concern","Schedule-II","","Appendix II",NA,"Black-naped Oriole","Oriolus chinensis","avibase-CC216A71",1,4.02,3,0.096207672,655,"","","X",65,0.0461538461538462,0.213461538461538,0.276923076923077,17.0769230769231,1.46956502440237,NA,NA,NA,NA,NA,NA,NA,NA,NA,NA,NA,NA,NA,NA,NA,NA,NA,NA,NA,NA,NA,NA,NA,NA,NA,NA,NA,NA,NA,NA,NA,NA,NA,55831,56042,56253,"Insufficient Data","Insufficient Data",NA,"Low","Insufficient Data","Insufficient Data",NA,"Low"
"Slender-billed Oriole","Oriolus tenuirostris","slbori1","Passeriformes","Oriolidae (Old World Orioles)",NA,NA,NA,NA,"Diurnal","Diurnal","Fruit & Nect","No","No","No","Non-endemic","Forest & Plantation","Summer Migrant & Localized Winter Migrant",1,NA,NA,"Slender-billed Oriole","Oriolus tenuirostris","Slender-billed Oriole","Oriolus tenuirostris","Least Concern","Schedule-II","","Appendix II",NA,"Slender-billed Oriole","Oriolus tenuirostris","avibase-4ABC6B29",1,3.75,1,0.133816193,656,"","","",NA,NA,NA,NA,NA,NA,NA,NA,NA,NA,NA,NA,NA,NA,NA,NA,NA,NA,NA,NA,NA,NA,NA,NA,NA,NA,NA,NA,NA,NA,NA,NA,NA,NA,NA,NA,NA,NA,NA,NA,NA,NA,NA,NA,NA,"High",NA,NA,NA,NA
"Black-hooded Oriole","Oriolus xanthornus","blhori1","Passeriformes","Oriolidae (Old World Orioles)",NA,NA,NA,NA,"Diurnal","Diurnal","Fruit & Nect","No","No","No","Non-endemic","Forest & Plantation","Resident & Local Migrant",NA,NA,NA,"Black-hooded Oriole","Oriolus xanthornus","Black-hooded Oriole","Oriolus xanthornus","Least Concern","Schedule-II","","Appendix II",NA,"Black-hooded Oriole","Oriolus xanthornus","avibase-E931F073",1,3.65,3,0.580869396,657,"","X","X",76,0.0789473684210526,0.457236842105263,0.618421052631579,17.2763157894737,1.24102491673293,100.17985516809,132.985636514219,176.611521450066,97.6638929474791,134.589049745491,185.476483611493,95.1211021485608,136.284580704376,194.966369015343,92.7145953561804,137.953754912271,204.949038019287,90.1072090517362,139.582501891999,215.627158624717,87.5682045850135,141.251960472325,227.063058776376,85.164829747527,143.013123248207,239.357767611681,82.7381329627658,144.752497935468,252.142676348421,NA,NA,NA,NA,NA,NA,-4.77826670332499,0.972408134205328,6.72308297173565,42355,42406,42457,"Insufficient Data","Trend Inconclusive",NA,"Low","Insufficient Data","Trend Inconclusive",NA,"Low"
"Maroon Oriole","Oriolus traillii","marori2","Passeriformes","Oriolidae (Old World Orioles)",NA,NA,NA,NA,"Diurnal","Diurnal","Fruit & Nect","No","No","No","Non-endemic","Forest","Resident & Local Migrant",NA,NA,NA,"Maroon Oriole","Oriolus traillii","Maroon Oriole","Oriolus traillii","Least Concern","Schedule-II","","",NA,"Maroon Oriole","Oriolus traillii","avibase-11093B09",1,3.77,1,0.146573532,658,"","","",NA,NA,NA,NA,NA,NA,NA,NA,NA,NA,NA,NA,NA,NA,NA,NA,NA,NA,NA,NA,NA,NA,NA,NA,NA,NA,NA,NA,NA,NA,NA,NA,NA,NA,NA,NA,NA,NA,NA,NA,NA,NA,NA,NA,NA,"Low",NA,NA,NA,NA
"Ashy Woodswallow","Artamus fuscus","ashwoo2","Passeriformes","Artamidae (Woodswallows, Bellmagpies, and Allies)",NA,NA,NA,NA,"Diurnal","Diurnal","Invertebrate","No","No","No","Non-endemic","Non-specialized","Resident",NA,NA,NA,"Ashy Woodswallow","Artamus fuscus","Ashy Woodswallow","Artamus fuscus","Least Concern","Schedule-II","","",NA,"Ashy Woodswallow","Artamus fuscus","avibase-D10DF10F",1,4.02,1,0.445007919,659,"X","X","X",207,0.135265700483092,0.47524154589372,0.666666666666667,15.5942028985507,0.819243284850518,83.3319627501229,96.8064381356629,112.469136374122,83.1876123057095,98.5752320832517,116.860138212661,83.0139859615995,100.348491050325,121.507835452939,82.8199189840975,102.225544672668,126.431819303032,82.61313822195,104.113510370899,131.454608684832,82.4139191013335,106.077785159155,136.8418177949,82.196702702683,108.103013097474,142.518976612391,81.9812666830241,110.126878066667,148.235093803519,NA,NA,NA,-68.0877079318899,-63.2854842514797,-56.8942373350199,-0.151110373246557,0.563318969828615,1.27774831290379,131645,131645,131645,"Rapid Decline","Stable",NA,"Moderate","Rapid Decline","Stable",NA,"Moderate"
"White-breasted Woodswallow","Artamus leucorynchus","whbwoo4","Passeriformes","Artamidae (Woodswallows, Bellmagpies, and Allies)",NA,NA,NA,NA,"Diurnal","Diurnal","Invertebrate","No","No","No","Non-endemic","Non-specialized","Resident",NA,NA,1,"White-breasted Woodswallow","Artamus leucorynchus","White-breasted Woodswallow","Artamus leucoryn","Least Concern","Schedule-II","","",NA,"White-breasted Woodswallow","Artamus leucorynchus","avibase-05793C3E",1,3.81,1,0.000538,660,"","","",NA,NA,NA,NA,NA,NA,NA,NA,NA,NA,NA,NA,NA,NA,NA,NA,NA,NA,NA,NA,NA,NA,NA,NA,NA,NA,NA,NA,NA,NA,NA,NA,NA,NA,NA,NA,NA,NA,NA,NA,NA,NA,NA,NA,NA,NA,NA,NA,NA,NA
"Malabar Woodshrike","Tephrodornis sylvicola","malwoo1","Passeriformes","Vangidae (Vangas, Helmetshrikes, and Allies)",NA,NA,NA,NA,"Diurnal","Diurnal","Invertebrate","Yes","Yes","No","Western Ghats","Forest","Resident",NA,NA,NA,"Malabar Woodshrike","Tephrodornis sylvicola","Malabar Woodshrike","Tephrodornis sylvicola","Least Concern","Schedule-II","","",NA,"Malabar Woodshrike","Tephrodornis sylvicola","avibase-AC47E292",1,3.48,1,1,661,"","","X",28,0.178571428571429,0.53125,0.535714285714286,16.0357142857143,2.83616002787285,NA,NA,NA,NA,NA,NA,NA,NA,NA,NA,NA,NA,NA,NA,NA,NA,NA,NA,NA,NA,NA,NA,NA,NA,NA,NA,NA,NA,NA,NA,NA,NA,NA,18131,18200,18269,"Insufficient Data","Insufficient Data",NA,"Moderate","Insufficient Data","Insufficient Data",NA,"Moderate"
"Large Woodshrike","Tephrodornis virgatus","larwoo1","Passeriformes","Vangidae (Vangas, Helmetshrikes, and Allies)",NA,NA,NA,NA,"Diurnal","Diurnal","Invertebrate","No","No","No","Non-endemic","Forest","Resident",NA,NA,NA,"Large Woodshrike","Tephrodornis virgatus","Large Woodshrike","Tephrodornis virgatus","Least Concern","Schedule-II","","",NA,"Large Woodshrike","Tephrodornis virgatus","avibase-DA88E410",1,3.48,1,0.094365501,662,"","","",NA,NA,NA,NA,NA,NA,NA,NA,NA,NA,NA,NA,NA,NA,NA,NA,NA,NA,NA,NA,NA,NA,NA,NA,NA,NA,NA,NA,NA,NA,NA,NA,NA,NA,NA,NA,NA,NA,NA,NA,NA,NA,NA,NA,NA,"Low",NA,NA,NA,NA
"Common Woodshrike","Tephrodornis pondicerianus","comwoo1","Passeriformes","Vangidae (Vangas, Helmetshrikes, and Allies)",NA,NA,NA,NA,"Diurnal","Diurnal","Invertebrate","No","No","No","Non-endemic","Forest & Plantation","Resident",1,NA,NA,"Common Woodshrike","Tephrodornis pondicerianus","Common Woodshrike","Tephrodornis pondicerianus","Least Concern","Schedule-II","","",NA,"Common Woodshrike","Tephrodornis pondicerianus","avibase-E410E9A6",1,3.11,2,0.600050035,663,"X","X","X",200,0.11,0.489375,0.65,15.95,0.789245642000693,94.0367917892325,111.545142292566,132.145785928315,91.2058052913447,110.713266122991,134.09815471526,88.3497464732175,109.796005327995,136.178668375975,85.5997576585598,108.892548747659,138.347051789467,82.9354467685369,108.056926184845,140.566740333023,80.3762050883741,107.234627987121,142.832036860379,77.8837322761869,106.444928947769,145.161576124955,75.3922242741415,105.613517808646,147.553891331628,NA,NA,NA,-71.8682182338163,-66.9709752053635,-61.6780302806669,-1.09155893691466,-0.281599590529635,0.528359755855388,130520,130552,130584,"Rapid Decline","Stable",NA,"Moderate","Rapid Decline","Trend Inconclusive",NA,"Moderate"
"Bar-winged Flycatcher-shrike","Hemipus picatus","bwfshr1","Passeriformes","Vangidae (Vangas, Helmetshrikes, and Allies)",NA,NA,NA,NA,"Diurnal","Diurnal","Invertebrate","No","No","No","Non-endemic","Forest","Resident",NA,NA,NA,"Bar-winged Flycatcher-shrike","Hemipus picatus","Bar-winged Flycatcher-shrike","Hemipus picatus","Least Concern","Schedule-II","","",NA,"Bar-winged Flycatcher-shrike","Hemipus picatus","avibase-B0066A99",1,2.68,2,0.223102554,664,"","X","X",53,0.283018867924528,0.457547169811321,0.60377358490566,15.9056603773585,1.84592477880765,154.871028140185,177.486709616213,203.182026870999,159.081071192306,185.548733391842,216.468546445287,163.024402092283,193.818276577871,230.500598147138,167.456170823317,202.692732624167,245.097182759814,171.766261016341,211.857351237511,260.954511983223,176.0020103144,221.439197165496,277.90868014023,180.461490291658,231.362425627251,296.329095832185,184.985559635507,241.863898701452,316.03001478297,NA,NA,NA,NA,NA,NA,2.95934307748862,5.7361896811402,8.51303628479178,34314,34383,34452,"Insufficient Data","Trend Inconclusive",NA,"Low","Insufficient Data","Trend Inconclusive",NA,"Low"
"Common Iora","Aegithina tiphia","comior1","Passeriformes","Aegithinidae (Ioras)",NA,NA,NA,NA,"Diurnal","Diurnal","Invertebrate","No","No","No","Non-endemic","Forest & Plantation","Resident",NA,NA,NA,"Common Iora","Aegithina tiphia","Common Iora","Aegithina tiphia","Least Concern","Schedule-II","","",NA,"Common Iora","Aegithina tiphia","avibase-EEC311EA",1,2.6,5,0.409017929,665,"X","X","X",201,0.124378109452736,0.590796019900497,0.786069651741294,15.8308457711443,0.829731150216182,76.5194620274647,86.5761948318531,98.1379447667995,74.1931452224133,85.2980824668228,98.3795739285221,71.897434602622,84.0807996103119,98.6158347382747,69.6580099283669,82.8670861164039,98.8732444892118,67.4684148739887,81.6697990126804,99.1458812456981,65.340837602794,80.5074838227026,99.4400912805806,63.3080863554638,79.3549403235467,99.7250048138146,61.3167616740337,78.2277213575855,100.017294966925,NA,NA,NA,-59.8358281925869,-53.7369750542164,-46.3963229839655,-1.86213123069411,-0.819711575200672,0.222708080292772,127773,127813,127853,"Decline","Stable",NA,"Low","Decline","Stable",NA,"Low"
"White-tailed Iora","Aegithina nigrolutea","whtior1","Passeriformes","Aegithinidae (Ioras)",NA,NA,NA,NA,"Diurnal","Diurnal","Invertebrate","No","Yes","No","Indian Subcontinent","Forest","Resident",NA,NA,NA,"White-tailed Iora","Aegithina nigrolutea","Marshall's Iora","Aegithina nigrolutea","Least Concern","Schedule-II","","",NA,"Marshall's Iora","Aegithina nigrolutea","avibase-C3E4EF0E",1,2.78,1,0.993635351,666,"","","X",40,NA,0.290625,0.3,19.1,1.64704602709961,NA,NA,NA,NA,NA,NA,NA,NA,NA,NA,NA,NA,NA,NA,NA,NA,NA,NA,NA,NA,NA,NA,NA,NA,NA,NA,NA,NA,NA,NA,NA,NA,NA,39197,39335,39473,"Insufficient Data","Insufficient Data",NA,"Moderate","Insufficient Data","Insufficient Data",NA,"Moderate"
"White-throated Fantail","Rhipidura albicollis","whtfan1","Passeriformes","Rhipiduridae (Fantails)",NA,NA,NA,NA,"Diurnal","Diurnal","Invertebrate","No","No","No","Non-endemic","Forest & Plantation","Resident & Altitudinal Migrant",NA,NA,NA,"White-throated Fantail","Rhipidura albicollis","White-throated Fantail","Rhipidura albicollis","Least Concern","Schedule-II","","Appendix II",NA,"White-throated Fantail","Rhipidura albicollis","avibase-F2074D00",1,2.39,4,0.17181808,667,"","","",NA,NA,NA,NA,NA,NA,NA,NA,NA,NA,NA,NA,NA,NA,NA,NA,NA,NA,NA,NA,NA,NA,NA,NA,NA,NA,NA,NA,NA,NA,NA,NA,NA,NA,NA,NA,NA,NA,NA,NA,NA,NA,NA,NA,NA,"Low",NA,NA,NA,NA
"Spot-breasted Fantail","Rhipidura albogularis","spbfan1","Passeriformes","Rhipiduridae (Fantails)",NA,NA,NA,NA,"Diurnal","Diurnal","Invertebrate","Yes","Yes","No","Mainland India","Forest & Plantation","Resident",NA,NA,NA,"Spot-breasted Fantail","Rhipidura albogularis","White-spotted Fantail","Rhipidura albogularis","Least Concern","Schedule-II","","",NA,"White-spotted Fantail","Rhipidura albogularis","avibase-E12FE273",1,2.3,2,1,668,"","","X",38,0.0789473684210526,0.302631578947368,0.526315789473684,18.0263157894737,1.70100658536611,NA,NA,NA,NA,NA,NA,NA,NA,NA,NA,NA,NA,NA,NA,NA,NA,NA,NA,NA,NA,NA,NA,NA,NA,NA,NA,NA,NA,NA,NA,NA,NA,NA,31127,31195,31263,"Insufficient Data","Insufficient Data",NA,"Low","Insufficient Data","Insufficient Data",NA,"Moderate"
"White-browed Fantail","Rhipidura aureola","whbfan2","Passeriformes","Rhipiduridae (Fantails)",NA,NA,NA,NA,"Diurnal","Diurnal","Invertebrate","No","No","No","Non-endemic","Forest & Plantation","Resident & Altitudinal Migrant",NA,NA,NA,"White-browed Fantail","Rhipidura aureola","White-browed Fantail","Rhipidura aureola","Least Concern","Schedule-II","","",NA,"White-browed Fantail","Rhipidura aureola","avibase-DB7261E9",1,2.23,3,0.604628975,669,"","","X",43,0.0232558139534884,0.302325581395349,0.511627906976744,18.2093023255814,1.5702207097536,NA,NA,NA,NA,NA,NA,NA,NA,NA,NA,NA,NA,NA,NA,NA,NA,NA,NA,NA,NA,NA,NA,NA,NA,NA,NA,NA,NA,NA,NA,NA,NA,NA,14242,14275,14308,"Insufficient Data","Insufficient Data",NA,"High","Insufficient Data","Insufficient Data",NA,"Low"
"Black Drongo","Dicrurus macrocercus","bladro1","Passeriformes","Dicruridae (Drongos)",NA,NA,NA,NA,"Diurnal","Diurnal","Omnivore","No","No","No","Non-endemic","Open Habitat","Resident & Local Migrant",NA,NA,NA,"Black Drongo","Dicrurus macrocercus","Black Drongo","Dicrurus macrocercus","Least Concern","Schedule-II","","",NA,"Black Drongo","Dicrurus macrocercus","avibase-D90F9B0B",1,3.2,2,0.303506229,670,"X","X","X",254,0.165354330708661,0.814468503937008,0.937007874015748,14.507874015748,0.774084388191455,98.0441501885398,101.23500654066,104.542505808734,97.5035156177855,101.131776649722,104.898678554919,96.9777491111792,101.011509226493,105.242422070287,96.4553801986506,100.916874647381,105.601463984623,95.917803023053,100.815651824181,105.957853661726,95.3857804707706,100.711793781583,106.347113178348,94.8682882330328,100.581082327571,106.705618717762,94.3316834330842,100.491815204488,107.107783336898,NA,NA,NA,96.840432860112,118.043284072631,145.118853415133,-1.28466750918692,-0.216958106414996,0.850751296356926,145088,145088,145088,"Rapid Increase","Stable",NA,"Low","Rapid Increase","Stable",NA,"Low"
"Ashy Drongo","Dicrurus leucophaeus","ashdro1","Passeriformes","Dicruridae (Drongos)",NA,NA,NA,NA,"Diurnal","Diurnal","Invertebrate","No","No","No","Non-endemic","Forest & Plantation","Within-India Migrant",NA,NA,NA,"Ashy Drongo","Dicrurus leucophaeus","Ashy Drongo","Dicrurus leucophaeus","Least Concern","Schedule-II","","",NA,"Ashy Drongo","Dicrurus leucophaeus","avibase-5FD53BB1",1,3.05,4,0.266701703,671,"","X","X",175,0.148571428571429,0.422142857142857,0.617142857142857,15.9485714285714,0.896500320082512,56.4979087180247,64.2541913648028,73.0856232024571,52.4374231426409,60.7249551681062,70.2729023185479,48.725289017623,57.395649811711,67.5713210278833,45.2557550387921,54.2065964508384,64.9803881853171,42.0277692386088,51.2538339776725,62.4808094919357,39.0028108004296,48.4058619528352,60.1141467634588,36.2327553512446,45.7158702858962,57.9376799953443,33.6444782680478,43.1901125921307,55.7573573907179,NA,NA,NA,NA,NA,NA,-7.06076114356586,-5.13995576290185,-3.21915038223784,104299,104356,104413,"Insufficient Data","Decline",NA,"Low","Insufficient Data","Trend Inconclusive",NA,"Low"
"White-bellied Drongo","Dicrurus caerulescens","whbdro1","Passeriformes","Dicruridae (Drongos)",NA,NA,NA,NA,"Diurnal","Diurnal","Invertebrate","No","Yes","No","Indian Subcontinent","Forest & Plantation","Resident",NA,NA,NA,"White-bellied Drongo","Dicrurus caerulescens","White-bellied Drongo","Dicrurus caerulescens","Least Concern","Schedule-II","","",NA,"White-bellied Drongo","Dicrurus caerulescens","avibase-994E98B3",1,3.55,1,0.962150185,672,"","X","X",87,0.0919540229885057,0.469827586206897,0.609195402298851,16.3448275862069,1.35722723689396,64.4903408966223,77.5228320722123,93.2056918721354,60.2156101162771,74.1848328442943,91.4577605736189,56.1664246903969,70.9885024664387,89.76160169169,52.3943860243867,67.9006785143311,88.2585574645932,48.849520610911,64.9693495683746,86.6483077191874,45.5436292803399,62.1881711716455,85.0366868045046,42.3752555573324,59.5103860610385,83.4949198709035,39.4805994075364,56.950075844141,82.0253689519119,NA,NA,NA,NA,NA,NA,-8.1482400235523,-4.80565618042921,-1.46307233730611,56102,56159,56216,"Insufficient Data","Trend Inconclusive",NA,"Moderate","Insufficient Data","Trend Inconclusive",NA,"Low"
"Crow-billed Drongo","Dicrurus annectens","crbdro1","Passeriformes","Dicruridae (Drongos)",NA,NA,NA,NA,"Diurnal","Diurnal","Invertebrate","No","No","No","Non-endemic","Forest","Summer Migrant",NA,NA,NA,"Crow-billed Drongo","Dicrurus annectens","Crow-billed Drongo","Dicrurus annectens","Least Concern","Schedule-II","","",NA,"Crow-billed Drongo","Dicrurus annectens","avibase-DC9537C7",1,3.15,1,0.079039979,673,"","","",NA,NA,NA,NA,NA,NA,NA,NA,NA,NA,NA,NA,NA,NA,NA,NA,NA,NA,NA,NA,NA,NA,NA,NA,NA,NA,NA,NA,NA,NA,NA,NA,NA,NA,NA,NA,NA,NA,NA,NA,NA,NA,NA,NA,NA,NA,NA,NA,NA,NA
"Bronzed Drongo","Dicrurus aeneus","brodro1","Passeriformes","Dicruridae (Drongos)",NA,NA,NA,NA,"Diurnal","Diurnal","Invertebrate","No","No","No","Non-endemic","Forest","Resident",NA,NA,NA,"Bronzed Drongo","Dicrurus aeneus","Bronzed Drongo","Dicrurus aeneus","Least Concern","Schedule-II","","",NA,"Bronzed Drongo","Dicrurus aeneus","avibase-DD177B0B",1,3.05,1,0.258346498,674,"","X","X",60,0.166666666666667,0.51875,0.683333333333333,16.2,1.67702071044959,93.2833820186576,118.750980013705,150.902122744233,90.458295488514,118.86612791215,156.021460839173,87.6288027023047,119.085771455878,161.313294974185,84.8691368260849,119.243076956446,167.135915130613,82.0328848163623,119.309022121508,173.21901690139,79.4672458063974,119.547122047283,179.397790239418,76.8939023517231,119.695466379634,185.816714581581,74.4614736345959,119.863044116863,192.718853831245,NA,NA,NA,NA,NA,NA,-4.16314039398647,0.0178542362917996,4.19884886657007,42954,43016,43078,"Insufficient Data","Trend Inconclusive",NA,"Low","Insufficient Data","Trend Inconclusive",NA,"Low"
"Lesser Racket-tailed Drongo","Dicrurus remifer","lrtdro1","Passeriformes","Dicruridae (Drongos)",NA,NA,NA,NA,"Diurnal","Diurnal","Invertebrate","No","No","No","Non-endemic","Forest","Resident & Local Migrant",NA,NA,NA,"Lesser Racket-tailed Drongo","Dicrurus remifer","Lesser Racquet-tailed Drongo","Dicrurus remifer","Least Concern","Schedule-II","","",NA,"Lesser Racket-tailed Drongo","Dicrurus remifer","avibase-B5EE2DEF",1,3.46,1,0.096065709,675,"","","",NA,NA,NA,NA,NA,NA,NA,NA,NA,NA,NA,NA,NA,NA,NA,NA,NA,NA,NA,NA,NA,NA,NA,NA,NA,NA,NA,NA,NA,NA,NA,NA,NA,NA,NA,NA,NA,NA,NA,NA,NA,NA,NA,NA,NA,"Moderate",NA,NA,NA,NA
"Hair-crested Drongo","Dicrurus hottentottus","hacdro1","Passeriformes","Dicruridae (Drongos)",NA,NA,NA,NA,"Diurnal","Diurnal","Omnivore","No","No","No","Non-endemic","Forest & Plantation","Resident & Winter Migrant",NA,NA,NA,"Hair-crested Drongo","Dicrurus hottentottus","Hair-crested Drongo","Dicrurus hottentottus","Least Concern","Schedule-II","","",NA,"Hair-crested Drongo","Dicrurus hottentottus","avibase-00E2192F",1,3.71,1,0.176499456,676,"","","X",18,0.111111111111111,0.229166666666667,0.333333333333333,16.1666666666667,3.51919962677196,NA,NA,NA,NA,NA,NA,NA,NA,NA,NA,NA,NA,NA,NA,NA,NA,NA,NA,NA,NA,NA,NA,NA,NA,NA,NA,NA,NA,NA,NA,NA,NA,NA,10340,10340,10340,"Insufficient Data","Insufficient Data",NA,"Moderate","Insufficient Data","Insufficient Data",NA,"Low"
"Andaman Drongo","Dicrurus andamanensis","anddro1","Passeriformes","Dicruridae (Drongos)",NA,NA,NA,NA,"Diurnal","Diurnal","Invertebrate","No","No","No","Andaman Islands","Forest","Resident",NA,NA,1,"Andaman Drongo","Dicrurus andamanensis","Andaman Drongo","Dicrurus andamanensis","Least Concern","Schedule-II","","",NA,"Andaman Drongo","Dicrurus andamanensis","avibase-EED766E8",1,3.72,2,1,677,"","","",NA,NA,NA,NA,NA,NA,NA,NA,NA,NA,NA,NA,NA,NA,NA,NA,NA,NA,NA,NA,NA,NA,NA,NA,NA,NA,NA,NA,NA,NA,NA,NA,NA,NA,NA,NA,NA,NA,NA,NA,NA,NA,NA,NA,NA,"High",NA,NA,NA,NA
"Greater Racket-tailed Drongo","Dicrurus paradiseus","grtdro1","Passeriformes","Dicruridae (Drongos)",NA,NA,NA,NA,"Diurnal","Diurnal","Invertebrate","No","No","No","Non-endemic","Forest","Resident",NA,NA,NA,"Greater Racket-tailed Drongo","Dicrurus paradiseus","Greater Racquet-tailed Drongo","Dicrurus paradiseus","Least Concern","Schedule-II","","",NA,"Greater Racket-tailed Drongo","Dicrurus paradiseus","avibase-2042CD42",1,3.91,5,0.37004543,678,"","X","X",79,0.164556962025316,0.471518987341772,0.594936708860759,16.5443037974684,1.4012724261697,119.27699743058,132.446882317655,146.962172279772,119.708410880641,134.695903561915,151.542842449024,119.995552881384,136.932093259718,156.398287638137,120.268135385172,139.297923679803,161.486798731498,120.606937064747,141.676255536434,166.822470785672,120.864132327001,143.984593549031,172.232700672308,121.065555459054,146.430241472884,177.713549393038,121.266203972769,148.840386346324,183.273905278303,NA,NA,NA,NA,NA,NA,-0.00143700864625347,1.97956639814376,3.96056980493378,47858,47894,47930,"Insufficient Data","Stable",NA,"Low","Insufficient Data","Trend Inconclusive",NA,"Low"
"Black-naped Monarch","Hypothymis azurea","blnmon1","Passeriformes","Monarchidae (Monarch Flycatchers)",NA,NA,NA,NA,"Diurnal","Diurnal","Invertebrate","No","No","No","Non-endemic","Forest & Plantation","Resident & Within-India Migrant",NA,NA,NA,"Black-naped Monarch","Hypothymis azurea","Black-naped Monarch","Hypothymis azurea","Least Concern","Schedule-II","","",NA,"Black-naped Monarch","Hypothymis azurea","avibase-0AC5BA0A",1,2.65,4,0.273869176,679,"","X","X",86,0.151162790697674,0.356104651162791,0.546511627906977,16.7209302325581,1.32234115511081,125.861820822826,151.974132748928,183.223141545179,125.627714800782,155.813727129455,192.574399907877,125.51405855786,159.6145669595,202.77820517203,125.415989014966,163.544227944034,213.446966523323,125.333320917879,167.462540801243,224.922411530801,125.15956425191,171.529698472823,237.060147692926,124.973968171873,175.993141471804,249.560284475272,124.5022844421,180.473182401866,262.665421324055,NA,NA,NA,NA,NA,NA,-0.610928860905985,3.22220571600022,7.05534029290643,41700,41700,41700,"Insufficient Data","Trend Inconclusive",NA,"Low","Insufficient Data","Trend Inconclusive",NA,"Low"
"Amur Paradise-Flycatcher","Terpsiphone incei","amupaf1","Passeriformes","Monarchidae (Monarch Flycatchers)",NA,NA,NA,NA,"Diurnal","Diurnal","Invertebrate","No","No","No","Non-endemic","Forest","Winter Migrant",NA,1,NA,"Amur Paradise-Flycatcher","Terpsiphone incei","Chinese Paradise-flycatcher","Terpsiphone incei","Least Concern","Schedule-II","","Appendix II",NA,"Amur Paradise Flycatcher","Terpsiphone incei","avibase-D293082B",NA,2.98,1,NA,680,"","","",NA,NA,NA,NA,NA,NA,NA,NA,NA,NA,NA,NA,NA,NA,NA,NA,NA,NA,NA,NA,NA,NA,NA,NA,NA,NA,NA,NA,NA,NA,NA,NA,NA,NA,NA,NA,NA,NA,NA,NA,NA,NA,NA,NA,NA,NA,NA,NA,NA,NA
"Blyth's Paradise-Flycatcher","Terpsiphone affinis","blypaf1","Passeriformes","Monarchidae (Monarch Flycatchers)",NA,NA,NA,NA,"Diurnal","Diurnal","Invertebrate","No","No","No","Non-endemic","Forest","Resident & Summer Migrant",NA,NA,NA,"Blyth's Paradise-Flycatcher","Terpsiphone affinis","Oriental Paradise-flycatcher","Terpsiphone affinis","Least Concern","Schedule-II","","Appendix II",NA,"Blyth's Paradise Flycatcher","Terpsiphone affinis","avibase-763511B2",1,3.05,2,0.058613147,681,"","","",NA,NA,NA,NA,NA,NA,NA,NA,NA,NA,NA,NA,NA,NA,NA,NA,NA,NA,NA,NA,NA,NA,NA,NA,NA,NA,NA,NA,NA,NA,NA,NA,NA,NA,NA,NA,NA,NA,NA,NA,NA,NA,NA,NA,NA,NA,NA,NA,NA,NA
"Indian Paradise-Flycatcher","Terpsiphone paradisi","aspfly1","Passeriformes","Monarchidae (Monarch Flycatchers)",NA,NA,NA,NA,"Diurnal","Diurnal","Invertebrate","No","No","No","Non-endemic","Forest & Plantation","Resident & Within-India Migrant",1,NA,NA,"Indian Paradise-Flycatcher","Terpsiphone paradisi","Indian Paradise-flycatcher","Terpsiphone paradisi","Least Concern","Schedule-II","","Appendix II",NA,"Indian Paradise Flycatcher","Terpsiphone paradisi","avibase-71AE2656",1,2.64,2,0.65191395,682,"X","X","X",226,0.0884955752212389,0.543694690265487,0.68141592920354,15.3982300884956,0.786220851829927,65.329730098349,72.6064935820852,80.8271261561937,62.453559993345,70.4468220981238,79.4838450711779,59.6722568399789,68.3280442312731,78.1666261268826,56.990610014715,66.2400314521589,76.8846254872845,54.4488991914835,64.2740466129329,75.679049151152,52.005037965082,62.354281353402,74.4881934790669,49.6469628476324,60.4381489791385,73.3658303060903,47.4199385691067,58.6208232972073,72.2568179683242,NA,NA,NA,-24.6418959669384,-10.1116924534531,11.385131341144,-4.72567508090347,-3.13794645441746,-1.55021782793145,135851,135896,135941,"Stable","Decline",NA,"Low","Trend Inconclusive","Decline",NA,"Moderate"
"Tiger Shrike","Lanius tigrinus","tigshr1","Passeriformes","Laniidae (Shrikes)",NA,NA,NA,NA,"Diurnal","Diurnal","Invertebrate","No","No","No","Non-endemic","Forest & Plantation","Uncertain",NA,1,NA,"Tiger Shrike","Lanius tigrinus","Tiger Shrike","Lanius tigrinus","Least Concern","Recent addition","","",NA,"Tiger Shrike","Lanius tigrinus","avibase-73643138",NA,2.5,1,NA,683,"","","",NA,NA,NA,NA,NA,NA,NA,NA,NA,NA,NA,NA,NA,NA,NA,NA,NA,NA,NA,NA,NA,NA,NA,NA,NA,NA,NA,NA,NA,NA,NA,NA,NA,NA,NA,NA,NA,NA,NA,NA,NA,NA,NA,NA,NA,NA,NA,NA,NA,NA
"Red-backed Shrike","Lanius collurio","rebshr1","Passeriformes","Laniidae (Shrikes)",NA,NA,NA,NA,"Diurnal","Diurnal","Invertebrate","No","No","No","Non-endemic","Open Habitat","Passage Migrant",NA,NA,NA,"Red-backed Shrike","Lanius collurio","Red-backed Shrike","Lanius collurio","Least Concern","Schedule-II","","",NA,"Red-backed Shrike","Lanius collurio","avibase-F2CEFD1A",1,2.62,1,NA,684,"","","",NA,NA,NA,NA,NA,NA,NA,NA,NA,NA,NA,NA,NA,NA,NA,NA,NA,NA,NA,NA,NA,NA,NA,NA,NA,NA,NA,NA,NA,NA,NA,NA,NA,NA,NA,NA,NA,NA,NA,NA,NA,NA,NA,NA,NA,NA,NA,NA,NA,NA
"Red-tailed Shrike","Lanius phoenicuroides","rutshr2","Passeriformes","Laniidae (Shrikes)",NA,NA,NA,NA,"Diurnal","Diurnal","Invertebrate","No","No","No","Non-endemic","Open Habitat","Passage Migrant",NA,NA,NA,"Red-tailed Shrike","Lanius phoenicuroides","Red-tailed Shrike","Lanius phoenicuroides","Least Concern","Schedule-II","","",NA,"Red-tailed Shrike","Lanius phoenicuroides","avibase-EE7915A2",1,2.47,1,0.003125253,685,"","","",NA,NA,NA,NA,NA,NA,NA,NA,NA,NA,NA,NA,NA,NA,NA,NA,NA,NA,NA,NA,NA,NA,NA,NA,NA,NA,NA,NA,NA,NA,NA,NA,NA,NA,NA,NA,NA,NA,NA,NA,NA,NA,NA,NA,NA,NA,NA,NA,NA,NA
"Isabelline Shrike","Lanius isabellinus","isashr1","Passeriformes","Laniidae (Shrikes)",NA,NA,NA,NA,"Diurnal","Diurnal","Invertebrate","No","No","No","Non-endemic","Open Habitat","Winter Migrant",NA,NA,NA,"Isabelline Shrike","Lanius isabellinus","Isabelline Shrike","Lanius isabellinus","Least Concern","Schedule-II","","",NA,"Isabelline Shrike","Lanius isabellinus","avibase-97166F72",1,2.2,3,0.067821089,686,"","","",NA,NA,NA,NA,NA,NA,NA,NA,NA,NA,NA,NA,NA,NA,NA,NA,NA,NA,NA,NA,NA,NA,NA,NA,NA,NA,NA,NA,NA,NA,NA,NA,NA,NA,NA,NA,NA,NA,NA,NA,NA,NA,NA,NA,NA,"Moderate",NA,NA,NA,NA
"Brown Shrike","Lanius cristatus","brnshr","Passeriformes","Laniidae (Shrikes)",NA,NA,NA,NA,"Diurnal","Diurnal","Invertebrate","No","No","No","Non-endemic","Forest & Plantation","Winter Migrant",NA,NA,NA,"Brown Shrike","Lanius cristatus","Brown Shrike","Lanius cristatus","Least Concern","Schedule-II","","",NA,"Brown Shrike","Lanius cristatus","avibase-E4968582",1,2.58,4,0.115429107,687,"X","X","X",228,0.12719298245614,0.541666666666667,0.719298245614035,15.3640350877193,0.767534718857388,74.9918054462274,83.8875613566683,93.7604124685608,72.4294787950864,82.2172547980804,93.2924232460909,69.9310337002775,80.5481623309723,92.8298770516776,67.4950500747718,78.9244906142984,92.4007433687744,65.1603507293559,77.3518420380005,92.0044553077483,62.8656838220339,75.8123922486508,91.6006421655209,60.6922817332673,74.3186105714853,91.1555477413303,58.552706827076,72.888405777107,90.7239998560512,NA,NA,NA,-30.7811782051025,-17.1203839988571,-0.3965965595944,-3.42166187896324,-1.86124882777273,-0.300835776582212,140053,140076,140099,"Trend Inconclusive","Trend Inconclusive",NA,"Low","Insufficient Data","Insufficient Data",NA,"Low"
"Burmese Shrike","Lanius collurioides","burshr1","Passeriformes","Laniidae (Shrikes)",NA,NA,NA,NA,"Diurnal","Diurnal","Invertebrate","No","No","No","Non-endemic","Non-specialized","Winter Migrant & Localized Summer Migrant",NA,NA,NA,"Burmese Shrike","Lanius collurioides","Burmese Shrike","Lanius collurioides","Least Concern","Schedule-II","","",NA,"Burmese Shrike","Lanius collurioides","avibase-EA411063",1,2.45,1,0.009885234,688,"","","",NA,NA,NA,NA,NA,NA,NA,NA,NA,NA,NA,NA,NA,NA,NA,NA,NA,NA,NA,NA,NA,NA,NA,NA,NA,NA,NA,NA,NA,NA,NA,NA,NA,NA,NA,NA,NA,NA,NA,NA,NA,NA,NA,NA,NA,NA,NA,NA,NA,NA
"Bay-backed Shrike","Lanius vittatus","babshr1","Passeriformes","Laniidae (Shrikes)",NA,NA,NA,NA,"Diurnal","Diurnal","Invertebrate","No","No","No","Non-endemic","Open Habitat","Resident & Local Migrant",1,NA,NA,"Bay-backed Shrike","Lanius vittatus","Bay-backed Shrike","Lanius vittatus","Least Concern","Schedule-II","","",NA,"Bay-backed Shrike","Lanius vittatus","avibase-FED81571",1,2.16,1,0.617106489,689,"","X","X",184,0.0706521739130435,0.44633152173913,0.619565217391304,16.2554347826087,0.834436142259551,47.5495574000395,58.5363925161698,72.005836671055,44.7725303981973,56.658715913854,71.7095157090553,42.1675166791656,54.8248502024629,71.4031256977416,39.6642520327819,53.0519625887288,71.1189517145545,37.3019754656067,51.4046649589388,70.7922574984707,35.0873963615754,49.7718532417714,70.556575997306,32.9465915484108,48.1573754344112,70.3216500922453,30.9401410313016,46.6256902914473,70.0268173545477,NA,NA,NA,NA,NA,NA,-4.81333157369492,-2.41479516463907,-0.0162587555832219,112811,112870,112929,"Insufficient Data","Trend Inconclusive",NA,"Moderate","Insufficient Data","Trend Inconclusive",NA,"Low"
"Long-tailed Shrike","Lanius schach","lotshr1","Passeriformes","Laniidae (Shrikes)",NA,NA,NA,NA,"Diurnal","Diurnal","Invertebrate","No","No","No","Non-endemic","Open Habitat","Resident & Within-India Migrant",NA,NA,NA,"Long-tailed Shrike","Lanius schach","Long-tailed Shrike","Lanius schach","Least Concern","Schedule-II","","",NA,"Long-tailed Shrike","Lanius schach","avibase-69FC190B",1,2.85,3,0.275879186,690,"","X","X",147,0.17687074829932,0.383503401360544,0.517006802721088,16.5442176870748,0.985914806709119,45.3249878181042,61.5917284156682,83.312825399901,43.3508026792888,61.2873385800691,86.3702204578964,41.3884805744434,60.9870050970336,89.5978032542187,39.5359927203819,60.7026011728887,92.9584072310541,37.7045137548551,60.3865125707032,96.6231796733292,35.9402988213519,60.0821011960878,100.5076235306,34.297197394053,59.7811635708898,104.673685701246,32.7179418352409,59.5029403469187,108.917670883761,NA,NA,NA,NA,NA,NA,-3.67237031401534,-0.63395103274554,2.40446824852426,34677,34735,34793,"Insufficient Data","Trend Inconclusive",NA,"Low","Insufficient Data","Trend Inconclusive",NA,"Low"
"Gray-backed Shrike","Lanius tephronotus","gybshr1","Passeriformes","Laniidae (Shrikes)",NA,NA,NA,NA,"Diurnal","Diurnal","Invertebrate","No","No","No","Non-endemic","Open Habitat","Winter Migrant & Localized Summer Migrant",NA,NA,NA,"Grey-backed Shrike","Lanius tephronotus","Grey-backed Shrike","Lanius tephronotus","Least Concern","Schedule-II","","",NA,"Grey-backed Shrike","Lanius tephronotus","avibase-DB5F2609",1,2.72,2,0.163767887,691,"","","",NA,NA,NA,NA,NA,NA,NA,NA,NA,NA,NA,NA,NA,NA,NA,NA,NA,NA,NA,NA,NA,NA,NA,NA,NA,NA,NA,NA,NA,NA,NA,NA,NA,NA,NA,NA,NA,NA,NA,NA,NA,NA,NA,NA,NA,"Low",NA,NA,NA,NA
"Great Gray Shrike","Lanius excubitor","norshr1","Passeriformes","Laniidae (Shrikes)",NA,NA,NA,NA,"Diurnal","Diurnal","Vertebrate & Carrion","No","No","No","Non-endemic","Grassland","Resident & Winter Migrant",1,NA,NA,"Great Grey Shrike","Lanius excubitor","Great Grey Shrike","Lanius excubitor","Least Concern","Schedule-II","","",NA,"Great Grey Shrike","Lanius excubitor","avibase-DB2501EE",1,3.65,4,0.063531092,692,"","","X",9,0.333333333333333,0.148148148148148,0.111111111111111,16.1111111111111,3.59992661104894,NA,NA,NA,NA,NA,NA,NA,NA,NA,NA,NA,NA,NA,NA,NA,NA,NA,NA,NA,NA,NA,NA,NA,NA,NA,NA,NA,NA,NA,NA,NA,NA,NA,3144,3185,3226,"Insufficient Data","Insufficient Data",NA,"Moderate","Insufficient Data","Insufficient Data",NA,"Low"
"Lesser Gray Shrike","Lanius minor","legshr2","Passeriformes","Laniidae (Shrikes)",NA,NA,NA,NA,"Diurnal","Diurnal","Invertebrate","No","No","No","Non-endemic","Grassland","Uncertain",NA,1,NA,"Lesser Grey Shrike","Lanius minor","Lesser Grey Shrike","Lanius minor","Least Concern","Schedule-II","","Appendix II",NA,"Lesser Grey Shrike","Lanius minor","avibase-8852337B",NA,2.71,1,NA,693,"","","",NA,NA,NA,NA,NA,NA,NA,NA,NA,NA,NA,NA,NA,NA,NA,NA,NA,NA,NA,NA,NA,NA,NA,NA,NA,NA,NA,NA,NA,NA,NA,NA,NA,NA,NA,NA,NA,NA,NA,NA,NA,NA,NA,NA,NA,NA,NA,NA,NA,NA
"Giant Shrike","Lanius giganteus","chgshr3","Passeriformes","Laniidae (Shrikes)",NA,NA,NA,NA,"Diurnal","Diurnal","Invertebrate","No","No","No","Non-endemic","Non-specialized","Uncertain",NA,1,NA,"Giant Shrike","Lanius giganteus","Giant Grey Shrike","Lanius giganteus","Least Concern","Recent addition","","",NA,"Giant Grey Shrike","Lanius giganteus","avibase-A804EABE",NA,3.28,1,NA,694,"","","",NA,NA,NA,NA,NA,NA,NA,NA,NA,NA,NA,NA,NA,NA,NA,NA,NA,NA,NA,NA,NA,NA,NA,NA,NA,NA,NA,NA,NA,NA,NA,NA,NA,NA,NA,NA,NA,NA,NA,NA,NA,NA,NA,NA,NA,NA,NA,NA,NA,NA
"Masked Shrike","Lanius nubicus","masshr1","Passeriformes","Laniidae (Shrikes)",NA,NA,NA,NA,"Diurnal","Diurnal","Invertebrate","No","No","No","Non-endemic","Non-specialized","Uncertain",NA,1,NA,"Masked Shrike","Lanius nubicus","Masked Shrike","Lanius nubicus","Least Concern","Schedule-II","","",NA,"Masked Shrike","Lanius nubicus","avibase-E90CC64A",NA,2.27,1,NA,695,"","","",NA,NA,NA,NA,NA,NA,NA,NA,NA,NA,NA,NA,NA,NA,NA,NA,NA,NA,NA,NA,NA,NA,NA,NA,NA,NA,NA,NA,NA,NA,NA,NA,NA,NA,NA,NA,NA,NA,NA,NA,NA,NA,NA,NA,NA,NA,NA,NA,NA,NA
"Woodchat Shrike","Lanius senator","wooshr1","Passeriformes","Laniidae (Shrikes)",NA,NA,NA,NA,"Diurnal","Diurnal","Invertebrate","No","No","No","Non-endemic","Non-specialized","Uncertain",NA,1,NA,"Woodchat Shrike","Lanius senator","Woodchat Shrike","Lanius senator","Near Threatened","Schedule-II","","",NA,"Woodchat Shrike","Lanius senator","avibase-7E70D490",NA,2.61,1,NA,696,"","","",NA,NA,NA,NA,NA,NA,NA,NA,NA,NA,NA,NA,NA,NA,NA,NA,NA,NA,NA,NA,NA,NA,NA,NA,NA,NA,NA,NA,NA,NA,NA,NA,NA,NA,NA,NA,NA,NA,NA,NA,NA,NA,NA,NA,NA,NA,NA,NA,NA,NA
"Eurasian Jay","Garrulus glandarius","eurjay1","Passeriformes","Corvidae (Crows, Jays, and Magpies)",NA,NA,NA,NA,"Diurnal","Diurnal","Omnivore","No","No","No","Non-endemic","Forest","Resident & Altitudinal Migrant",NA,NA,NA,"Eurasian Jay","Garrulus glandarius","Plain-crowened Jay","Garrulus bispecularis","Least Concern","Schedule-II","","",NA,"Eurasian Jay","Garrulus glandarius","avibase-D8D10F2C",1,4.87,4,0.103908644,697,"","","",NA,NA,NA,NA,NA,NA,NA,NA,NA,NA,NA,NA,NA,NA,NA,NA,NA,NA,NA,NA,NA,NA,NA,NA,NA,NA,NA,NA,NA,NA,NA,NA,NA,NA,NA,NA,NA,NA,NA,NA,NA,NA,NA,NA,NA,"Low",NA,NA,NA,NA
"Black-headed Jay","Garrulus lanceolatus","blhjay1","Passeriformes","Corvidae (Crows, Jays, and Magpies)",NA,NA,NA,NA,"Diurnal","Diurnal","Omnivore","No","No","Yes","Western Himalayas","Forest & Plantation","Resident & Altitudinal Migrant",NA,NA,NA,"Black-headed Jay","Garrulus lanceolatus","Black-headed Jay","Garrulus lanceolatus","Least Concern","Schedule-II","","",NA,"Black-headed Jay","Garrulus lanceolatus","avibase-F282B48C",1,4.61,1,0.331678507,698,"","","",NA,NA,NA,NA,NA,NA,NA,NA,NA,NA,NA,NA,NA,NA,NA,NA,NA,NA,NA,NA,NA,NA,NA,NA,NA,NA,NA,NA,NA,NA,NA,NA,NA,NA,NA,NA,NA,NA,NA,NA,NA,NA,NA,NA,NA,"Moderate",NA,NA,NA,NA
"Yellow-billed Blue-Magpie","Urocissa flavirostris","gobmag1","Passeriformes","Corvidae (Crows, Jays, and Magpies)",NA,NA,NA,NA,"Diurnal","Diurnal","Omnivore","No","No","Yes","Himalayas","Forest","Resident & Altitudinal Migrant",NA,NA,NA,"Yellow-billed Blue-Magpie","Urocissa flavirostris","Yellow-billed Blue Magpie","Urocissa flavirostris","Least Concern","Schedule-II","","",NA,"Yellow-billed Blue Magpie","Urocissa flavirostris","avibase-CEBD0625",1,4.6,3,0.433548072,699,"","","",NA,NA,NA,NA,NA,NA,NA,NA,NA,NA,NA,NA,NA,NA,NA,NA,NA,NA,NA,NA,NA,NA,NA,NA,NA,NA,NA,NA,NA,NA,NA,NA,NA,NA,NA,NA,NA,NA,NA,NA,NA,NA,NA,NA,NA,"Low",NA,NA,NA,NA
"Red-billed Blue-Magpie","Urocissa erythroryncha","rbbmag","Passeriformes","Corvidae (Crows, Jays, and Magpies)",NA,NA,NA,NA,"Diurnal","Diurnal","Omnivore","No","No","No","Non-endemic","Non-specialized","Resident",NA,NA,NA,"Red-billed Blue-Magpie","Urocissa erythroryncha","Red-billed Blue Magpie","Urocissa erythroryncha","Least Concern","Schedule-II","","",NA,"Red-billed Blue Magpie","Urocissa erythroryncha","avibase-76C44D5A",1,4.51,2,0.031035113,700,"","","",NA,NA,NA,NA,NA,NA,NA,NA,NA,NA,NA,NA,NA,NA,NA,NA,NA,NA,NA,NA,NA,NA,NA,NA,NA,NA,NA,NA,NA,NA,NA,NA,NA,NA,NA,NA,NA,NA,NA,NA,NA,NA,NA,NA,NA,"Low",NA,NA,NA,NA
"Common Green-Magpie","Cissa chinensis","gremag1","Passeriformes","Corvidae (Crows, Jays, and Magpies)",NA,NA,NA,NA,"Diurnal","Diurnal","Omnivore","No","No","No","Non-endemic","Forest","Resident",NA,NA,NA,"Common Green-Magpie","Cissa chinensis","Common Green Magpie","Cissa chinensis","Least Concern","Schedule-II","","",NA,"Common Green Magpie","Cissa chinensis","avibase-ED4011E9",1,4.11,1,0.07334996,701,"","","",NA,NA,NA,NA,NA,NA,NA,NA,NA,NA,NA,NA,NA,NA,NA,NA,NA,NA,NA,NA,NA,NA,NA,NA,NA,NA,NA,NA,NA,NA,NA,NA,NA,NA,NA,NA,NA,NA,NA,NA,NA,NA,NA,NA,NA,"Low",NA,NA,NA,NA
"Rufous Treepie","Dendrocitta vagabunda","ruftre2","Passeriformes","Corvidae (Crows, Jays, and Magpies)",NA,NA,NA,NA,"Diurnal","Diurnal","Omnivore","No","No","No","Non-endemic","Non-specialized","Resident",1,NA,NA,"Rufous Treepie","Dendrocitta vagabunda","Rufous Treepie","Dendrocitta vagabunda","Least Concern","Schedule-II","","",NA,"Rufous Treepie","Dendrocitta vagabunda","avibase-959E1633",1,4.01,5,0.608004453,702,"X","X","X",251,0.0956175298804781,0.704681274900398,0.868525896414343,14.5737051792829,0.772411514316335,94.1892197219563,99.8279533554779,105.744898094143,93.38998323714,99.7050352222684,106.45879972497,92.5455304842489,99.5981980326671,107.180455473368,91.679360390016,99.5003823717842,107.93520901741,90.8245238174545,99.3875440331627,108.698589361245,89.9770950235592,99.2865426740146,109.48770011199,89.1277578016362,99.1981365942218,110.288880995182,88.3010087899498,99.0994178450256,111.112215749995,NA,NA,NA,79.093687111082,102.515178475597,134.445668306032,-2.04891991778073,-0.233893469435213,1.5811329789103,146064,146072,146080,"Rapid Increase","Stable",NA,"Moderate","Trend Inconclusive","Stable",NA,"Low"
"Gray Treepie","Dendrocitta formosae","grytre1","Passeriformes","Corvidae (Crows, Jays, and Magpies)",NA,NA,NA,NA,"Diurnal","Diurnal","Omnivore","No","No","No","Non-endemic","Forest","Resident",NA,NA,NA,"Grey Treepie","Dendrocitta formosae","Grey Treepie","Dendrocitta formosae","Least Concern","Schedule-II","","",NA,"Grey Treepie","Dendrocitta formosae","avibase-81FFAAC2",1,4.36,3,0.088700729,703,"","","",NA,NA,NA,NA,NA,NA,NA,NA,NA,NA,NA,NA,NA,NA,NA,NA,NA,NA,NA,NA,NA,NA,NA,NA,NA,NA,NA,NA,NA,NA,NA,NA,NA,NA,NA,NA,NA,NA,NA,NA,NA,NA,NA,NA,NA,"Low",NA,NA,NA,NA
"White-bellied Treepie","Dendrocitta leucogastra","whbtre1","Passeriformes","Corvidae (Crows, Jays, and Magpies)",NA,NA,NA,NA,"Diurnal","Diurnal","Omnivore","Yes","Yes","No","Western Ghats","Forest","Resident",NA,NA,NA,"White-bellied Treepie","Dendrocitta leucogastra","White-bellied Treepie","Dendrocitta leucogastra","Least Concern","Schedule-II","","",NA,"White-bellied Treepie","Dendrocitta leucogastra","avibase-C7567600",1,4.39,1,1,704,"X","X","X",26,0.230769230769231,0.509615384615385,0.653846153846154,14.6538461538462,3.0226504768705,112.103955081373,146.215537209083,190.482262890903,110.024758901271,148.714519295402,200.694003262541,107.89712340791,151.097637720946,211.400984963304,105.740862381299,153.482834658059,222.787953386134,103.605802351282,156.090572017345,235.080367818716,101.449321661096,158.673864324009,248.285698965886,99.1818316522166,161.543146588563,262.46388224167,97.0956384319071,164.357635946441,277.30260109535,NA,NA,NA,-82.613390415904,-73.1583800848025,-56.4153416956166,-0.899763690674265,0.506810494241701,1.91338467915767,17495,17552,17609,"Trend Inconclusive","Stable",NA,"Moderate","Trend Inconclusive","Trend Inconclusive",NA,"Low"
"Collared Treepie","Dendrocitta frontalis","coltre1","Passeriformes","Corvidae (Crows, Jays, and Magpies)",NA,NA,NA,NA,"Diurnal","Diurnal","Omnivore","No","No","No","Non-endemic","Forest","Resident",1,NA,NA,"Collared Treepie","Dendrocitta frontalis","Collared Treepie","Dendrocitta frontalis","Least Concern","Schedule-II","","",NA,"Collared Treepie","Dendrocitta frontalis","avibase-DDA66E07",1,4.33,1,0.45962592,705,"","","",NA,NA,NA,NA,NA,NA,NA,NA,NA,NA,NA,NA,NA,NA,NA,NA,NA,NA,NA,NA,NA,NA,NA,NA,NA,NA,NA,NA,NA,NA,NA,NA,NA,NA,NA,NA,NA,NA,NA,NA,NA,NA,NA,NA,NA,"Moderate",NA,NA,NA,NA
"Andaman Treepie","Dendrocitta bayleii","andtre1","Passeriformes","Corvidae (Crows, Jays, and Magpies)",NA,NA,NA,NA,"Diurnal","Diurnal","Omnivore","Yes","Yes","No","Andaman Islands","Forest","Resident",NA,NA,1,"Andaman Treepie","Dendrocitta bayleii","Andaman Treepie","Dendrocitta bayleii","Vulnerable","Schedule-I","","",NA,"Andaman Treepie","Dendrocitta bayleii","avibase-A26B2BBB",1,4.62,1,1,706,"","","",NA,NA,NA,NA,NA,NA,NA,NA,NA,NA,NA,NA,NA,NA,NA,NA,NA,NA,NA,NA,NA,NA,NA,NA,NA,NA,NA,NA,NA,NA,NA,NA,NA,NA,NA,NA,NA,NA,NA,NA,NA,NA,NA,NA,NA,"High",NA,NA,NA,NA
"Black-rumped Magpie","Pica bottanensis","eurmag6","Passeriformes","Corvidae (Crows, Jays, and Magpies)",NA,NA,NA,NA,"Diurnal","Diurnal","Vertebrate & Carrion","No","No","No","Non-endemic","Alpine & Cold Desert","Uncertain",NA,1,NA,"Black-rumped Magpie","Pica bottanensis","Not at species rank","Pica pica bottanensis","Not recognized","Recent addition","","",NA,"Black-rumped Magpie","Pica bottanensis","avibase-44F22552",NA,5.49,1,NA,707,"","","",NA,NA,NA,NA,NA,NA,NA,NA,NA,NA,NA,NA,NA,NA,NA,NA,NA,NA,NA,NA,NA,NA,NA,NA,NA,NA,NA,NA,NA,NA,NA,NA,NA,NA,NA,NA,NA,NA,NA,NA,NA,NA,NA,NA,NA,NA,NA,NA,NA,NA
"Eurasian Magpie","Pica pica","eurmag1","Passeriformes","Corvidae (Crows, Jays, and Magpies)",NA,NA,NA,NA,"Diurnal","Diurnal","Vertebrate & Carrion","No","No","No","Non-endemic","Alpine & Cold Desert","Resident",NA,NA,NA,"Eurasian Magpie","Pica pica","Eurasian Magpie","Pica pica","Least Concern","Schedule-II","","",NA,"Eurasian Magpie","Pica pica","avibase-FBBBA943",1,5.49,1,0.006605866,708,"","","",NA,NA,NA,NA,NA,NA,NA,NA,NA,NA,NA,NA,NA,NA,NA,NA,NA,NA,NA,NA,NA,NA,NA,NA,NA,NA,NA,NA,NA,NA,NA,NA,NA,NA,NA,NA,NA,NA,NA,NA,NA,NA,NA,NA,NA,NA,NA,NA,NA,NA
"Southern Nutcracker","Nucifraga hemispila","eurnut4","Passeriformes","Corvidae (Crows, Jays, and Magpies)",NA,NA,NA,NA,"Diurnal","Diurnal","Plant & Seed","No","No","No","Non-endemic","Forest","Resident",NA,NA,NA,"Spotted Nutcracker","Nucifraga hemispila","Southern Nutcracker","Nucifraga hemispila","Least Concern","Schedule-II","","",NA,"Southern Nutcracker","Nucifraga hemispila","avibase-2AF8ECCE",1,4.7,2,0.047993816,709,"","","",NA,NA,NA,NA,NA,NA,NA,NA,NA,NA,NA,NA,NA,NA,NA,NA,NA,NA,NA,NA,NA,NA,NA,NA,NA,NA,NA,NA,NA,NA,NA,NA,NA,NA,NA,NA,NA,NA,NA,NA,NA,NA,NA,NA,NA,NA,NA,NA,NA,NA
"Kashmir Nutcracker","Nucifraga multipunctata","sponut1","Passeriformes","Corvidae (Crows, Jays, and Magpies)",NA,NA,NA,NA,"Diurnal","Diurnal","Plant & Seed","No","No","Yes","Western Himalayas","Forest","Resident",NA,NA,NA,"Kashmir Nutcracker","Nucifraga multipunctata","Large-spotted Nutcracker","Nucifraga multipunctata","Least Concern","Schedule-II","","",NA,"Kashmir Nutcracker","Nucifraga multipunctata","avibase-8D0D1D1C",1,4.72,1,0.184485754,710,"","","",NA,NA,NA,NA,NA,NA,NA,NA,NA,NA,NA,NA,NA,NA,NA,NA,NA,NA,NA,NA,NA,NA,NA,NA,NA,NA,NA,NA,NA,NA,NA,NA,NA,NA,NA,NA,NA,NA,NA,NA,NA,NA,NA,NA,NA,"Moderate",NA,NA,NA,NA
"Red-billed Chough","Pyrrhocorax pyrrhocorax","rebcho1","Passeriformes","Corvidae (Crows, Jays, and Magpies)",NA,NA,NA,NA,"Diurnal","Diurnal","Omnivore","No","No","No","Non-endemic","Alpine & Cold Desert","Resident & Altitudinal Migrant",NA,NA,NA,"Red-billed Chough","Pyrrhocorax pyrrhocorax","Red-billed Chough","Pyrrhocorax pyrrhocorax","Least Concern","Schedule-II","","",NA,"Red-billed Chough","Pyrrhocorax pyrrhocorax","avibase-18D2C42A",1,8.77,2,0.015453171,711,"","","",NA,NA,NA,NA,NA,NA,NA,NA,NA,NA,NA,NA,NA,NA,NA,NA,NA,NA,NA,NA,NA,NA,NA,NA,NA,NA,NA,NA,NA,NA,NA,NA,NA,NA,NA,NA,NA,NA,NA,NA,NA,NA,NA,NA,NA,"Low",NA,NA,NA,NA
"Yellow-billed Chough","Pyrrhocorax graculus","yebcho1","Passeriformes","Corvidae (Crows, Jays, and Magpies)",NA,NA,NA,NA,"Diurnal","Diurnal","Omnivore","No","No","No","Non-endemic","Alpine & Cold Desert","Resident & Altitudinal Migrant",NA,NA,NA,"Yellow-billed Chough","Pyrrhocorax graculus","Yellow-billed Chough","Pyrrhocorax graculus","Least Concern","Schedule-II","","",NA,"Alpine Chough","Pyrrhocorax graculus","avibase-45B512E2",1,8.93,1,0.033698676,712,"","","",NA,NA,NA,NA,NA,NA,NA,NA,NA,NA,NA,NA,NA,NA,NA,NA,NA,NA,NA,NA,NA,NA,NA,NA,NA,NA,NA,NA,NA,NA,NA,NA,NA,NA,NA,NA,NA,NA,NA,NA,NA,NA,NA,NA,NA,"Low",NA,NA,NA,NA
"Eurasian Jackdaw","Coloeus monedula","eurjac","Passeriformes","Corvidae (Crows, Jays, and Magpies)",NA,NA,NA,NA,"Diurnal","Diurnal","Omnivore","No","No","No","Non-endemic","Non-specialized","Resident",NA,NA,NA,"Eurasian Jackdaw","Coloeus monedula","Eurasian Jackdaw","Corvus monedula","Least Concern","Schedule-II","","",NA,"Western Jackdaw","Coloeus monedula","avibase-D4C32F8E",1,5.18,1,0.007830488,713,"","","",NA,NA,NA,NA,NA,NA,NA,NA,NA,NA,NA,NA,NA,NA,NA,NA,NA,NA,NA,NA,NA,NA,NA,NA,NA,NA,NA,NA,NA,NA,NA,NA,NA,NA,NA,NA,NA,NA,NA,NA,NA,NA,NA,NA,NA,NA,NA,NA,NA,NA
"House Crow","Corvus splendens","houcro1","Passeriformes","Corvidae (Crows, Jays, and Magpies)",NA,NA,NA,NA,"Diurnal","Diurnal","Vertebrate & Carrion","No","No","No","Non-endemic","Non-specialized","Resident",NA,NA,NA,"House Crow","Corvus splendens","House Crow","Corvus splendens","Least Concern","Not scheduled","","",NA,"House Crow","Corvus splendens","avibase-39868903",1,5.38,3,0.647721702,714,"X","X","X",258,0.166666666666667,0.8125,0.918604651162791,14.3953488372093,0.785576707986958,70.7206428075845,74.6621355475044,78.8451475967668,68.8060768958536,73.1626570506533,77.806995412406,66.930867173671,71.6959335961087,76.808372117164,65.1007489223582,70.2528589100525,75.8137070476965,63.3097221505438,68.8447416576762,74.8577624381059,61.5611377204226,67.4589495210841,73.9305568649137,59.8642017902833,66.1020926307851,72.9987930801082,58.20185389462,64.7684118521722,72.0863257597156,NA,NA,NA,171.432600140147,201.60067614297,236.006260470478,-9.57449541385667,-6.78951395085965,-4.00453248786263,146348,146349,146350,"Rapid Increase","Trend Inconclusive",NA,"Moderate","Insufficient Data","Insufficient Data",NA,"Low"
"Rook","Corvus frugilegus","rook1","Passeriformes","Corvidae (Crows, Jays, and Magpies)",NA,NA,NA,NA,"Diurnal","Diurnal","Omnivore","No","No","No","Non-endemic","Open Habitat","Winter Migrant",NA,NA,NA,"Rook","Corvus frugilegus","Rook","Corvus frugilegus","Least Concern","Schedule-II","","",NA,"Rook","Corvus frugilegus","avibase-1078FFEA",1,5.87,1,0.002943228,715,"","","",NA,NA,NA,NA,NA,NA,NA,NA,NA,NA,NA,NA,NA,NA,NA,NA,NA,NA,NA,NA,NA,NA,NA,NA,NA,NA,NA,NA,NA,NA,NA,NA,NA,NA,NA,NA,NA,NA,NA,NA,NA,NA,NA,NA,NA,NA,NA,NA,NA,NA
"Carrion Crow","Corvus corone","carcro1","Passeriformes","Corvidae (Crows, Jays, and Magpies)",NA,NA,NA,NA,"Diurnal","Diurnal","Vertebrate & Carrion","No","No","No","Non-endemic","Alpine & Cold Desert","Resident",NA,NA,NA,"Carrion Crow","Corvus corone","Carrion Crow","Corvus corone","Least Concern","Schedule-II","","",NA,"Not at species rank","Corvus corone corone","avibase-26FB62DA",1,6.85,1,7.06e-05,716,"","","",NA,NA,NA,NA,NA,NA,NA,NA,NA,NA,NA,NA,NA,NA,NA,NA,NA,NA,NA,NA,NA,NA,NA,NA,NA,NA,NA,NA,NA,NA,NA,NA,NA,NA,NA,NA,NA,NA,NA,NA,NA,NA,NA,NA,NA,NA,NA,NA,NA,NA
"Hooded Crow","Corvus cornix","hoocro1","Passeriformes","Corvidae (Crows, Jays, and Magpies)",NA,NA,NA,NA,"Diurnal","Diurnal","Vertebrate & Carrion","No","No","No","Non-endemic","Non-specialized","Uncertain",NA,1,NA,"Hooded Crow","Corvus cornix","Not at species rank","Corvus corone cornix","Not recognized","Schedule-II","","",NA,"Not at species rank","Corvus corone cornix","avibase-F13D8350",NA,6.85,1,NA,717,"","","",NA,NA,NA,NA,NA,NA,NA,NA,NA,NA,NA,NA,NA,NA,NA,NA,NA,NA,NA,NA,NA,NA,NA,NA,NA,NA,NA,NA,NA,NA,NA,NA,NA,NA,NA,NA,NA,NA,NA,NA,NA,NA,NA,NA,NA,NA,NA,NA,NA,NA
"Large-billed Crow","Corvus macrorhynchos","labcro1","Passeriformes","Corvidae (Crows, Jays, and Magpies)",NA,NA,NA,NA,"Diurnal","Diurnal","Omnivore","No","No","No","Non-endemic","Non-specialized","Resident",NA,NA,NA,"Large-billed Crow","Corvus macrorhynchos","Large-billed Crow","Corvus macrorhynchos","Least Concern","Schedule-II","","",NA,"Large-billed Crow","Corvus macrorhynchos","avibase-A9146F3B",1,6.22,4,0.188980693,718,"X","X","X",255,0.16078431372549,0.763235294117647,0.874509803921569,14.5254901960784,0.7800707708856,61.2869229510687,65.8263823202863,70.6757249380353,58.734755889987,63.6891715494144,69.00991873503,56.2798843920021,61.6054474219603,67.4016069904635,53.903180727141,59.5962744477243,65.8320055008355,51.6283475835309,57.6399549065716,64.3053753588874,49.4455373662641,55.7558181679779,62.8348678529381,47.3504116199322,53.9278668329518,61.4153725637978,45.3449384930792,52.1714618901339,60.0190925065879,NA,NA,NA,30.120825646436,42.172012564321,56.063977843826,-7.63743180581658,-5.73544047634052,-3.83344914686446,146481,146485,146489,"Increase","Rapid Decline",NA,"Moderate","Trend Inconclusive","Stable",NA,"Low"
"Pied Crow","Corvus albus","piecro1","Passeriformes","Corvidae (Crows, Jays, and Magpies)",NA,NA,NA,NA,"Diurnal","Diurnal","Vertebrate & Carrion","No","No","No","Non-endemic","Non-specialized","Uncertain",NA,1,NA,"Pied Crow","Corvus albus","Pied Crow","Corvus albus","Least Concern","Schedule-II","","",NA,"Pied Crow","Corvus albus","avibase-34D538E1",NA,6.69,1,NA,719,"","","",NA,NA,NA,NA,NA,NA,NA,NA,NA,NA,NA,NA,NA,NA,NA,NA,NA,NA,NA,NA,NA,NA,NA,NA,NA,NA,NA,NA,NA,NA,NA,NA,NA,NA,NA,NA,NA,NA,NA,NA,NA,NA,NA,NA,NA,NA,NA,NA,NA,NA
"Common Raven","Corvus corax","comrav","Passeriformes","Corvidae (Crows, Jays, and Magpies)",NA,NA,NA,NA,"Diurnal","Diurnal","Vertebrate & Carrion","No","No","No","Non-endemic","Open Habitat","Resident & Altitudinal Migrant",NA,NA,NA,"Common Raven","Corvus corax","Common Raven","Corvus corax","Least Concern","Schedule-II","","",NA,"Northern Raven","Corvus corax","avibase-B9B272F4",1,9.36,2,0.011112977,720,"","","",NA,NA,NA,NA,NA,NA,NA,NA,NA,NA,NA,NA,NA,NA,NA,NA,NA,NA,NA,NA,NA,NA,NA,NA,NA,NA,NA,NA,NA,NA,NA,NA,NA,NA,NA,NA,NA,NA,NA,NA,NA,NA,NA,NA,NA,"Low",NA,NA,NA,NA
"Yellow-bellied Fairy-Fantail","Chelidorhynx hypoxanthus","yebfan1","Passeriformes","Stenostiridae (Fairy Flycatchers)",NA,NA,NA,NA,"Diurnal","Diurnal","Invertebrate","No","No","No","Non-endemic","Forest & Plantation","Resident & Altitudinal Migrant",NA,NA,NA,"Yellow-bellied Fairy-Fantail","Chelidorhynx hypoxanthus","Yellow-bellied Fairy-fantail","Chelidorhynx hypoxanthus","Least Concern","Schedule-II","","Appendix II",NA,"Yellow-bellied Fantail","Chelidorhynx hypoxanthus","avibase-CF0C0E5D",1,2.87,1,0.231368307,721,"","","",NA,NA,NA,NA,NA,NA,NA,NA,NA,NA,NA,NA,NA,NA,NA,NA,NA,NA,NA,NA,NA,NA,NA,NA,NA,NA,NA,NA,NA,NA,NA,NA,NA,NA,NA,NA,NA,NA,NA,NA,NA,NA,NA,NA,NA,"Moderate",NA,NA,NA,NA
"Gray-headed Canary-Flycatcher","Culicicapa ceylonensis","gyhcaf1","Passeriformes","Stenostiridae (Fairy Flycatchers)",NA,NA,NA,NA,"Diurnal","Diurnal","Invertebrate","No","No","No","Non-endemic","Forest & Plantation","Resident & Within-India Migrant",NA,NA,NA,"Grey-headed Canary-Flycatcher","Culicicapa ceylonensis","Grey-headed Canary-flycatcher","Culicicapa ceylonensis","Least Concern","Schedule-II","","Appendix II",NA,"Grey-headed Canary-flycatcher","Culicicapa ceylonensis","avibase-D9B57BA4",1,2.4,2,0.25177442,722,"","","X",28,0.428571428571429,0.549107142857143,0.75,15.9285714285714,2.85303477150339,NA,NA,NA,NA,NA,NA,NA,NA,NA,NA,NA,NA,NA,NA,NA,NA,NA,NA,NA,NA,NA,NA,NA,NA,NA,NA,NA,NA,NA,NA,NA,NA,NA,13704,13717,13730,"Insufficient Data","Insufficient Data",NA,"Moderate","Insufficient Data","Insufficient Data",NA,"Low"
"Fire-capped Tit","Cephalopyrus flammiceps","fictit1","Passeriformes","Paridae (Tits, Chickadees, and Titmice)",NA,NA,NA,NA,"Diurnal","Diurnal","Invertebrate","No","No","No","Non-endemic","Forest","Local Migrant",NA,NA,NA,"Fire-capped Tit","Cephalopyrus flammiceps","Fire-capped Tit","Cephalopyrus flammiceps","Least Concern","Schedule-II","","",NA,"Fire-capped Tit","Cephalopyrus flammiceps","avibase-501296F9",1,2.3,2,0.487730031,723,"","","",NA,NA,NA,NA,NA,NA,NA,NA,NA,NA,NA,NA,NA,NA,NA,NA,NA,NA,NA,NA,NA,NA,NA,NA,NA,NA,NA,NA,NA,NA,NA,NA,NA,NA,NA,NA,NA,NA,NA,NA,NA,NA,NA,NA,NA,NA,NA,NA,NA,NA
"Yellow-browed Tit","Sylviparus modestus","yebtit3","Passeriformes","Paridae (Tits, Chickadees, and Titmice)",NA,NA,NA,NA,"Diurnal","Diurnal","Invertebrate","No","No","No","Non-endemic","Forest","Resident & Altitudinal Migrant",NA,NA,NA,"Yellow-browed Tit","Sylviparus modestus","Yellow-browed Tit","Sylviparus modestus","Least Concern","Schedule-II","","",NA,"Yellow-browed Tit","Sylviparus modestus","avibase-02CF8BF8",1,2.16,2,0.117734002,724,"","","",NA,NA,NA,NA,NA,NA,NA,NA,NA,NA,NA,NA,NA,NA,NA,NA,NA,NA,NA,NA,NA,NA,NA,NA,NA,NA,NA,NA,NA,NA,NA,NA,NA,NA,NA,NA,NA,NA,NA,NA,NA,NA,NA,NA,NA,"Moderate",NA,NA,NA,NA
"Sultan Tit","Melanochlora sultanea","sultit1","Passeriformes","Paridae (Tits, Chickadees, and Titmice)",NA,NA,NA,NA,"Diurnal","Diurnal","Invertebrate","No","No","No","Non-endemic","Forest & Plantation","Resident",NA,NA,NA,"Sultan Tit","Melanochlora sultanea","Sultan Tit","Melanochlora sultanea","Least Concern","Schedule-II","","",NA,"Sultan Tit","Melanochlora sultanea","avibase-2D6E3DBD",1,3.01,1,0.089479804,725,"","","",NA,NA,NA,NA,NA,NA,NA,NA,NA,NA,NA,NA,NA,NA,NA,NA,NA,NA,NA,NA,NA,NA,NA,NA,NA,NA,NA,NA,NA,NA,NA,NA,NA,NA,NA,NA,NA,NA,NA,NA,NA,NA,NA,NA,NA,"Moderate",NA,NA,NA,NA
"Coal Tit","Periparus ater","coatit2","Passeriformes","Paridae (Tits, Chickadees, and Titmice)",NA,NA,NA,NA,"Diurnal","Diurnal","Omnivore","No","No","No","Non-endemic","Forest","Resident & Altitudinal Migrant",NA,NA,NA,"Coal Tit","Periparus ater","Coal Tit","Periparus ater","Least Concern","Schedule-II","","",NA,"Coal Tit","Periparus ater","avibase-166CD440",1,2.49,2,0.004962394,726,"","","",NA,NA,NA,NA,NA,NA,NA,NA,NA,NA,NA,NA,NA,NA,NA,NA,NA,NA,NA,NA,NA,NA,NA,NA,NA,NA,NA,NA,NA,NA,NA,NA,NA,NA,NA,NA,NA,NA,NA,NA,NA,NA,NA,NA,NA,"Low",NA,NA,NA,NA
"Rufous-naped Tit","Periparus rufonuchalis","bkbtit2","Passeriformes","Paridae (Tits, Chickadees, and Titmice)",NA,NA,NA,NA,"Diurnal","Diurnal","Invertebrate","No","No","No","Non-endemic","Forest","Resident & Altitudinal Migrant",1,NA,NA,"Rufous-naped Tit","Periparus rufonuchalis","Rufous-naped Tit","Periparus rufonuchalis","Least Concern","Schedule-II","","",NA,"Rufous-naped Tit","Periparus rufonuchalis","avibase-59DFB1CC",1,2.7,1,0.127506762,727,"","","",NA,NA,NA,NA,NA,NA,NA,NA,NA,NA,NA,NA,NA,NA,NA,NA,NA,NA,NA,NA,NA,NA,NA,NA,NA,NA,NA,NA,NA,NA,NA,NA,NA,NA,NA,NA,NA,NA,NA,NA,NA,NA,NA,NA,NA,"Low",NA,NA,NA,NA
"Rufous-vented Tit","Periparus rubidiventris","ruvtit2","Passeriformes","Paridae (Tits, Chickadees, and Titmice)",NA,NA,NA,NA,"Diurnal","Diurnal","Invertebrate","No","No","No","Non-endemic","Forest","Resident & Altitudinal Migrant",NA,NA,NA,"Rufous-vented Tit","Periparus rubidiventris","Rufous-vented Tit","Periparus rubidiventris","Least Concern","Schedule-II","","",NA,"Rufous-vented Tit","Periparus rubidiventris","avibase-D5567296",1,2.74,2,0.027895566,728,"","","",NA,NA,NA,NA,NA,NA,NA,NA,NA,NA,NA,NA,NA,NA,NA,NA,NA,NA,NA,NA,NA,NA,NA,NA,NA,NA,NA,NA,NA,NA,NA,NA,NA,NA,NA,NA,NA,NA,NA,NA,NA,NA,NA,NA,NA,"High",NA,NA,NA,NA
"Gray-crested Tit","Lophophanes dichrous","gyctit1","Passeriformes","Paridae (Tits, Chickadees, and Titmice)",NA,NA,NA,NA,"Diurnal","Diurnal","Invertebrate","No","No","No","Non-endemic","Forest","Resident & Altitudinal Migrant",NA,NA,NA,"Grey-crested Tit","Lophophanes dichrous","Grey-crested Tit","Lophophanes dichrous","Least Concern","Schedule-II","","",NA,"Grey-crested Tit","Lophophanes dichrous","avibase-85491713",1,3.03,2,0.080199512,729,"","","",NA,NA,NA,NA,NA,NA,NA,NA,NA,NA,NA,NA,NA,NA,NA,NA,NA,NA,NA,NA,NA,NA,NA,NA,NA,NA,NA,NA,NA,NA,NA,NA,NA,NA,NA,NA,NA,NA,NA,NA,NA,NA,NA,NA,NA,"Moderate",NA,NA,NA,NA
"Azure Tit","Cyanistes cyanus","azutit2","Passeriformes","Paridae (Tits, Chickadees, and Titmice)",NA,NA,NA,NA,"Diurnal","Diurnal","Invertebrate","No","No","No","Non-endemic","Non-specialized","Uncertain",NA,1,NA,"Azure Tit","Cyanistes cyanus","Azure Tit","Cyanistes cyanus","Least Concern","Schedule-II","","",NA,"Azure Tit","Cyanistes cyanus","avibase-184A6A8E",NA,2.92,1,NA,730,"","","",NA,NA,NA,NA,NA,NA,NA,NA,NA,NA,NA,NA,NA,NA,NA,NA,NA,NA,NA,NA,NA,NA,NA,NA,NA,NA,NA,NA,NA,NA,NA,NA,NA,NA,NA,NA,NA,NA,NA,NA,NA,NA,NA,NA,NA,NA,NA,NA,NA,NA
"Ground Tit","Pseudopodoces humilis","grotit1","Passeriformes","Paridae (Tits, Chickadees, and Titmice)",NA,NA,NA,NA,"Diurnal","Diurnal","Invertebrate","No","No","No","Non-endemic","Alpine & Cold Desert","Resident",NA,NA,NA,"Ground Tit","Pseudopodoces humilis","Ground Tit","Pseudopodoces humilis","Least Concern","Schedule-II","","",NA,"Ground Tit","Pseudopodoces humilis","avibase-BDA1AC35",1,3.33,1,0.007097038,731,"","","",NA,NA,NA,NA,NA,NA,NA,NA,NA,NA,NA,NA,NA,NA,NA,NA,NA,NA,NA,NA,NA,NA,NA,NA,NA,NA,NA,NA,NA,NA,NA,NA,NA,NA,NA,NA,NA,NA,NA,NA,NA,NA,NA,NA,NA,NA,NA,NA,NA,NA
"Green-backed Tit","Parus monticolus","grbtit1","Passeriformes","Paridae (Tits, Chickadees, and Titmice)",NA,NA,NA,NA,"Diurnal","Diurnal","Omnivore","No","No","No","Non-endemic","Non-specialized","Resident & Altitudinal Migrant",NA,NA,NA,"Green-backed Tit","Parus monticolus","Green-backed Tit","Parus monticolus","Least Concern","Schedule-II","","",NA,"Green-backed Tit","Parus monticolus","avibase-4E1C5625",1,3.2,2,0.101944205,732,"","","",NA,NA,NA,NA,NA,NA,NA,NA,NA,NA,NA,NA,NA,NA,NA,NA,NA,NA,NA,NA,NA,NA,NA,NA,NA,NA,NA,NA,NA,NA,NA,NA,NA,NA,NA,NA,NA,NA,NA,NA,NA,NA,NA,NA,NA,"Low",NA,NA,NA,NA
"Asian Tit","Parus cinereus","cintit13","Passeriformes","Paridae (Tits, Chickadees, and Titmice)",NA,NA,NA,NA,"Diurnal","Diurnal","Omnivore","No","No","No","Non-endemic","Non-specialized","Resident",NA,NA,NA,"Cinereous Tit","Parus cinereus","Great Tit","Parus major","Not recognized","Schedule-II","","",NA,"Cinereous Tit","Parus cinereus","avibase-414DC961",1,3.56,5,0.075246038,733,"","","",NA,NA,NA,NA,NA,NA,NA,NA,NA,NA,NA,NA,NA,NA,NA,NA,NA,NA,NA,NA,NA,NA,NA,NA,NA,NA,NA,NA,NA,NA,NA,NA,NA,NA,NA,NA,NA,NA,NA,36636,36667,36698,NA,NA,NA,NA,"Insufficient Data","Trend Inconclusive",NA,"Low"
"White-naped Tit","Machlolophus nuchalis","whwtit2","Passeriformes","Paridae (Tits, Chickadees, and Titmice)",NA,NA,NA,NA,"Diurnal","Diurnal","Invertebrate","Yes","Yes","No","Mainland India","Forest","Resident",NA,NA,NA,"White-naped Tit","Machlolophus nuchalis","White-naped Tit","Machlolophus nuchalis","Near Threatened","Schedule-I","","",NA,"White-naped Tit","Machlolophus nuchalis","avibase-ACF0445B",1,2.64,1,1,734,"","","X",6,NA,0.5,0.5,19.3333333333333,4.97563842916442,NA,NA,NA,NA,NA,NA,NA,NA,NA,NA,NA,NA,NA,NA,NA,NA,NA,NA,NA,NA,NA,NA,NA,NA,NA,NA,NA,NA,NA,NA,NA,NA,NA,5672,5714,5756,"Insufficient Data","Insufficient Data",NA,"Moderate","Insufficient Data","Insufficient Data",NA,"Moderate"
"Himalayan Black-lored Tit","Machlolophus xanthogenys","blltit1","Passeriformes","Paridae (Tits, Chickadees, and Titmice)",NA,NA,NA,NA,"Diurnal","Diurnal","Invertebrate","No","No","Yes","Himalayas","Forest & Plantation","Resident & Altitudinal Migrant",NA,NA,NA,"Himalayan Black-lored Tit","Machlolophus xanthogenys","Black-lored Tit","Machlolophus xanthogenys","Least Concern","Schedule-II","","",NA,"Himalayan Black-lored Tit","Machlolophus xanthogenys","avibase-885D7623",1,2.64,1,0.916711323,735,"","","",NA,NA,NA,NA,NA,NA,NA,NA,NA,NA,NA,NA,NA,NA,NA,NA,NA,NA,NA,NA,NA,NA,NA,NA,NA,NA,NA,NA,NA,NA,NA,NA,NA,NA,NA,NA,NA,NA,NA,NA,NA,NA,NA,NA,NA,"Low",NA,NA,NA,NA
"Indian Yellow Tit","Machlolophus aplonotus","indtit1","Passeriformes","Paridae (Tits, Chickadees, and Titmice)",NA,NA,NA,NA,"Diurnal","Diurnal","Invertebrate","Yes","Yes","No","Mainland India","Forest & Plantation","Resident",NA,NA,NA,"Indian Black-lored Tit","Machlolophus aplonotus","Not at species rank","Machlolophus xanthogenys aplonotus","Not recognized","Schedule-II","","",NA,"Indian Black-lored Tit","Machlolophus aplonotus","avibase-F45DB0EB",1,2.64,2,1,736,"","","X",29,0.379310344827586,0.564655172413793,0.793103448275862,16.4827586206897,2.66503747299383,NA,NA,NA,NA,NA,NA,NA,NA,NA,NA,NA,NA,NA,NA,NA,NA,NA,NA,NA,NA,NA,NA,NA,NA,NA,NA,NA,NA,NA,NA,NA,NA,NA,18277,18316,18355,"Insufficient Data","Insufficient Data",NA,"Moderate","Insufficient Data","Insufficient Data",NA,"Moderate"
"Yellow-cheeked Tit","Machlolophus spilonotus","yectit1","Passeriformes","Paridae (Tits, Chickadees, and Titmice)",NA,NA,NA,NA,"Diurnal","Diurnal","Invertebrate","No","No","No","Non-endemic","Forest","Resident",NA,NA,NA,"Yellow-cheeked Tit","Machlolophus spilonotus","Yellow-cheeked Tit","Machlolophus spilonotus","Least Concern","Schedule-II","","",NA,"Yellow-cheeked Tit","Machlolophus spilonotus","avibase-AEF498CA",1,2.72,2,0.102809815,737,"","","",NA,NA,NA,NA,NA,NA,NA,NA,NA,NA,NA,NA,NA,NA,NA,NA,NA,NA,NA,NA,NA,NA,NA,NA,NA,NA,NA,NA,NA,NA,NA,NA,NA,NA,NA,NA,NA,NA,NA,NA,NA,NA,NA,NA,NA,"Low",NA,NA,NA,NA
"White-crowned Penduline-Tit","Remiz coronatus","wcptit1","Passeriformes","Remizidae (Penduline-Tits)",NA,NA,NA,NA,"Diurnal","Diurnal","Invertebrate","No","No","No","Non-endemic","Wetland","Winter Migrant",NA,NA,NA,"White-crowned Penduline-Tit","Remiz coronatus","White-crowned Penduline-tit","Remiz coronatus","Least Concern","Schedule-II","","",NA,"White-crowned Penduline Tit","Remiz coronatus","avibase-454B9078",1,2.04,1,0.043358679,738,"","","",NA,NA,NA,NA,NA,NA,NA,NA,NA,NA,NA,NA,NA,NA,NA,NA,NA,NA,NA,NA,NA,NA,NA,NA,NA,NA,NA,NA,NA,NA,NA,NA,NA,NA,NA,NA,NA,NA,NA,NA,NA,NA,NA,NA,NA,NA,NA,NA,NA,NA
"Greater Hoopoe-Lark","Alaemon alaudipes","grhlar1","Passeriformes","Alaudidae (Larks)",NA,NA,NA,NA,"Diurnal","Diurnal","Invertebrate","No","No","No","Non-endemic","Grassland","Resident",NA,NA,NA,"Greater Hoopoe-Lark","Alaemon alaudipes","Greater Hoopoe-lark","Alaemon alaudipes","Least Concern","Schedule-II","","",NA,"Greater Hoopoe-Lark","Alaemon alaudipes","avibase-3E4513D9",1,3.63,1,0.016286162,739,"","","",NA,NA,NA,NA,NA,NA,NA,NA,NA,NA,NA,NA,NA,NA,NA,NA,NA,NA,NA,NA,NA,NA,NA,NA,NA,NA,NA,NA,NA,NA,NA,NA,NA,NA,NA,NA,NA,NA,NA,NA,NA,NA,NA,NA,NA,NA,NA,NA,NA,NA
"Rufous-tailed Lark","Ammomanes phoenicura","rutlar2","Passeriformes","Alaudidae (Larks)",NA,NA,NA,NA,"Diurnal","Diurnal","Omnivore","No","Yes","No","Indian Subcontinent","Open Habitat","Resident",NA,NA,NA,"Rufous-tailed Lark","Ammomanes phoenicura","Rufous-tailed Lark","Ammomanes phoenicura","Near Threatened","Schedule-II","","",NA,"Rufous-tailed Lark","Ammomanes phoenicura","avibase-0E1F8A50",1,3.11,2,0.958380237,740,"","X","X",75,0.0533333333333333,0.315,0.4,18.5733333333333,1.13048864143273,21.7198946876954,28.8901289637315,38.2325914351549,19.1298482045161,26.4284548034041,36.3075335744075,16.8397675871889,24.168123423903,34.4987796717116,14.8266824179823,22.1194975335022,32.8102304315485,13.0368663789517,20.2411983495536,31.1849712016995,11.4669365906974,18.4901405799113,29.571131634697,10.0800003775558,16.8990137520368,28.110920494244,8.84747939598081,15.4546539453227,26.7551149726915,NA,NA,NA,NA,NA,NA,-7.49753115597776,-4.902326721237,-2.30712228649625,54366,54458,54550,"Insufficient Data","Decline",NA,"Moderate","Insufficient Data","Trend Inconclusive",NA,"Low"
"Desert Lark","Ammomanes deserti","deslar1","Passeriformes","Alaudidae (Larks)",NA,NA,NA,NA,"Diurnal","Diurnal","Omnivore","No","No","No","Non-endemic","Grassland","Resident",NA,NA,NA,"Desert Lark","Ammomanes deserti","Desert Lark","Ammomanes deserti","Least Concern","Schedule-II","","",NA,"Desert Lark","Ammomanes deserti","avibase-A977348D",1,2.98,1,0.00119496,741,"","","",NA,NA,NA,NA,NA,NA,NA,NA,NA,NA,NA,NA,NA,NA,NA,NA,NA,NA,NA,NA,NA,NA,NA,NA,NA,NA,NA,NA,NA,NA,NA,NA,NA,NA,NA,NA,NA,NA,NA,NA,NA,NA,NA,NA,NA,NA,NA,NA,NA,NA
"Black-crowned Sparrow-Lark","Eremopterix nigriceps","bcslar1","Passeriformes","Alaudidae (Larks)",NA,NA,NA,NA,"Diurnal","Diurnal","Plant & Seed","No","No","No","Non-endemic","Grassland","Resident",NA,NA,NA,"Black-crowned Sparrow-Lark","Eremopterix nigriceps","Black-crowned Sparrow-lark","Eremopterix nigriceps","Least Concern","Schedule-II","","",NA,"Black-crowned Sparrow-Lark","Eremopterix nigriceps","avibase-8C357822",1,2.9,1,0.066558611,742,"","","",NA,NA,NA,NA,NA,NA,NA,NA,NA,NA,NA,NA,NA,NA,NA,NA,NA,NA,NA,NA,NA,NA,NA,NA,NA,NA,NA,NA,NA,NA,NA,NA,NA,NA,NA,NA,NA,NA,NA,NA,NA,NA,NA,NA,NA,NA,NA,NA,NA,NA
"Ashy-crowned Sparrow-Lark","Eremopterix griseus","ascspl1","Passeriformes","Alaudidae (Larks)",NA,NA,NA,NA,"Diurnal","Diurnal","Plant & Seed","No","Yes","No","Indian Subcontinent","Open Habitat","Resident",NA,NA,NA,"Ashy-crowned Sparrow-Lark","Eremopterix griseus","Ashy-crowned Sparrow-lark","Eremopterix griseus","Least Concern","Schedule-II","","",NA,"Ashy-crowned Sparrow-Lark","Eremopterix griseus","avibase-73ED9A54",1,3.01,1,0.811315788,743,"","X","X",184,0.114130434782609,0.432744565217391,0.576086956521739,16.1141304347826,0.840403981117226,46.1886122032871,51.6096154527683,57.7280308366964,42.7881206716939,48.5149510538132,55.0176582503597,39.6193191213944,45.5727810490067,52.4936151879018,36.6653475305135,42.8382306745325,50.0709723762921,33.9500741456012,40.2633004303549,47.7864253386461,31.4016573969606,37.8174191557349,45.5651600469703,29.0412458990553,35.530083536218,43.5210846800421,26.85973708339,33.4030380951577,41.5365623174784,NA,NA,NA,NA,NA,NA,-5.96340235131223,-4.63144425423201,-3.2994861571518,111057,111106,111155,"Insufficient Data","Rapid Decline",NA,"Moderate","Insufficient Data","Decline",NA,"Moderate"
"Jerdon's Bushlark","Plocealauda affinis","jerbus2","Passeriformes","Alaudidae (Larks)",NA,NA,NA,NA,"Diurnal","Diurnal","Omnivore","No","Yes","No","Indian Subcontinent","Open Habitat","Resident",NA,NA,NA,"Jerdon's Bushlark","Plocealauda affinis","Jerdon's Bushlark","Mirafra affinis","Least Concern","Schedule-II","","",NA,"Jerdon's Bush Lark","Plocealauda affinis","avibase-9C691722",1,3.36,1,0.936716662,744,"","X","X",227,0.0837004405286344,0.551762114537445,0.709251101321586,15.3303964757709,0.769048171192453,84.9977003607931,94.5029158208955,105.138782060572,82.9338252756533,93.4784648237343,105.492353291442,80.8589753761051,92.4791081382962,105.859511944212,78.825561851312,91.47419931878,106.302291881782,76.844061525013,90.4845890934099,106.683651477815,74.9245012915438,89.5062344730996,107.142824478887,73.0413508997878,88.5918497058498,107.621673444543,71.1890130342234,87.6687570158764,108.124166069242,NA,NA,NA,NA,NA,NA,-2.67454521624563,-1.09359752564337,0.487350164958891,139937,139961,139985,"Insufficient Data","Stable",NA,"Low","Insufficient Data","Stable",NA,"Low"
"Indian Bushlark","Plocealauda erythroptera","indbus2","Passeriformes","Alaudidae (Larks)",NA,NA,NA,NA,"Diurnal","Diurnal","Omnivore","No","Yes","No","Indian Subcontinent","Open Habitat","Resident",NA,NA,NA,"Indian Bushlark","Plocealauda erythroptera","Indian Bushlark","Mirafra erythroptera","Least Concern","Schedule-II","","",NA,"Indian Bush Lark","Plocealauda erythroptera","avibase-A9DA95E4",1,3.14,1,0.980301726,745,"","","X",3,NA,0.5,0.333333333333333,19.3333333333333,5.58208244694079,NA,NA,NA,NA,NA,NA,NA,NA,NA,NA,NA,NA,NA,NA,NA,NA,NA,NA,NA,NA,NA,NA,NA,NA,NA,NA,NA,NA,NA,NA,NA,NA,NA,5631,5693,5755,"Insufficient Data","Insufficient Data",NA,"Moderate","Insufficient Data","Insufficient Data",NA,"Moderate"
"Bengal Bushlark","Plocealauda assamica","benbus1","Passeriformes","Alaudidae (Larks)",NA,NA,NA,NA,"Diurnal","Diurnal","Omnivore","No","Yes","No","Indian Subcontinent","Open Habitat","Resident",NA,NA,NA,"Bengal Bushlark","Plocealauda assamica","Bengal Bushlark","Mirafra assamica","Least Concern","Schedule-II","","",NA,"Bengal Bush Lark","Plocealauda assamica","avibase-86345D55",1,3.16,1,0.717240779,746,"","","",NA,NA,NA,NA,NA,NA,NA,NA,NA,NA,NA,NA,NA,NA,NA,NA,NA,NA,NA,NA,NA,NA,NA,NA,NA,NA,NA,NA,NA,NA,NA,NA,NA,NA,NA,NA,NA,NA,NA,NA,NA,NA,NA,NA,NA,"Low",NA,NA,NA,NA
"Singing Bushlark","Mirafra javanica","sinbus6","Passeriformes","Alaudidae (Larks)",NA,NA,NA,NA,"Diurnal","Diurnal","Omnivore","No","No","No","Non-endemic","Open Habitat","Within-India Migrant",1,NA,NA,"Singing Bushlark","Mirafra javanica","Horsfield's Bushlark","Mirafra javanica","Least Concern","Schedule-II","","",NA,"Singing Bush Lark","Mirafra javanica","avibase-5BFC242D",1,3.08,1,0.178464051,747,"","","",NA,NA,NA,NA,NA,NA,NA,NA,NA,NA,NA,NA,NA,NA,NA,NA,NA,NA,NA,NA,NA,NA,NA,NA,NA,NA,NA,NA,NA,NA,NA,NA,NA,NA,NA,NA,NA,NA,NA,NA,NA,NA,NA,NA,NA,"Low",NA,NA,NA,NA
"Eurasian Skylark","Alauda arvensis","skylar","Passeriformes","Alaudidae (Larks)",NA,NA,NA,NA,"Diurnal","Diurnal","Plant & Seed","No","No","No","Non-endemic","Open Habitat","Winter Migrant & Localized Summer Migrant",NA,NA,NA,"Eurasian Skylark","Alauda arvensis","Eurasian Skylark","Alauda arvensis","Least Concern","Schedule-II","","",NA,"Eurasian Skylark","Alauda arvensis","avibase-ED2AC04E",1,2.98,1,0.004107567,748,"","","",NA,NA,NA,NA,NA,NA,NA,NA,NA,NA,NA,NA,NA,NA,NA,NA,NA,NA,NA,NA,NA,NA,NA,NA,NA,NA,NA,NA,NA,NA,NA,NA,NA,NA,NA,NA,NA,NA,NA,NA,NA,NA,NA,NA,NA,NA,NA,NA,NA,NA
"Oriental Skylark","Alauda gulgula","orisky1","Passeriformes","Alaudidae (Larks)",NA,NA,NA,NA,"Diurnal","Diurnal","Omnivore","No","No","No","Non-endemic","Open Habitat","Resident & Local Migrant",NA,NA,NA,"Oriental Skylark","Alauda gulgula","Oriental Skylark","Alauda gulgula","Least Concern","Schedule-II","","",NA,"Oriental Skylark","Alauda gulgula","avibase-E988F1D5",1,3.1,6,0.253405386,749,"","X","X",152,0.0921052631578947,0.348684210526316,0.460526315789474,16.6973684210526,0.923376121263558,40.9822477248833,49.6753964236771,60.2959638721396,36.8364503229196,45.8546400982949,57.0361062522552,33.0629281072318,42.3425276208605,53.9983947244016,29.6998916344018,39.0882022602971,51.1781073724845,26.6489124788163,36.0416430276228,48.5204276066547,23.9105362904658,33.2273552355072,46.0259232788762,21.4532804041337,30.6580028986888,43.6723474014125,19.274756236712,28.3062912266187,41.4541950284581,NA,NA,NA,NA,NA,NA,-9.44852858957267,-6.75399883536424,-4.05946908115581,73886,74034,74182,"Insufficient Data","Rapid Decline",NA,"High","Insufficient Data","Rapid Decline",NA,"Moderate"
"Tawny Lark","Galerida deva","tawlar1","Passeriformes","Alaudidae (Larks)",NA,NA,NA,NA,"Diurnal","Diurnal","Omnivore","Yes","Yes","No","Mainland India","Grassland & Scrub","Resident",NA,NA,NA,"Tawny Lark","Galerida deva","Sykes's Lark","Galerida deva","Least Concern","Schedule-II","","",NA,"Sykes's Lark","Galerida deva","avibase-4A6368CF",1,2.79,1,1,750,"","","X",4,NA,0.5,0.25,21.5,3.79552367928327,NA,NA,NA,NA,NA,NA,NA,NA,NA,NA,NA,NA,NA,NA,NA,NA,NA,NA,NA,NA,NA,NA,NA,NA,NA,NA,NA,NA,NA,NA,NA,NA,NA,4222,4285,4348,"Insufficient Data","Insufficient Data",NA,"Moderate","Insufficient Data","Insufficient Data",NA,"Moderate"
"Crested Lark","Galerida cristata","crelar1","Passeriformes","Alaudidae (Larks)",NA,NA,NA,NA,"Diurnal","Diurnal","Plant & Seed","No","No","No","Non-endemic","Open Habitat","Resident",NA,NA,NA,"Crested Lark","Galerida cristata","Crested Lark","Galerida cristata","Least Concern","Schedule-II","","",NA,"Crested Lark","Galerida cristata","avibase-21ADC3ED",1,2.88,3,0.053305157,751,"","","",NA,NA,NA,NA,NA,NA,NA,NA,NA,NA,NA,NA,NA,NA,NA,NA,NA,NA,NA,NA,NA,NA,NA,NA,NA,NA,NA,NA,NA,NA,NA,NA,NA,NA,NA,NA,NA,NA,NA,NA,NA,NA,NA,NA,NA,"Moderate",NA,NA,NA,NA
"Malabar Lark","Galerida malabarica","mallar1","Passeriformes","Alaudidae (Larks)",NA,NA,NA,NA,"Diurnal","Diurnal","Omnivore","Yes","Yes","No","Mainland India","Open Habitat","Resident",NA,NA,NA,"Malabar Lark","Galerida malabarica","Malabar Lark","Galerida malabarica","Least Concern","Schedule-II","","",NA,"Malabar Lark","Galerida malabarica","avibase-DA29B24C",1,3.51,1,1,752,"X","X","X",7,0.285714285714286,0.678571428571429,0.714285714285714,22.4285714285714,2.25743216952359,72.4181107592087,107.279247356206,161.735338959437,70.0488658289996,109.875159895719,175.245034841047,67.7114840364517,112.281444350869,189.918400530062,65.5179627318631,115.12440594003,205.253958933976,63.3213453866354,118.034637650683,222.987136987004,61.175467283155,120.740942931348,240.168800808392,59.1340160730368,122.848719235283,261.718393469205,57.2265004715605,125.367537406583,282.061166929173,NA,NA,NA,-8.1010667470466,111.553125095855,145031075.959077,-1276827.11717422,3.7121554883897,1276834.5414852,6406,6453,6500,"Trend Inconclusive","Trend Inconclusive",NA,"High","Insufficient Data","Trend Inconclusive",NA,"Low"
"Horned Lark","Eremophila alpestris","horlar","Passeriformes","Alaudidae (Larks)",NA,NA,NA,NA,"Diurnal","Diurnal","Omnivore","No","No","No","Non-endemic","Alpine & Cold Desert","Resident",NA,NA,NA,"Horned Lark","Eremophila alpestris","Horned Lark","Eremophila alpestris","Least Concern","Schedule-II","","",NA,"Horned Lark","Eremophila alpestris","avibase-FC0A1D95",1,3.18,4,0.002724175,753,"","","",NA,NA,NA,NA,NA,NA,NA,NA,NA,NA,NA,NA,NA,NA,NA,NA,NA,NA,NA,NA,NA,NA,NA,NA,NA,NA,NA,NA,NA,NA,NA,NA,NA,NA,NA,NA,NA,NA,NA,NA,NA,NA,NA,NA,NA,"Low",NA,NA,NA,NA
"Greater Short-toed Lark","Calandrella brachydactyla","gstlar1","Passeriformes","Alaudidae (Larks)",NA,NA,NA,NA,"Diurnal","Diurnal","Invertebrate","No","No","No","Non-endemic","Open Habitat","Winter Migrant",NA,NA,NA,"Greater Short-toed Lark","Calandrella brachydactyla","Greater Short-toed Lark","Calandrella brachydactyla","Least Concern","Schedule-II","","",NA,"Greater Short-toed Lark","Calandrella brachydactyla","avibase-4091A51E",1,2.89,1,0.030109543,754,"","","X",35,0.0571428571428571,0.217857142857143,0.314285714285714,17.6285714285714,1.86563422428501,NA,NA,NA,NA,NA,NA,NA,NA,NA,NA,NA,NA,NA,NA,NA,NA,NA,NA,NA,NA,NA,NA,NA,NA,NA,NA,NA,NA,NA,NA,NA,NA,NA,13093,13214,13335,"Insufficient Data","Insufficient Data",NA,"Moderate","Insufficient Data","Insufficient Data",NA,"Low"
"Hume's Lark","Calandrella acutirostris","humlar1","Passeriformes","Alaudidae (Larks)",NA,NA,NA,NA,"Diurnal","Diurnal","Omnivore","No","No","No","Non-endemic","Open Habitat","Winter Migrant & Localized Summer Migrant",1,NA,NA,"Hume's Short-toed Lark","Calandrella acutirostris","Hume's Lark","Calandrella acutirostris","Least Concern","Schedule-II","","",NA,"Hume's Short-toed Lark","Calandrella acutirostris","avibase-B50B0E47",1,3.02,2,0.179210288,755,"","","",NA,NA,NA,NA,NA,NA,NA,NA,NA,NA,NA,NA,NA,NA,NA,NA,NA,NA,NA,NA,NA,NA,NA,NA,NA,NA,NA,NA,NA,NA,NA,NA,NA,NA,NA,NA,NA,NA,NA,NA,NA,NA,NA,NA,NA,"Moderate",NA,NA,NA,NA
"Mongolian Short-toed Lark","Calandrella dukhunensis","sstlar4","Passeriformes","Alaudidae (Larks)",NA,NA,NA,NA,"Diurnal","Diurnal","Invertebrate","No","No","No","Non-endemic","Open Habitat","Winter Migrant",NA,NA,NA,"Mongolian Short-toed Lark","Calandrella dukhunensis","Mongolian Short-toed Lark","Calandrella dukhunensis","Least Concern","Schedule-II","","",NA,"Mongolian Short-toed Lark","Calandrella dukhunensis","avibase-B9808769",1,3.02,1,0.260520052,756,"","","",NA,NA,NA,NA,NA,NA,NA,NA,NA,NA,NA,NA,NA,NA,NA,NA,NA,NA,NA,NA,NA,NA,NA,NA,NA,NA,NA,NA,NA,NA,NA,NA,NA,NA,NA,NA,NA,NA,NA,NA,NA,NA,NA,NA,NA,NA,NA,NA,NA,NA
"Bimaculated Lark","Melanocorypha bimaculata","bimlar1","Passeriformes","Alaudidae (Larks)",NA,NA,NA,NA,"Diurnal","Diurnal","Omnivore","No","No","No","Non-endemic","Open Habitat","Winter Migrant",NA,NA,NA,"Bimaculated Lark","Melanocorypha bimaculata","Bimaculated Lark","Melanocorypha bimaculata","Least Concern","Schedule-II","","",NA,"Bimaculated Lark","Melanocorypha bimaculata","avibase-36780791",1,3.3,1,0.07174476,757,"","","",NA,NA,NA,NA,NA,NA,NA,NA,NA,NA,NA,NA,NA,NA,NA,NA,NA,NA,NA,NA,NA,NA,NA,NA,NA,NA,NA,NA,NA,NA,NA,NA,NA,NA,NA,NA,NA,NA,NA,NA,NA,NA,NA,NA,NA,NA,NA,NA,NA,NA
"Tibetan Lark","Melanocorypha maxima","tiblar1","Passeriformes","Alaudidae (Larks)",NA,NA,NA,NA,"Diurnal","Diurnal","Plant & Seed","No","No","No","Non-endemic","Alpine & Cold Desert","Resident",NA,NA,NA,"Tibetan Lark","Melanocorypha maxima","Tibetan Lark","Melanocorypha maxima","Least Concern","Schedule-II","","",NA,"Tibetan Lark","Melanocorypha maxima","avibase-9AC67428",1,4.02,1,0.006029864,758,"","","",NA,NA,NA,NA,NA,NA,NA,NA,NA,NA,NA,NA,NA,NA,NA,NA,NA,NA,NA,NA,NA,NA,NA,NA,NA,NA,NA,NA,NA,NA,NA,NA,NA,NA,NA,NA,NA,NA,NA,NA,NA,NA,NA,NA,NA,NA,NA,NA,NA,NA
"Turkestan Short-toed Lark","Alaudala heinei","tstlar1","Passeriformes","Alaudidae (Larks)",NA,NA,NA,NA,"Diurnal","Diurnal","Omnivore","No","No","No","Non-endemic","Open Habitat","Winter Migrant",NA,1,NA,"Turkestan Short-toed Lark","Alaudala heinei","Turkestan Short-toed Lark","Alaudala heinei","Least Concern","Schedule-II","","",NA,"Turkestan Short-toed Lark","Alaudala heinei","avibase-238EC109",NA,3.02,1,0.02377401,759,"","","",NA,NA,NA,NA,NA,NA,NA,NA,NA,NA,NA,NA,NA,NA,NA,NA,NA,NA,NA,NA,NA,NA,NA,NA,NA,NA,NA,NA,NA,NA,NA,NA,NA,NA,NA,NA,NA,NA,NA,NA,NA,NA,NA,NA,NA,NA,NA,NA,NA,NA
"Sand Lark","Alaudala raytal","sanlar1","Passeriformes","Alaudidae (Larks)",NA,NA,NA,NA,"Diurnal","Diurnal","Invertebrate","No","No","No","Non-endemic","Open Habitat","Resident",NA,NA,NA,"Sand Lark","Alaudala raytal","Sand Lark","Alaudala raytal","Least Concern","Schedule-II","","",NA,"Sand Lark","Alaudala raytal","avibase-862C271E",1,3.07,2,0.596789494,760,"","","",NA,NA,NA,NA,NA,NA,NA,NA,NA,NA,NA,NA,NA,NA,NA,NA,NA,NA,NA,NA,NA,NA,NA,NA,NA,NA,NA,NA,NA,NA,NA,NA,NA,NA,NA,NA,NA,NA,NA,NA,NA,NA,NA,NA,NA,"Low",NA,NA,NA,NA
"Common Tailorbird","Orthotomus sutorius","comtai1","Passeriformes","Cisticolidae (Cisticolas and Allies)",NA,NA,NA,NA,"Diurnal","Diurnal","Invertebrate","No","No","No","Non-endemic","Non-specialized","Resident",NA,NA,NA,"Common Tailorbird","Orthotomus sutorius","Common Tailorbird","Orthotomus sutorius","Least Concern","Schedule-II","","",NA,"Common Tailorbird","Orthotomus sutorius","avibase-AF5B727B",1,2.35,3,0.421265048,761,"X","X","X",254,0.141732283464567,0.734251968503937,0.885826771653543,14.5433070866142,0.783050245956093,100.789708578561,116.678928199551,135.110502835546,101.295281207451,119.588046503857,141.189065461421,101.763326129236,122.554385195847,147.582801485257,102.212172023163,125.612524357821,154.342158753097,102.649444966227,128.755816096172,161.469196501244,103.075560217337,131.964293550383,168.951514028567,103.481562452414,135.289258371764,176.857351967036,103.866859186151,138.6823048428,185.159898818659,NA,NA,NA,90.661454359742,111.481481375007,136.994216823436,0.648619762401535,4.46673495609367,8.28485014978581,145363,145366,145369,"Rapid Increase","Trend Inconclusive",NA,"Low","Trend Inconclusive","Rapid Increase",NA,"Low"
"Dark-necked Tailorbird","Orthotomus atrogularis","dantai1","Passeriformes","Cisticolidae (Cisticolas and Allies)",NA,NA,NA,NA,"Diurnal","Diurnal","Invertebrate","No","No","No","Non-endemic","Forest","Resident",1,NA,NA,"Dark-necked Tailorbird","Orthotomus atrogularis","Dark-necked Tailorbird","Orthotomus atrogularis","Least Concern","Schedule-II","","",NA,"Dark-necked Tailorbird","Orthotomus atrogularis","avibase-69618EFB",1,2.39,1,0.029005321,762,"","","",NA,NA,NA,NA,NA,NA,NA,NA,NA,NA,NA,NA,NA,NA,NA,NA,NA,NA,NA,NA,NA,NA,NA,NA,NA,NA,NA,NA,NA,NA,NA,NA,NA,NA,NA,NA,NA,NA,NA,NA,NA,NA,NA,NA,NA,"Low",NA,NA,NA,NA
"Himalayan Prinia","Prinia crinigera","strpri2","Passeriformes","Cisticolidae (Cisticolas and Allies)",NA,NA,NA,NA,"Diurnal","Diurnal","Invertebrate","No","No","No","Non-endemic","Grassland & Scrub","Resident & Altitudinal Migrant",NA,NA,NA,"Himalayan Prinia","Prinia crinigera","Striated Prinia","Prinia crinigera","Least Concern","Schedule-II","","",NA,"Himalayan Prinia","Prinia crinigera","avibase-FD81168B",1,2.37,2,0.093233244,763,"","","",NA,NA,NA,NA,NA,NA,NA,NA,NA,NA,NA,NA,NA,NA,NA,NA,NA,NA,NA,NA,NA,NA,NA,NA,NA,NA,NA,NA,NA,NA,NA,NA,NA,NA,NA,NA,NA,NA,NA,NA,NA,NA,NA,NA,NA,"Low",NA,NA,NA,NA
"Black-throated Prinia","Prinia atrogularis","hilpri1","Passeriformes","Cisticolidae (Cisticolas and Allies)",NA,NA,NA,NA,"Diurnal","Diurnal","Invertebrate","No","No","Yes","Eastern Himalayas","Grassland & Scrub","Resident",NA,NA,NA,"Black-throated Prinia","Prinia atrogularis","Black-throated Prinia","Prinia atrogularis","Least Concern","Schedule-II","","",NA,"Black-throated Prinia","Prinia atrogularis","avibase-9A72741D",1,2.33,1,0.562383913,764,"","","",NA,NA,NA,NA,NA,NA,NA,NA,NA,NA,NA,NA,NA,NA,NA,NA,NA,NA,NA,NA,NA,NA,NA,NA,NA,NA,NA,NA,NA,NA,NA,NA,NA,NA,NA,NA,NA,NA,NA,NA,NA,NA,NA,NA,NA,"Moderate",NA,NA,NA,NA
"Rufous-crowned Prinia","Prinia khasiana","bktpri2","Passeriformes","Cisticolidae (Cisticolas and Allies)",NA,NA,NA,NA,"Diurnal","Diurnal","Invertebrate","No","No","No","Himalayas","Grassland & Scrub","Resident",NA,NA,NA,"Rufous-crowned Prinia","Prinia khasiana","Rufous-crowned Prinia","Prinia khasiana","Least Concern","Schedule-II","","",NA,"Rufous-crowned Prinia","Prinia khasiana","avibase-0BF01CE3",1,2.47,1,0.563568636,765,"","","",NA,NA,NA,NA,NA,NA,NA,NA,NA,NA,NA,NA,NA,NA,NA,NA,NA,NA,NA,NA,NA,NA,NA,NA,NA,NA,NA,NA,NA,NA,NA,NA,NA,NA,NA,NA,NA,NA,NA,NA,NA,NA,NA,NA,NA,"Moderate",NA,NA,NA,NA
"Hill Prinia","Prinia superciliaris","hilpri2","Passeriformes","Cisticolidae (Cisticolas and Allies)",NA,NA,NA,NA,"Diurnal","Diurnal","Invertebrate","No","No","No","Non-endemic","Grassland & Scrub","Resident",NA,NA,NA,"Hill Prinia","Prinia superciliaris","Hill Prinia","Prinia superciliaris","Least Concern","Schedule-II","","",NA,"Hill Prinia","Prinia superciliaris","avibase-9F434A62",1,2.46,1,0.000381,766,"","","",NA,NA,NA,NA,NA,NA,NA,NA,NA,NA,NA,NA,NA,NA,NA,NA,NA,NA,NA,NA,NA,NA,NA,NA,NA,NA,NA,NA,NA,NA,NA,NA,NA,NA,NA,NA,NA,NA,NA,NA,NA,NA,NA,NA,NA,NA,NA,NA,NA,NA
"Gray-crowned Prinia","Prinia cinereocapilla","gycpri1","Passeriformes","Cisticolidae (Cisticolas and Allies)",NA,NA,NA,NA,"Diurnal","Diurnal","Invertebrate","No","Yes","Yes","Indian Subcontinent","Grassland & Scrub","Resident",NA,NA,NA,"Grey-crowned Prinia","Prinia cinereocapilla","Grey-crowned Prinia","Prinia cinereocapilla","Vulnerable","Schedule-I","","",NA,"Grey-crowned Prinia","Prinia cinereocapilla","avibase-4FF9ECC8",1,2.39,1,0.267744985,767,"","","",NA,NA,NA,NA,NA,NA,NA,NA,NA,NA,NA,NA,NA,NA,NA,NA,NA,NA,NA,NA,NA,NA,NA,NA,NA,NA,NA,NA,NA,NA,NA,NA,NA,NA,NA,NA,NA,NA,NA,NA,NA,NA,NA,NA,NA,"High",NA,NA,NA,NA
"Rufous-fronted Prinia","Prinia buchanani","rufpri2","Passeriformes","Cisticolidae (Cisticolas and Allies)",NA,NA,NA,NA,"Diurnal","Diurnal","Invertebrate","No","Yes","No","Indian Subcontinent","Grassland & Scrub","Resident",NA,NA,NA,"Rufous-fronted Prinia","Prinia buchanani","Rufous-fronted Prinia","Prinia buchanani","Least Concern","Schedule-I","","",NA,"Rufous-fronted Prinia","Prinia buchanani","avibase-AC892456",1,2.19,1,0.806695534,768,"","","",NA,NA,NA,NA,NA,NA,NA,NA,NA,NA,NA,NA,NA,NA,NA,NA,NA,NA,NA,NA,NA,NA,NA,NA,NA,NA,NA,NA,NA,NA,NA,NA,NA,NA,NA,NA,NA,NA,NA,NA,NA,NA,NA,NA,NA,"Low",NA,NA,NA,NA
"Rufescent Prinia","Prinia rufescens","rufpri1","Passeriformes","Cisticolidae (Cisticolas and Allies)",NA,NA,NA,NA,"Diurnal","Diurnal","Invertebrate","No","No","No","Non-endemic","Forest","Resident",1,NA,NA,"Rufescent Prinia","Prinia rufescens","Rufescent Prinia","Prinia rufescens","Least Concern","Schedule-II","","",NA,"Rufescent Prinia","Prinia rufescens","avibase-892900C9",1,2.1,1,0.065518522,769,"","","",NA,NA,NA,NA,NA,NA,NA,NA,NA,NA,NA,NA,NA,NA,NA,NA,NA,NA,NA,NA,NA,NA,NA,NA,NA,NA,NA,NA,NA,NA,NA,NA,NA,NA,NA,NA,NA,NA,NA,NA,NA,NA,NA,NA,NA,"Low",NA,NA,NA,NA
"Gray-breasted Prinia","Prinia hodgsonii","gybpri1","Passeriformes","Cisticolidae (Cisticolas and Allies)",NA,NA,NA,NA,"Diurnal","Diurnal","Invertebrate","No","No","No","Non-endemic","Non-specialized","Resident",NA,NA,NA,"Grey-breasted Prinia","Prinia hodgsonii","Grey-breasted Prinia","Prinia hodgsonii","Least Concern","Schedule-II","","",NA,"Grey-breasted Prinia","Prinia hodgsonii","avibase-C29B19D7",1,2.1,3,0.570140309,770,"","X","X",90,0.0666666666666667,0.440277777777778,0.711111111111111,16.1555555555556,1.2761810347945,74.7088132035577,86.4819156857,100.307003114809,73.2775131899212,86.4607157687045,102.337936002565,71.8085899278838,86.3925999947788,104.339394058839,70.3045808584437,86.4530413558855,106.418465299928,68.8431022975349,86.368509512739,108.506472104146,67.3870490780653,86.2878300669549,110.704665967787,65.9996124999742,86.2524613283316,112.996239078904,64.6410171397068,86.2207248058936,115.338917451147,NA,NA,NA,NA,NA,NA,-1.92839889569037,-0.018813157949707,1.89077257979096,59704,59744,59784,"Insufficient Data","Stable",NA,"Low","Insufficient Data","Trend Inconclusive",NA,"Low"
"Delicate Prinia","Prinia lepida","delpri1","Passeriformes","Cisticolidae (Cisticolas and Allies)",NA,NA,NA,NA,"Diurnal","Diurnal","Invertebrate","No","No","No","Non-endemic","Grassland","Resident",NA,NA,NA,"Delicate Prinia","Prinia lepida","Graceful Prinia","Prinia gracilis","Not recognized","Schedule-II","","",NA,"Delicate Prinia","Prinia lepida","avibase-8C3D3992",1,2.27,2,0.280350119,771,"","","",NA,NA,NA,NA,NA,NA,NA,NA,NA,NA,NA,NA,NA,NA,NA,NA,NA,NA,NA,NA,NA,NA,NA,NA,NA,NA,NA,NA,NA,NA,NA,NA,NA,NA,NA,NA,NA,NA,NA,NA,NA,NA,NA,NA,NA,"Low",NA,NA,NA,NA
"Jungle Prinia","Prinia sylvatica","junpri1","Passeriformes","Cisticolidae (Cisticolas and Allies)",NA,NA,NA,NA,"Diurnal","Diurnal","Invertebrate","No","Yes","No","Indian Subcontinent","Forest","Resident",NA,NA,NA,"Jungle Prinia","Prinia sylvatica","Jungle Prinia","Prinia sylvatica","Least Concern","Schedule-II","","",NA,"Jungle Prinia","Prinia sylvatica","avibase-7939B436",1,2.72,4,0.969239343,772,"","X","X",172,0.0465116279069767,0.42296511627907,0.633720930232558,16.296511627907,0.866608818790961,192.192582858021,260.236431366742,352.051483307065,198.692824612366,279.697555755632,394.685350526586,205.225969301084,301.143511436419,442.675176382267,211.803569071434,324.41386022475,496.943800434135,218.693652467528,349.182843859353,558.019555358703,225.42768909182,376.085230815925,625.712587226523,232.231841846833,404.952301679995,703.308674360362,239.632667611814,435.840637418893,790.56116288921,NA,NA,NA,NA,NA,NA,3.69402068377716,10.7533473244439,17.8126739651106,118425,118425,118425,"Insufficient Data","Trend Inconclusive",NA,"Low","Insufficient Data","Trend Inconclusive",NA,"Low"
"Yellow-bellied Prinia","Prinia flaviventris","yebpri1","Passeriformes","Cisticolidae (Cisticolas and Allies)",NA,NA,NA,NA,"Diurnal","Diurnal","Invertebrate","No","No","No","Non-endemic","Wetland","Resident",NA,NA,NA,"Yellow-bellied Prinia","Prinia flaviventris","Yellow-bellied Prinia","Prinia flaviventris","Least Concern","Schedule-II","","",NA,"Yellow-bellied Prinia","Prinia flaviventris","avibase-3673189E",1,2.08,2,0.077192746,773,"","","",NA,NA,NA,NA,NA,NA,NA,NA,NA,NA,NA,NA,NA,NA,NA,NA,NA,NA,NA,NA,NA,NA,NA,NA,NA,NA,NA,NA,NA,NA,NA,NA,NA,NA,NA,NA,NA,NA,NA,NA,NA,NA,NA,NA,NA,"Low",NA,NA,NA,NA
"Ashy Prinia","Prinia socialis","ashpri1","Passeriformes","Cisticolidae (Cisticolas and Allies)",NA,NA,NA,NA,"Diurnal","Diurnal","Invertebrate","No","Yes","No","Indian Subcontinent","Non-specialized","Resident",NA,NA,NA,"Ashy Prinia","Prinia socialis","Ashy Prinia","Prinia socialis","Least Concern","Schedule-II","","",NA,"Ashy Prinia","Prinia socialis","avibase-0E6F19BB",1,2.25,3,0.910045805,774,"X","X","X",242,0.0867768595041322,0.637396694214876,0.818181818181818,15.1157024793388,0.74934351989694,96.6223707386887,111.656906435029,129.073121779182,96.2295330983674,113.440884540025,133.633379130505,95.8292761868732,115.207538343125,138.465556489646,95.3611432960783,117.034845707809,143.477079165662,94.8673987238996,118.879020166063,148.643293995521,94.3869105291076,120.719040329184,154.039652029579,93.9385460109154,122.554505222312,159.748225780537,93.4658909806498,124.452529167207,165.665587202515,NA,NA,NA,155.745041038641,208.819166560747,280.745361027026,-2.14297566948609,4.66371026846391,11.4703962064139,141722,141730,141738,"Rapid Increase","Trend Inconclusive",NA,"Low","Rapid Increase","Trend Inconclusive",NA,"Low"
"Plain Prinia","Prinia inornata","plapri1","Passeriformes","Cisticolidae (Cisticolas and Allies)",NA,NA,NA,NA,"Diurnal","Diurnal","Invertebrate","No","No","No","Non-endemic","Non-specialized","Resident",NA,NA,NA,"Plain Prinia","Prinia inornata","Plain Prinia","Prinia inornata","Least Concern","Schedule-II","","",NA,"Plain Prinia","Prinia inornata","avibase-465145E5",1,2.06,4,0.392040692,775,"","X","X",230,0.0434782608695652,0.615217391304348,0.795652173913043,15.5478260869565,0.725725361189549,71.9581693166866,88.9136417214933,109.883748249197,68.5886322646722,87.1413832123807,110.857506918079,65.3307817818076,85.4812474279856,111.819287161204,62.1987395368312,83.8666381414531,112.898107820397,59.2074952105876,82.2670515950399,114.040610763003,56.3502602209561,80.6594729946117,115.200022557488,53.6255727387797,79.0120141768167,116.421965198797,51.0313916053485,77.4647707775762,117.721560106851,NA,NA,NA,NA,NA,NA,-4.8577765133543,-1.71423191043553,1.42931269248323,141564,141576,141588,"Insufficient Data","Trend Inconclusive",NA,"Low","Insufficient Data","Trend Inconclusive",NA,"Low"
"Zitting Cisticola","Cisticola juncidis","zitcis1","Passeriformes","Cisticolidae (Cisticolas and Allies)",NA,NA,NA,NA,"Diurnal","Diurnal","Invertebrate","No","No","No","Non-endemic","Open Habitat","Resident",NA,NA,NA,"Zitting Cisticola","Cisticola juncidis","Zitting Cisticola","Cisticola juncidis","Least Concern","Schedule-II","","",NA,"Zitting Cisticola","Cisticola juncidis","avibase-AEE2063F",1,2.06,3,0.152186955,776,"","X","X",188,0.0478723404255319,0.464760638297872,0.664893617021277,16.4148936170213,0.781254888893228,67.4925105698304,87.1671816717166,112.329752666737,66.5242819001609,88.8775537646006,118.425225739647,65.492031620737,90.6292742072475,125.011832081237,64.4513422781197,92.3896642282357,132.062678957571,63.3866479968472,94.276163351095,139.483703851244,62.3519575364738,96.0800935025061,147.389042266501,61.3129558905006,97.873369814405,155.807023231879,60.3021155936098,99.7830931866038,164.791576563897,NA,NA,NA,NA,NA,NA,-1.65466772074095,1.19441195478094,4.04349163030283,127359,127396,127433,"Insufficient Data","Trend Inconclusive",NA,"Low","Insufficient Data","Trend Inconclusive",NA,"Low"
"Golden-headed Cisticola","Cisticola exilis","gohcis1","Passeriformes","Cisticolidae (Cisticolas and Allies)",NA,NA,NA,NA,"Diurnal","Diurnal","Invertebrate","No","No","No","Non-endemic","Grassland","Resident",1,NA,NA,"Golden-headed Cisticola","Cisticola exilis","Golden-headed Cisticola","Cisticola exilis","Least Concern","Schedule-II","","",NA,"Golden-headed Cisticola","Cisticola exilis","avibase-7CB5F8B8",1,2.23,2,0.053345982,777,"","","",NA,NA,NA,NA,NA,NA,NA,NA,NA,NA,NA,NA,NA,NA,NA,NA,NA,NA,NA,NA,NA,NA,NA,NA,NA,NA,NA,NA,NA,NA,NA,NA,NA,NA,NA,NA,NA,NA,NA,NA,NA,NA,NA,NA,NA,"Low",NA,NA,NA,NA
"Thick-billed Warbler","Arundinax aedon","thbwar1","Passeriformes","Acrocephalidae (Reed Warblers and Allies)",NA,NA,NA,NA,"Diurnal","Diurnal","Invertebrate","No","No","No","Non-endemic","Non-specialized","Winter Migrant",NA,NA,NA,"Thick-billed Warbler","Arundinax aedon","Thick-billed Warbler","Arundinax aedon","Least Concern","Schedule-II","","Appendix II",NA,"Thick-billed Warbler","Arundinax aedon","avibase-213C212A",1,3.12,2,0.129523363,778,"","","X",35,0.142857142857143,0.328571428571429,0.457142857142857,17.1142857142857,2.28512777349024,NA,NA,NA,NA,NA,NA,NA,NA,NA,NA,NA,NA,NA,NA,NA,NA,NA,NA,NA,NA,NA,NA,NA,NA,NA,NA,NA,NA,NA,NA,NA,NA,NA,20048,20048,20048,"Insufficient Data","Insufficient Data",NA,"Low","Insufficient Data","Insufficient Data",NA,"Low"
"Booted Warbler","Iduna caligata","boowar1","Passeriformes","Acrocephalidae (Reed Warblers and Allies)",NA,NA,NA,NA,"24 hour","Diurnal","Invertebrate","No","No","No","Non-endemic","Open Habitat","Winter Migrant",NA,NA,NA,"Booted Warbler","Iduna caligata","Booted Warbler","Iduna caligata","Least Concern","Schedule-II","","Appendix II",NA,"Booted Warbler","Iduna caligata","avibase-1A6C6F17",1,2.26,1,0.148387934,779,"","X","X",190,0.0263157894736842,0.442105263157895,0.647368421052632,16.3421052631579,0.805613785479921,148.533350794955,208.103859179419,289.934844264363,146.469780789759,214.307763078481,312.679796366495,144.44877820116,220.871578804613,336.87715728927,142.144916282346,227.685102619568,363.489477128345,139.951924126485,234.777428005967,392.715019537698,137.568537392097,242.102150428568,424.225216638324,135.24956647692,249.535421984849,458.121862703328,132.860667987671,256.93687507267,495.50501592878,NA,NA,NA,NA,NA,NA,-5.05686534205939,3.94947276298289,12.9558108680252,118271,118327,118383,"Insufficient Data","Trend Inconclusive",NA,"Low","Insufficient Data","Trend Inconclusive",NA,"Low"
"Sykes's Warbler","Iduna rama","sykwar2","Passeriformes","Acrocephalidae (Reed Warblers and Allies)",NA,NA,NA,NA,"24 hour","Diurnal","Invertebrate","No","No","No","Non-endemic","Forest & Plantation","Winter Migrant",NA,NA,NA,"Sykes's Warbler","Iduna rama","Sykes's Warbler","Iduna rama","Least Concern","Schedule-II","","Appendix II",NA,"Sykes's Warbler","Iduna rama","avibase-A8242804",1,2.28,1,0.300901151,780,"","","",NA,NA,NA,NA,NA,NA,NA,NA,NA,NA,NA,NA,NA,NA,NA,NA,NA,NA,NA,NA,NA,NA,NA,NA,NA,NA,NA,NA,NA,NA,NA,NA,NA,NA,NA,NA,NA,NA,NA,NA,NA,NA,NA,NA,NA,NA,NA,NA,NA,NA
"Icterine Warbler","Hippolais icterina","ictwar1","Passeriformes","Acrocephalidae (Reed Warblers and Allies)",NA,NA,NA,NA,"Diurnal","Diurnal","Invertebrate","No","No","No","Non-endemic","Forest & Plantation","Uncertain",NA,1,NA,"Icterine Warbler","Hippolais icterina","Icterine Warbler","Hippolais icterina","Least Concern","Recent addition","","Appendix II",NA,"Icterine Warbler","Hippolais icterina","avibase-869C978C",NA,2.75,1,NA,781,"","","",NA,NA,NA,NA,NA,NA,NA,NA,NA,NA,NA,NA,NA,NA,NA,NA,NA,NA,NA,NA,NA,NA,NA,NA,NA,NA,NA,NA,NA,NA,NA,NA,NA,NA,NA,NA,NA,NA,NA,NA,NA,NA,NA,NA,NA,NA,NA,NA,NA,NA
"Black-browed Reed Warbler","Acrocephalus bistrigiceps","bbrwar1","Passeriformes","Acrocephalidae (Reed Warblers and Allies)",NA,NA,NA,NA,"24 hour","Diurnal","Invertebrate","No","No","No","Non-endemic","Wetland","Winter Migrant",NA,NA,NA,"Black-browed Reed Warbler","Acrocephalus bistrigiceps","Black-browed Reed-warbler","Acrocephalus bistrigiceps","Least Concern","Schedule-II","","Appendix II",NA,"Black-browed Reed Warbler","Acrocephalus bistrigiceps","avibase-1DB9A114",1,2.67,1,0.027595388,782,"","","",NA,NA,NA,NA,NA,NA,NA,NA,NA,NA,NA,NA,NA,NA,NA,NA,NA,NA,NA,NA,NA,NA,NA,NA,NA,NA,NA,NA,NA,NA,NA,NA,NA,NA,NA,NA,NA,NA,NA,NA,NA,NA,NA,NA,NA,NA,NA,NA,NA,NA
"Moustached Warbler","Acrocephalus melanopogon","mouwar1","Passeriformes","Acrocephalidae (Reed Warblers and Allies)",NA,NA,NA,NA,"Diurnal","Diurnal","Invertebrate","No","No","No","Non-endemic","Wetland","Winter Migrant",NA,NA,NA,"Moustached Warbler","Acrocephalus melanopogon","Moustached Warbler","Acrocephalus melanopogon","Least Concern","Schedule-II","","Appendix II",NA,"Moustached Warbler","Acrocephalus melanopogon","avibase-E1559C49",1,2.81,1,0.055221543,783,"","","",NA,NA,NA,NA,NA,NA,NA,NA,NA,NA,NA,NA,NA,NA,NA,NA,NA,NA,NA,NA,NA,NA,NA,NA,NA,NA,NA,NA,NA,NA,NA,NA,NA,NA,NA,NA,NA,NA,NA,NA,NA,NA,NA,NA,NA,NA,NA,NA,NA,NA
"Sedge Warbler","Acrocephalus schoenobaenus","sedwar1","Passeriformes","Acrocephalidae (Reed Warblers and Allies)",NA,NA,NA,NA,"24 hour","Diurnal","Invertebrate","No","No","No","Non-endemic","Non-specialized","Uncertain",NA,1,NA,"Sedge Warbler","Acrocephalus schoenobaenus","Sedge Warbler","Acrocephalus schoenobaenus","Least Concern","Schedule-II","","Appendix II",NA,"Sedge Warbler","Acrocephalus schoenobaenus","avibase-FED5AED5",NA,2.92,1,NA,784,"","","",NA,NA,NA,NA,NA,NA,NA,NA,NA,NA,NA,NA,NA,NA,NA,NA,NA,NA,NA,NA,NA,NA,NA,NA,NA,NA,NA,NA,NA,NA,NA,NA,NA,NA,NA,NA,NA,NA,NA,NA,NA,NA,NA,NA,NA,NA,NA,NA,NA,NA
"Paddyfield Warbler","Acrocephalus agricola","padwar1","Passeriformes","Acrocephalidae (Reed Warblers and Allies)",NA,NA,NA,NA,"Diurnal","No information","Invertebrate","No","No","No","Non-endemic","Wetland","Winter Migrant",NA,NA,NA,"Paddyfield Warbler","Acrocephalus agricola","Paddyfield Warbler","Acrocephalus agricola","Least Concern","Schedule-II","","Appendix II",NA,"Paddyfield Warbler","Acrocephalus agricola","avibase-781FE53F",1,2.65,1,0.126830206,785,"","","X",38,0.0789473684210526,0.200657894736842,0.210526315789474,19.2631578947368,1.59008649270367,NA,NA,NA,NA,NA,NA,NA,NA,NA,NA,NA,NA,NA,NA,NA,NA,NA,NA,NA,NA,NA,NA,NA,NA,NA,NA,NA,NA,NA,NA,NA,NA,NA,29297,29447,29597,"Insufficient Data","Insufficient Data",NA,"Low","Insufficient Data","Insufficient Data",NA,"Low"
"Blunt-winged Warbler","Acrocephalus concinens","blwwar1","Passeriformes","Acrocephalidae (Reed Warblers and Allies)",NA,NA,NA,NA,"Diurnal","Diurnal","Invertebrate","No","No","No","Non-endemic","Wetland","Winter Migrant & Localized Summer Migrant",NA,NA,NA,"Blunt-winged Warbler","Acrocephalus concinens","Blunt-winged Warbler","Acrocephalus concinens","Least Concern","Schedule-II","","Appendix II",NA,"Blunt-winged Warbler","Acrocephalus concinens","avibase-F084CA99",1,2.61,2,0.075819108,786,"","","",NA,NA,NA,NA,NA,NA,NA,NA,NA,NA,NA,NA,NA,NA,NA,NA,NA,NA,NA,NA,NA,NA,NA,NA,NA,NA,NA,NA,NA,NA,NA,NA,NA,NA,NA,NA,NA,NA,NA,NA,NA,NA,NA,NA,NA,NA,NA,NA,NA,NA
"Blyth's Reed Warbler","Acrocephalus dumetorum","blrwar1","Passeriformes","Acrocephalidae (Reed Warblers and Allies)",NA,NA,NA,NA,"24 hour","Diurnal","Invertebrate","No","No","No","Non-endemic","Non-specialized","Winter Migrant",NA,NA,NA,"Blyth's Reed Warbler","Acrocephalus dumetorum","Blyth's Reed-warbler","Acrocephalus dumetorum","Least Concern","Schedule-II","","Appendix II",NA,"Blyth's Reed Warbler","Acrocephalus dumetorum","avibase-B22EAFC8",1,2.44,1,0.124048395,787,"X","X","X",242,0.111570247933884,0.596590909090909,0.768595041322314,14.8677685950413,0.788534212810052,40.095260410923,50.6120745215722,63.905897221491,36.5857149596421,47.6188534599398,62.0074374313312,33.3449910329532,44.7964671439152,60.2164153111171,30.3611757821915,42.1276160872184,58.5314761376258,27.6299299334827,39.6272205437123,56.8933667581827,25.1577985050994,37.2663630413015,55.3200754569751,22.9064456951058,35.0547429819248,53.8224424182468,20.8260912138892,32.9771264512268,52.3652668033114,NA,NA,NA,-39.8786853918733,-32.1921784501272,-23.1254718700699,-8.93819069980623,-5.68987195457764,-2.44155320934906,142003,142020,142037,"Trend Inconclusive","Trend Inconclusive",NA,"Low","Trend Inconclusive","Decline",NA,"Moderate"
"Large-billed Reed Warbler","Acrocephalus orinus","labrew1","Passeriformes","Acrocephalidae (Reed Warblers and Allies)",NA,NA,NA,NA,"Diurnal","Diurnal","Invertebrate","No","No","No","Non-endemic","Wetland","Uncertain",NA,1,NA,"Large-billed Reed Warbler","Acrocephalus orinus","Large-billed Reed-warbler","Acrocephalus orinus","Least Concern","Schedule-II","","Appendix II",NA,"Large-billed Reed Warbler","Acrocephalus orinus","avibase-6A9ED1BF",NA,3.45,1,0.482689023,788,"","","",NA,NA,NA,NA,NA,NA,NA,NA,NA,NA,NA,NA,NA,NA,NA,NA,NA,NA,NA,NA,NA,NA,NA,NA,NA,NA,NA,NA,NA,NA,NA,NA,NA,NA,NA,NA,NA,NA,NA,NA,NA,NA,NA,NA,NA,NA,NA,NA,NA,NA
"Great Reed Warbler","Acrocephalus arundinaceus","grrwar1","Passeriformes","Acrocephalidae (Reed Warblers and Allies)",NA,NA,NA,NA,"24 hour","Diurnal","Invertebrate","No","No","No","Non-endemic","Wetland","Uncertain",NA,1,NA,"Great Reed Warbler","Acrocephalus arundinaceus","Great Reed-warbler","Acrocephalus arundinaceus","Least Concern","Schedule-II","","Appendix II",NA,"Great Reed Warbler","Acrocephalus arundinaceus","avibase-B283E332",NA,2.62,1,NA,789,"","","",NA,NA,NA,NA,NA,NA,NA,NA,NA,NA,NA,NA,NA,NA,NA,NA,NA,NA,NA,NA,NA,NA,NA,NA,NA,NA,NA,NA,NA,NA,NA,NA,NA,NA,NA,NA,NA,NA,NA,NA,NA,NA,NA,NA,NA,NA,NA,NA,NA,NA
"Oriental Reed Warbler","Acrocephalus orientalis","orrwar1","Passeriformes","Acrocephalidae (Reed Warblers and Allies)",NA,NA,NA,NA,"24 hour","Diurnal","Invertebrate","No","No","No","Non-endemic","Wetland","Winter Migrant",NA,NA,NA,"Oriental Reed Warbler","Acrocephalus orientalis","Oriental Reed-warbler","Acrocephalus orientalis","Least Concern","Schedule-II","","Appendix II",NA,"Oriental Reed Warbler","Acrocephalus orientalis","avibase-9A6953ED",1,3.61,1,0.011646833,790,"","","",NA,NA,NA,NA,NA,NA,NA,NA,NA,NA,NA,NA,NA,NA,NA,NA,NA,NA,NA,NA,NA,NA,NA,NA,NA,NA,NA,NA,NA,NA,NA,NA,NA,NA,NA,NA,NA,NA,NA,NA,NA,NA,NA,NA,NA,NA,NA,NA,NA,NA
"Clamorous Reed Warbler","Acrocephalus stentoreus","clrwar1","Passeriformes","Acrocephalidae (Reed Warblers and Allies)",NA,NA,NA,NA,"24 hour","Diurnal","Invertebrate","No","No","No","Non-endemic","Wetland","Resident & Winter Migrant",NA,NA,NA,"Clamorous Reed Warbler","Acrocephalus stentoreus","Clamorous Reed-warbler","Acrocephalus stentoreus","Least Concern","Schedule-II","","Appendix II",NA,"Clamorous Reed Warbler","Acrocephalus stentoreus","avibase-D793DF5A",1,2.87,3,0.325418067,791,"","X","X",137,0.0291970802919708,0.382299270072993,0.503649635036496,17.4233576642336,0.897808890377315,58.2232808770032,68.1830262485291,79.5426778592752,54.5262164738103,65.1499323899995,77.5645098590852,51.1086632260743,62.2974475894635,75.6821942772464,47.7268518530921,59.540871366503,73.8925673024523,44.5700383272669,56.9138787250792,72.125050442149,41.7206741493811,54.3699306983634,70.4345496219589,39.0379058102332,51.9036085256505,68.818909213583,36.5129569159866,49.5345864709254,67.2155499259567,NA,NA,NA,NA,NA,NA,-6.15322424648136,-3.90919763452439,-1.66517102256742,79566,79671,79776,"Insufficient Data","Decline",NA,"Low","Insufficient Data","Trend Inconclusive",NA,"Low"
"Pallas's Grasshopper Warbler","Helopsaltes certhiola","pagwar1","Passeriformes","Locustellidae (Grassbirds and Allies)",NA,NA,NA,NA,"Diurnal","Diurnal","Invertebrate","No","No","No","Non-endemic","Wetland","Winter Migrant",1,NA,NA,"Rusty-rumped Warbler","Helopsaltes certhiola","Pallas's Grasshopper-warbler","Helopsaltes certhiola","Least Concern","Schedule-II","","Appendix II",NA,"Pallas's Grasshopper Warbler","Helopsaltes certhiola","avibase-4C3CF429",1,2.68,3,0.009794445,792,"","","X",1,NA,1,1,20,NA,NA,NA,NA,NA,NA,NA,NA,NA,NA,NA,NA,NA,NA,NA,NA,NA,NA,NA,NA,NA,NA,NA,NA,NA,NA,NA,NA,NA,NA,NA,NA,NA,NA,2242,2242,2242,"Insufficient Data","Insufficient Data",NA,"Moderate","Insufficient Data","Insufficient Data",NA,"Moderate"
"Lanceolated Warbler","Locustella lanceolata","lanwar","Passeriformes","Locustellidae (Grassbirds and Allies)",NA,NA,NA,NA,"24 hour","Diurnal","Invertebrate","No","No","No","Non-endemic","Wetland","Winter Migrant",NA,NA,NA,"Lanceolated Warbler","Locustella lanceolata","Lanceolated Warbler","Locustella lanceolata","Least Concern","Schedule-II","","Appendix II",NA,"Lanceolated Warbler","Locustella lanceolata","avibase-10A37318",1,2.35,1,0.01653538,793,"","","",NA,NA,NA,NA,NA,NA,NA,NA,NA,NA,NA,NA,NA,NA,NA,NA,NA,NA,NA,NA,NA,NA,NA,NA,NA,NA,NA,NA,NA,NA,NA,NA,NA,NA,NA,NA,NA,NA,NA,NA,NA,NA,NA,NA,NA,NA,NA,NA,NA,NA
"Brown Bush Warbler","Locustella luteoventris","brbwar2","Passeriformes","Locustellidae (Grassbirds and Allies)",NA,NA,NA,NA,"Diurnal","Diurnal","Invertebrate","No","No","No","Non-endemic","Grassland & Scrub","Summer Migrant",NA,NA,NA,"Brown Bush Warbler","Locustella luteoventris","Brown Grasshopper-warbler","Locustella luteoventris","Least Concern","Schedule-II","","",NA,"Brown Bush Warbler","Locustella luteoventris","avibase-79094AD6",1,2.4,1,0.051581669,794,"","","",NA,NA,NA,NA,NA,NA,NA,NA,NA,NA,NA,NA,NA,NA,NA,NA,NA,NA,NA,NA,NA,NA,NA,NA,NA,NA,NA,NA,NA,NA,NA,NA,NA,NA,NA,NA,NA,NA,NA,NA,NA,NA,NA,NA,NA,NA,NA,NA,NA,NA
"Common Grasshopper Warbler","Locustella naevia","cogwar1","Passeriformes","Locustellidae (Grassbirds and Allies)",NA,NA,NA,NA,"24 hour","Diurnal","Invertebrate","No","No","No","Non-endemic","Grassland & Scrub","Winter Migrant",NA,1,NA,"Grasshopper Warbler","Locustella naevia","Common Grasshopper-warbler","Locustella naevia","Least Concern","Schedule-II","","Appendix II",NA,"Common Grasshopper Warbler","Locustella naevia","avibase-BC0E4C9F",1,2.32,2,0.02217601,795,"","","",NA,NA,NA,NA,NA,NA,NA,NA,NA,NA,NA,NA,NA,NA,NA,NA,NA,NA,NA,NA,NA,NA,NA,NA,NA,NA,NA,NA,NA,NA,NA,NA,NA,NA,NA,NA,NA,NA,NA,NA,NA,NA,NA,NA,NA,NA,NA,NA,NA,NA
"Long-billed Bush Warbler","Locustella major","lbbwar1","Passeriformes","Locustellidae (Grassbirds and Allies)",NA,NA,NA,NA,"Diurnal","Diurnal","Invertebrate","No","No","No","Non-endemic","Grassland & Scrub","Summer Migrant",1,NA,NA,"Long-billed Bush Warbler","Locustella major","Long-billed Grasshopper-warbler","Locustella major","Endangered","Schedule-II","","Appendix II",NA,"Long-billed Bush Warbler","Locustella major","avibase-0EB857AC",1,2.36,1,0.226104599,796,"","","",NA,NA,NA,NA,NA,NA,NA,NA,NA,NA,NA,NA,NA,NA,NA,NA,NA,NA,NA,NA,NA,NA,NA,NA,NA,NA,NA,NA,NA,NA,NA,NA,NA,NA,NA,NA,NA,NA,NA,NA,NA,NA,NA,NA,NA,"High",NA,NA,NA,NA
"Chinese Bush Warbler","Locustella tacsanowskia","chbwar1","Passeriformes","Locustellidae (Grassbirds and Allies)",NA,NA,NA,NA,"24 hour","Diurnal","Invertebrate","No","No","No","Non-endemic","Wetland","Uncertain",NA,1,NA,"Chinese Bush Warbler","Locustella tacsanowskia","Chinese Grasshopper-warbler","Locustella tacsanowskia","Least Concern","Schedule-II","","Appendix II",NA,"Chinese Bush Warbler","Locustella tacsanowskia","avibase-AD2C0444",NA,2.41,1,0.023620412,797,"","","",NA,NA,NA,NA,NA,NA,NA,NA,NA,NA,NA,NA,NA,NA,NA,NA,NA,NA,NA,NA,NA,NA,NA,NA,NA,NA,NA,NA,NA,NA,NA,NA,NA,NA,NA,NA,NA,NA,NA,NA,NA,NA,NA,NA,NA,NA,NA,NA,NA,NA
"Baikal Bush Warbler","Locustella davidi","spobuw1","Passeriformes","Locustellidae (Grassbirds and Allies)",NA,NA,NA,NA,"24 hour","Diurnal","Invertebrate","No","No","No","Non-endemic","Wetland","Winter Migrant",NA,NA,NA,"Baikal Bush Warbler","Locustella davidi","Baikal Grasshopper-warbler","Locustella davidi","Least Concern","Schedule-II","","Appendix II",NA,"Baikal Bush Warbler","Locustella davidi","avibase-A3DA71AE",1,2.25,1,0.033797915,798,"","","",NA,NA,NA,NA,NA,NA,NA,NA,NA,NA,NA,NA,NA,NA,NA,NA,NA,NA,NA,NA,NA,NA,NA,NA,NA,NA,NA,NA,NA,NA,NA,NA,NA,NA,NA,NA,NA,NA,NA,NA,NA,NA,NA,NA,NA,NA,NA,NA,NA,NA
"West Himalayan Bush Warbler","Locustella kashmirensis","spobuw2","Passeriformes","Locustellidae (Grassbirds and Allies)",NA,NA,NA,NA,"Diurnal","Diurnal","Invertebrate","No","No","Yes","Western Himalayas","Grassland & Scrub","Within-India Migrant",NA,NA,NA,"West Himalayan Bush Warbler","Locustella kashmirensis","Himalayan Grasshopper-warbler","Locustella kashmirensis","Least Concern","Schedule-I","","Appendix II",NA,"West Himalayan Bush Warbler","Locustella kashmirensis","avibase-6F6DA65C",1,2.39,1,1,799,"","","",NA,NA,NA,NA,NA,NA,NA,NA,NA,NA,NA,NA,NA,NA,NA,NA,NA,NA,NA,NA,NA,NA,NA,NA,NA,NA,NA,NA,NA,NA,NA,NA,NA,NA,NA,NA,NA,NA,NA,NA,NA,NA,NA,NA,NA,"Moderate",NA,NA,NA,NA
"Spotted Bush Warbler","Locustella thoracica","spobuw3","Passeriformes","Locustellidae (Grassbirds and Allies)",NA,NA,NA,NA,"Diurnal","Diurnal","Invertebrate","No","No","No","Non-endemic","Open Habitat","Local Migrant & Winter Migrant",NA,NA,NA,"Spotted Bush Warbler","Locustella thoracica","Spotted Grasshopper-warbler","Locustella thoracica","Least Concern","Schedule-II","","Appendix II",NA,"Spotted Bush Warbler","Locustella thoracica","avibase-21589EE3",1,2.25,1,0.149094153,800,"","","",NA,NA,NA,NA,NA,NA,NA,NA,NA,NA,NA,NA,NA,NA,NA,NA,NA,NA,NA,NA,NA,NA,NA,NA,NA,NA,NA,NA,NA,NA,NA,NA,NA,NA,NA,NA,NA,NA,NA,NA,NA,NA,NA,NA,NA,NA,NA,NA,NA,NA
"Russet Bush Warbler","Locustella mandelli","rubwar1","Passeriformes","Locustellidae (Grassbirds and Allies)",NA,NA,NA,NA,"Diurnal","Diurnal","Invertebrate","No","No","No","Non-endemic","Grassland & Scrub","Summer Migrant & Localized Winter Migrant",NA,NA,NA,"Russet Bush Warbler","Locustella mandelli","Russet Grasshopper-warbler","Locustella mandelli","Least Concern","Schedule-II","","Appendix II",NA,"Russet Bush Warbler","Locustella mandelli","avibase-9D31EB97",1,2.25,1,0.068187154,801,"","","",NA,NA,NA,NA,NA,NA,NA,NA,NA,NA,NA,NA,NA,NA,NA,NA,NA,NA,NA,NA,NA,NA,NA,NA,NA,NA,NA,NA,NA,NA,NA,NA,NA,NA,NA,NA,NA,NA,NA,NA,NA,NA,NA,NA,NA,NA,NA,NA,NA,NA
"Broad-tailed Grassbird","Schoenicola platyurus","brtgra2","Passeriformes","Locustellidae (Grassbirds and Allies)",NA,NA,NA,NA,"Diurnal","Diurnal","Invertebrate","Yes","Yes","No","Western Ghats","Grassland & Scrub","Resident & Local Migrant",NA,NA,NA,"Broad-tailed Grassbird","Schoenicola platyurus","Broad-tailed Grassbird","Schoenicola platyurus","Near Threatened","Schedule-I","","",NA,"Broad-tailed Grassbird","Schoenicola platyurus","avibase-63CBD04F",1,2.96,1,1,802,"","","X",8,0.125,0.229166666666667,0.375,17.375,4.44389750106818,NA,NA,NA,NA,NA,NA,NA,NA,NA,NA,NA,NA,NA,NA,NA,NA,NA,NA,NA,NA,NA,NA,NA,NA,NA,NA,NA,NA,NA,NA,NA,NA,NA,4297,4297,4297,"Insufficient Data","Insufficient Data",NA,"Moderate","Insufficient Data","Insufficient Data",NA,"High"
"Bristled Grassbird","Schoenicola striatus","brigra2","Passeriformes","Locustellidae (Grassbirds and Allies)",NA,NA,NA,NA,"Diurnal","Diurnal","Invertebrate","No","Yes","No","Indian Subcontinent","Grassland","Within-India Migrant",NA,NA,NA,"Bristled Grassbird","Schoenicola striatus","Bristled Grassbird","Schoenicola striatus","Vulnerable","Schedule-I","","Appendix II",NA,"Bristled Grassbird","Schoenicola striatus","avibase-F0EECB8B",1,3.12,1,0.929670139,803,"","","",NA,NA,NA,NA,NA,NA,NA,NA,NA,NA,NA,NA,NA,NA,NA,NA,NA,NA,NA,NA,NA,NA,NA,NA,NA,NA,NA,NA,NA,NA,NA,NA,NA,NA,NA,NA,NA,NA,NA,NA,NA,NA,NA,NA,NA,"High",NA,NA,NA,NA
"Striated Grassbird","Megalurus palustris","strgra1","Passeriformes","Locustellidae (Grassbirds and Allies)",NA,NA,NA,NA,"Diurnal","Diurnal","Invertebrate","No","No","No","Non-endemic","Open Habitat","Resident",NA,NA,NA,"Striated Grassbird","Megalurus palustris","Striated Grassbird","Megalurus palustris","Least Concern","Schedule-II","","",NA,"Striated Grassbird","Megalurus palustris","avibase-CE6A2FED",1,3.58,1,0.377076102,804,"","","",NA,NA,NA,NA,NA,NA,NA,NA,NA,NA,NA,NA,NA,NA,NA,NA,NA,NA,NA,NA,NA,NA,NA,NA,NA,NA,NA,NA,NA,NA,NA,NA,NA,NA,NA,NA,NA,NA,NA,NA,NA,NA,NA,NA,NA,"Low",NA,NA,NA,NA
"Scaly-breasted Cupwing","Pnoepyga albiventer","scbcup3","Passeriformes","Pnoepygidae (Cupwings)",NA,NA,NA,NA,"Diurnal","Diurnal","Omnivore","No","No","No","Non-endemic","Forest","Resident & Altitudinal Migrant",NA,NA,NA,"Scaly-breasted Cupwing","Pnoepyga albiventer","Scaly-breasted Cupwing","Pnoepyga albiventer","Least Concern","Schedule-II","","",NA,"Scaly-breasted Cupwing","Pnoepyga albiventer","avibase-8E94E596",1,2.95,2,0.330890965,805,"","","",NA,NA,NA,NA,NA,NA,NA,NA,NA,NA,NA,NA,NA,NA,NA,NA,NA,NA,NA,NA,NA,NA,NA,NA,NA,NA,NA,NA,NA,NA,NA,NA,NA,NA,NA,NA,NA,NA,NA,NA,NA,NA,NA,NA,NA,"Low",NA,NA,NA,NA
"Immaculate Cupwing","Pnoepyga immaculata","immwrb1","Passeriformes","Pnoepygidae (Cupwings)",NA,NA,NA,NA,"Diurnal","Diurnal","Invertebrate","No","No","Yes","Himalayas","Forest","Resident & Altitudinal Migrant",NA,NA,NA,"Immaculate Cupwing","Pnoepyga immaculata","Nepal Cupwing","Pnoepyga immaculata","Least Concern","Schedule-II","","",NA,"Nepal Cupwing","Pnoepyga immaculata","avibase-F2E7531F",1,3.07,1,0.335666623,806,"","","",NA,NA,NA,NA,NA,NA,NA,NA,NA,NA,NA,NA,NA,NA,NA,NA,NA,NA,NA,NA,NA,NA,NA,NA,NA,NA,NA,NA,NA,NA,NA,NA,NA,NA,NA,NA,NA,NA,NA,NA,NA,NA,NA,NA,NA,"Moderate",NA,NA,NA,NA
"Pygmy Cupwing","Pnoepyga pusilla","pywbab1","Passeriformes","Pnoepygidae (Cupwings)",NA,NA,NA,NA,"Diurnal","Diurnal","Invertebrate","No","No","No","Non-endemic","Forest","Resident & Altitudinal Migrant",NA,NA,NA,"Pygmy Cupwing","Pnoepyga pusilla","Pygmy Cupwing","Pnoepyga pusilla","Least Concern","Schedule-II","","",NA,"Pygmy Cupwing","Pnoepyga pusilla","avibase-EBDB2EF8",1,2.66,1,0.05931293,807,"","","",NA,NA,NA,NA,NA,NA,NA,NA,NA,NA,NA,NA,NA,NA,NA,NA,NA,NA,NA,NA,NA,NA,NA,NA,NA,NA,NA,NA,NA,NA,NA,NA,NA,NA,NA,NA,NA,NA,NA,NA,NA,NA,NA,NA,NA,"Low",NA,NA,NA,NA
"Gray-throated Martin","Riparia chinensis","gytmar1","Passeriformes","Hirundinidae (Swallows)",NA,NA,NA,NA,"Diurnal","Diurnal","Invertebrate","No","No","No","Non-endemic","Wetland","Resident",NA,NA,NA,"Grey-throated Martin","Riparia chinensis","Asian Plain Martin","Riparia chinensis","Least Concern","Schedule-II","","",NA,"Grey-throated Martin","Riparia chinensis","avibase-D0222DB9",1,2.53,1,0.347751923,808,"","","",NA,NA,NA,NA,NA,NA,NA,NA,NA,NA,NA,NA,NA,NA,NA,NA,NA,NA,NA,NA,NA,NA,NA,NA,NA,NA,NA,NA,NA,NA,NA,NA,NA,NA,NA,NA,NA,NA,NA,NA,NA,NA,NA,NA,NA,"Low",NA,NA,NA,NA
"Bank Swallow","Riparia riparia","banswa","Passeriformes","Hirundinidae (Swallows)",NA,NA,NA,NA,"Diurnal","Diurnal","Invertebrate","No","No","No","Non-endemic","Wetland","Winter Migrant",NA,NA,NA,"Sand Martin","Riparia riparia","Collared Sand Martin","Riparia riparia","Least Concern","Schedule-II","","",NA,"Sand Martin","Riparia riparia","avibase-94A1C447",1,2.6,2,0.00238263,809,"","","X",3,0.333333333333333,0.666666666666667,NA,23.6666666666667,1.72855752322887,NA,NA,NA,NA,NA,NA,NA,NA,NA,NA,NA,NA,NA,NA,NA,NA,NA,NA,NA,NA,NA,NA,NA,NA,NA,NA,NA,NA,NA,NA,NA,NA,NA,1776,1831,1886,"Insufficient Data","Insufficient Data",NA,"Low","Insufficient Data","Insufficient Data",NA,"Low"
"Pale Martin","Riparia diluta","pasmar1","Passeriformes","Hirundinidae (Swallows)",NA,NA,NA,NA,"Diurnal","Diurnal","Invertebrate","No","No","No","Non-endemic","Wetland","Resident & Winter Migrant",NA,NA,NA,"Pale Martin","Riparia diluta","Pale Sand Martin","Riparia diluta","Least Concern","Schedule-II","","",NA,"Pale Martin","Riparia diluta","avibase-A9A9E1D1",1,2.84,3,0.079254268,810,"","","",NA,NA,NA,NA,NA,NA,NA,NA,NA,NA,NA,NA,NA,NA,NA,NA,NA,NA,NA,NA,NA,NA,NA,NA,NA,NA,NA,NA,NA,NA,NA,NA,NA,NA,NA,NA,NA,NA,NA,NA,NA,NA,NA,NA,NA,NA,NA,NA,NA,NA
"Eurasian Crag-Martin","Ptyonoprogne rupestris","eurcrm1","Passeriformes","Hirundinidae (Swallows)",NA,NA,NA,NA,"Diurnal","Diurnal","Invertebrate","No","No","No","Non-endemic","Alpine & Cold Desert","Summer Migrant & Winter Migrant",NA,NA,NA,"Eurasian Crag-Martin","Ptyonoprogne rupestris","Eurasian Crag Martin","Ptyonoprogne rupestris","Least Concern","Schedule-II","","",NA,"Eurasian Crag Martin","Ptyonoprogne rupestris","avibase-6F2AF9D0",1,2.9,1,0.084754675,811,"","","",NA,NA,NA,NA,NA,NA,NA,NA,NA,NA,NA,NA,NA,NA,NA,NA,NA,NA,NA,NA,NA,NA,NA,NA,NA,NA,NA,NA,NA,NA,NA,NA,NA,NA,NA,NA,NA,NA,NA,NA,NA,NA,NA,NA,NA,"Moderate",NA,NA,NA,NA
"Dusky Crag-Martin","Ptyonoprogne concolor","duscrm1","Passeriformes","Hirundinidae (Swallows)",NA,NA,NA,NA,"Diurnal","Diurnal","Invertebrate","No","No","No","Non-endemic","Non-specialized","Resident",NA,NA,NA,"Dusky Crag-Martin","Ptyonoprogne concolor","Dusky Crag Martin","Ptyonoprogne concolor","Least Concern","Schedule-II","","",NA,"Dusky Crag Martin","Ptyonoprogne concolor","avibase-1DF380FB",1,2.68,1,0.800269483,812,"","X","X",73,0.150684931506849,0.386986301369863,0.589041095890411,16.6438356164384,1.47353581143364,77.1949071173007,95.7104146680243,118.777567010884,74.6681798077609,95.2427773723288,121.6429002213,72.1464899085307,94.6982325639331,124.832009297242,69.5757438854002,94.1631817814347,128.124261784555,67.2828141505792,93.7327662079367,131.434384778348,64.8911485452495,93.359544641681,135.061299919481,62.6465929053564,92.969391940912,138.631054789097,60.4456456902593,92.5482401045673,142.383344604203,NA,NA,NA,NA,NA,NA,-3.40608962545965,-0.475958886968518,2.45417185152261,52374,52432,52490,"Insufficient Data","Trend Inconclusive",NA,"Low","Insufficient Data","Trend Inconclusive",NA,"Low"
"Hill Swallow","Hirundo domicola","pacswa3","Passeriformes","Hirundinidae (Swallows)",NA,NA,NA,NA,"Diurnal","Diurnal","Invertebrate","No","Yes","No","Western Ghats & Sri Lanka","Non-specialized","Resident",NA,NA,NA,"Hill Swallow","Hirundo domicola","Not at species rank","Hirundo javanica domicola","Not recognized","Schedule-II","","",NA,"Hill Swallow","Hirundo domicola","avibase-8FCDB881",1,2.76,1,NA,813,"","","X",31,0.32258064516129,0.588709677419355,0.741935483870968,17.1612903225806,2.53539951157919,NA,NA,NA,NA,NA,NA,NA,NA,NA,NA,NA,NA,NA,NA,NA,NA,NA,NA,NA,NA,NA,NA,NA,NA,NA,NA,NA,NA,NA,NA,NA,NA,NA,20502,20571,20640,"Insufficient Data","Insufficient Data",NA,"Moderate","Insufficient Data","Insufficient Data",NA,"Moderate"
"Pacific Swallow","Hirundo javanica","pacswa1","Passeriformes","Hirundinidae (Swallows)",NA,NA,NA,NA,"Diurnal","Diurnal","Invertebrate","No","No","No","Non-endemic","Non-specialized","Resident",NA,NA,1,"Pacific Swallow","Hirundo javanica","House Swallow","Hirundo javanica","Least Concern","Schedule-II","","",NA,"Pacific Swallow","Hirundo javanica","avibase-466C01C2",1,2.76,1,0.015485673,814,"","","",NA,NA,NA,NA,NA,NA,NA,NA,NA,NA,NA,NA,NA,NA,NA,NA,NA,NA,NA,NA,NA,NA,NA,NA,NA,NA,NA,NA,NA,NA,NA,NA,NA,NA,NA,NA,NA,NA,NA,NA,NA,NA,NA,NA,NA,NA,NA,NA,NA,NA
"Barn Swallow","Hirundo rustica","barswa","Passeriformes","Hirundinidae (Swallows)",NA,NA,NA,NA,"Diurnal","Diurnal","Invertebrate","No","No","No","Non-endemic","Non-specialized","Within-India Migrant & Winter Migrant",NA,NA,NA,"Barn Swallow","Hirundo rustica","Barn Swallow","Hirundo rustica","Least Concern","Schedule-II","","",NA,"Barn Swallow","Hirundo rustica","avibase-58C502EA",1,3.66,3,0.033352367,815,"X","X","X",254,0.133858267716535,0.644685039370079,0.795275590551181,14.5236220472441,0.785958646344681,40.4449173877538,49.0189972123029,59.3880078358888,37.4474505792134,46.563175720145,57.8719456683602,34.6548500634345,44.2305510283289,56.4117230719906,32.0630356863588,42.0050650241995,55.0022968433902,29.6576854433621,39.9126140992434,53.6727764081087,27.4136619580265,37.9099393300524,52.3770352298812,25.3398767651298,36.0071404075563,51.1127244773935,23.4187882423705,34.1994565879327,49.8947366179699,NA,NA,NA,-45.7750307629878,-39.3704891283997,-32.4480215685818,-6.69230209024309,-4.32665836848589,-1.96101464672868,143027,143040,143053,"Decline","Decline",NA,"Moderate","Trend Inconclusive","Decline",NA,"Moderate"
"Wire-tailed Swallow","Hirundo smithii","witswa1","Passeriformes","Hirundinidae (Swallows)",NA,NA,NA,NA,"Diurnal","Diurnal","Invertebrate","No","No","No","Non-endemic","Non-specialized","Resident",NA,NA,NA,"Wire-tailed Swallow","Hirundo smithii","Wire-tailed Swallow","Hirundo smithii","Least Concern","Schedule-II","","",NA,"Wire-tailed Swallow","Hirundo smithii","avibase-B79D6B3D",1,2.57,1,0.176542915,816,"","","X",65,0.0307692307692308,0.286538461538462,0.492307692307692,18.1230769230769,1.40938993054845,NA,NA,NA,NA,NA,NA,NA,NA,NA,NA,NA,NA,NA,NA,NA,NA,NA,NA,NA,NA,NA,NA,NA,NA,NA,NA,NA,NA,NA,NA,NA,NA,NA,33436,33481,33526,"Insufficient Data","Insufficient Data",NA,"Low","Insufficient Data","Insufficient Data",NA,"Low"
"Western House-Martin","Delichon urbicum","comhom1","Passeriformes","Hirundinidae (Swallows)",NA,NA,NA,NA,"Diurnal","Diurnal","Invertebrate","No","No","No","Non-endemic","Non-specialized","Winter Migrant & Localized Summer Migrant",NA,NA,NA,"Northern House-Martin","Delichon urbicum","Northern House Martin","Delichon urbicum","Least Concern","Schedule-II","","",NA,"Western House Martin","Delichon urbicum","avibase-30FEC6BE",1,3.4,1,0.004724722,817,"","","",9,0.111111111111111,0.222222222222222,0.222222222222222,20.4444444444444,4.28557672912696,NA,NA,NA,NA,NA,NA,NA,NA,NA,NA,NA,NA,NA,NA,NA,NA,NA,NA,NA,NA,NA,NA,NA,NA,NA,NA,NA,NA,NA,NA,NA,NA,NA,NA,NA,NA,NA,NA,NA,NA,NA,NA,NA,NA
"Siberian House-Martin","Delichon lagopodum","comhom2","Passeriformes","Hirundinidae (Swallows)",NA,NA,NA,NA,"Diurnal","Diurnal","Invertebrate","No","No","No","Non-endemic","Non-specialized","Uncertain",NA,1,NA,"Siberian House-Martin","Delichon lagopodum","Eastern House Martin","Delichon lagopodum","Least Concern","Schedule-II","","",NA,"Siberian House Martin","Delichon lagopodum","avibase-535F7C54",NA,3.13,1,6.86e-06,818,"","","",NA,NA,NA,NA,NA,NA,NA,NA,NA,NA,NA,NA,NA,NA,NA,NA,NA,NA,NA,NA,NA,NA,NA,NA,NA,NA,NA,NA,NA,NA,NA,NA,NA,NA,NA,NA,NA,NA,NA,NA,NA,NA,NA,NA,NA,NA,NA,NA,NA,NA
"Asian House-Martin","Delichon dasypus","ashmar1","Passeriformes","Hirundinidae (Swallows)",NA,NA,NA,NA,"Diurnal","Diurnal","Invertebrate","No","No","No","Non-endemic","Non-specialized","Winter Migrant & Localized Summer Migrant",1,NA,NA,"Asian House-Martin","Delichon dasypus","Asian House Martin","Delichon dasypus","Least Concern","Schedule-II","","",NA,"Asian House Martin","Delichon dasypus","avibase-15FD4123",1,3.24,1,0.090918792,819,"","","",NA,NA,NA,NA,NA,NA,NA,NA,NA,NA,NA,NA,NA,NA,NA,NA,NA,NA,NA,NA,NA,NA,NA,NA,NA,NA,NA,NA,NA,NA,NA,NA,NA,NA,NA,NA,NA,NA,NA,NA,NA,NA,NA,NA,NA,"Low",NA,NA,NA,NA
"Nepal House-Martin","Delichon nipalense","nephom1","Passeriformes","Hirundinidae (Swallows)",NA,NA,NA,NA,"Diurnal","Diurnal","Invertebrate","No","No","No","Non-endemic","Non-specialized","Resident & Altitudinal Migrant",NA,NA,NA,"Nepal House-Martin","Delichon nipalense","Nepal House Martin","Delichon nipalense","Least Concern","Schedule-II","","",NA,"Nepal House Martin","Delichon nipalense","avibase-0F94AC6E",1,3.08,2,0.263236809,820,"","","",NA,NA,NA,NA,NA,NA,NA,NA,NA,NA,NA,NA,NA,NA,NA,NA,NA,NA,NA,NA,NA,NA,NA,NA,NA,NA,NA,NA,NA,NA,NA,NA,NA,NA,NA,NA,NA,NA,NA,NA,NA,NA,NA,NA,NA,"Low",NA,NA,NA,NA
"European Red-rumped Swallow","Cecropis rufula","rerswa8","Passeriformes","Hirundinidae (Swallows)",NA,NA,NA,NA,"Diurnal","Diurnal","Invertebrate","No","No","No","Non-endemic","Non-specialized","Resident & Winter Migrant",NA,NA,NA,"European Red-rumped Swallow","Cecropis rufula","Not at species rank","Cecropis daurica rufula","Not recognized","Schedule-II","","",NA,"European Red-rumped Swallow","Cecropis rufula","avibase-B4967714",1,2.42,1,NA,821,"","","",NA,NA,NA,NA,NA,NA,NA,NA,NA,NA,NA,NA,NA,NA,NA,NA,NA,NA,NA,NA,NA,NA,NA,NA,NA,NA,NA,NA,NA,NA,NA,NA,NA,NA,NA,NA,NA,NA,NA,NA,NA,NA,NA,NA,NA,NA,NA,NA,NA,NA
"Eastern Red-rumped Swallow","Cecropis daurica","y00621","Passeriformes","Hirundinidae (Swallows)",NA,NA,NA,NA,"Diurnal","Diurnal","Invertebrate","No","No","No","Non-endemic","Non-specialized","Resident & Winter Migrant",NA,NA,NA,"Eastern Red-rumped Swallow","Cecropis daurica","Red-rumped Swallow","Cecropis daurica","Least Concern","Schedule-II","","",NA,"Eastern Red-rumped Swallow","Cecropis daurica","avibase-6FE118C6",1,2.42,5,0.131229521,822,"","","",NA,NA,NA,NA,NA,NA,NA,NA,NA,NA,NA,NA,NA,NA,NA,NA,NA,NA,NA,NA,NA,NA,NA,NA,NA,NA,NA,NA,NA,NA,NA,NA,NA,NA,NA,NA,NA,NA,NA,127748,127787,127826,NA,NA,NA,NA,"Insufficient Data","Trend Inconclusive",NA,"Low"
"Streak-throated Swallow","Petrochelidon fluvicola","sttswa2","Passeriformes","Hirundinidae (Swallows)",NA,NA,NA,NA,"Diurnal","Diurnal","Invertebrate","No","No","No","Non-endemic","Open Habitat","Local Migrant",NA,NA,NA,"Streak-throated Swallow","Petrochelidon fluvicola","Streak-throated Swallow","Petrochelidon fluvicola","Least Concern","Schedule-II","","",NA,"Streak-throated Swallow","Petrochelidon fluvicola","avibase-A4062482",1,2.38,1,0.861335112,823,"","","X",25,NA,0.225,0.16,20.72,1.46463286867392,NA,NA,NA,NA,NA,NA,NA,NA,NA,NA,NA,NA,NA,NA,NA,NA,NA,NA,NA,NA,NA,NA,NA,NA,NA,NA,NA,NA,NA,NA,NA,NA,NA,12537,12537,12537,"Insufficient Data","Insufficient Data",NA,"Low","Insufficient Data","Insufficient Data",NA,"Low"
"White-throated Bulbul","Alophoixus flaveolus","whtbul1","Passeriformes","Pycnonotidae (Bulbuls)",NA,NA,NA,NA,"Diurnal","Diurnal","Fruit & Nect","No","No","No","Non-endemic","Forest","Resident",NA,NA,NA,"White-throated Bulbul","Alophoixus flaveolus","White-throated Bulbul","Alophoixus flaveolus","Least Concern","Schedule-II","","",NA,"White-throated Bulbul","Alophoixus flaveolus","avibase-31754E31",1,3.6,1,0.27721157,824,"","","",NA,NA,NA,NA,NA,NA,NA,NA,NA,NA,NA,NA,NA,NA,NA,NA,NA,NA,NA,NA,NA,NA,NA,NA,NA,NA,NA,NA,NA,NA,NA,NA,NA,NA,NA,NA,NA,NA,NA,NA,NA,NA,NA,NA,NA,"Low",NA,NA,NA,NA
"Striated Bulbul","Alcurus striatus","strbul2","Passeriformes","Pycnonotidae (Bulbuls)",NA,NA,NA,NA,"Diurnal","Diurnal","Omnivore","No","No","No","Non-endemic","Forest","Resident & Altitudinal Migrant",NA,NA,NA,"Striated Bulbul","Alcurus striatus","Striated Bulbul","Alcurus striatus","Least Concern","Schedule-II","","",NA,"Striated Bulbul","Alcurus striatus","avibase-AF1E4A9B",1,3.76,2,0.120247877,825,"","","",NA,NA,NA,NA,NA,NA,NA,NA,NA,NA,NA,NA,NA,NA,NA,NA,NA,NA,NA,NA,NA,NA,NA,NA,NA,NA,NA,NA,NA,NA,NA,NA,NA,NA,NA,NA,NA,NA,NA,NA,NA,NA,NA,NA,NA,"Low",NA,NA,NA,NA
"Cachar Bulbul","Iole cacharensis","cacbul1","Passeriformes","Pycnonotidae (Bulbuls)",NA,NA,NA,NA,"Diurnal","Diurnal","Omnivore","No","No","No","Northern Myanmar Lowlands","Forest","Resident",NA,NA,NA,"Cachar Bulbul","Iole cacharensis","Olive Bulbul","Iole viridescens","Not recognized","Schedule-II","","",NA,"Cachar Bulbul","Iole cacharensis","avibase-FDD62B5C",1,3.44,1,0.080505791,826,"","","",NA,NA,NA,NA,NA,NA,NA,NA,NA,NA,NA,NA,NA,NA,NA,NA,NA,NA,NA,NA,NA,NA,NA,NA,NA,NA,NA,NA,NA,NA,NA,NA,NA,NA,NA,NA,NA,NA,NA,NA,NA,NA,NA,NA,NA,"Moderate",NA,NA,NA,NA
"Gray-eyed Bulbul","Iole propinqua","gyebul1","Passeriformes","Pycnonotidae (Bulbuls)",NA,NA,NA,NA,"Diurnal","Diurnal","Omnivore","No","No","No","Non-endemic","Forest","Resident",NA,1,NA,"Grey-eyed Bulbul","Iole propinqua","Grey-eyed Bulbul","Iole propinqua","Least Concern","Recent addition","","",NA,"Grey-eyed Bulbul","Iole propinqua","avibase-BD494C66",1,3.59,1,NA,827,"","","",NA,NA,NA,NA,NA,NA,NA,NA,NA,NA,NA,NA,NA,NA,NA,NA,NA,NA,NA,NA,NA,NA,NA,NA,NA,NA,NA,NA,NA,NA,NA,NA,NA,NA,NA,NA,NA,NA,NA,NA,NA,NA,NA,NA,NA,NA,NA,NA,NA,NA
"Ashy Bulbul","Hemixos flavala","ashbul1","Passeriformes","Pycnonotidae (Bulbuls)",NA,NA,NA,NA,"Diurnal","Diurnal","Omnivore","No","No","No","Non-endemic","Forest & Plantation","Resident",NA,NA,NA,"Ashy Bulbul","Hemixos flavala","Ashy Bulbul","Hemixos flavala","Least Concern","Schedule-II","","",NA,"Ashy Bulbul","Hemixos flavala","avibase-32E65FB3",1,3.69,1,0.185003526,828,"","","",NA,NA,NA,NA,NA,NA,NA,NA,NA,NA,NA,NA,NA,NA,NA,NA,NA,NA,NA,NA,NA,NA,NA,NA,NA,NA,NA,NA,NA,NA,NA,NA,NA,NA,NA,NA,NA,NA,NA,NA,NA,NA,NA,NA,NA,"Low",NA,NA,NA,NA
"Yellow-browed Bulbul","Acritillas indica","yebbul3","Passeriformes","Pycnonotidae (Bulbuls)",NA,NA,NA,NA,"Diurnal","Diurnal","Omnivore","No","Yes","No","Western Ghats & Sri Lanka","Forest & Plantation","Resident",NA,NA,NA,"Yellow-browed Bulbul","Acritillas indica","Yellow-browed Bulbul","Acritillas indica","Least Concern","Schedule-II","","",NA,"Yellow-browed Bulbul","Acritillas indica","avibase-36D71C61",1,3.55,2,0.700832658,829,"","","X",44,0.318181818181818,0.676136363636364,0.727272727272727,16.5227272727273,1.97495233583251,NA,NA,NA,NA,NA,NA,NA,NA,NA,NA,NA,NA,NA,NA,NA,NA,NA,NA,NA,NA,NA,NA,NA,NA,NA,NA,NA,NA,NA,NA,NA,NA,NA,30231,30278,30325,"Insufficient Data","Insufficient Data",NA,"Moderate","Insufficient Data","Insufficient Data",NA,"Moderate"
"Mountain Bulbul","Ixos mcclellandii","moubul2","Passeriformes","Pycnonotidae (Bulbuls)",NA,NA,NA,NA,"Diurnal","Diurnal","Omnivore","No","No","No","Non-endemic","Forest","Resident",NA,NA,NA,"Mountain Bulbul","Ixos mcclellandii","Mountain Bulbul","Ixos mcclellandii","Least Concern","Schedule-II","","",NA,"Mountain Bulbul","Ixos mcclellandii","avibase-473131CC",1,3.61,1,0.06914633,830,"","","",NA,NA,NA,NA,NA,NA,NA,NA,NA,NA,NA,NA,NA,NA,NA,NA,NA,NA,NA,NA,NA,NA,NA,NA,NA,NA,NA,NA,NA,NA,NA,NA,NA,NA,NA,NA,NA,NA,NA,NA,NA,NA,NA,NA,NA,"Low",NA,NA,NA,NA
"Nicobar Bulbul","Hypsipetes nicobariensis","nicbul2","Passeriformes","Pycnonotidae (Bulbuls)",NA,NA,NA,NA,"Diurnal","Diurnal","Omnivore","Yes","Yes","No","Nicobar Islands","Forest & Plantation","Resident",NA,NA,1,"Nicobar Bulbul","Hypsipetes nicobariensis","Nicobar Bulbul","Ixos nicobariensis","Near Threatened","Schedule-II","","",NA,"Nicobar Bulbul","Hypsipetes nicobariensis","avibase-0D2A9574",1,4.32,1,1,831,"","","",NA,NA,NA,NA,NA,NA,NA,NA,NA,NA,NA,NA,NA,NA,NA,NA,NA,NA,NA,NA,NA,NA,NA,NA,NA,NA,NA,NA,NA,NA,NA,NA,NA,NA,NA,NA,NA,NA,NA,NA,NA,NA,NA,NA,NA,"High",NA,NA,NA,NA
"Black Bulbul","Hypsipetes leucocephalus","blabul1","Passeriformes","Pycnonotidae (Bulbuls)",NA,NA,NA,NA,"Diurnal","Diurnal","Fruit & Nect","No","No","No","Non-endemic","Forest & Plantation","Resident & Altitudinal Migrant",NA,NA,NA,"Black Bulbul","Hypsipetes leucocephalus","Black Bulbul","Hypsipetes leucocephalus","Least Concern","Schedule-II","","",NA,"Black Bulbul","Hypsipetes leucocephalus","avibase-B76214D7",1,3.8,3,0.095197011,832,"","","",NA,NA,NA,NA,NA,NA,NA,NA,NA,NA,NA,NA,NA,NA,NA,NA,NA,NA,NA,NA,NA,NA,NA,NA,NA,NA,NA,NA,NA,NA,NA,NA,NA,NA,NA,NA,NA,NA,NA,NA,NA,NA,NA,NA,NA,"Low",NA,NA,NA,NA
"Square-tailed Bulbul","Hypsipetes ganeesa","sqtbul1","Passeriformes","Pycnonotidae (Bulbuls)",NA,NA,NA,NA,"Diurnal","Diurnal","Fruit & Nect","No","Yes","No","Western Ghats & Sri Lanka","Forest & Plantation","Local Migrant",NA,NA,NA,"Square-tailed Bulbul","Hypsipetes ganeesa","Square-tailed Bulbul","Hypsipetes ganeesa","Least Concern","Schedule-II","","",NA,"Square-tailed Bulbul","Hypsipetes ganeesa","avibase-4E74E6CC",1,3.72,1,0.822020592,833,"","","X",39,0.333333333333333,0.532051282051282,0.743589743589744,16.2307692307692,2.30459596142508,NA,NA,NA,NA,NA,NA,NA,NA,NA,NA,NA,NA,NA,NA,NA,NA,NA,NA,NA,NA,NA,NA,NA,NA,NA,NA,NA,NA,NA,NA,NA,NA,NA,21111,21148,21185,"Insufficient Data","Insufficient Data",NA,"Moderate","Insufficient Data","Insufficient Data",NA,"Moderate"
"Gray-headed Bulbul","Microtarsus priocephalus","gyhbul1","Passeriformes","Pycnonotidae (Bulbuls)",NA,NA,NA,NA,"Diurnal","Diurnal","Fruit & Nect","Yes","Yes","No","Western Ghats","Forest","Resident",NA,NA,NA,"Grey-headed Bulbul","Microtarsus priocephalus","Grey-headed Bulbul","Brachypodius priocephalus","Least Concern","Schedule-II","","",NA,"Grey-headed Bulbul","Microtarsus priocephalus","avibase-D370538F",1,4.74,1,1,834,"","X","X",22,0.136363636363636,0.357954545454545,0.5,18.0909090909091,2.8280141286503,68.0512504173129,111.715708581316,182.120388456718,63.3681321280532,110.784976365342,193.610640600705,58.9644876394267,110.136674232569,205.857368572428,54.8213327447269,109.282897954292,219.136099116342,50.8953893819362,108.581236904759,233.432158351172,47.3141834285364,107.948708133766,248.939761673986,43.9274221726325,107.22631817475,265.557748788232,40.6979641524303,106.491442010603,282.758117975753,NA,NA,NA,NA,NA,NA,-1620400.04625705,-1.49830935468261,1620397.04963834,20683,20760,20837,"Insufficient Data","Trend Inconclusive",NA,"Low","Insufficient Data","Trend Inconclusive",NA,"Moderate"
"Black-headed Bulbul","Microtarsus melanocephalos","blhbul1","Passeriformes","Pycnonotidae (Bulbuls)",NA,NA,NA,NA,"Diurnal","Diurnal","Fruit & Nect","No","No","No","Non-endemic","Forest & Plantation","Resident",NA,NA,NA,"Black-headed Bulbul","Microtarsus melanocephalos","Black-headed Bulbul","Brachypodius atriceps","Least Concern","Schedule-II","","",NA,"Black-headed Bulbul","Microtarsus melanocephalos","avibase-C72EC8C8",1,4.13,1,0.042843004,835,"","","",NA,NA,NA,NA,NA,NA,NA,NA,NA,NA,NA,NA,NA,NA,NA,NA,NA,NA,NA,NA,NA,NA,NA,NA,NA,NA,NA,NA,NA,NA,NA,NA,NA,NA,NA,NA,NA,NA,NA,NA,NA,NA,NA,NA,NA,NA,NA,NA,NA,NA
"Andaman Bulbul","Microtarsus fuscoflavescens","andbul1","Passeriformes","Pycnonotidae (Bulbuls)",NA,NA,NA,NA,"Diurnal","Diurnal","Fruit & Nect","Yes","Yes","No","Andaman Islands","Forest","Resident",NA,NA,1,"Andaman Bulbul","Microtarsus fuscoflavescens","Andaman Bulbul","Brachypodius fuscoflavescens","Least Concern","Schedule-II","","",NA,"Andaman Bulbul","Microtarsus fuscoflavescens","avibase-78E73320",1,4.16,1,1,836,"","","",NA,NA,NA,NA,NA,NA,NA,NA,NA,NA,NA,NA,NA,NA,NA,NA,NA,NA,NA,NA,NA,NA,NA,NA,NA,NA,NA,NA,NA,NA,NA,NA,NA,NA,NA,NA,NA,NA,NA,NA,NA,NA,NA,NA,NA,"Moderate",NA,NA,NA,NA
"Black-crested Bulbul","Rubigula flaviventris","blcbul2","Passeriformes","Pycnonotidae (Bulbuls)",NA,NA,NA,NA,"Diurnal","Diurnal","Fruit & Nect","No","No","No","Non-endemic","Forest & Plantation","Resident",NA,NA,NA,"Black-crested Bulbul","Rubigula flaviventris","Black-crested Bulbul","Rubigula flaviventris","Least Concern","Schedule-II","","",NA,"Black-crested Bulbul","Rubigula flaviventris","avibase-F517B7FD",1,3.97,1,0.150789248,837,"","","",NA,NA,NA,NA,NA,NA,NA,NA,NA,NA,NA,NA,NA,NA,NA,NA,NA,NA,NA,NA,NA,NA,NA,NA,NA,NA,NA,NA,NA,NA,NA,NA,NA,NA,NA,NA,NA,NA,NA,NA,NA,NA,NA,NA,NA,"Moderate",NA,NA,NA,NA
"Flame-throated Bulbul","Rubigula gularis","bkcbul1","Passeriformes","Pycnonotidae (Bulbuls)",NA,NA,NA,NA,"Diurnal","Diurnal","Fruit & Nect","Yes","Yes","No","Western Ghats","Forest","Resident",NA,NA,NA,"Flame-throated Bulbul","Rubigula gularis","Flame-throated Bulbul","Rubigula gularis","Least Concern","Schedule-II","","",NA,"Flame-throated Bulbul","Rubigula gularis","avibase-442951D4",1,3.95,1,1,838,"","","X",27,0.222222222222222,0.486111111111111,0.666666666666667,15.8518518518519,2.40551843488945,NA,NA,NA,NA,NA,NA,NA,NA,NA,NA,NA,NA,NA,NA,NA,NA,NA,NA,NA,NA,NA,NA,NA,NA,NA,NA,NA,NA,NA,NA,NA,NA,NA,18552,18591,18630,"Insufficient Data","Insufficient Data",NA,"Moderate","Insufficient Data","Insufficient Data",NA,"Moderate"
"Crested Finchbill","Spizixos canifrons","crefin1","Passeriformes","Pycnonotidae (Bulbuls)",NA,NA,NA,NA,"Diurnal","Diurnal","Omnivore","No","No","No","Non-endemic","Forest","Resident",1,NA,NA,"Crested Finchbill","Spizixos canifrons","Crested Finchbill","Spizixos canifrons","Least Concern","Schedule-II","","",NA,"Crested Finchbill","Spizixos canifrons","avibase-10F913B3",1,3.92,1,0.135014847,839,"","","",NA,NA,NA,NA,NA,NA,NA,NA,NA,NA,NA,NA,NA,NA,NA,NA,NA,NA,NA,NA,NA,NA,NA,NA,NA,NA,NA,NA,NA,NA,NA,NA,NA,NA,NA,NA,NA,NA,NA,NA,NA,NA,NA,NA,NA,"Moderate",NA,NA,NA,NA
"White-browed Bulbul","Pycnonotus luteolus","whbbul2","Passeriformes","Pycnonotidae (Bulbuls)",NA,NA,NA,NA,"Diurnal","Diurnal","Fruit & Nect","No","Yes","No","Indian Subcontinent","Forest & Plantation","Resident",NA,NA,NA,"White-browed Bulbul","Pycnonotus luteolus","White-browed Bulbul","Pycnonotus luteolus","Least Concern","Schedule-II","","",NA,"White-browed Bulbul","Pycnonotus luteolus","avibase-587EC0C3",1,4.12,1,0.953680873,840,"X","X","X",215,0.0976744186046512,0.618604651162791,0.8,15.3488372093023,0.804874697113663,92.2583380654633,101.950827814894,112.608291648264,90.0351457332912,100.788139633725,112.826812696376,87.8401996169796,99.6285072091241,113.090494960128,85.6514029205314,98.5213245788154,113.345346214601,83.5124406826548,97.3827041856148,113.644963875659,81.360642783228,96.2574413370582,113.941201395609,79.2449145113405,95.1661680906033,114.223550569223,77.2508768344883,94.0826658988384,114.542785729994,NA,NA,NA,-11.2056808264696,2.575240005335,19.480160642886,-2.91141152832479,-1.2774616149515,0.356488298421776,129369,129404,129439,"Stable","Stable",NA,"Low","Stable","Stable",NA,"Low"
"Flavescent Bulbul","Pycnonotus flavescens","flabul1","Passeriformes","Pycnonotidae (Bulbuls)",NA,NA,NA,NA,"Diurnal","Diurnal","Omnivore","No","No","No","Non-endemic","Non-specialized","Resident",1,NA,NA,"Flavescent Bulbul","Pycnonotus flavescens","Flavescent Bulbul","Pycnonotus flavescens","Least Concern","Schedule-II","","",NA,"Flavescent Bulbul","Pycnonotus flavescens","avibase-9F6CB52D",1,3.56,1,0.102959416,841,"","","",NA,NA,NA,NA,NA,NA,NA,NA,NA,NA,NA,NA,NA,NA,NA,NA,NA,NA,NA,NA,NA,NA,NA,NA,NA,NA,NA,NA,NA,NA,NA,NA,NA,NA,NA,NA,NA,NA,NA,NA,NA,NA,NA,NA,NA,"Low",NA,NA,NA,NA
"Yellow-throated Bulbul","Pycnonotus xantholaemus","yetbul1","Passeriformes","Pycnonotidae (Bulbuls)",NA,NA,NA,NA,"Diurnal","Diurnal","Omnivore","Yes","Yes","No","Southern Deccan Plateau","Forest","Resident",NA,NA,NA,"Yellow-throated Bulbul","Pycnonotus xantholaemus","Yellow-throated Bulbul","Pycnonotus xantholaemus","Least Concern","Schedule-II","","",NA,"Yellow-throated Bulbul","Pycnonotus xantholaemus","avibase-12D2FAB5",1,3.88,1,1,842,"","","X",37,0.0540540540540541,0.280405405405405,0.378378378378378,18.2972972972973,1.68609828441939,NA,NA,NA,NA,NA,NA,NA,NA,NA,NA,NA,NA,NA,NA,NA,NA,NA,NA,NA,NA,NA,NA,NA,NA,NA,NA,NA,NA,NA,NA,NA,NA,NA,26009,26187,26365,"Insufficient Data","Insufficient Data",NA,"Low","Insufficient Data","Insufficient Data",NA,"Moderate"
"Red-whiskered Bulbul","Pycnonotus jocosus","rewbul","Passeriformes","Pycnonotidae (Bulbuls)",NA,NA,NA,NA,"Diurnal","Diurnal","Omnivore","No","No","No","Non-endemic","Non-specialized","Resident",NA,NA,NA,"Red-whiskered Bulbul","Pycnonotus jocosus","Red-whiskered Bulbul","Pycnonotus jocosus","Least Concern","Schedule-II","","",NA,"Red-whiskered Bulbul","Pycnonotus jocosus","avibase-F9E37510",1,5.3,6,0.399190255,843,"","X","X",155,0.167741935483871,0.591129032258065,0.774193548387097,15.3548387096774,1.05161101775554,64.2457436254645,71.2424096612756,78.9700123905427,61.9135604708291,69.5843968382277,78.1844904445094,59.6347624562191,67.959188776395,77.453554215381,57.4362251931176,66.3978175992981,76.7197169211259,55.2959618092105,64.8366930086738,76.0136964388757,53.2347157960261,63.3338271657963,75.3321855670137,51.201956860246,61.8513351252994,74.6635305433508,49.2729903901369,60.4008347165663,73.9933617594906,NA,NA,NA,NA,NA,NA,-3.35108127773042,-2.06006221370105,-0.769043149671689,94971,94974,94977,"Insufficient Data","Trend Inconclusive",NA,"Low","Insufficient Data","Stable",NA,"Low"
"Red-vented Bulbul","Pycnonotus cafer","revbul","Passeriformes","Pycnonotidae (Bulbuls)",NA,NA,NA,NA,"Diurnal","Diurnal","Omnivore","No","No","No","Non-endemic","Non-specialized","Resident",NA,NA,NA,"Red-vented Bulbul","Pycnonotus cafer","Red-vented Bulbul","Pycnonotus cafer","Least Concern","Schedule-II","","",NA,"Red-vented Bulbul","Pycnonotus cafer","avibase-95F3F185",1,3.82,6,0.704605822,844,"X","X","X",257,0.159533073929961,0.77431906614786,0.891050583657588,14.431906614786,0.785352022983669,106.686970389371,116.279613471025,126.736324413486,106.31588332625,117.191648837231,129.250208721883,105.903619775593,118.140467260507,131.814290995385,105.494163778465,119.097396282619,134.466946674111,105.095222021013,120.031289354539,137.19762676328,104.648796076647,121.011938331957,139.984270866864,104.219161876353,121.975328583118,142.875544454962,103.790722150467,122.970989263303,145.795997748957,NA,NA,NA,23.472739481449,33.411428997408,45.038593758276,-0.711395751021481,1.04406434239887,2.79952443581922,145689,145689,145689,"Trend Inconclusive","Stable",NA,"Low","Stable","Trend Inconclusive",NA,"Low"
"White-eared Bulbul","Pycnonotus leucotis","whebul1","Passeriformes","Pycnonotidae (Bulbuls)",NA,NA,NA,NA,"Diurnal","Diurnal","Omnivore","No","No","No","Non-endemic","Non-specialized","Resident",NA,NA,NA,"White-eared Bulbul","Pycnonotus leucotis","White-eared Bulbul","Pycnonotus leucotis","Least Concern","Schedule-II","","",NA,"White-eared Bulbul","Pycnonotus leucotis","avibase-4A85D701",1,3.22,1,0.198954883,845,"","","",NA,NA,NA,NA,NA,NA,NA,NA,NA,NA,NA,NA,NA,NA,NA,NA,NA,NA,NA,NA,NA,NA,NA,NA,NA,NA,NA,NA,NA,NA,NA,NA,NA,NA,NA,NA,NA,NA,NA,NA,NA,NA,NA,NA,NA,"Low",NA,NA,NA,NA
"Himalayan Bulbul","Pycnonotus leucogenys","whcbul2","Passeriformes","Pycnonotidae (Bulbuls)",NA,NA,NA,NA,"Diurnal","Diurnal","Omnivore","No","No","Yes","Himalayas","Non-specialized","Local Migrant",NA,NA,NA,"Himalayan Bulbul","Pycnonotus leucogenys","Himalayan Bulbul","Pycnonotus leucogenys","Least Concern","Schedule-II","","",NA,"Himalayan Bulbul","Pycnonotus leucogenys","avibase-A1DD797F",1,3.68,1,0.475937053,846,"","","",NA,NA,NA,NA,NA,NA,NA,NA,NA,NA,NA,NA,NA,NA,NA,NA,NA,NA,NA,NA,NA,NA,NA,NA,NA,NA,NA,NA,NA,NA,NA,NA,NA,NA,NA,NA,NA,NA,NA,NA,NA,NA,NA,NA,NA,"Moderate",NA,NA,NA,NA
"Wood Warbler","Phylloscopus sibilatrix","woowar","Passeriformes","Phylloscopidae (Leaf Warblers)",NA,NA,NA,NA,"Diurnal","Diurnal","Invertebrate","No","No","No","Non-endemic","Non-specialized","Uncertain",NA,1,NA,"Wood Warbler","Phylloscopus sibilatrix","Wood Warbler","Phylloscopus sibilatrix","Least Concern","Schedule-II","","Appendix II",NA,"Wood Warbler","Phylloscopus sibilatrix","avibase-572C4C7F",NA,2.64,1,NA,847,"","","",NA,NA,NA,NA,NA,NA,NA,NA,NA,NA,NA,NA,NA,NA,NA,NA,NA,NA,NA,NA,NA,NA,NA,NA,NA,NA,NA,NA,NA,NA,NA,NA,NA,NA,NA,NA,NA,NA,NA,NA,NA,NA,NA,NA,NA,NA,NA,NA,NA,NA
"Ashy-throated Warbler","Phylloscopus maculipennis","astwar2","Passeriformes","Phylloscopidae (Leaf Warblers)",NA,NA,NA,NA,"Diurnal","Diurnal","Invertebrate","No","No","No","Non-endemic","Forest","Resident & Altitudinal Migrant",NA,NA,NA,"Ashy-throated Warbler","Phylloscopus maculipennis","Ashy-throated Warbler","Phylloscopus maculipennis","Least Concern","Schedule-II","","Appendix II",NA,"Ashy-throated Warbler","Phylloscopus maculipennis","avibase-E3DFBF9B",1,2.34,2,0.143314581,848,"","","",NA,NA,NA,NA,NA,NA,NA,NA,NA,NA,NA,NA,NA,NA,NA,NA,NA,NA,NA,NA,NA,NA,NA,NA,NA,NA,NA,NA,NA,NA,NA,NA,NA,NA,NA,NA,NA,NA,NA,NA,NA,NA,NA,NA,NA,"Moderate",NA,NA,NA,NA
"Buff-barred Warbler","Phylloscopus pulcher","bubwar1","Passeriformes","Phylloscopidae (Leaf Warblers)",NA,NA,NA,NA,"Diurnal","Diurnal","Invertebrate","No","No","No","Non-endemic","Forest","Resident & Altitudinal Migrant",NA,NA,NA,"Buff-barred Warbler","Phylloscopus pulcher","Buff-barred Warbler","Phylloscopus pulcher","Least Concern","Schedule-II","","Appendix II",NA,"Buff-barred Warbler","Phylloscopus pulcher","avibase-56F0521E",1,2.62,2,0.118714232,849,"","","",NA,NA,NA,NA,NA,NA,NA,NA,NA,NA,NA,NA,NA,NA,NA,NA,NA,NA,NA,NA,NA,NA,NA,NA,NA,NA,NA,NA,NA,NA,NA,NA,NA,NA,NA,NA,NA,NA,NA,NA,NA,NA,NA,NA,NA,"Moderate",NA,NA,NA,NA
"Yellow-browed Warbler","Phylloscopus inornatus","yebwar3","Passeriformes","Phylloscopidae (Leaf Warblers)",NA,NA,NA,NA,"Diurnal","Diurnal","Invertebrate","No","No","No","Non-endemic","Forest & Plantation","Winter Migrant",NA,NA,NA,"Yellow-browed Warbler","Phylloscopus inornatus","Yellow-browed Warbler","Phylloscopus inornatus","Least Concern","Schedule-II","","Appendix II",NA,"Yellow-browed Warbler","Phylloscopus inornatus","avibase-0C120038",1,2.49,1,0.01766668,850,"","","X",3,NA,0.5,0.666666666666667,14,13.3414441996859,NA,NA,NA,NA,NA,NA,NA,NA,NA,NA,NA,NA,NA,NA,NA,NA,NA,NA,NA,NA,NA,NA,NA,NA,NA,NA,NA,NA,NA,NA,NA,NA,NA,2109,2147,2185,"Insufficient Data","Insufficient Data",NA,"Low","Insufficient Data","Insufficient Data",NA,"Low"
"Hume's Warbler","Phylloscopus humei","humwar1","Passeriformes","Phylloscopidae (Leaf Warblers)",NA,NA,NA,NA,"Diurnal","Diurnal","Invertebrate","No","No","No","Non-endemic","Forest & Plantation","Winter Migrant & Localized Summer Migrant",NA,NA,NA,"Hume's Warbler","Phylloscopus humei","Hume's Leaf-warbler","Phylloscopus humei","Least Concern","Schedule-II","","Appendix II",NA,"Hume's Leaf Warbler","Phylloscopus humei","avibase-BC391A83",1,2.48,2,0.359261983,851,"","","X",1,NA,NA,NA,25,NA,NA,NA,NA,NA,NA,NA,NA,NA,NA,NA,NA,NA,NA,NA,NA,NA,NA,NA,NA,NA,NA,NA,NA,NA,NA,NA,NA,NA,NA,NA,NA,NA,NA,608,608,608,"Insufficient Data","Insufficient Data",NA,"Low","Insufficient Data","Insufficient Data",NA,"Low"
"Brooks's Leaf Warbler","Phylloscopus subviridis","brlwar1","Passeriformes","Phylloscopidae (Leaf Warblers)",NA,NA,NA,NA,"Diurnal","Diurnal","Invertebrate","No","No","No","Non-endemic","Forest & Plantation","Winter Migrant",1,NA,NA,"Brooks's Leaf Warbler","Phylloscopus subviridis","Brooks's Leaf-warbler","Phylloscopus subviridis","Least Concern","Schedule-II","","Appendix II",NA,"Brooks's Leaf Warbler","Phylloscopus subviridis","avibase-3827F740",1,2.36,1,0.468015231,852,"","","",NA,NA,NA,NA,NA,NA,NA,NA,NA,NA,NA,NA,NA,NA,NA,NA,NA,NA,NA,NA,NA,NA,NA,NA,NA,NA,NA,NA,NA,NA,NA,NA,NA,NA,NA,NA,NA,NA,NA,NA,NA,NA,NA,NA,NA,"Moderate",NA,NA,NA,NA
"Chinese Leaf Warbler","Phylloscopus yunnanensis","chilew1","Passeriformes","Phylloscopidae (Leaf Warblers)",NA,NA,NA,NA,"Diurnal","Diurnal","Invertebrate","No","No","No","Non-endemic","Non-specialized","Uncertain",NA,1,NA,"Chinese Leaf Warbler","Phylloscopus yunnanensis","Chinese Leaf-warbler","Phylloscopus yunnanensis","Least Concern","Schedule-II","","Appendix II",NA,"Chinese Leaf Warbler","Phylloscopus yunnanensis","avibase-5A696583",NA,2.47,1,NA,853,"","","",NA,NA,NA,NA,NA,NA,NA,NA,NA,NA,NA,NA,NA,NA,NA,NA,NA,NA,NA,NA,NA,NA,NA,NA,NA,NA,NA,NA,NA,NA,NA,NA,NA,NA,NA,NA,NA,NA,NA,NA,NA,NA,NA,NA,NA,NA,NA,NA,NA,NA
"Pallas's Leaf Warbler","Phylloscopus proregulus","palwar5","Passeriformes","Phylloscopidae (Leaf Warblers)",NA,NA,NA,NA,"Diurnal","Diurnal","Invertebrate","No","No","No","Non-endemic","Forest & Plantation","Uncertain",NA,1,NA,"Pallas's Leaf Warbler","Phylloscopus proregulus","Pallas's Leaf-warbler","Phylloscopus proregulus","Least Concern","Recent addition","","Appendix II",NA,"Pallas's Leaf Warbler","Phylloscopus proregulus","avibase-943E36CA",NA,2.51,1,NA,854,"","","",NA,NA,NA,NA,NA,NA,NA,NA,NA,NA,NA,NA,NA,NA,NA,NA,NA,NA,NA,NA,NA,NA,NA,NA,NA,NA,NA,NA,NA,NA,NA,NA,NA,NA,NA,NA,NA,NA,NA,NA,NA,NA,NA,NA,NA,NA,NA,NA,NA,NA
"Lemon-rumped Warbler","Phylloscopus chloronotus","parwar1","Passeriformes","Phylloscopidae (Leaf Warblers)",NA,NA,NA,NA,"Diurnal","Diurnal","Invertebrate","No","No","No","Non-endemic","Forest & Plantation","Resident & Altitudinal Migrant",NA,NA,NA,"Lemon-rumped Warbler","Phylloscopus chloronotus","Lemon-rumped Leaf-warbler","Phylloscopus chloronotus","Least Concern","Schedule-II","","Appendix II",NA,"Lemon-rumped Warbler","Phylloscopus chloronotus","avibase-5D488808",1,2.37,2,0.588806935,855,"","","",NA,NA,NA,NA,NA,NA,NA,NA,NA,NA,NA,NA,NA,NA,NA,NA,NA,NA,NA,NA,NA,NA,NA,NA,NA,NA,NA,NA,NA,NA,NA,NA,NA,NA,NA,NA,NA,NA,NA,NA,NA,NA,NA,NA,NA,"Moderate",NA,NA,NA,NA
"Sichuan Leaf Warbler","Phylloscopus forresti","siclew1","Passeriformes","Phylloscopidae (Leaf Warblers)",NA,NA,NA,NA,"Diurnal","Diurnal","Invertebrate","No","No","No","Non-endemic","Forest & Plantation","Resident & Altitudinal Migrant",NA,NA,NA,"Sichuan Leaf Warbler","Phylloscopus forresti","Sichuan Leaf-warbler","Phylloscopus forresti","Least Concern","Schedule-II","","Appendix II",NA,"Sichuan Leaf Warbler","Phylloscopus forresti","avibase-75889921",1,2.35,1,NA,856,"","","",NA,NA,NA,NA,NA,NA,NA,NA,NA,NA,NA,NA,NA,NA,NA,NA,NA,NA,NA,NA,NA,NA,NA,NA,NA,NA,NA,NA,NA,NA,NA,NA,NA,NA,NA,NA,NA,NA,NA,NA,NA,NA,NA,NA,NA,NA,NA,NA,NA,NA
"Tytler's Leaf Warbler","Phylloscopus tytleri","tylwar1","Passeriformes","Phylloscopidae (Leaf Warblers)",NA,NA,NA,NA,"Diurnal","Diurnal","Invertebrate","No","No","No","Non-endemic","Forest & Plantation","Within-India Migrant",1,NA,NA,"Tytler's Leaf Warbler","Phylloscopus tytleri","Tytler's Leaf-warbler","Phylloscopus tytleri","Least Concern","Schedule-II","","Appendix II",NA,"Tytler's Leaf Warbler","Phylloscopus tytleri","avibase-EA9942E7",1,2.55,1,0.722825951,857,"","","X",9,NA,0.253968253968254,0.333333333333333,18.1111111111111,4.46045892562195,NA,NA,NA,NA,NA,NA,NA,NA,NA,NA,NA,NA,NA,NA,NA,NA,NA,NA,NA,NA,NA,NA,NA,NA,NA,NA,NA,NA,NA,NA,NA,NA,NA,3060,3060,3060,"Insufficient Data","Insufficient Data",NA,"Moderate","Insufficient Data","Insufficient Data",NA,"Moderate"
"Sulphur-bellied Warbler","Phylloscopus griseolus","subwar2","Passeriformes","Phylloscopidae (Leaf Warblers)",NA,NA,NA,NA,"Diurnal","Diurnal","Invertebrate","No","No","No","Non-endemic","Non-specialized","Within-India Migrant",NA,NA,NA,"Sulphur-bellied Warbler","Phylloscopus griseolus","Sulphur-bellied Warbler","Phylloscopus griseolus","Least Concern","Schedule-II","","Appendix II",NA,"Sulphur-bellied Warbler","Phylloscopus griseolus","avibase-37DD095F",1,2.65,1,0.274280057,858,"","","",NA,NA,NA,NA,NA,NA,NA,NA,NA,NA,NA,NA,NA,NA,NA,NA,NA,NA,NA,NA,NA,NA,NA,NA,NA,NA,NA,NA,NA,NA,NA,NA,NA,NA,NA,NA,NA,NA,NA,NA,NA,NA,NA,NA,NA,"Moderate",NA,NA,NA,NA
"Tickell's Leaf Warbler","Phylloscopus affinis","y00989","Passeriformes","Phylloscopidae (Leaf Warblers)",NA,NA,NA,NA,"Diurnal","Diurnal","Invertebrate","No","No","No","Non-endemic","Non-specialized","Within-India Migrant & Winter Migrant",NA,NA,NA,"Tickell's Leaf Warbler","Phylloscopus affinis","Tickell's Leaf-warbler","Phylloscopus affinis","Least Concern","Schedule-II","","Appendix II",NA,"Tickell's Leaf Warbler","Phylloscopus affinis","avibase-E0C31BA6",1,2.54,2,0.486893174,859,"","","X",34,0.264705882352941,0.352941176470588,0.411764705882353,16.5294117647059,2.51165465408654,NA,NA,NA,NA,NA,NA,NA,NA,NA,NA,NA,NA,NA,NA,NA,NA,NA,NA,NA,NA,NA,NA,NA,NA,NA,NA,NA,NA,NA,NA,NA,NA,NA,13944,14013,14082,"Insufficient Data","Insufficient Data",NA,"Moderate","Insufficient Data","Insufficient Data",NA,"Low"
"Dusky Warbler","Phylloscopus fuscatus","duswar","Passeriformes","Phylloscopidae (Leaf Warblers)",NA,NA,NA,NA,"Diurnal","Diurnal","Invertebrate","No","No","No","Non-endemic","Wetland","Winter Migrant",NA,NA,NA,"Dusky Warbler","Phylloscopus fuscatus","Dusky Warbler","Phylloscopus fuscatus","Least Concern","Schedule-II","","Appendix II",NA,"Dusky Warbler","Phylloscopus fuscatus","avibase-96819591",1,2.65,1,0.031460423,860,"","","",NA,NA,NA,NA,NA,NA,NA,NA,NA,NA,NA,NA,NA,NA,NA,NA,NA,NA,NA,NA,NA,NA,NA,NA,NA,NA,NA,NA,NA,NA,NA,NA,NA,NA,NA,NA,NA,NA,NA,NA,NA,NA,NA,NA,NA,"Low",NA,NA,NA,NA
"Smoky Warbler","Phylloscopus fuligiventer","smowar1","Passeriformes","Phylloscopidae (Leaf Warblers)",NA,NA,NA,NA,"Diurnal","Diurnal","Invertebrate","No","No","No","Non-endemic","Grassland & Scrub","Winter Migrant & Localized Summer Migrant",NA,NA,NA,"Smoky Warbler","Phylloscopus fuligiventer","Smoky Warbler","Phylloscopus fuligiventer","Least Concern","Schedule-II","","Appendix II",NA,"Smoky Warbler","Phylloscopus fuligiventer","avibase-54BE5060",1,2.69,3,0.149123691,861,"","","",NA,NA,NA,NA,NA,NA,NA,NA,NA,NA,NA,NA,NA,NA,NA,NA,NA,NA,NA,NA,NA,NA,NA,NA,NA,NA,NA,NA,NA,NA,NA,NA,NA,NA,NA,NA,NA,NA,NA,NA,NA,NA,NA,NA,NA,NA,NA,NA,NA,NA
"Plain Leaf Warbler","Phylloscopus neglectus","pllwar2","Passeriformes","Phylloscopidae (Leaf Warblers)",NA,NA,NA,NA,"Diurnal","Diurnal","Invertebrate","No","No","No","Non-endemic","Grassland & Scrub","Winter Migrant",NA,NA,NA,"Plain Leaf Warbler","Phylloscopus neglectus","Plain Leaf-warbler","Phylloscopus neglectus","Least Concern","Schedule-II","","Appendix II",NA,"Plain Leaf Warbler","Phylloscopus neglectus","avibase-116192F7",1,2.36,1,0.062559984,862,"","","",NA,NA,NA,NA,NA,NA,NA,NA,NA,NA,NA,NA,NA,NA,NA,NA,NA,NA,NA,NA,NA,NA,NA,NA,NA,NA,NA,NA,NA,NA,NA,NA,NA,NA,NA,NA,NA,NA,NA,NA,NA,NA,NA,NA,NA,NA,NA,NA,NA,NA
"Buff-throated Warbler","Phylloscopus subaffinis","butwar1","Passeriformes","Phylloscopidae (Leaf Warblers)",NA,NA,NA,NA,"Diurnal","Diurnal","Invertebrate","No","No","No","Non-endemic","Non-specialized","Winter Migrant & Localized Summer Migrant",NA,NA,NA,"Buff-throated Warbler","Phylloscopus subaffinis","Buff-throated Warbler","Phylloscopus subaffinis","Least Concern","Schedule-II","","Appendix II",NA,"Buff-throated Warbler","Phylloscopus subaffinis","avibase-CACE0EBE",1,2.47,1,NA,863,"","","",NA,NA,NA,NA,NA,NA,NA,NA,NA,NA,NA,NA,NA,NA,NA,NA,NA,NA,NA,NA,NA,NA,NA,NA,NA,NA,NA,NA,NA,NA,NA,NA,NA,NA,NA,NA,NA,NA,NA,NA,NA,NA,NA,NA,NA,NA,NA,NA,NA,NA
"Willow Warbler","Phylloscopus trochilus","wlwwar","Passeriformes","Phylloscopidae (Leaf Warblers)",NA,NA,NA,NA,"24 hour","Diurnal","Invertebrate","No","No","No","Non-endemic","Non-specialized","Uncertain",NA,1,NA,"Willow Warbler","Phylloscopus trochilus","Willow Warbler","Phylloscopus trochilus","Least Concern","Schedule-II","","Appendix II",NA,"Willow Warbler","Phylloscopus trochilus","avibase-88F4B969",NA,2.91,1,NA,864,"","","",NA,NA,NA,NA,NA,NA,NA,NA,NA,NA,NA,NA,NA,NA,NA,NA,NA,NA,NA,NA,NA,NA,NA,NA,NA,NA,NA,NA,NA,NA,NA,NA,NA,NA,NA,NA,NA,NA,NA,NA,NA,NA,NA,NA,NA,NA,NA,NA,NA,NA
"Mountain Chiffchaff","Phylloscopus sindianus","mouchi2","Passeriformes","Phylloscopidae (Leaf Warblers)",NA,NA,NA,NA,"Diurnal","Diurnal","Invertebrate","No","No","No","Non-endemic","Non-specialized","Local Migrant",NA,NA,NA,"Mountain Chiffchaff","Phylloscopus sindianus","Mountain Chiffchaff","Phylloscopus sindianus","Least Concern","Schedule-II","","Appendix II",NA,"Mountain Chiffchaff","Phylloscopus sindianus","avibase-F05BA180",1,2.6,1,0.100634239,865,"","","",NA,NA,NA,NA,NA,NA,NA,NA,NA,NA,NA,NA,NA,NA,NA,NA,NA,NA,NA,NA,NA,NA,NA,NA,NA,NA,NA,NA,NA,NA,NA,NA,NA,NA,NA,NA,NA,NA,NA,NA,NA,NA,NA,NA,NA,NA,NA,NA,NA,NA
"Common Chiffchaff","Phylloscopus collybita","comchi1","Passeriformes","Phylloscopidae (Leaf Warblers)",NA,NA,NA,NA,"Diurnal","Diurnal","Invertebrate","No","No","No","Non-endemic","Non-specialized","Winter Migrant",NA,NA,NA,"Common Chiffchaff","Phylloscopus collybita","Siberian Chiffchaff","Phylloscopus tristis","Least Concern","Schedule-II","","Appendix II",NA,"Common Chiffchaff","Phylloscopus collybita","avibase-F9F4B04D",1,2.72,2,0.115179004,866,"","","",NA,NA,NA,NA,NA,NA,NA,NA,NA,NA,NA,NA,NA,NA,NA,NA,NA,NA,NA,NA,NA,NA,NA,NA,NA,NA,NA,NA,NA,NA,NA,NA,NA,NA,NA,NA,NA,NA,NA,NA,NA,NA,NA,NA,NA,"Low",NA,NA,NA,NA
"White-spectacled Warbler","Phylloscopus intermedius","whswar1","Passeriformes","Phylloscopidae (Leaf Warblers)",NA,NA,NA,NA,"Diurnal","Diurnal","Invertebrate","No","No","No","Non-endemic","Forest","Resident & Altitudinal Migrant",1,NA,NA,"White-spectacled Warbler","Phylloscopus intermedius","White-spectacled Warbler","Phylloscopus intermedius","Least Concern","Schedule-II","","Appendix II",NA,"White-spectacled Warbler","Phylloscopus intermedius","avibase-1B17E3C3",1,2.48,1,0.332903624,867,"","","",NA,NA,NA,NA,NA,NA,NA,NA,NA,NA,NA,NA,NA,NA,NA,NA,NA,NA,NA,NA,NA,NA,NA,NA,NA,NA,NA,NA,NA,NA,NA,NA,NA,NA,NA,NA,NA,NA,NA,NA,NA,NA,NA,NA,NA,"Low",NA,NA,NA,NA
"Gray-cheeked Warbler","Phylloscopus poliogenys","gycwar2","Passeriformes","Phylloscopidae (Leaf Warblers)",NA,NA,NA,NA,"Diurnal","Diurnal","Invertebrate","No","No","No","Non-endemic","Forest","Resident & Altitudinal Migrant",NA,NA,NA,"Grey-cheeked Warbler","Phylloscopus poliogenys","Grey-cheeked Warbler","Phylloscopus poliogenys","Least Concern","Schedule-II","","Appendix II",NA,"Grey-cheeked Warbler","Phylloscopus poliogenys","avibase-C8AB31F2",1,2.45,1,0.188080224,868,"","","",NA,NA,NA,NA,NA,NA,NA,NA,NA,NA,NA,NA,NA,NA,NA,NA,NA,NA,NA,NA,NA,NA,NA,NA,NA,NA,NA,NA,NA,NA,NA,NA,NA,NA,NA,NA,NA,NA,NA,NA,NA,NA,NA,NA,NA,"Low",NA,NA,NA,NA
"Green-crowned Warbler","Phylloscopus burkii","goswar1","Passeriformes","Phylloscopidae (Leaf Warblers)",NA,NA,NA,NA,"Diurnal","Diurnal","Invertebrate","No","No","No","Non-endemic","Forest","Summer Migrant & Localized Winter Migrant",1,NA,NA,"Green-crowned Warbler","Phylloscopus burkii","Green-crowned Warbler","Phylloscopus burkii","Least Concern","Schedule-II","","Appendix II",NA,"Green-crowned Warbler","Phylloscopus burkii","avibase-D83BD358",1,2.54,1,0.807413466,869,"","","",NA,NA,NA,NA,NA,NA,NA,NA,NA,NA,NA,NA,NA,NA,NA,NA,NA,NA,NA,NA,NA,NA,NA,NA,NA,NA,NA,NA,NA,NA,NA,NA,NA,NA,NA,NA,NA,NA,NA,NA,NA,NA,NA,NA,NA,"Low",NA,NA,NA,NA
"Gray-crowned Warbler","Phylloscopus tephrocephalus","gycwar1","Passeriformes","Phylloscopidae (Leaf Warblers)",NA,NA,NA,NA,"Diurnal","Diurnal","Invertebrate","No","No","No","Non-endemic","Forest","Summer Migrant",NA,NA,NA,"Grey-crowned Warbler","Phylloscopus tephrocephalus","Grey-crowned Warbler","Phylloscopus tephrocephalus","Least Concern","Schedule-II","","Appendix II",NA,"Grey-crowned Warbler","Phylloscopus tephrocephalus","avibase-5ED14FEA",1,2.54,1,0.051039727,870,"","","",NA,NA,NA,NA,NA,NA,NA,NA,NA,NA,NA,NA,NA,NA,NA,NA,NA,NA,NA,NA,NA,NA,NA,NA,NA,NA,NA,NA,NA,NA,NA,NA,NA,NA,NA,NA,NA,NA,NA,NA,NA,NA,NA,NA,NA,NA,NA,NA,NA,NA
"Whistler's Warbler","Phylloscopus whistleri","whiwar2","Passeriformes","Phylloscopidae (Leaf Warblers)",NA,NA,NA,NA,"Diurnal","Diurnal","Invertebrate","No","No","No","Non-endemic","Forest","Resident & Local Migrant",NA,NA,NA,"Whistler's Warbler","Phylloscopus whistleri","Whistler's Warbler","Phylloscopus whistleri","Least Concern","Schedule-II","","",NA,"Whistler's Warbler","Phylloscopus whistleri","avibase-6011D298",1,2.54,2,0.553626454,871,"","","",NA,NA,NA,NA,NA,NA,NA,NA,NA,NA,NA,NA,NA,NA,NA,NA,NA,NA,NA,NA,NA,NA,NA,NA,NA,NA,NA,NA,NA,NA,NA,NA,NA,NA,NA,NA,NA,NA,NA,NA,NA,NA,NA,NA,NA,"Low",NA,NA,NA,NA
"Bianchi's Warbler","Phylloscopus valentini","biawar1","Passeriformes","Phylloscopidae (Leaf Warblers)",NA,NA,NA,NA,"Diurnal","Diurnal","Invertebrate","No","No","No","Non-endemic","Forest","Uncertain",NA,1,NA,"Bianchi's Warbler","Phylloscopus valentini","Bianchi's Warbler","Phylloscopus valentini","Least Concern","Recent addition","","Appendix II",NA,"Bianchi's Warbler","Phylloscopus valentini","avibase-6A26566D",NA,2.54,1,0.00138903,872,"","","",NA,NA,NA,NA,NA,NA,NA,NA,NA,NA,NA,NA,NA,NA,NA,NA,NA,NA,NA,NA,NA,NA,NA,NA,NA,NA,NA,NA,NA,NA,NA,NA,NA,NA,NA,NA,NA,NA,NA,NA,NA,NA,NA,NA,NA,NA,NA,NA,NA,NA
"Green Warbler","Phylloscopus nitidus","grnwar1","Passeriformes","Phylloscopidae (Leaf Warblers)",NA,NA,NA,NA,"Diurnal","Diurnal","Invertebrate","No","No","No","Non-endemic","Forest & Plantation","Winter Migrant",NA,NA,NA,"Green Warbler","Phylloscopus nitidus","Green Warbler","Phylloscopus nitidus","Least Concern","Schedule-II","","Appendix II",NA,"Green Warbler","Phylloscopus nitidus","avibase-3542C46B",1,2.52,1,0.249096323,873,"","","",NA,NA,NA,NA,NA,NA,NA,NA,NA,NA,NA,NA,NA,NA,NA,NA,NA,NA,NA,NA,NA,NA,NA,NA,NA,NA,NA,NA,NA,NA,NA,NA,NA,NA,NA,NA,NA,NA,NA,NA,NA,NA,NA,NA,NA,NA,NA,NA,NA,NA
"Greenish Warbler","Phylloscopus trochiloides","grewar3","Passeriformes","Phylloscopidae (Leaf Warblers)",NA,NA,NA,NA,"Diurnal","Diurnal","Invertebrate","No","No","No","Non-endemic","Forest & Plantation","Winter Migrant & Localized Summer Migrant",NA,NA,NA,"Greenish Warbler","Phylloscopus trochiloides","Greenish Warbler","Phylloscopus trochiloides","Least Concern","Schedule-II","","Appendix II",NA,"Greenish Warbler","Phylloscopus trochiloides","avibase-23EF1BD9",1,2.6,3,0.107512768,874,"X","X","X",172,0.133720930232558,0.430959302325581,0.558139534883721,16.0348837209302,0.939359616616773,97.0397697973505,121.76209376171,153.100725075975,96.1867903005676,124.391887689406,161.283961183413,95.2958771233773,127.075121216602,170.045346275422,94.3547626062309,129.901877509688,179.360591203837,93.3640549745761,132.718811441592,189.274441489689,92.3833181448651,135.656018481466,199.823447935078,91.4459307820495,138.565765196676,211.080286296694,90.4952825604465,141.564237723033,222.828629359642,NA,NA,NA,-66.2212374532552,-60.3013778289412,-53.1997941268957,-0.334922561195445,0.733463158982033,1.80184887915951,91892,91934,91976,"Rapid Decline","Stable",NA,"Low","Rapid Decline","Stable",NA,"Moderate"
"Two-barred Warbler","Phylloscopus plumbeitarsus","grewar2","Passeriformes","Phylloscopidae (Leaf Warblers)",NA,NA,NA,NA,"Diurnal","Diurnal","Invertebrate","No","No","No","Non-endemic","Forest & Plantation","Uncertain",NA,1,NA,"Two-barred Warbler","Phylloscopus plumbeitarsus","Two-barred Warbler","Phylloscopus plumbeitarsus","Least Concern","Schedule-II","","Appendix II",NA,"Two-barred Warbler","Phylloscopus plumbeitarsus","avibase-38C788AE",NA,2.72,1,NA,875,"","","",NA,NA,NA,NA,NA,NA,NA,NA,NA,NA,NA,NA,NA,NA,NA,NA,NA,NA,NA,NA,NA,NA,NA,NA,NA,NA,NA,NA,NA,NA,NA,NA,NA,NA,NA,NA,NA,NA,NA,NA,NA,NA,NA,NA,NA,NA,NA,NA,NA,NA
"Large-billed Leaf Warbler","Phylloscopus magnirostris","lblwar1","Passeriformes","Phylloscopidae (Leaf Warblers)",NA,NA,NA,NA,"Diurnal","Diurnal","Invertebrate","No","No","No","Non-endemic","Forest","Within-India Migrant & Winter Migrant",NA,NA,NA,"Large-billed Leaf Warbler","Phylloscopus magnirostris","Large-billed Leaf-warbler","Phylloscopus magnirostris","Least Concern","Schedule-II","","Appendix II",NA,"Large-billed Leaf Warbler","Phylloscopus magnirostris","avibase-C31573A5",1,2.88,1,0.64739981,876,"","","X",56,0.25,0.375,0.625,17.875,1.72442862737461,NA,NA,NA,NA,NA,NA,NA,NA,NA,NA,NA,NA,NA,NA,NA,NA,NA,NA,NA,NA,NA,NA,NA,NA,NA,NA,NA,NA,NA,NA,NA,NA,NA,29547,29651,29755,"Insufficient Data","Insufficient Data",NA,"Moderate","Insufficient Data","Insufficient Data",NA,"Low"
"Pale-legged Leaf Warbler","Phylloscopus tenellipes","pllwar1","Passeriformes","Phylloscopidae (Leaf Warblers)",NA,NA,NA,NA,"Diurnal","Diurnal","Invertebrate","No","No","No","Non-endemic","Forest & Plantation","Uncertain",NA,1,NA,"Pale-legged Leaf Warbler","Phylloscopus tenellipes","Pale-legged Leaf-warbler","Phylloscopus tenellipes","Least Concern","Schedule-II","","Appendix II",NA,"Pale-legged Leaf Warbler","Phylloscopus tenellipes","avibase-D0FA2385",NA,2.91,1,NA,877,"","","",NA,NA,NA,NA,NA,NA,NA,NA,NA,NA,NA,NA,NA,NA,NA,NA,NA,NA,NA,NA,NA,NA,NA,NA,NA,NA,NA,NA,NA,NA,NA,NA,NA,NA,NA,NA,NA,NA,NA,NA,NA,NA,NA,NA,NA,NA,NA,NA,NA,NA
"Sakhalin Leaf Warbler","Phylloscopus borealoides","salwar1","Passeriformes","Phylloscopidae (Leaf Warblers)",NA,NA,NA,NA,"Diurnal","Diurnal","Invertebrate","No","No","No","Non-endemic","Forest & Plantation","Winter Migrant",NA,NA,NA,"Sakhalin Leaf Warbler","Phylloscopus borealoides","Sakhalin Leaf-warbler","Phylloscopus borealoides","Least Concern","Schedule-II","","Appendix II",NA,"Sakhalin Leaf Warbler","Phylloscopus borealoides","avibase-21AA0D1D",NA,2.78,1,0.002438045,878,"","","",NA,NA,NA,NA,NA,NA,NA,NA,NA,NA,NA,NA,NA,NA,NA,NA,NA,NA,NA,NA,NA,NA,NA,NA,NA,NA,NA,NA,NA,NA,NA,NA,NA,NA,NA,NA,NA,NA,NA,NA,NA,NA,NA,NA,NA,NA,NA,NA,NA,NA
"Arctic Warbler","Phylloscopus borealis","arcwar1","Passeriformes","Phylloscopidae (Leaf Warblers)",NA,NA,NA,NA,"Diurnal","Diurnal","Invertebrate","No","No","No","Non-endemic","Forest & Plantation","Winter Migrant",NA,NA,NA,"Arctic Warbler","Phylloscopus borealis","Arctic Warbler","Phylloscopus borealis","Least Concern","Schedule-II","","Appendix II",NA,"Arctic Warbler","Phylloscopus borealis","avibase-ECFC7E6C",1,2.63,1,NA,879,"","","",NA,NA,NA,NA,NA,NA,NA,NA,NA,NA,NA,NA,NA,NA,NA,NA,NA,NA,NA,NA,NA,NA,NA,NA,NA,NA,NA,NA,NA,NA,NA,NA,NA,NA,NA,NA,NA,NA,NA,NA,NA,NA,NA,NA,NA,NA,NA,NA,NA,NA
"Chestnut-crowned Warbler","Phylloscopus castaniceps","chcwar2","Passeriformes","Phylloscopidae (Leaf Warblers)",NA,NA,NA,NA,"Diurnal","Diurnal","Invertebrate","No","No","No","Non-endemic","Forest","Resident & Altitudinal Migrant",NA,NA,NA,"Chestnut-crowned Warbler","Phylloscopus castaniceps","Chestnut-crowned Warbler","Phylloscopus castaniceps","Least Concern","Schedule-II","","Appendix II",NA,"Chestnut-crowned Warbler","Phylloscopus castaniceps","avibase-F1DD5495",1,2.35,1,0.078384251,880,"","","",NA,NA,NA,NA,NA,NA,NA,NA,NA,NA,NA,NA,NA,NA,NA,NA,NA,NA,NA,NA,NA,NA,NA,NA,NA,NA,NA,NA,NA,NA,NA,NA,NA,NA,NA,NA,NA,NA,NA,NA,NA,NA,NA,NA,NA,"Low",NA,NA,NA,NA
"Yellow-vented Warbler","Phylloscopus cantator","yevwar1","Passeriformes","Phylloscopidae (Leaf Warblers)",NA,NA,NA,NA,"Diurnal","Diurnal","Invertebrate","No","No","Yes","Eastern Himalayas","Forest","Resident & Local Migrant",NA,NA,NA,"Yellow-vented Warbler","Phylloscopus cantator","Yellow-vented Warbler","Phylloscopus cantator","Least Concern","Schedule-II","","Appendix II",NA,"Yellow-vented Warbler","Phylloscopus cantator","avibase-758EC511",1,2.44,1,0.319677403,881,"","","",NA,NA,NA,NA,NA,NA,NA,NA,NA,NA,NA,NA,NA,NA,NA,NA,NA,NA,NA,NA,NA,NA,NA,NA,NA,NA,NA,NA,NA,NA,NA,NA,NA,NA,NA,NA,NA,NA,NA,NA,NA,NA,NA,NA,NA,"Low",NA,NA,NA,NA
"Western Crowned Warbler","Phylloscopus occipitalis","weclew1","Passeriformes","Phylloscopidae (Leaf Warblers)",NA,NA,NA,NA,"Diurnal","Diurnal","Invertebrate","No","No","No","Non-endemic","Forest & Plantation","Within-India Migrant",NA,NA,NA,"Western Crowned Warbler","Phylloscopus occipitalis","Western Crowned Leaf-warbler","Phylloscopus occipitalis","Least Concern","Schedule-II","","Appendix II",NA,"Western Crowned Warbler","Phylloscopus occipitalis","avibase-9517BF86",1,2.7,1,0.77993713,882,"","","X",32,0.3125,0.2734375,0.34375,17.03125,2.14216877168233,NA,NA,NA,NA,NA,NA,NA,NA,NA,NA,NA,NA,NA,NA,NA,NA,NA,NA,NA,NA,NA,NA,NA,NA,NA,NA,NA,NA,NA,NA,NA,NA,NA,16062,16215,16368,"Insufficient Data","Insufficient Data",NA,"Moderate","Insufficient Data","Insufficient Data",NA,"Low"
"Blyth's Leaf Warbler","Phylloscopus reguloides","blylew1","Passeriformes","Phylloscopidae (Leaf Warblers)",NA,NA,NA,NA,"Diurnal","Diurnal","Invertebrate","No","No","No","Non-endemic","Forest","Resident & Local Migrant",NA,NA,NA,"Blyth's Leaf Warbler","Phylloscopus reguloides","Blyth's Leaf-warbler","Phylloscopus reguloides","Least Concern","Schedule-II","","Appendix II",NA,"Blyth's Leaf Warbler","Phylloscopus reguloides","avibase-1219F329",1,2.51,3,0.222395944,883,"","","",NA,NA,NA,NA,NA,NA,NA,NA,NA,NA,NA,NA,NA,NA,NA,NA,NA,NA,NA,NA,NA,NA,NA,NA,NA,NA,NA,NA,NA,NA,NA,NA,NA,NA,NA,NA,NA,NA,NA,NA,NA,NA,NA,NA,NA,"Low",NA,NA,NA,NA
"Claudia's Leaf Warbler","Phylloscopus claudiae","clalew1","Passeriformes","Phylloscopidae (Leaf Warblers)",NA,NA,NA,NA,"Diurnal","Diurnal","Invertebrate","No","No","No","Non-endemic","Non-specialized","Uncertain",NA,1,NA,"Claudia's Leaf Warbler","Phylloscopus claudiae","Claudia's Leaf-warbler","Phylloscopus claudiae","Least Concern","Schedule-II","","Appendix II",NA,"Claudia's Leaf Warbler","Phylloscopus claudiae","avibase-0B7734A6",NA,2.63,1,0.090528234,884,"","","",NA,NA,NA,NA,NA,NA,NA,NA,NA,NA,NA,NA,NA,NA,NA,NA,NA,NA,NA,NA,NA,NA,NA,NA,NA,NA,NA,NA,NA,NA,NA,NA,NA,NA,NA,NA,NA,NA,NA,NA,NA,NA,NA,NA,NA,NA,NA,NA,NA,NA
"Gray-hooded Warbler","Phylloscopus xanthoschistos","gyhwar2","Passeriformes","Phylloscopidae (Leaf Warblers)",NA,NA,NA,NA,"Diurnal","Diurnal","Invertebrate","No","No","Yes","Himalayas","Forest & Plantation","Resident & Altitudinal Migrant",NA,NA,NA,"Grey-hooded Warbler","Phylloscopus xanthoschistos","Grey-hooded Warbler","Phylloscopus xanthoschistos","Least Concern","Schedule-II","","Appendix II",NA,"Grey-hooded Warbler","Phylloscopus xanthoschistos","avibase-AA897420",1,2.55,5,0.564400614,885,"","","",NA,NA,NA,NA,NA,NA,NA,NA,NA,NA,NA,NA,NA,NA,NA,NA,NA,NA,NA,NA,NA,NA,NA,NA,NA,NA,NA,NA,NA,NA,NA,NA,NA,NA,NA,NA,NA,NA,NA,NA,NA,NA,NA,NA,NA,"Low",NA,NA,NA,NA
"Pale-footed Bush Warbler","Hemitesia pallidipes","pfbwar1","Passeriformes","Cettiidae (Bush Warblers and Allies)",NA,NA,NA,NA,"Diurnal","Diurnal","Invertebrate","No","No","No","Non-endemic","Forest","Resident & Local Migrant",1,NA,NA,"Pale-footed Bush Warbler","Hemitesia pallidipes","Pale-footed Bush-warbler","Hemitesia pallidipes","Least Concern","Schedule-II","","Appendix II",NA,"Pale-footed Bush Warbler","Hemitesia pallidipes","avibase-E87512DF",1,2.55,2,0.227061491,886,"","","",NA,NA,NA,NA,NA,NA,NA,NA,NA,NA,NA,NA,NA,NA,NA,NA,NA,NA,NA,NA,NA,NA,NA,NA,NA,NA,NA,NA,NA,NA,NA,NA,NA,NA,NA,NA,NA,NA,NA,NA,NA,NA,NA,NA,NA,"High",NA,NA,NA,NA
"Asian Stubtail","Urosphena squameiceps","asistu1","Passeriformes","Cettiidae (Bush Warblers and Allies)",NA,NA,NA,NA,"Diurnal","Diurnal","Invertebrate","No","No","No","Non-endemic","Forest","Winter Migrant",NA,1,NA,"Asian Stubtail","Urosphena squameiceps","Asian Stubtail","Urosphena squameiceps","Least Concern","Schedule-II","","Appendix II",NA,"Asian Stubtail","Urosphena squameiceps","avibase-1A0CF540",1,2.53,1,NA,887,"","","",NA,NA,NA,NA,NA,NA,NA,NA,NA,NA,NA,NA,NA,NA,NA,NA,NA,NA,NA,NA,NA,NA,NA,NA,NA,NA,NA,NA,NA,NA,NA,NA,NA,NA,NA,NA,NA,NA,NA,NA,NA,NA,NA,NA,NA,NA,NA,NA,NA,NA
"Gray-bellied Tesia","Tesia cyaniventer","gybtes1","Passeriformes","Cettiidae (Bush Warblers and Allies)",NA,NA,NA,NA,"Diurnal","Diurnal","Invertebrate","No","No","No","Non-endemic","Forest","Altitudinal Migrant",NA,NA,NA,"Grey-bellied Tesia","Tesia cyaniventer","Grey-bellied Tesia","Tesia cyaniventer","Least Concern","Schedule-II","","Appendix II",NA,"Grey-bellied Tesia","Tesia cyaniventer","avibase-FD0F40FE",1,2.48,1,0.117989807,888,"","","",NA,NA,NA,NA,NA,NA,NA,NA,NA,NA,NA,NA,NA,NA,NA,NA,NA,NA,NA,NA,NA,NA,NA,NA,NA,NA,NA,NA,NA,NA,NA,NA,NA,NA,NA,NA,NA,NA,NA,NA,NA,NA,NA,NA,NA,"Low",NA,NA,NA,NA
"Slaty-bellied Tesia","Tesia olivea","slbtes1","Passeriformes","Cettiidae (Bush Warblers and Allies)",NA,NA,NA,NA,"Diurnal","Diurnal","Invertebrate","No","No","No","Non-endemic","Forest","Altitudinal Migrant",1,NA,NA,"Slaty-bellied Tesia","Tesia olivea","Slaty-bellied Tesia","Tesia olivea","Least Concern","Schedule-II","","Appendix II",NA,"Slaty-bellied Tesia","Tesia olivea","avibase-CD13049C",1,2.29,1,0.097882808,889,"","","",NA,NA,NA,NA,NA,NA,NA,NA,NA,NA,NA,NA,NA,NA,NA,NA,NA,NA,NA,NA,NA,NA,NA,NA,NA,NA,NA,NA,NA,NA,NA,NA,NA,NA,NA,NA,NA,NA,NA,NA,NA,NA,NA,NA,NA,"Low",NA,NA,NA,NA
"Chestnut-crowned Bush Warbler","Cettia major","ccbwar1","Passeriformes","Cettiidae (Bush Warblers and Allies)",NA,NA,NA,NA,"Diurnal","Diurnal","Invertebrate","No","No","No","Non-endemic","Grassland & Scrub","Altitudinal Migrant",NA,NA,NA,"Chestnut-crowned Bush Warbler","Cettia major","Chestnut-crowned Bush-warbler","Cettia major","Least Concern","Schedule-II","","Appendix II",NA,"Chestnut-crowned Bush Warbler","Cettia major","avibase-B9A707A5",1,2.65,2,0.117693007,890,"","","",NA,NA,NA,NA,NA,NA,NA,NA,NA,NA,NA,NA,NA,NA,NA,NA,NA,NA,NA,NA,NA,NA,NA,NA,NA,NA,NA,NA,NA,NA,NA,NA,NA,NA,NA,NA,NA,NA,NA,NA,NA,NA,NA,NA,NA,NA,NA,NA,NA,NA
"Gray-sided Bush Warbler","Cettia brunnifrons","gysbuw1","Passeriformes","Cettiidae (Bush Warblers and Allies)",NA,NA,NA,NA,"Diurnal","Diurnal","Invertebrate","No","No","No","Non-endemic","Non-specialized","Resident & Altitudinal Migrant",NA,NA,NA,"Grey-sided Bush Warbler","Cettia brunnifrons","Grey-sided Bush-warbler","Cettia brunnifrons","Least Concern","Schedule-II","","Appendix II",NA,"Grey-sided Bush Warbler","Cettia brunnifrons","avibase-5FA90F20",1,2.24,3,0.198643839,891,"","","",NA,NA,NA,NA,NA,NA,NA,NA,NA,NA,NA,NA,NA,NA,NA,NA,NA,NA,NA,NA,NA,NA,NA,NA,NA,NA,NA,NA,NA,NA,NA,NA,NA,NA,NA,NA,NA,NA,NA,NA,NA,NA,NA,NA,NA,"Low",NA,NA,NA,NA
"Chestnut-headed Tesia","Cettia castaneocoronata","chhtes1","Passeriformes","Cettiidae (Bush Warblers and Allies)",NA,NA,NA,NA,"Diurnal","Diurnal","Invertebrate","No","No","No","Non-endemic","Forest","Altitudinal Migrant",NA,NA,NA,"Chestnut-headed Tesia","Cettia castaneocoronata","Chestnut-headed Tesia","Cettia castaneocoronata","Least Concern","Schedule-II","","Appendix II",NA,"Chestnut-headed Tesia","Cettia castaneocoronata","avibase-1884A2A5",1,2.64,1,0.138601465,892,"","","",NA,NA,NA,NA,NA,NA,NA,NA,NA,NA,NA,NA,NA,NA,NA,NA,NA,NA,NA,NA,NA,NA,NA,NA,NA,NA,NA,NA,NA,NA,NA,NA,NA,NA,NA,NA,NA,NA,NA,NA,NA,NA,NA,NA,NA,"Low",NA,NA,NA,NA
"Cetti's Warbler","Cettia cetti","cetwar1","Passeriformes","Cettiidae (Bush Warblers and Allies)",NA,NA,NA,NA,"Diurnal","Diurnal","Invertebrate","No","No","No","Non-endemic","Wetland","Winter Migrant",NA,1,NA,"Cetti's Warbler","Cettia cetti","Cetti's Warbler","Cettia cetti","Least Concern","Schedule-II","","Appendix II",NA,"Cetti's Warbler","Cettia cetti","avibase-F3E9CE95",1,2.48,1,0.013345969,893,"","","",NA,NA,NA,NA,NA,NA,NA,NA,NA,NA,NA,NA,NA,NA,NA,NA,NA,NA,NA,NA,NA,NA,NA,NA,NA,NA,NA,NA,NA,NA,NA,NA,NA,NA,NA,NA,NA,NA,NA,NA,NA,NA,NA,NA,NA,NA,NA,NA,NA,NA
"Yellow-bellied Warbler","Abroscopus superciliaris","yebwar1","Passeriformes","Cettiidae (Bush Warblers and Allies)",NA,NA,NA,NA,"Diurnal","Diurnal","Invertebrate","No","No","No","Non-endemic","Forest","Resident",NA,NA,NA,"Yellow-bellied Warbler","Abroscopus superciliaris","Yellow-bellied Warbler","Abroscopus superciliaris","Least Concern","Schedule-II","","Appendix II",NA,"Yellow-bellied Warbler","Abroscopus superciliaris","avibase-A8F5D21F",1,2.55,2,0.04782853,894,"","","",NA,NA,NA,NA,NA,NA,NA,NA,NA,NA,NA,NA,NA,NA,NA,NA,NA,NA,NA,NA,NA,NA,NA,NA,NA,NA,NA,NA,NA,NA,NA,NA,NA,NA,NA,NA,NA,NA,NA,NA,NA,NA,NA,NA,NA,"Low",NA,NA,NA,NA
"Rufous-faced Warbler","Abroscopus albogularis","rufwar1","Passeriformes","Cettiidae (Bush Warblers and Allies)",NA,NA,NA,NA,"Diurnal","Diurnal","Invertebrate","No","No","No","Non-endemic","Forest","Resident & Altitudinal Migrant",1,NA,NA,"Rufous-faced Warbler","Abroscopus albogularis","Rufous-faced Warbler","Abroscopus albogularis","Least Concern","Schedule-II","","",NA,"Rufous-faced Warbler","Abroscopus albogularis","avibase-684016CB",1,2.37,1,0.040228024,895,"","","",NA,NA,NA,NA,NA,NA,NA,NA,NA,NA,NA,NA,NA,NA,NA,NA,NA,NA,NA,NA,NA,NA,NA,NA,NA,NA,NA,NA,NA,NA,NA,NA,NA,NA,NA,NA,NA,NA,NA,NA,NA,NA,NA,NA,NA,"Moderate",NA,NA,NA,NA
"Black-faced Warbler","Abroscopus schisticeps","blfwar1","Passeriformes","Cettiidae (Bush Warblers and Allies)",NA,NA,NA,NA,"Diurnal","Diurnal","Invertebrate","No","No","No","Non-endemic","Forest","Resident & Altitudinal Migrant",NA,NA,NA,"Black-faced Warbler","Abroscopus schisticeps","Black-faced Warbler","Abroscopus schisticeps","Least Concern","Schedule-II","","Appendix II",NA,"Black-faced Warbler","Abroscopus schisticeps","avibase-0FD03AFF",1,2.81,2,0.174098741,896,"","","",NA,NA,NA,NA,NA,NA,NA,NA,NA,NA,NA,NA,NA,NA,NA,NA,NA,NA,NA,NA,NA,NA,NA,NA,NA,NA,NA,NA,NA,NA,NA,NA,NA,NA,NA,NA,NA,NA,NA,NA,NA,NA,NA,NA,NA,"Low",NA,NA,NA,NA
"Mountain Tailorbird","Phyllergates cucullatus","moutai2","Passeriformes","Cettiidae (Bush Warblers and Allies)",NA,NA,NA,NA,"Diurnal","Diurnal","Invertebrate","No","No","No","Non-endemic","Forest","Resident & Altitudinal Migrant",NA,NA,NA,"Mountain Tailorbird","Phyllergates cucullatus","Mountain Tailorbird","Phyllergates cucullatus","Least Concern","Schedule-II","","Appendix II",NA,"Mountain Tailorbird","Phyllergates cucullatus","avibase-39C48CCA",1,2.25,1,0.091413964,897,"","","",NA,NA,NA,NA,NA,NA,NA,NA,NA,NA,NA,NA,NA,NA,NA,NA,NA,NA,NA,NA,NA,NA,NA,NA,NA,NA,NA,NA,NA,NA,NA,NA,NA,NA,NA,NA,NA,NA,NA,NA,NA,NA,NA,NA,NA,"Low",NA,NA,NA,NA
"Broad-billed Warbler","Tickellia hodgsoni","brbwar1","Passeriformes","Cettiidae (Bush Warblers and Allies)",NA,NA,NA,NA,"Diurnal","Diurnal","Invertebrate","No","No","Yes","Eastern Himalayas","Forest","Resident & Altitudinal Migrant",NA,NA,NA,"Broad-billed Warbler","Tickellia hodgsoni","Broad-billed Warbler","Tickellia hodgsoni","Least Concern","Schedule-II","","",NA,"Broad-billed Warbler","Tickellia hodgsoni","avibase-681B5F66",1,2.23,1,0.25849873,898,"","","",NA,NA,NA,NA,NA,NA,NA,NA,NA,NA,NA,NA,NA,NA,NA,NA,NA,NA,NA,NA,NA,NA,NA,NA,NA,NA,NA,NA,NA,NA,NA,NA,NA,NA,NA,NA,NA,NA,NA,NA,NA,NA,NA,NA,NA,"Moderate",NA,NA,NA,NA
"Manchurian Bush Warbler","Horornis canturians","manbuw1","Passeriformes","Cettiidae (Bush Warblers and Allies)",NA,NA,NA,NA,"Diurnal","Diurnal","Invertebrate","No","No","No","Non-endemic","Non-specialized","Uncertain",NA,1,NA,"Manchurian Bush Warbler","Horornis canturians","Korean Bush-warbler","Horornis canturians","Least Concern","Schedule-II","","Appendix II",NA,"Manchurian Bush Warbler","Horornis canturians","avibase-CF833D56",NA,2.8,1,NA,899,"","","",NA,NA,NA,NA,NA,NA,NA,NA,NA,NA,NA,NA,NA,NA,NA,NA,NA,NA,NA,NA,NA,NA,NA,NA,NA,NA,NA,NA,NA,NA,NA,NA,NA,NA,NA,NA,NA,NA,NA,NA,NA,NA,NA,NA,NA,NA,NA,NA,NA,NA
"Brownish-flanked Bush Warbler","Horornis fortipes","bfbwar1","Passeriformes","Cettiidae (Bush Warblers and Allies)",NA,NA,NA,NA,"Diurnal","Diurnal","Invertebrate","No","No","No","Non-endemic","Non-specialized","Altitudinal Migrant",NA,NA,NA,"Brownish-flanked Bush Warbler","Horornis fortipes","Brownish-flanked Bush-warbler","Horornis fortipes","Least Concern","Schedule-II","","Appendix II",NA,"Brown-flanked Bush Warbler","Horornis fortipes","avibase-16508376",1,2.54,2,0.087625256,900,"","","",NA,NA,NA,NA,NA,NA,NA,NA,NA,NA,NA,NA,NA,NA,NA,NA,NA,NA,NA,NA,NA,NA,NA,NA,NA,NA,NA,NA,NA,NA,NA,NA,NA,NA,NA,NA,NA,NA,NA,NA,NA,NA,NA,NA,NA,"Low",NA,NA,NA,NA
"Hume's Bush Warbler","Horornis brunnescens","yebbuw2","Passeriformes","Cettiidae (Bush Warblers and Allies)",NA,NA,NA,NA,"Diurnal","Diurnal","Invertebrate","No","No","Yes","Himalayas","Forest","Altitudinal Migrant",NA,NA,NA,"Hume's Bush Warbler","Horornis brunnescens","Hume's Bush-warbler","Horornis brunnescens","Least Concern","Schedule-II","","Appendix II",NA,"Hume's Bush Warbler","Horornis brunnescens","avibase-4B3D2096",1,2.2,1,0.389345768,901,"","","",NA,NA,NA,NA,NA,NA,NA,NA,NA,NA,NA,NA,NA,NA,NA,NA,NA,NA,NA,NA,NA,NA,NA,NA,NA,NA,NA,NA,NA,NA,NA,NA,NA,NA,NA,NA,NA,NA,NA,NA,NA,NA,NA,NA,NA,"Moderate",NA,NA,NA,NA
"Aberrant Bush Warbler","Horornis flavolivaceus","abbwar1","Passeriformes","Cettiidae (Bush Warblers and Allies)",NA,NA,NA,NA,"Diurnal","Diurnal","Invertebrate","No","No","No","Non-endemic","Forest & Plantation","Altitudinal Migrant",NA,NA,NA,"Aberrant Bush Warbler","Horornis flavolivaceus","Aberrant Bush-warbler","Horornis flavolivaceus","Least Concern","Schedule-II","","Appendix II",NA,"Aberrant Bush Warbler","Horornis flavolivaceus","avibase-A6213F6F",1,2.42,3,0.130566726,902,"","","",NA,NA,NA,NA,NA,NA,NA,NA,NA,NA,NA,NA,NA,NA,NA,NA,NA,NA,NA,NA,NA,NA,NA,NA,NA,NA,NA,NA,NA,NA,NA,NA,NA,NA,NA,NA,NA,NA,NA,NA,NA,NA,NA,NA,NA,"Low",NA,NA,NA,NA
"White-browed Tit-Warbler","Leptopoecile sophiae","wbtwar1","Passeriformes","Aegithalidae (Long-tailed Tits)",NA,NA,NA,NA,"Diurnal","Diurnal","Invertebrate","No","No","No","Non-endemic","Alpine & Cold Desert","Resident",1,NA,NA,"White-browed Tit-Warbler","Leptopoecile sophiae","White-browed Tit-warbler","Leptopoecile sophiae","Least Concern","Schedule-II","","Appendix II",NA,"White-browed Tit-warbler","Leptopoecile sophiae","avibase-FCAE5D9C",1,2.14,2,0.077054194,903,"","","",NA,NA,NA,NA,NA,NA,NA,NA,NA,NA,NA,NA,NA,NA,NA,NA,NA,NA,NA,NA,NA,NA,NA,NA,NA,NA,NA,NA,NA,NA,NA,NA,NA,NA,NA,NA,NA,NA,NA,NA,NA,NA,NA,NA,NA,"Moderate",NA,NA,NA,NA
"Crested Tit-Warbler","Leptopoecile elegans","crtwar1","Passeriformes","Aegithalidae (Long-tailed Tits)",NA,NA,NA,NA,"Diurnal","Diurnal","Invertebrate","No","No","No","Non-endemic","Forest","Uncertain",NA,1,NA,"Crested Tit-Warbler","Leptopoecile elegans","Crested Tit-warbler","Leptopoecile elegans","Least Concern","Schedule-II","","",NA,"Crested Tit-warbler","Leptopoecile elegans","avibase-42100244",NA,2.05,1,0.00808858,904,"","","",NA,NA,NA,NA,NA,NA,NA,NA,NA,NA,NA,NA,NA,NA,NA,NA,NA,NA,NA,NA,NA,NA,NA,NA,NA,NA,NA,NA,NA,NA,NA,NA,NA,NA,NA,NA,NA,NA,NA,NA,NA,NA,NA,NA,NA,NA,NA,NA,NA,NA
"White-cheeked Tit","Aegithalos leucogenys","whctit1","Passeriformes","Aegithalidae (Long-tailed Tits)",NA,NA,NA,NA,"Diurnal","Diurnal","Invertebrate","No","No","Yes","Western Himalayas","Forest","Uncertain",NA,1,NA,"White-cheeked Tit","Aegithalos leucogenys","White-cheeked Tit","Aegithalos leucogenys","Least Concern","Schedule-II","","",NA,"White-cheeked Bushtit","Aegithalos leucogenys","avibase-AC5C8F67",1,2.66,1,0.0502673,905,"","","",NA,NA,NA,NA,NA,NA,NA,NA,NA,NA,NA,NA,NA,NA,NA,NA,NA,NA,NA,NA,NA,NA,NA,NA,NA,NA,NA,NA,NA,NA,NA,NA,NA,NA,NA,NA,NA,NA,NA,NA,NA,NA,NA,NA,NA,NA,NA,NA,NA,NA
"Black-throated Tit","Aegithalos concinnus","blttit2","Passeriformes","Aegithalidae (Long-tailed Tits)",NA,NA,NA,NA,"Diurnal","Diurnal","Invertebrate","No","No","No","Non-endemic","Forest & Plantation","Resident & Altitudinal Migrant",1,NA,NA,"Black-throated Tit","Aegithalos concinnus","Red-headed Tit","Aegithalos iredalei","Least Concern","Schedule-II","","",NA,"Black-throated Bushtit","Aegithalos concinnus","avibase-94C5E135",1,2.85,3,0.560717082,906,"","","",NA,NA,NA,NA,NA,NA,NA,NA,NA,NA,NA,NA,NA,NA,NA,NA,NA,NA,NA,NA,NA,NA,NA,NA,NA,NA,NA,NA,NA,NA,NA,NA,NA,NA,NA,NA,NA,NA,NA,NA,NA,NA,NA,NA,NA,"Moderate",NA,NA,NA,NA
"White-throated Tit","Aegithalos niveogularis","whttit1","Passeriformes","Aegithalidae (Long-tailed Tits)",NA,NA,NA,NA,"Diurnal","Diurnal","Invertebrate","No","Yes","Yes","Western Himalayas","Forest","Resident & Altitudinal Migrant",NA,NA,NA,"White-throated Tit","Aegithalos niveogularis","White-throated Tit","Aegithalos niveogularis","Least Concern","Schedule-II","","",NA,"White-throated Bushtit","Aegithalos niveogularis","avibase-E6E37DE5",1,3.12,1,0.509997068,907,"","","",NA,NA,NA,NA,NA,NA,NA,NA,NA,NA,NA,NA,NA,NA,NA,NA,NA,NA,NA,NA,NA,NA,NA,NA,NA,NA,NA,NA,NA,NA,NA,NA,NA,NA,NA,NA,NA,NA,NA,NA,NA,NA,NA,NA,NA,"Moderate",NA,NA,NA,NA
"Black-browed Tit","Aegithalos iouschistos","bkbtit3","Passeriformes","Aegithalidae (Long-tailed Tits)",NA,NA,NA,NA,"Diurnal","Diurnal","Invertebrate","No","No","No","Non-endemic","Forest","Resident & Altitudinal Migrant",NA,NA,NA,"Black-browed Tit","Aegithalos iouschistos","Rufous-fronted Tit","Aegithalos iouschistos","Least Concern","Schedule-II","","",NA,"Black-browed Bushtit","Aegithalos iouschistos","avibase-BBE88519",1,2.73,2,0.316476429,908,"","","",NA,NA,NA,NA,NA,NA,NA,NA,NA,NA,NA,NA,NA,NA,NA,NA,NA,NA,NA,NA,NA,NA,NA,NA,NA,NA,NA,NA,NA,NA,NA,NA,NA,NA,NA,NA,NA,NA,NA,NA,NA,NA,NA,NA,NA,NA,NA,NA,NA,NA
"Eurasian Blackcap","Sylvia atricapilla","blackc1","Passeriformes","Sylviidae (Sylviid Warblers and Allies)",NA,NA,NA,NA,"Diurnal","Diurnal","Omnivore","No","No","No","Non-endemic","Non-specialized","Uncertain",NA,1,NA,"Eurasian Blackcap","Sylvia atricapilla","Eurasian Blackcap","Sylvia atricapilla","Least Concern","Recent addition","","Appendix II",NA,"Eurasian Blackcap","Sylvia atricapilla","avibase-61F9065B",NA,3.27,1,NA,909,"","","",NA,NA,NA,NA,NA,NA,NA,NA,NA,NA,NA,NA,NA,NA,NA,NA,NA,NA,NA,NA,NA,NA,NA,NA,NA,NA,NA,NA,NA,NA,NA,NA,NA,NA,NA,NA,NA,NA,NA,NA,NA,NA,NA,NA,NA,NA,NA,NA,NA,NA
"Garden Warbler","Sylvia borin","garwar1","Passeriformes","Sylviidae (Sylviid Warblers and Allies)",NA,NA,NA,NA,"Diurnal","Diurnal","Omnivore","No","No","No","Non-endemic","Non-specialized","Uncertain",NA,1,NA,"Garden Warbler","Sylvia borin","Garden Warbler","Sylvia borin","Least Concern","Schedule-II","","Appendix II",NA,"Garden Warbler","Sylvia borin","avibase-A6A4FC63",NA,4.21,1,NA,910,"","","",NA,NA,NA,NA,NA,NA,NA,NA,NA,NA,NA,NA,NA,NA,NA,NA,NA,NA,NA,NA,NA,NA,NA,NA,NA,NA,NA,NA,NA,NA,NA,NA,NA,NA,NA,NA,NA,NA,NA,NA,NA,NA,NA,NA,NA,NA,NA,NA,NA,NA
"Barred Warbler","Curruca nisoria","barwar1","Passeriformes","Sylviidae (Sylviid Warblers and Allies)",NA,NA,NA,NA,"Diurnal","Diurnal","Invertebrate","No","No","No","Non-endemic","Non-specialized","Uncertain",NA,1,NA,"Barred Warbler","Curruca nisoria","Barred Warbler","Curruca nisoria","Least Concern","Schedule-II","","Appendix II",NA,"Barred Warbler","Curruca nisoria","avibase-1EA60B94",NA,2.69,1,NA,911,"","","",NA,NA,NA,NA,NA,NA,NA,NA,NA,NA,NA,NA,NA,NA,NA,NA,NA,NA,NA,NA,NA,NA,NA,NA,NA,NA,NA,NA,NA,NA,NA,NA,NA,NA,NA,NA,NA,NA,NA,NA,NA,NA,NA,NA,NA,NA,NA,NA,NA,NA
"Lesser Whitethroat","Curruca curruca","leswhi4","Passeriformes","Sylviidae (Sylviid Warblers and Allies)",NA,NA,NA,NA,"Diurnal","Diurnal","Invertebrate","No","No","No","Non-endemic","Non-specialized","Winter Migrant & Localized Summer Migrant",NA,NA,NA,"Lesser Whitethroat","Curruca curruca","Lesser Whitethroat","Curruca curruca","Least Concern","Schedule-II","","Appendix II",NA,"Lesser Whitethroat","Curruca curruca","avibase-0DCD05BE",1,2.37,4,0.07016653,912,"","","X",107,0.0373831775700935,0.322429906542056,0.560747663551402,18.0747663551402,0.986528042662592,NA,NA,NA,NA,NA,NA,NA,NA,NA,NA,NA,NA,NA,NA,NA,NA,NA,NA,NA,NA,NA,NA,NA,NA,NA,NA,NA,NA,NA,NA,NA,NA,NA,67359,67431,67503,"Insufficient Data","Insufficient Data",NA,"Low","Insufficient Data","Insufficient Data",NA,"Low"
"Eastern Orphean Warbler","Curruca crassirostris","eaowar2","Passeriformes","Sylviidae (Sylviid Warblers and Allies)",NA,NA,NA,NA,"Diurnal","Diurnal","Invertebrate","No","No","No","Non-endemic","Grassland & Scrub","Winter Migrant",NA,NA,NA,"Eastern Orphean Warbler","Curruca crassirostris","Eastern Orphean Warbler","Curruca crassirostris","Least Concern","Schedule-II","","Appendix II",NA,"Eastern Orphean Warbler","Curruca crassirostris","avibase-37015E61",1,2.9,1,0.168288947,913,"","","X",4,0.25,0.25,0.25,19.25,5.56533017888427,NA,NA,NA,NA,NA,NA,NA,NA,NA,NA,NA,NA,NA,NA,NA,NA,NA,NA,NA,NA,NA,NA,NA,NA,NA,NA,NA,NA,NA,NA,NA,NA,NA,1362,1426,1490,"Insufficient Data","Insufficient Data",NA,"Low","Insufficient Data","Insufficient Data",NA,"Low"
"Asian Desert Warbler","Curruca nana","asdwar1","Passeriformes","Sylviidae (Sylviid Warblers and Allies)",NA,NA,NA,NA,"Diurnal","Diurnal","Invertebrate","No","No","No","Non-endemic","Grassland","Winter Migrant",NA,NA,NA,"Asian Desert Warbler","Curruca nana","Asian Desert Warbler","Curruca nana","Least Concern","Schedule-II","","Appendix II",NA,"Asian Desert Warbler","Curruca nana","avibase-58F3D3E5",1,2.34,1,0.056714834,914,"","","",NA,NA,NA,NA,NA,NA,NA,NA,NA,NA,NA,NA,NA,NA,NA,NA,NA,NA,NA,NA,NA,NA,NA,NA,NA,NA,NA,NA,NA,NA,NA,NA,NA,NA,NA,NA,NA,NA,NA,NA,NA,NA,NA,NA,NA,NA,NA,NA,NA,NA
"Menetries's Warbler","Curruca mystacea","menwar1","Passeriformes","Sylviidae (Sylviid Warblers and Allies)",NA,NA,NA,NA,"Diurnal","Diurnal","Invertebrate","No","No","No","Non-endemic","Open Habitat","Uncertain",NA,1,NA,"Menetries's Warbler","Curruca mystacea","Menetries's Warbler","Curruca mystacea","Least Concern","Recent addition","","Appendix II",NA,"Menetries's Warbler","Curruca mystacea","avibase-AA027706",NA,2.37,1,NA,915,"","","",NA,NA,NA,NA,NA,NA,NA,NA,NA,NA,NA,NA,NA,NA,NA,NA,NA,NA,NA,NA,NA,NA,NA,NA,NA,NA,NA,NA,NA,NA,NA,NA,NA,NA,NA,NA,NA,NA,NA,NA,NA,NA,NA,NA,NA,NA,NA,NA,NA,NA
"Greater Whitethroat","Curruca communis","grewhi1","Passeriformes","Sylviidae (Sylviid Warblers and Allies)",NA,NA,NA,NA,"Diurnal","Diurnal","Invertebrate","No","No","No","Non-endemic","Open Habitat","Passage Migrant",NA,NA,NA,"Common Whitethroat","Curruca communis","Common Whitethroat","Curruca communis","Least Concern","Schedule-II","","Appendix II",NA,"Common Whitethroat","Curruca communis","avibase-14AFBA82",1,2.53,1,NA,916,"","","",NA,NA,NA,NA,NA,NA,NA,NA,NA,NA,NA,NA,NA,NA,NA,NA,NA,NA,NA,NA,NA,NA,NA,NA,NA,NA,NA,NA,NA,NA,NA,NA,NA,NA,NA,NA,NA,NA,NA,NA,NA,NA,NA,NA,NA,NA,NA,NA,NA,NA
"Fire-tailed Myzornis","Myzornis pyrrhoura","fitmyz1","Passeriformes","Paradoxornithidae (Parrotbills)",NA,NA,NA,NA,"Diurnal","Diurnal","Invertebrate","No","No","Yes","Himalayas","Forest","Resident & Altitudinal Migrant",NA,NA,NA,"Fire-tailed Myzornis","Myzornis pyrrhoura","Fire-tailed Myzornis","Myzornis pyrrhoura","Least Concern","Schedule-II","","",NA,"Fire-tailed Myzornis","Myzornis pyrrhoura","avibase-4C29F3A8",1,2.66,1,0.189182453,917,"","","",NA,NA,NA,NA,NA,NA,NA,NA,NA,NA,NA,NA,NA,NA,NA,NA,NA,NA,NA,NA,NA,NA,NA,NA,NA,NA,NA,NA,NA,NA,NA,NA,NA,NA,NA,NA,NA,NA,NA,NA,NA,NA,NA,NA,NA,"Moderate",NA,NA,NA,NA
"Golden-breasted Fulvetta","Lioparus chrysotis","gobful1","Passeriformes","Paradoxornithidae (Parrotbills)",NA,NA,NA,NA,"Diurnal","Diurnal","Omnivore","No","No","No","Non-endemic","Forest","Resident & Altitudinal Migrant",1,NA,NA,"Golden-breasted Fulvetta","Lioparus chrysotis","Golden-breasted Fulvetta","Lioparus chrysotis","Least Concern","Schedule-II","","",NA,"Golden-breasted Fulvetta","Lioparus chrysotis","avibase-42D184B0",1,2.27,2,0.050509938,918,"","","",NA,NA,NA,NA,NA,NA,NA,NA,NA,NA,NA,NA,NA,NA,NA,NA,NA,NA,NA,NA,NA,NA,NA,NA,NA,NA,NA,NA,NA,NA,NA,NA,NA,NA,NA,NA,NA,NA,NA,NA,NA,NA,NA,NA,NA,"Moderate",NA,NA,NA,NA
"Yellow-eyed Babbler","Chrysomma sinense","yeebab1","Passeriformes","Paradoxornithidae (Parrotbills)",NA,NA,NA,NA,"Diurnal","Diurnal","Invertebrate","No","No","No","Non-endemic","Non-specialized","Resident",NA,NA,NA,"Yellow-eyed Babbler","Chrysomma sinense","Yellow-eyed Babbler","Chrysomma sinense","Least Concern","Schedule-II","","",NA,"Yellow-eyed Babbler","Chrysomma sinense","avibase-0C0CEF5B",1,2.79,3,0.530117565,919,"","X","X",80,0.0875,0.33125,0.4625,16.9375,1.30894378983083,93.7266550928586,127.403943860038,172.962630928772,89.6376368146188,126.954287216962,179.621144206257,85.6819729101412,126.712650576053,186.442061605447,81.8741956599147,126.177081885751,194.064160617328,78.2355899340112,125.861331103123,201.686076314416,74.5895627149085,125.383171250805,209.870949623557,71.285160249964,124.932188984237,218.826944610515,68.061475489432,124.562104825126,228.185473792522,NA,NA,NA,NA,NA,NA,-6.51126642060335,-0.18846952331801,6.13432737396733,54554,54606,54658,"Insufficient Data","Trend Inconclusive",NA,"Low","Insufficient Data","Trend Inconclusive",NA,"Low"
"Jerdon's Babbler","Chrysomma altirostre","jerbab1","Passeriformes","Paradoxornithidae (Parrotbills)",NA,NA,NA,NA,"Diurnal","Diurnal","Invertebrate","No","No","No","Non-endemic","Grassland","Resident",1,NA,NA,"Jerdon's Babbler","Chrysomma altirostre","Jerdon's Babbler","Chrysomma altirostre","Vulnerable","Schedule-I","","",NA,"Jerdon's Babbler","Chrysomma altirostre","avibase-2095825C",1,3.26,2,0.313892887,920,"","","",NA,NA,NA,NA,NA,NA,NA,NA,NA,NA,NA,NA,NA,NA,NA,NA,NA,NA,NA,NA,NA,NA,NA,NA,NA,NA,NA,NA,NA,NA,NA,NA,NA,NA,NA,NA,NA,NA,NA,NA,NA,NA,NA,NA,NA,"High",NA,NA,NA,NA
"Brown-throated Fulvetta","Fulvetta ludlowi","ludful1","Passeriformes","Paradoxornithidae (Parrotbills)",NA,NA,NA,NA,"Diurnal","Diurnal","Invertebrate","No","No","Yes","Eastern Himalayas","Forest","Resident & Altitudinal Migrant",NA,NA,NA,"Brown-throated Fulvetta","Fulvetta ludlowi","Brown-throated Fulvetta","Fulvetta ludlowi","Least Concern","Schedule-II","","",NA,"Brown-throated Fulvetta","Fulvetta ludlowi","avibase-47572CAC",1,2.61,1,0.521092859,921,"","","",NA,NA,NA,NA,NA,NA,NA,NA,NA,NA,NA,NA,NA,NA,NA,NA,NA,NA,NA,NA,NA,NA,NA,NA,NA,NA,NA,NA,NA,NA,NA,NA,NA,NA,NA,NA,NA,NA,NA,NA,NA,NA,NA,NA,NA,"Moderate",NA,NA,NA,NA
"White-browed Fulvetta","Fulvetta vinipectus","whbful1","Passeriformes","Paradoxornithidae (Parrotbills)",NA,NA,NA,NA,"Diurnal","Diurnal","Invertebrate","No","No","No","Non-endemic","Forest","Resident & Altitudinal Migrant",1,NA,NA,"White-browed Fulvetta","Fulvetta vinipectus","White-browed Fulvetta","Fulvetta vinipectus","Least Concern","Schedule-II","","",NA,"White-browed Fulvetta","Fulvetta vinipectus","avibase-5DAF0274",1,2.74,5,0.08274303,922,"","","",NA,NA,NA,NA,NA,NA,NA,NA,NA,NA,NA,NA,NA,NA,NA,NA,NA,NA,NA,NA,NA,NA,NA,NA,NA,NA,NA,NA,NA,NA,NA,NA,NA,NA,NA,NA,NA,NA,NA,NA,NA,NA,NA,NA,NA,"Moderate",NA,NA,NA,NA
"Manipur Fulvetta","Fulvetta manipurensis","sttful2","Passeriformes","Paradoxornithidae (Parrotbills)",NA,NA,NA,NA,"Diurnal","Diurnal","Invertebrate","No","No","No","Non-endemic","Forest","Resident",1,NA,NA,"Manipur Fulvetta","Fulvetta manipurensis","Manipur Fulvetta","Fulvetta manipurensis","Least Concern","Schedule-II","","",NA,"Manipur Fulvetta","Fulvetta manipurensis","avibase-A718ADC4",1,2.55,1,0.100977542,923,"","","",NA,NA,NA,NA,NA,NA,NA,NA,NA,NA,NA,NA,NA,NA,NA,NA,NA,NA,NA,NA,NA,NA,NA,NA,NA,NA,NA,NA,NA,NA,NA,NA,NA,NA,NA,NA,NA,NA,NA,NA,NA,NA,NA,NA,NA,"Moderate",NA,NA,NA,NA
"Black-breasted Parrotbill","Paradoxornis flavirostris","blbpar2","Passeriformes","Paradoxornithidae (Parrotbills)",NA,NA,NA,NA,"Diurnal","Diurnal","Omnivore","No","Yes","No","Assam Plains","Grassland","Resident",NA,NA,NA,"Black-breasted Parrotbill","Paradoxornis flavirostris","Black-breasted Parrotbill","Paradoxornis flavirostris","Vulnerable","Schedule-I","","",NA,"Black-breasted Parrotbill","Paradoxornis flavirostris","avibase-664698E5",1,3.28,1,0.974014351,924,"","","",NA,NA,NA,NA,NA,NA,NA,NA,NA,NA,NA,NA,NA,NA,NA,NA,NA,NA,NA,NA,NA,NA,NA,NA,NA,NA,NA,NA,NA,NA,NA,NA,NA,NA,NA,NA,NA,NA,NA,NA,NA,NA,NA,NA,NA,"High",NA,NA,NA,NA
"Spot-breasted Parrotbill","Paradoxornis guttaticollis","spbpar1","Passeriformes","Paradoxornithidae (Parrotbills)",NA,NA,NA,NA,"Diurnal","Diurnal","Invertebrate","No","No","No","Non-endemic","Grassland & Scrub","Resident",1,NA,NA,"Spot-breasted Parrotbill","Paradoxornis guttaticollis","Spot-breasted Parrotbill","Paradoxornis guttaticollis","Least Concern","Schedule-II","","",NA,"Spot-breasted Parrotbill","Paradoxornis guttaticollis","avibase-C922CECC",1,3.29,1,0.051887011,925,"","","",NA,NA,NA,NA,NA,NA,NA,NA,NA,NA,NA,NA,NA,NA,NA,NA,NA,NA,NA,NA,NA,NA,NA,NA,NA,NA,NA,NA,NA,NA,NA,NA,NA,NA,NA,NA,NA,NA,NA,NA,NA,NA,NA,NA,NA,"Moderate",NA,NA,NA,NA
"Great Parrotbill","Paradoxornis aemodius","grepar1","Passeriformes","Paradoxornithidae (Parrotbills)",NA,NA,NA,NA,"Diurnal","Diurnal","Plant & Seed","No","No","No","Non-endemic","Forest","Resident",1,NA,NA,"Great Parrotbill","Paradoxornis aemodius","Great Parrotbill","Paradoxornis aemodium","Least Concern","Schedule-II","","",NA,"Great Parrotbill","Paradoxornis aemodius","avibase-D1065C8C",1,4.47,1,0.071525212,926,"","","",NA,NA,NA,NA,NA,NA,NA,NA,NA,NA,NA,NA,NA,NA,NA,NA,NA,NA,NA,NA,NA,NA,NA,NA,NA,NA,NA,NA,NA,NA,NA,NA,NA,NA,NA,NA,NA,NA,NA,NA,NA,NA,NA,NA,NA,"High",NA,NA,NA,NA
"Brown Parrotbill","Paradoxornis unicolor","bropar1","Passeriformes","Paradoxornithidae (Parrotbills)",NA,NA,NA,NA,"Diurnal","Diurnal","Plant & Seed","No","No","No","Non-endemic","Forest","Resident",1,NA,NA,"Brown Parrotbill","Paradoxornis unicolor","Brown Parrotbill","Paradoxornis unicolor","Least Concern","Schedule-II","","",NA,"Brown Parrotbill","Paradoxornis unicolor","avibase-83BC3338",1,3.5,1,0.236295389,927,"","","",NA,NA,NA,NA,NA,NA,NA,NA,NA,NA,NA,NA,NA,NA,NA,NA,NA,NA,NA,NA,NA,NA,NA,NA,NA,NA,NA,NA,NA,NA,NA,NA,NA,NA,NA,NA,NA,NA,NA,NA,NA,NA,NA,NA,NA,"Moderate",NA,NA,NA,NA
"Gray-headed Parrotbill","Paradoxornis gularis","gyhpar3","Passeriformes","Paradoxornithidae (Parrotbills)",NA,NA,NA,NA,"Diurnal","Diurnal","Plant & Seed","No","No","No","Non-endemic","Forest","Resident",1,NA,NA,"Grey-headed Parrotbill","Paradoxornis gularis","Grey-headed Parrotbill","Paradoxornis gularis","Least Concern","Schedule-II","","",NA,"Grey-headed Parrotbill","Paradoxornis gularis","avibase-4D6EE0EA",1,3.54,3,0.052563353,928,"","","",NA,NA,NA,NA,NA,NA,NA,NA,NA,NA,NA,NA,NA,NA,NA,NA,NA,NA,NA,NA,NA,NA,NA,NA,NA,NA,NA,NA,NA,NA,NA,NA,NA,NA,NA,NA,NA,NA,NA,NA,NA,NA,NA,NA,NA,"Moderate",NA,NA,NA,NA
"White-breasted Parrotbill","Paradoxornis ruficeps","ruhpar3","Passeriformes","Paradoxornithidae (Parrotbills)",NA,NA,NA,NA,"Diurnal","Diurnal","Invertebrate","No","No","Yes","Eastern Himalayas","Forest","Resident",NA,NA,NA,"White-breasted Parrotbill","Paradoxornis ruficeps","White-breasted Parrotbill","Paradoxornis ruficeps","Least Concern","Schedule-II","","",NA,"White-breasted Parrotbill","Paradoxornis ruficeps","avibase-A66D4C91",1,3.65,1,0.68369053,929,"","","",NA,NA,NA,NA,NA,NA,NA,NA,NA,NA,NA,NA,NA,NA,NA,NA,NA,NA,NA,NA,NA,NA,NA,NA,NA,NA,NA,NA,NA,NA,NA,NA,NA,NA,NA,NA,NA,NA,NA,NA,NA,NA,NA,NA,NA,"Moderate",NA,NA,NA,NA
"Rufous-headed Parrotbill","Paradoxornis bakeri","ruhpar2","Passeriformes","Paradoxornithidae (Parrotbills)",NA,NA,NA,NA,"Diurnal","Diurnal","Invertebrate","No","No","No","Non-endemic","Forest","Resident",1,NA,NA,"Rufous-headed Parrotbill","Paradoxornis bakeri","Rufous-headed Parrotbill","Paradoxornis bakeri","Least Concern","Schedule-II","","",NA,"Rufous-headed Parrotbill","Paradoxornis bakeri","avibase-C89C9217",1,3.66,1,0.288135111,930,"","","",NA,NA,NA,NA,NA,NA,NA,NA,NA,NA,NA,NA,NA,NA,NA,NA,NA,NA,NA,NA,NA,NA,NA,NA,NA,NA,NA,NA,NA,NA,NA,NA,NA,NA,NA,NA,NA,NA,NA,NA,NA,NA,NA,NA,NA,"Moderate",NA,NA,NA,NA
"Fulvous Parrotbill","Suthora fulvifrons","fulpar1","Passeriformes","Paradoxornithidae (Parrotbills)",NA,NA,NA,NA,"Diurnal","Diurnal","Plant & Seed","No","No","No","Non-endemic","Forest","Resident",1,NA,NA,"Fulvous Parrotbill","Suthora fulvifrons","Fulvous Parrotbill","Suthora fulvifrons","Least Concern","Schedule-II","","",NA,"Fulvous Parrotbill","Suthora fulvifrons","avibase-CA227961",1,2.3,2,0.090168386,931,"","","",NA,NA,NA,NA,NA,NA,NA,NA,NA,NA,NA,NA,NA,NA,NA,NA,NA,NA,NA,NA,NA,NA,NA,NA,NA,NA,NA,NA,NA,NA,NA,NA,NA,NA,NA,NA,NA,NA,NA,NA,NA,NA,NA,NA,NA,"Moderate",NA,NA,NA,NA
"Black-throated Parrotbill","Suthora nipalensis","bltpar1","Passeriformes","Paradoxornithidae (Parrotbills)",NA,NA,NA,NA,"Diurnal","Diurnal","Plant & Seed","No","No","No","Non-endemic","Forest","Resident & Altitudinal Migrant",1,NA,NA,"Black-throated Parrotbill","Suthora nipalensis","Black-throated Parrotbill","Suthora nipalensis","Least Concern","Schedule-II","","",NA,"Black-throated Parrotbill","Suthora nipalensis","avibase-9FA30008",1,2.1,5,0.375700927,932,"","","",NA,NA,NA,NA,NA,NA,NA,NA,NA,NA,NA,NA,NA,NA,NA,NA,NA,NA,NA,NA,NA,NA,NA,NA,NA,NA,NA,NA,NA,NA,NA,NA,NA,NA,NA,NA,NA,NA,NA,NA,NA,NA,NA,NA,NA,"Moderate",NA,NA,NA,NA
"Pale-billed Parrotbill","Suthora atrosuperciliaris","blbpar3","Passeriformes","Paradoxornithidae (Parrotbills)",NA,NA,NA,NA,"Diurnal","Diurnal","Plant & Seed","No","No","No","Non-endemic","Forest","Resident",1,NA,NA,"Pale-billed Parrotbill","Suthora atrosuperciliaris","Pale-billed Parrotbill","Suthora atrosuperciliaris","Least Concern","Schedule-II","","",NA,"Pale-billed Parrotbill","Suthora atrosuperciliaris","avibase-6818E161",1,2.9,2,0.373851629,933,"","","",NA,NA,NA,NA,NA,NA,NA,NA,NA,NA,NA,NA,NA,NA,NA,NA,NA,NA,NA,NA,NA,NA,NA,NA,NA,NA,NA,NA,NA,NA,NA,NA,NA,NA,NA,NA,NA,NA,NA,NA,NA,NA,NA,NA,NA,"Moderate",NA,NA,NA,NA
"Striated Yuhina","Staphida castaniceps","stryuh1","Passeriformes","Zosteropidae (White-eyes, Yuhinas, and Allies)",NA,NA,NA,NA,"Diurnal","Diurnal","Invertebrate","No","No","No","Non-endemic","Forest","Resident",NA,NA,NA,"Striated Yuhina","Staphida castaniceps","Striated Yuhina","Staphida castaniceps","Least Concern","Schedule-II","","",NA,"Striated Yuhina","Staphida castaniceps","avibase-BB20B241",1,2.73,3,0.314220964,934,"","","",NA,NA,NA,NA,NA,NA,NA,NA,NA,NA,NA,NA,NA,NA,NA,NA,NA,NA,NA,NA,NA,NA,NA,NA,NA,NA,NA,NA,NA,NA,NA,NA,NA,NA,NA,NA,NA,NA,NA,NA,NA,NA,NA,NA,NA,"Low",NA,NA,NA,NA
"Black-chinned Yuhina","Yuhina nigrimenta","blcyuh1","Passeriformes","Zosteropidae (White-eyes, Yuhinas, and Allies)",NA,NA,NA,NA,"Diurnal","Diurnal","Omnivore","No","No","No","Non-endemic","Forest","Resident",NA,NA,NA,"Black-chinned Yuhina","Yuhina nigrimenta","Black-chinned Yuhina","Yuhina nigrimenta","Least Concern","Schedule-II","","",NA,"Black-chinned Yuhina","Yuhina nigrimenta","avibase-60D9AAA1",1,2.66,1,0.095513204,935,"","","",NA,NA,NA,NA,NA,NA,NA,NA,NA,NA,NA,NA,NA,NA,NA,NA,NA,NA,NA,NA,NA,NA,NA,NA,NA,NA,NA,NA,NA,NA,NA,NA,NA,NA,NA,NA,NA,NA,NA,NA,NA,NA,NA,NA,NA,"Low",NA,NA,NA,NA
"Whiskered Yuhina","Yuhina flavicollis","whiyuh1","Passeriformes","Zosteropidae (White-eyes, Yuhinas, and Allies)",NA,NA,NA,NA,"Diurnal","Diurnal","Omnivore","No","No","No","Non-endemic","Forest","Resident & Altitudinal Migrant",NA,NA,NA,"Whiskered Yuhina","Yuhina flavicollis","Whiskered Yuhina","Yuhina flavicollis","Least Concern","Schedule-II","","",NA,"Whiskered Yuhina","Yuhina flavicollis","avibase-68D50AEF",1,3.03,3,0.325369334,936,"","","",NA,NA,NA,NA,NA,NA,NA,NA,NA,NA,NA,NA,NA,NA,NA,NA,NA,NA,NA,NA,NA,NA,NA,NA,NA,NA,NA,NA,NA,NA,NA,NA,NA,NA,NA,NA,NA,NA,NA,NA,NA,NA,NA,NA,NA,"Low",NA,NA,NA,NA
"White-naped Yuhina","Yuhina bakeri","whnyuh1","Passeriformes","Zosteropidae (White-eyes, Yuhinas, and Allies)",NA,NA,NA,NA,"Diurnal","Diurnal","Omnivore","No","No","Yes","Eastern Himalayas","Forest","Resident & Altitudinal Migrant",NA,NA,NA,"White-naped Yuhina","Yuhina bakeri","White-naped Yuhina","Yuhina bakeri","Least Concern","Schedule-II","","",NA,"White-naped Yuhina","Yuhina bakeri","avibase-1B155418",1,3.02,1,0.529798937,937,"","","",NA,NA,NA,NA,NA,NA,NA,NA,NA,NA,NA,NA,NA,NA,NA,NA,NA,NA,NA,NA,NA,NA,NA,NA,NA,NA,NA,NA,NA,NA,NA,NA,NA,NA,NA,NA,NA,NA,NA,NA,NA,NA,NA,NA,NA,"Moderate",NA,NA,NA,NA
"Stripe-throated Yuhina","Yuhina gularis","sttyuh1","Passeriformes","Zosteropidae (White-eyes, Yuhinas, and Allies)",NA,NA,NA,NA,"Diurnal","Diurnal","Omnivore","No","No","No","Non-endemic","Forest","Resident & Altitudinal Migrant",NA,NA,NA,"Stripe-throated Yuhina","Yuhina gularis","Stripe-throated Yuhina","Yuhina gularis","Least Concern","Schedule-II","","",NA,"Stripe-throated Yuhina","Yuhina gularis","avibase-6B6C727C",1,3.08,2,0.270152652,938,"","","",NA,NA,NA,NA,NA,NA,NA,NA,NA,NA,NA,NA,NA,NA,NA,NA,NA,NA,NA,NA,NA,NA,NA,NA,NA,NA,NA,NA,NA,NA,NA,NA,NA,NA,NA,NA,NA,NA,NA,NA,NA,NA,NA,NA,NA,"Low",NA,NA,NA,NA
"Rufous-vented Yuhina","Yuhina occipitalis","ruvyuh1","Passeriformes","Zosteropidae (White-eyes, Yuhinas, and Allies)",NA,NA,NA,NA,"Diurnal","Diurnal","Fruit & Nect","No","No","Yes","Eastern Himalayas","Forest","Resident & Altitudinal Migrant",NA,NA,NA,"Rufous-vented Yuhina","Yuhina occipitalis","Rufous-vented Yuhina","Yuhina occipitalis","Least Concern","Schedule-II","","",NA,"Rufous-vented Yuhina","Yuhina occipitalis","avibase-E9226482",1,3.31,1,0.210084725,939,"","","",NA,NA,NA,NA,NA,NA,NA,NA,NA,NA,NA,NA,NA,NA,NA,NA,NA,NA,NA,NA,NA,NA,NA,NA,NA,NA,NA,NA,NA,NA,NA,NA,NA,NA,NA,NA,NA,NA,NA,NA,NA,NA,NA,NA,NA,"Moderate",NA,NA,NA,NA
"Chestnut-flanked White-eye","Zosterops erythropleurus","cfweye1","Passeriformes","Zosteropidae (White-eyes, Yuhinas, and Allies)",NA,NA,NA,NA,"Diurnal","Diurnal","Omnivore","No","No","No","Non-endemic","Forest","Winter Migrant",NA,1,NA,"Chestnut-flanked White-eye","Zosterops erythropleurus","Chestnut-flanked White-eye","Zosterops erythropleurus","Least Concern","Schedule-II","","Appendix II",NA,"Chestnut-flanked White-eye","Zosterops erythropleurus","avibase-03E6F144",NA,2.79,1,1.5e-06,940,"","","",NA,NA,NA,NA,NA,NA,NA,NA,NA,NA,NA,NA,NA,NA,NA,NA,NA,NA,NA,NA,NA,NA,NA,NA,NA,NA,NA,NA,NA,NA,NA,NA,NA,NA,NA,NA,NA,NA,NA,NA,NA,NA,NA,NA,NA,NA,NA,NA,NA,NA
"Indian White-eye","Zosterops palpebrosus","indwhe1","Passeriformes","Zosteropidae (White-eyes, Yuhinas, and Allies)",NA,NA,NA,NA,"Diurnal","Diurnal","Omnivore","No","No","No","Non-endemic","Non-specialized","Resident",NA,NA,NA,"Indian White-eye","Zosterops palpebrosus","Indian White-eye","Zosterops palpebrosus","Least Concern","Schedule-II","","",NA,"Indian White-eye","Zosterops palpebrosus","avibase-0BD6646B",1,2.56,5,0.453692572,941,"","X","X",71,0.253521126760563,0.496478873239437,0.633802816901408,15.6338028169014,1.60927890667971,88.8969563931256,105.703658863135,125.507615227876,87.5959788379151,106.577768769147,129.572673038101,86.3060642303901,107.563978816376,133.830203451815,84.9934924117519,108.461201225989,138.340695456097,83.6614692203418,109.423312041346,142.828568188513,82.3197482449177,110.354793830014,147.749959998539,81.0528865819531,111.264259286741,152.776603529152,79.7034331261553,112.246936028796,158.094641803867,NA,NA,NA,NA,NA,NA,-1.91600171406607,0.778625750237383,3.47325321454084,43333,43358,43383,"Insufficient Data","Stable",NA,"Low","Insufficient Data","Trend Inconclusive",NA,"Low"
"Chestnut-capped Babbler","Timalia pileata","chcbab1","Passeriformes","Timaliidae (Tree-Babblers, Scimitar-Babblers, and Allies)",NA,NA,NA,NA,"Diurnal","Diurnal","Invertebrate","No","No","No","Non-endemic","Grassland","Resident",NA,NA,NA,"Chestnut-capped Babbler","Timalia pileata","Chestnut-capped Babbler","Timalia pileata","Least Concern","Schedule-II","","",NA,"Chestnut-capped Babbler","Timalia pileata","avibase-CF7A9E5B",1,2.75,1,0.105604665,942,"","","",NA,NA,NA,NA,NA,NA,NA,NA,NA,NA,NA,NA,NA,NA,NA,NA,NA,NA,NA,NA,NA,NA,NA,NA,NA,NA,NA,NA,NA,NA,NA,NA,NA,NA,NA,NA,NA,NA,NA,NA,NA,NA,NA,NA,NA,"Low",NA,NA,NA,NA
"Tawny-bellied Babbler","Dumetia hyperythra","tabbab1","Passeriformes","Timaliidae (Tree-Babblers, Scimitar-Babblers, and Allies)",NA,NA,NA,NA,"Diurnal","Diurnal","Invertebrate","No","Yes","No","Indian Subcontinent","Non-specialized","Resident",NA,NA,NA,"Tawny-bellied Babbler","Dumetia hyperythra","Tawny-bellied Babbler","Dumetia hyperythra","Least Concern","Schedule-II","","",NA,"Tawny-bellied Babbler","Dumetia hyperythra","avibase-DC4FBF45",1,2.69,2,0.965472594,943,"","X","X",108,0.037037037037037,0.40162037037037,0.574074074074074,16.8888888888889,1.05098300203501,85.1957472017741,111.290533908707,145.820979734772,79.7075961261884,107.864309079543,146.463784578488,74.3929153334033,104.535991033571,147.212440950852,69.4357309201296,101.300803333949,148.007905502052,64.8039601673036,98.1473898267361,148.916907825035,60.4649061210579,95.1149430338204,149.933009117071,56.3764400705145,92.1239393565307,150.914940447741,52.5414433042046,89.2159067404692,151.926694425377,NA,NA,NA,NA,NA,NA,-10.0106856274694,-4.45360990330219,1.10346582086501,63642,63642,63642,"Insufficient Data","Trend Inconclusive",NA,"Moderate","Insufficient Data","Trend Inconclusive",NA,"Low"
"Dark-fronted Babbler","Dumetia atriceps","dafbab1","Passeriformes","Timaliidae (Tree-Babblers, Scimitar-Babblers, and Allies)",NA,NA,NA,NA,"Diurnal","Diurnal","Invertebrate","No","Yes","No","Western Ghats & Sri Lanka","Forest","Resident",NA,NA,NA,"Dark-fronted Babbler","Dumetia atriceps","Dark-fronted Babbler","Dumetia atriceps","Least Concern","Schedule-II","","",NA,"Dark-fronted Babbler","Dumetia atriceps","avibase-B517FCCC",1,3.26,2,0.836812307,944,"X","X","X",31,0.258064516129032,0.387096774193548,0.451612903225806,15.6774193548387,2.7015009252993,79.8332085081328,122.717763895523,188.711561337835,75.4893954824309,123.252460740372,200.297692219569,71.3250869734747,123.192071705802,212.442244314186,67.351804095767,123.280985062226,226.123874109992,63.7132784681945,123.423055991196,240.271792254801,60.1743766003154,123.579661583416,256.371585568624,56.8010350798641,123.874039369649,273.784370727765,53.5168364640015,124.027415516008,291.479180151985,NA,NA,NA,-92.7820885826568,-89.2742261745216,-83.6974518290455,-1.14375868601998,-0.0545194980126979,1.03471968999458,16159,16230,16301,"Trend Inconclusive","Stable",NA,"Moderate","Trend Inconclusive","Trend Inconclusive",NA,"Low"
"Pin-striped Tit-Babbler","Mixornis gularis","sttbab1","Passeriformes","Timaliidae (Tree-Babblers, Scimitar-Babblers, and Allies)",NA,NA,NA,NA,"Diurnal","Diurnal","Invertebrate","No","No","No","Non-endemic","Forest","Resident",NA,NA,NA,"Pin-striped Tit-Babbler","Mixornis gularis","Pin-striped Tit-babbler","Mixornis gularis","Least Concern","Schedule-II","","",NA,"Pin-striped Tit-Babbler","Mixornis gularis","avibase-4E2700ED",1,2.64,1,0.180147762,945,"","","X",NA,NA,NA,NA,NA,NA,NA,NA,NA,NA,NA,NA,NA,NA,NA,NA,NA,NA,NA,NA,NA,NA,NA,NA,NA,NA,NA,NA,NA,NA,NA,NA,NA,NA,NA,NA,NA,NA,NA,0,0,0,"Insufficient Data","Insufficient Data",NA,"Low","Insufficient Data","Insufficient Data",NA,"Low"
"Golden Babbler","Cyanoderma chrysaeum","golbab1","Passeriformes","Timaliidae (Tree-Babblers, Scimitar-Babblers, and Allies)",NA,NA,NA,NA,"Diurnal","Diurnal","Invertebrate","No","No","No","Non-endemic","Forest","Resident",NA,NA,NA,"Golden Babbler","Cyanoderma chrysaeum","Golden Babbler","Cyanoderma chrysaeum","Least Concern","Schedule-II","","",NA,"Golden Babbler","Cyanoderma chrysaeum","avibase-3D4BA49D",1,2.41,2,0.141140367,946,"","","",NA,NA,NA,NA,NA,NA,NA,NA,NA,NA,NA,NA,NA,NA,NA,NA,NA,NA,NA,NA,NA,NA,NA,NA,NA,NA,NA,NA,NA,NA,NA,NA,NA,NA,NA,NA,NA,NA,NA,NA,NA,NA,NA,NA,NA,"Low",NA,NA,NA,NA
"Rufous-fronted Babbler","Cyanoderma rufifrons","rufbab10","Passeriformes","Timaliidae (Tree-Babblers, Scimitar-Babblers, and Allies)",NA,NA,NA,NA,"Diurnal","Diurnal","Invertebrate","No","No","No","Non-endemic","Non-specialized","Resident",1,NA,NA,"Rufous-fronted Babbler","Cyanoderma rufifrons","Rufous-fronted Babbler","Cyanoderma rufifrons","Least Concern","Schedule-II","","",NA,"Rufous-fronted Babbler","Cyanoderma rufifrons","avibase-2D0AAC5C",1,2.45,1,0.110269686,947,"","","",NA,NA,NA,NA,NA,NA,NA,NA,NA,NA,NA,NA,NA,NA,NA,NA,NA,NA,NA,NA,NA,NA,NA,NA,NA,NA,NA,NA,NA,NA,NA,NA,NA,NA,NA,NA,NA,NA,NA,NA,NA,NA,NA,NA,NA,NA,NA,NA,NA,NA
"Black-chinned Babbler","Cyanoderma pyrrhops","blcbab2","Passeriformes","Timaliidae (Tree-Babblers, Scimitar-Babblers, and Allies)",NA,NA,NA,NA,"Diurnal","Diurnal","Invertebrate","No","No","Yes","Himalayas","Non-specialized","Resident",NA,NA,NA,"Black-chinned Babbler","Cyanoderma pyrrhops","Black-chinned Babbler","Cyanoderma pyrrhops","Least Concern","Schedule-II","","",NA,"Black-chinned Babbler","Cyanoderma pyrrhops","avibase-4C8DBC91",1,2.56,1,0.485722227,948,"","","",NA,NA,NA,NA,NA,NA,NA,NA,NA,NA,NA,NA,NA,NA,NA,NA,NA,NA,NA,NA,NA,NA,NA,NA,NA,NA,NA,NA,NA,NA,NA,NA,NA,NA,NA,NA,NA,NA,NA,NA,NA,NA,NA,NA,NA,"Low",NA,NA,NA,NA
"Rufous-capped Babbler","Cyanoderma ruficeps","rucbab1","Passeriformes","Timaliidae (Tree-Babblers, Scimitar-Babblers, and Allies)",NA,NA,NA,NA,"Diurnal","Diurnal","Invertebrate","No","No","No","Non-endemic","Forest","Resident & Altitudinal Migrant",1,NA,NA,"Rufous-capped Babbler","Cyanoderma ruficeps","Rufous-capped Babbler","Cyanoderma ruficeps","Least Concern","Schedule-II","","",NA,"Rufous-capped Babbler","Cyanoderma ruficeps","avibase-8DA71DFB",1,2.49,1,0.045554571,949,"","","",NA,NA,NA,NA,NA,NA,NA,NA,NA,NA,NA,NA,NA,NA,NA,NA,NA,NA,NA,NA,NA,NA,NA,NA,NA,NA,NA,NA,NA,NA,NA,NA,NA,NA,NA,NA,NA,NA,NA,NA,NA,NA,NA,NA,NA,"Low",NA,NA,NA,NA
"Rufous-throated Wren-Babbler","Spelaeornis caudatus","rtwbab1","Passeriformes","Timaliidae (Tree-Babblers, Scimitar-Babblers, and Allies)",NA,NA,NA,NA,"Diurnal","Diurnal","Invertebrate","No","Yes","Yes","Eastern Himalayas","Forest","Resident & Altitudinal Migrant",NA,NA,NA,"Rufous-throated Wren-Babbler","Spelaeornis caudatus","Rufous-throated Wren-babbler","Spelaeornis caudatus","Least Concern","Schedule-II","","",NA,"Rufous-throated Wren-Babbler","Spelaeornis caudatus","avibase-18E871A3",1,2.61,1,0.585145133,950,"","","",NA,NA,NA,NA,NA,NA,NA,NA,NA,NA,NA,NA,NA,NA,NA,NA,NA,NA,NA,NA,NA,NA,NA,NA,NA,NA,NA,NA,NA,NA,NA,NA,NA,NA,NA,NA,NA,NA,NA,NA,NA,NA,NA,NA,NA,"Moderate",NA,NA,NA,NA
"Mishmi Wren-Babbler","Spelaeornis badeigularis","miswrb1","Passeriformes","Timaliidae (Tree-Babblers, Scimitar-Babblers, and Allies)",NA,NA,NA,NA,"Diurnal","Diurnal","Invertebrate","No","No","Yes","Eastern Himalayas","Forest","Resident & Altitudinal Migrant",NA,NA,NA,"Mishmi Wren-Babbler","Spelaeornis badeigularis","Rusty-throated Wren-babbler","Spelaeornis badeigularis","Near Threatened","Schedule-I","","",NA,"Mishmi Wren-Babbler","Spelaeornis badeigularis","avibase-55D143DB",1,2.3,1,0.7746422,951,"","","",NA,NA,NA,NA,NA,NA,NA,NA,NA,NA,NA,NA,NA,NA,NA,NA,NA,NA,NA,NA,NA,NA,NA,NA,NA,NA,NA,NA,NA,NA,NA,NA,NA,NA,NA,NA,NA,NA,NA,NA,NA,NA,NA,NA,NA,"Moderate",NA,NA,NA,NA
"Bar-winged Wren-Babbler","Spelaeornis troglodytoides","bwwbab1","Passeriformes","Timaliidae (Tree-Babblers, Scimitar-Babblers, and Allies)",NA,NA,NA,NA,"Diurnal","Diurnal","Invertebrate","No","No","No","Non-endemic","Forest","Resident",1,NA,NA,"Bar-winged Wren-Babbler","Spelaeornis troglodytoides","Bar-winged Wren-babbler","Spelaeornis troglodytoides","Least Concern","Schedule-I","","",NA,"Bar-winged Wren-Babbler","Spelaeornis troglodytoides","avibase-D7BB497E",1,2.36,3,0.08337418,952,"","","",NA,NA,NA,NA,NA,NA,NA,NA,NA,NA,NA,NA,NA,NA,NA,NA,NA,NA,NA,NA,NA,NA,NA,NA,NA,NA,NA,NA,NA,NA,NA,NA,NA,NA,NA,NA,NA,NA,NA,NA,NA,NA,NA,NA,NA,"High",NA,NA,NA,NA
"Naga Wren-Babbler","Spelaeornis chocolatinus","ltwbab1","Passeriformes","Timaliidae (Tree-Babblers, Scimitar-Babblers, and Allies)",NA,NA,NA,NA,"Diurnal","Diurnal","Invertebrate","Yes","Yes","Yes","Eastern Himalayas","Forest","Resident",NA,NA,NA,"Naga Wren-Babbler","Spelaeornis chocolatinus","Naga Wren-babbler","Spelaeornis chocolatinus","Vulnerable","Schedule-I","","",NA,"Naga Wren-Babbler","Spelaeornis chocolatinus","avibase-24C6DDDE",1,2.73,1,1,953,"","","",NA,NA,NA,NA,NA,NA,NA,NA,NA,NA,NA,NA,NA,NA,NA,NA,NA,NA,NA,NA,NA,NA,NA,NA,NA,NA,NA,NA,NA,NA,NA,NA,NA,NA,NA,NA,NA,NA,NA,NA,NA,NA,NA,NA,NA,"High",NA,NA,NA,NA
"Chin Hills Wren-Babbler","Spelaeornis oatesi","chhwrb1","Passeriformes","Timaliidae (Tree-Babblers, Scimitar-Babblers, and Allies)",NA,NA,NA,NA,"Diurnal","Diurnal","Invertebrate","No","No","No","Non-endemic","Forest","Resident",1,NA,NA,"Chin Hills Wren-Babbler","Spelaeornis oatesi","Chin Hills Wren-babbler","Spelaeornis oatesi","Least Concern","Schedule-II","","",NA,"Chin Hills Wren-Babbler","Spelaeornis oatesi","avibase-0C4E399F",1,2.68,1,0.237716426,954,"","","",NA,NA,NA,NA,NA,NA,NA,NA,NA,NA,NA,NA,NA,NA,NA,NA,NA,NA,NA,NA,NA,NA,NA,NA,NA,NA,NA,NA,NA,NA,NA,NA,NA,NA,NA,NA,NA,NA,NA,NA,NA,NA,NA,NA,NA,"High",NA,NA,NA,NA
"Tawny-breasted Wren-Babbler","Spelaeornis longicaudatus","tbwbab1","Passeriformes","Timaliidae (Tree-Babblers, Scimitar-Babblers, and Allies)",NA,NA,NA,NA,"Diurnal","Diurnal","Invertebrate","Yes","Yes","Yes","Eastern Himalayas","Forest","Resident",NA,NA,NA,"Tawny-breasted Wren-Babbler","Spelaeornis longicaudatus","Tawny-breasted Wren-babbler","Spelaeornis longicaudatus","Near Threatened","Schedule-I","","",NA,"Tawny-breasted Wren-Babbler","Spelaeornis longicaudatus","avibase-F98A7432",1,2.73,1,1,955,"","","",NA,NA,NA,NA,NA,NA,NA,NA,NA,NA,NA,NA,NA,NA,NA,NA,NA,NA,NA,NA,NA,NA,NA,NA,NA,NA,NA,NA,NA,NA,NA,NA,NA,NA,NA,NA,NA,NA,NA,NA,NA,NA,NA,NA,NA,"High",NA,NA,NA,NA
"Black-crowned Scimitar-Babbler","Pomatorhinus ferruginosus","cobscb1","Passeriformes","Timaliidae (Tree-Babblers, Scimitar-Babblers, and Allies)",NA,NA,NA,NA,"Diurnal","Diurnal","Invertebrate","No","No","Yes","Eastern Himalayas","Forest","Resident",NA,NA,NA,"Black-crowned Scimitar-Babbler","Pomatorhinus ferruginosus","Coral-billed Scimitar-babbler","Pomatorhinus ferruginosus","Least Concern","Schedule-II","","",NA,"Black-crowned Scimitar Babbler","Pomatorhinus ferruginosus","avibase-67CF1812",1,3.48,1,0.517329712,956,"","","",NA,NA,NA,NA,NA,NA,NA,NA,NA,NA,NA,NA,NA,NA,NA,NA,NA,NA,NA,NA,NA,NA,NA,NA,NA,NA,NA,NA,NA,NA,NA,NA,NA,NA,NA,NA,NA,NA,NA,NA,NA,NA,NA,NA,NA,"Moderate",NA,NA,NA,NA
"Brown-crowned Scimitar-Babbler","Pomatorhinus phayrei","bncscb1","Passeriformes","Timaliidae (Tree-Babblers, Scimitar-Babblers, and Allies)",NA,NA,NA,NA,"Diurnal","Diurnal","Invertebrate","No","No","No","Non-endemic","Forest","Resident",NA,NA,NA,"Brown-crowned Scimitar-Babbler","Pomatorhinus phayrei","Brown-crowned Scimitar-babbler","Pomatorhinus phayrei","Least Concern","Schedule-II","","",NA,"Brown-crowned Scimitar Babbler","Pomatorhinus phayrei","avibase-65875E25",1,3.53,2,0.149288809,957,"","","",NA,NA,NA,NA,NA,NA,NA,NA,NA,NA,NA,NA,NA,NA,NA,NA,NA,NA,NA,NA,NA,NA,NA,NA,NA,NA,NA,NA,NA,NA,NA,NA,NA,NA,NA,NA,NA,NA,NA,NA,NA,NA,NA,NA,NA,NA,NA,NA,NA,NA
"Red-billed Scimitar-Babbler","Pomatorhinus ochraceiceps","rbsbab1","Passeriformes","Timaliidae (Tree-Babblers, Scimitar-Babblers, and Allies)",NA,NA,NA,NA,"Diurnal","Diurnal","Invertebrate","No","No","No","Non-endemic","Forest","Resident",1,NA,NA,"Red-billed Scimitar-Babbler","Pomatorhinus ochraceiceps","Red-billed Scimitar-babbler","Pomatorhinus ochraceiceps","Least Concern","Schedule-II","","",NA,"Red-billed Scimitar Babbler","Pomatorhinus ochraceiceps","avibase-37488194",1,3.26,2,0.199911343,958,"","","",NA,NA,NA,NA,NA,NA,NA,NA,NA,NA,NA,NA,NA,NA,NA,NA,NA,NA,NA,NA,NA,NA,NA,NA,NA,NA,NA,NA,NA,NA,NA,NA,NA,NA,NA,NA,NA,NA,NA,NA,NA,NA,NA,NA,NA,"Moderate",NA,NA,NA,NA
"Slender-billed Scimitar-Babbler","Pomatorhinus superciliaris","sbsbab1","Passeriformes","Timaliidae (Tree-Babblers, Scimitar-Babblers, and Allies)",NA,NA,NA,NA,"Diurnal","Diurnal","Invertebrate","No","No","No","Non-endemic","Forest","Resident & Altitudinal Migrant",1,NA,NA,"Slender-billed Scimitar-Babbler","Pomatorhinus superciliaris","Slender-billed Scimitar-babbler","Pomatorhinus superciliaris","Least Concern","Schedule-II","","",NA,"Slender-billed Scimitar Babbler","Pomatorhinus superciliaris","avibase-F2705CFE",1,3.13,2,0.275974976,959,"","","",NA,NA,NA,NA,NA,NA,NA,NA,NA,NA,NA,NA,NA,NA,NA,NA,NA,NA,NA,NA,NA,NA,NA,NA,NA,NA,NA,NA,NA,NA,NA,NA,NA,NA,NA,NA,NA,NA,NA,NA,NA,NA,NA,NA,NA,"Moderate",NA,NA,NA,NA
"Streak-breasted Scimitar-Babbler","Pomatorhinus ruficollis","sbsbab3","Passeriformes","Timaliidae (Tree-Babblers, Scimitar-Babblers, and Allies)",NA,NA,NA,NA,"Diurnal","Diurnal","Invertebrate","No","No","No","Non-endemic","Forest","Resident",NA,NA,NA,"Streak-breasted Scimitar-Babbler","Pomatorhinus ruficollis","Streak-breasted Scimitar-babbler","Pomatorhinus ruficollis","Least Concern","Schedule-II","","",NA,"Streak-breasted Scimitar Babbler","Pomatorhinus ruficollis","avibase-52B6BCA0",1,3.23,3,0.053312978,960,"","","",NA,NA,NA,NA,NA,NA,NA,NA,NA,NA,NA,NA,NA,NA,NA,NA,NA,NA,NA,NA,NA,NA,NA,NA,NA,NA,NA,NA,NA,NA,NA,NA,NA,NA,NA,NA,NA,NA,NA,NA,NA,NA,NA,NA,NA,"Low",NA,NA,NA,NA
"White-browed Scimitar-Babbler","Pomatorhinus schisticeps","wbsbab1","Passeriformes","Timaliidae (Tree-Babblers, Scimitar-Babblers, and Allies)",NA,NA,NA,NA,"Diurnal","Diurnal","Invertebrate","No","No","No","Non-endemic","Forest","Resident",NA,NA,NA,"White-browed Scimitar-Babbler","Pomatorhinus schisticeps","White-browed Scimitar-babbler","Pomatorhinus schisticeps","Least Concern","Schedule-II","","",NA,"White-browed Scimitar Babbler","Pomatorhinus schisticeps","avibase-E2E9A295",1,3.56,5,0.158087769,961,"","","",NA,NA,NA,NA,NA,NA,NA,NA,NA,NA,NA,NA,NA,NA,NA,NA,NA,NA,NA,NA,NA,NA,NA,NA,NA,NA,NA,NA,NA,NA,NA,NA,NA,NA,NA,NA,NA,NA,NA,NA,NA,NA,NA,NA,NA,"Low",NA,NA,NA,NA
"Indian Scimitar-Babbler","Pomatorhinus horsfieldii","insbab1","Passeriformes","Timaliidae (Tree-Babblers, Scimitar-Babblers, and Allies)",NA,NA,NA,NA,"Diurnal","Diurnal","Invertebrate","Yes","Yes","No","Mainland India","Forest","Resident",NA,NA,NA,"Indian Scimitar-Babbler","Pomatorhinus horsfieldii","Indian Scimitar-babbler","Pomatorhinus horsfieldii","Least Concern","Schedule-II","","",NA,"Indian Scimitar Babbler","Pomatorhinus horsfieldii","avibase-212FC793",1,3.78,4,1,962,"","X","X",60,0.25,0.510416666666667,0.716666666666667,16.0833333333333,1.81110480167122,95.4109455408955,110.268239542944,127.577717583052,95.4950542229653,112.539639834556,132.707351252376,95.5056856800253,114.822944951907,138.159474253709,95.4851137381646,117.128011575934,143.742774550542,95.3277038494475,119.534245488562,149.724063059716,95.351539698565,121.985045860807,155.884150513608,95.3383572343396,124.38562436442,162.393946953163,95.323819756664,126.792071046957,169.222853258188,NA,NA,NA,NA,NA,NA,-0.150593886865567,1.79967705176264,3.74994799039085,40413,40507,40601,"Insufficient Data","Stable",NA,"Low","Insufficient Data","Trend Inconclusive",NA,"Low"
"Large Scimitar-Babbler","Erythrogenys hypoleucos","lasbab1","Passeriformes","Timaliidae (Tree-Babblers, Scimitar-Babblers, and Allies)",NA,NA,NA,NA,"Diurnal","Diurnal","Invertebrate","No","No","No","Non-endemic","Forest","Resident",1,NA,NA,"Large Scimitar-Babbler","Erythrogenys hypoleucos","Large Scimitar-babbler","Erythrogenys hypoleucos","Least Concern","Schedule-II","","",NA,"Large Scimitar Babbler","Erythrogenys hypoleucos","avibase-1928C4DD",1,4.52,1,0.111469167,963,"","","",NA,NA,NA,NA,NA,NA,NA,NA,NA,NA,NA,NA,NA,NA,NA,NA,NA,NA,NA,NA,NA,NA,NA,NA,NA,NA,NA,NA,NA,NA,NA,NA,NA,NA,NA,NA,NA,NA,NA,NA,NA,NA,NA,NA,NA,"Moderate",NA,NA,NA,NA
"Rusty-cheeked Scimitar-Babbler","Erythrogenys erythrogenys","rcsbab1","Passeriformes","Timaliidae (Tree-Babblers, Scimitar-Babblers, and Allies)",NA,NA,NA,NA,"Diurnal","Diurnal","Invertebrate","No","No","No","Non-endemic","Forest","Resident",NA,NA,NA,"Rusty-cheeked Scimitar-Babbler","Erythrogenys erythrogenys","Rusty-cheeked Scimitar-babbler","Erythrogenys erythrogenys","Least Concern","Schedule-II","","",NA,"Rusty-cheeked Scimitar Babbler","Erythrogenys erythrogenys","avibase-2501B111",1,3.9,2,0.344193881,964,"","","",NA,NA,NA,NA,NA,NA,NA,NA,NA,NA,NA,NA,NA,NA,NA,NA,NA,NA,NA,NA,NA,NA,NA,NA,NA,NA,NA,NA,NA,NA,NA,NA,NA,NA,NA,NA,NA,NA,NA,NA,NA,NA,NA,NA,NA,"Low",NA,NA,NA,NA
"Spot-breasted Scimitar-Babbler","Erythrogenys mcclellandi","spbscb1","Passeriformes","Timaliidae (Tree-Babblers, Scimitar-Babblers, and Allies)",NA,NA,NA,NA,"Diurnal","Diurnal","Invertebrate","No","No","Yes","Eastern Himalayas","Grassland & Scrub","Resident",NA,NA,NA,"Spot-breasted Scimitar-Babbler","Erythrogenys mcclellandi","Spot-breasted Scimitar-babbler","Erythrogenys mcclellandi","Least Concern","Schedule-II","","",NA,"Spot-breasted Scimitar Babbler","Erythrogenys mcclellandi","avibase-894AED25",1,3.89,1,0.595647173,965,"","","",NA,NA,NA,NA,NA,NA,NA,NA,NA,NA,NA,NA,NA,NA,NA,NA,NA,NA,NA,NA,NA,NA,NA,NA,NA,NA,NA,NA,NA,NA,NA,NA,NA,NA,NA,NA,NA,NA,NA,NA,NA,NA,NA,NA,NA,"Moderate",NA,NA,NA,NA
"Gray-throated Babbler","Stachyris nigriceps","gytbab1","Passeriformes","Timaliidae (Tree-Babblers, Scimitar-Babblers, and Allies)",NA,NA,NA,NA,"Diurnal","Diurnal","Invertebrate","No","No","No","Non-endemic","Forest","Resident & Altitudinal Migrant",1,NA,NA,"Grey-throated Babbler","Stachyris nigriceps","Grey-throated Babbler","Stachyris nigriceps","Least Concern","Schedule-II","","",NA,"Grey-throated Babbler","Stachyris nigriceps","avibase-D58D57B3",1,2.74,3,0.09132968,966,"","","",NA,NA,NA,NA,NA,NA,NA,NA,NA,NA,NA,NA,NA,NA,NA,NA,NA,NA,NA,NA,NA,NA,NA,NA,NA,NA,NA,NA,NA,NA,NA,NA,NA,NA,NA,NA,NA,NA,NA,NA,NA,NA,NA,NA,NA,"Low",NA,NA,NA,NA
"Sikkim Wedge-billed Babbler","Stachyris humei","wbwbab1","Passeriformes","Timaliidae (Tree-Babblers, Scimitar-Babblers, and Allies)",NA,NA,NA,NA,"Diurnal","Diurnal","Invertebrate","No","No","Yes","Eastern Himalayas","Forest","Resident",NA,NA,NA,"Sikkim Wedge-billed Babbler","Stachyris humei","Blackish-breasted Babbler","Stachyris humei","Near Threatened","Schedule-I","","",NA,"Sikkim Wedge-billed Babbler","Stachyris humei","avibase-7CDC4535",1,3.28,1,0.669486505,967,"","","",NA,NA,NA,NA,NA,NA,NA,NA,NA,NA,NA,NA,NA,NA,NA,NA,NA,NA,NA,NA,NA,NA,NA,NA,NA,NA,NA,NA,NA,NA,NA,NA,NA,NA,NA,NA,NA,NA,NA,NA,NA,NA,NA,NA,NA,"High",NA,NA,NA,NA
"Cachar Wedge-billed Babbler","Stachyris roberti","chbbab1","Passeriformes","Timaliidae (Tree-Babblers, Scimitar-Babblers, and Allies)",NA,NA,NA,NA,"Diurnal","Diurnal","Invertebrate","No","No","Yes","Eastern Himalayas","Forest","Resident",NA,NA,NA,"Cachar Wedge-billed Babbler","Stachyris roberti","Chevron-breasted Babbler","Stachyris roberti","Near Threatened","Schedule-II","","",NA,"Cachar Wedge-billed Babbler","Stachyris roberti","avibase-DBD78D47",1,3.46,1,0.194661493,968,"","","",NA,NA,NA,NA,NA,NA,NA,NA,NA,NA,NA,NA,NA,NA,NA,NA,NA,NA,NA,NA,NA,NA,NA,NA,NA,NA,NA,NA,NA,NA,NA,NA,NA,NA,NA,NA,NA,NA,NA,NA,NA,NA,NA,NA,NA,"Moderate",NA,NA,NA,NA
"Snowy-throated Babbler","Stachyris oglei","sntbab1","Passeriformes","Timaliidae (Tree-Babblers, Scimitar-Babblers, and Allies)",NA,NA,NA,NA,"Diurnal","Diurnal","Invertebrate","No","No","Yes","Eastern Himalayas","Forest","Resident",NA,NA,NA,"Snowy-throated Babbler","Stachyris oglei","Snowy-throated Babbler","Stachyris oglei","Near Threatened","Schedule-I","","",NA,"Snowy-throated Babbler","Stachyris oglei","avibase-C4B3E8AB",1,3.25,1,0.162228163,969,"","","",NA,NA,NA,NA,NA,NA,NA,NA,NA,NA,NA,NA,NA,NA,NA,NA,NA,NA,NA,NA,NA,NA,NA,NA,NA,NA,NA,NA,NA,NA,NA,NA,NA,NA,NA,NA,NA,NA,NA,NA,NA,NA,NA,NA,NA,"High",NA,NA,NA,NA
"Indian Grassbird","Graminicola bengalensis","rurgra1","Passeriformes","Pellorneidae (Ground Babblers and Allies)",NA,NA,NA,NA,"Diurnal","Diurnal","Invertebrate","No","Yes","No","Indian Subcontinent","Grassland","Resident & Local Migrant",NA,NA,NA,"Indian Grassbird","Graminicola bengalensis","Indian Grass-babbler","Graminicola bengalensis","Near Threatened","Schedule-II","","",NA,"Indian Grassbird","Graminicola bengalensis","avibase-97A164E7",1,2.73,1,0.561075932,970,"","","",NA,NA,NA,NA,NA,NA,NA,NA,NA,NA,NA,NA,NA,NA,NA,NA,NA,NA,NA,NA,NA,NA,NA,NA,NA,NA,NA,NA,NA,NA,NA,NA,NA,NA,NA,NA,NA,NA,NA,NA,NA,NA,NA,NA,NA,"Moderate",NA,NA,NA,NA
"White-hooded Babbler","Gampsorhynchus rufulus","whhbab2","Passeriformes","Pellorneidae (Ground Babblers and Allies)",NA,NA,NA,NA,"Diurnal","Diurnal","Invertebrate","No","No","No","Non-endemic","Forest","Resident",1,NA,NA,"White-hooded Babbler","Gampsorhynchus rufulus","White-hooded Babbler","Gampsorhynchus rufulus","Least Concern","Schedule-II","","",NA,"White-hooded Babbler","Gampsorhynchus rufulus","avibase-0BD98439",1,3.42,1,0.343208308,971,"","","",NA,NA,NA,NA,NA,NA,NA,NA,NA,NA,NA,NA,NA,NA,NA,NA,NA,NA,NA,NA,NA,NA,NA,NA,NA,NA,NA,NA,NA,NA,NA,NA,NA,NA,NA,NA,NA,NA,NA,NA,NA,NA,NA,NA,NA,"Moderate",NA,NA,NA,NA
"Yellow-throated Fulvetta","Schoeniparus cinereus","yetful1","Passeriformes","Pellorneidae (Ground Babblers and Allies)",NA,NA,NA,NA,"Diurnal","Diurnal","Invertebrate","No","No","Yes","Eastern Himalayas","Forest","Resident",NA,NA,NA,"Yellow-throated Fulvetta","Schoeniparus cinereus","Yellow-throated Fulvetta","Schoeniparus cinereus","Least Concern","Schedule-II","","",NA,"Yellow-throated Fulvetta","Schoeniparus cinereus","avibase-5DC957D6",1,2.54,1,0.42416262,972,"","","",NA,NA,NA,NA,NA,NA,NA,NA,NA,NA,NA,NA,NA,NA,NA,NA,NA,NA,NA,NA,NA,NA,NA,NA,NA,NA,NA,NA,NA,NA,NA,NA,NA,NA,NA,NA,NA,NA,NA,NA,NA,NA,NA,NA,NA,"Moderate",NA,NA,NA,NA
"Rufous-winged Fulvetta","Schoeniparus castaneceps","ruwful1","Passeriformes","Pellorneidae (Ground Babblers and Allies)",NA,NA,NA,NA,"Diurnal","Diurnal","Invertebrate","No","No","No","Non-endemic","Forest","Resident",NA,NA,NA,"Rufous-winged Fulvetta","Schoeniparus castaneceps","Rufous-winged Fulvetta","Schoeniparus castaneceps","Least Concern","Schedule-II","","",NA,"Rufous-winged Fulvetta","Schoeniparus castaneceps","avibase-31A8AC8C",1,2.63,1,0.12862844,973,"","","",NA,NA,NA,NA,NA,NA,NA,NA,NA,NA,NA,NA,NA,NA,NA,NA,NA,NA,NA,NA,NA,NA,NA,NA,NA,NA,NA,NA,NA,NA,NA,NA,NA,NA,NA,NA,NA,NA,NA,NA,NA,NA,NA,NA,NA,"Low",NA,NA,NA,NA
"Rufous-throated Fulvetta","Schoeniparus rufogularis","rutful1","Passeriformes","Pellorneidae (Ground Babblers and Allies)",NA,NA,NA,NA,"Diurnal","Diurnal","Invertebrate","No","No","No","Non-endemic","Forest","Resident",1,NA,NA,"Rufous-throated Fulvetta","Schoeniparus rufogularis","Rufous-throated Fulvetta","Schoeniparus rufogularis","Least Concern","Schedule-II","","",NA,"Rufous-throated Fulvetta","Schoeniparus rufogularis","avibase-D3441B7C",1,2.69,2,0.091741923,974,"","","",NA,NA,NA,NA,NA,NA,NA,NA,NA,NA,NA,NA,NA,NA,NA,NA,NA,NA,NA,NA,NA,NA,NA,NA,NA,NA,NA,NA,NA,NA,NA,NA,NA,NA,NA,NA,NA,NA,NA,NA,NA,NA,NA,NA,NA,"Moderate",NA,NA,NA,NA
"Rusty-capped Fulvetta","Schoeniparus dubius","rucful1","Passeriformes","Pellorneidae (Ground Babblers and Allies)",NA,NA,NA,NA,"Diurnal","Diurnal","Invertebrate","No","No","No","Non-endemic","Forest","Resident",1,NA,NA,"Rusty-capped Fulvetta","Schoeniparus dubius","Rusty-capped Fulvetta","Schoeniparus dubius","Least Concern","Schedule-II","","",NA,"Rusty-capped Fulvetta","Schoeniparus dubius","avibase-D581A297",1,2.78,1,0.101077883,975,"","","",NA,NA,NA,NA,NA,NA,NA,NA,NA,NA,NA,NA,NA,NA,NA,NA,NA,NA,NA,NA,NA,NA,NA,NA,NA,NA,NA,NA,NA,NA,NA,NA,NA,NA,NA,NA,NA,NA,NA,NA,NA,NA,NA,NA,NA,"Moderate",NA,NA,NA,NA
"Puff-throated Babbler","Pellorneum ruficeps","putbab1","Passeriformes","Pellorneidae (Ground Babblers and Allies)",NA,NA,NA,NA,"Diurnal","Diurnal","Invertebrate","No","No","No","Non-endemic","Forest & Plantation","Resident",NA,NA,NA,"Puff-throated Babbler","Pellorneum ruficeps","Puff-throated Babbler","Pellorneum ruficeps","Least Concern","Schedule-II","","",NA,"Puff-throated Babbler","Pellorneum ruficeps","avibase-D6800997",1,3.31,9,0.322092074,976,"","X","X",90,0.133333333333333,0.444444444444444,0.733333333333333,16.1111111111111,1.32360391933363,123.189145547013,143.115478594232,166.532024881369,126.363930252419,149.688560654259,177.823910204535,129.596660676751,156.759099261193,190.1409392227,132.758431532609,164.100292850856,203.018338410441,136.026607629219,171.716065551251,216.911013840305,139.207712413473,179.697221952985,232.159267848275,142.629026707366,188.125022537031,248.666212927914,146.073861622004,196.947672541419,266.129927088782,NA,NA,NA,NA,NA,NA,2.65186552911359,4.98022714987566,7.30858877063774,54855,54912,54969,"Insufficient Data","Rapid Increase",NA,"Moderate","Insufficient Data","Trend Inconclusive",NA,"Low"
"Marsh Babbler","Pellorneum palustre","marbab2","Passeriformes","Pellorneidae (Ground Babblers and Allies)",NA,NA,NA,NA,"Diurnal","Diurnal","Invertebrate","No","Yes","No","Assam Plains","Wetland","Resident",NA,NA,NA,"Marsh Babbler","Pellorneum palustre","Marsh Babbler","Pellorneum palustre","Vulnerable","Schedule-I","","",NA,"Marsh Babbler","Pellorneum palustre","avibase-A9D2D8D4",1,3.08,1,0.904652781,977,"","","",NA,NA,NA,NA,NA,NA,NA,NA,NA,NA,NA,NA,NA,NA,NA,NA,NA,NA,NA,NA,NA,NA,NA,NA,NA,NA,NA,NA,NA,NA,NA,NA,NA,NA,NA,NA,NA,NA,NA,NA,NA,NA,NA,NA,NA,"High",NA,NA,NA,NA
"Spot-throated Babbler","Pellorneum albiventre","sptbab1","Passeriformes","Pellorneidae (Ground Babblers and Allies)",NA,NA,NA,NA,"Diurnal","Diurnal","Invertebrate","No","No","No","Non-endemic","Non-specialized","Resident",NA,NA,NA,"Spot-throated Babbler","Pellorneum albiventre","Spot-throated Babbler","Pellorneum albiventre","Least Concern","Schedule-II","","",NA,"Spot-throated Babbler","Pellorneum albiventre","avibase-E91198DD",1,3.04,2,0.254126848,978,"","","",NA,NA,NA,NA,NA,NA,NA,NA,NA,NA,NA,NA,NA,NA,NA,NA,NA,NA,NA,NA,NA,NA,NA,NA,NA,NA,NA,NA,NA,NA,NA,NA,NA,NA,NA,NA,NA,NA,NA,NA,NA,NA,NA,NA,NA,NA,NA,NA,NA,NA
"Buff-breasted Babbler","Pellorneum tickelli","bubbab1","Passeriformes","Pellorneidae (Ground Babblers and Allies)",NA,NA,NA,NA,"Diurnal","Diurnal","Invertebrate","No","No","No","Non-endemic","Forest","Resident",NA,NA,NA,"Buff-breasted Babbler","Pellorneum tickelli","Buff-breasted Babbler","Pellorneum tickelli","Least Concern","Schedule-II","","",NA,"Buff-breasted Babbler","Pellorneum tickelli","avibase-F013EAF4",1,2.86,1,0.090202898,979,"","","",NA,NA,NA,NA,NA,NA,NA,NA,NA,NA,NA,NA,NA,NA,NA,NA,NA,NA,NA,NA,NA,NA,NA,NA,NA,NA,NA,NA,NA,NA,NA,NA,NA,NA,NA,NA,NA,NA,NA,NA,NA,NA,NA,NA,NA,NA,NA,NA,NA,NA
"Rufous-vented Grass Babbler","Laticilla burnesii","ruvpri1","Passeriformes","Pellorneidae (Ground Babblers and Allies)",NA,NA,NA,NA,"Diurnal","Diurnal","Invertebrate","No","Yes","No","Indus Plains","Wetland","Resident",NA,NA,NA,"Rufous-vented Grass Babbler","Laticilla burnesii","Rufous-vented Grass-babbler","Laticilla burnesii","Near Threatened","Schedule-I","","Appendix II",NA,"Rufous-vented Grass Babbler","Laticilla burnesii","avibase-83DCEA75",1,2.58,1,0.252573055,980,"","","",NA,NA,NA,NA,NA,NA,NA,NA,NA,NA,NA,NA,NA,NA,NA,NA,NA,NA,NA,NA,NA,NA,NA,NA,NA,NA,NA,NA,NA,NA,NA,NA,NA,NA,NA,NA,NA,NA,NA,NA,NA,NA,NA,NA,NA,"High",NA,NA,NA,NA
"Swamp Grass Babbler","Laticilla cinerascens","swapri1","Passeriformes","Pellorneidae (Ground Babblers and Allies)",NA,NA,NA,NA,"Diurnal","Diurnal","Invertebrate","No","Yes","No","Assam Plains","Wetland","Resident & Local Migrant",NA,NA,NA,"Swamp Grass Babbler","Laticilla cinerascens","Swamp Grass-babbler","Laticilla cinerascens","Endangered","Schedule-I","","",NA,"Swamp Grass Babbler","Laticilla cinerascens","avibase-B96E3F33",1,3.03,1,1,981,"","","",NA,NA,NA,NA,NA,NA,NA,NA,NA,NA,NA,NA,NA,NA,NA,NA,NA,NA,NA,NA,NA,NA,NA,NA,NA,NA,NA,NA,NA,NA,NA,NA,NA,NA,NA,NA,NA,NA,NA,NA,NA,NA,NA,NA,NA,"High",NA,NA,NA,NA
"Abbott's Babbler","Malacocincla abbotti","abbbab1","Passeriformes","Pellorneidae (Ground Babblers and Allies)",NA,NA,NA,NA,"Diurnal","Diurnal","Invertebrate","No","No","No","Non-endemic","Forest","Resident",NA,NA,NA,"Abbott's Babbler","Malacocincla abbotti","Abbott's Babbler","Malacocincla abbotti","Least Concern","Schedule-II","","",NA,"Abbott's Babbler","Malacocincla abbotti","avibase-B0AD6BC8",1,3.06,2,0.062983552,982,"","","",NA,NA,NA,NA,NA,NA,NA,NA,NA,NA,NA,NA,NA,NA,NA,NA,NA,NA,NA,NA,NA,NA,NA,NA,NA,NA,NA,NA,NA,NA,NA,NA,NA,NA,NA,NA,NA,NA,NA,NA,NA,NA,NA,NA,NA,"Low",NA,NA,NA,NA
"Streaked Wren-Babbler","Gypsophila brevicaudata","stwbab1","Passeriformes","Pellorneidae (Ground Babblers and Allies)",NA,NA,NA,NA,"Diurnal","Diurnal","Invertebrate","No","No","No","Non-endemic","Forest","Resident",1,NA,NA,"Streaked Wren-Babbler","Gypsophila brevicaudata","Streaked Wren-babbler","Gypsophila brevicaudata","Least Concern","Schedule-II","","",NA,"Streaked Wren-Babbler","Gypsophila brevicaudata","avibase-472A5B98",1,2.97,1,0.085492429,983,"","","",NA,NA,NA,NA,NA,NA,NA,NA,NA,NA,NA,NA,NA,NA,NA,NA,NA,NA,NA,NA,NA,NA,NA,NA,NA,NA,NA,NA,NA,NA,NA,NA,NA,NA,NA,NA,NA,NA,NA,NA,NA,NA,NA,NA,NA,"Moderate",NA,NA,NA,NA
"Eyebrowed Wren-Babbler","Napothera epilepidota","eywbab1","Passeriformes","Pellorneidae (Ground Babblers and Allies)",NA,NA,NA,NA,"Diurnal","Diurnal","Invertebrate","No","No","No","Non-endemic","Forest","Resident & Altitudinal Migrant",1,NA,NA,"Eyebrowed Wren-Babbler","Napothera epilepidota","Eyebrowed Wren-babbler","Napothera epilepidota","Least Concern","Schedule-II","","",NA,"Eyebrowed Wren-Babbler","Napothera epilepidota","avibase-F8F526E4",1,2.74,2,0.079602133,984,"","","",NA,NA,NA,NA,NA,NA,NA,NA,NA,NA,NA,NA,NA,NA,NA,NA,NA,NA,NA,NA,NA,NA,NA,NA,NA,NA,NA,NA,NA,NA,NA,NA,NA,NA,NA,NA,NA,NA,NA,NA,NA,NA,NA,NA,NA,"Moderate",NA,NA,NA,NA
"Long-billed Wren-Babbler","Napothera malacoptila","lbwbab1","Passeriformes","Pellorneidae (Ground Babblers and Allies)",NA,NA,NA,NA,"Diurnal","Diurnal","Invertebrate","No","No","Yes","Eastern Himalayas","Forest","Resident",NA,NA,NA,"Long-billed Wren-Babbler","Napothera malacoptila","Long-billed Wren-babbler","Napothera malacoptila","Least Concern","Schedule-II","","",NA,"Long-billed Wren-Babbler","Napothera malacoptila","avibase-9293E8A9",1,3.1,1,0.517202988,985,"","","",NA,NA,NA,NA,NA,NA,NA,NA,NA,NA,NA,NA,NA,NA,NA,NA,NA,NA,NA,NA,NA,NA,NA,NA,NA,NA,NA,NA,NA,NA,NA,NA,NA,NA,NA,NA,NA,NA,NA,NA,NA,NA,NA,NA,NA,"Moderate",NA,NA,NA,NA
"Brown-cheeked Fulvetta","Alcippe poioicephala","brcful1","Passeriformes","Leiothrichidae (Laughingthrushes and Allies)",NA,NA,NA,NA,"Diurnal","Diurnal","Invertebrate","No","No","No","Non-endemic","Forest","Resident",NA,NA,NA,"Brown-cheeked Fulvetta","Alcippe poioicephala","Brown-cheeked Fulvetta","Alcippe poioicephala","Least Concern","Schedule-II","","",NA,"Brown-cheeked Fulvetta","Alcippe poioicephala","avibase-E4C78D6C",1,3.06,3,0.395233719,986,"","","X",39,0.282051282051282,0.471153846153846,0.58974358974359,16.8717948717949,2.15187151948439,NA,NA,NA,NA,NA,NA,NA,NA,NA,NA,NA,NA,NA,NA,NA,NA,NA,NA,NA,NA,NA,NA,NA,NA,NA,NA,NA,NA,NA,NA,NA,NA,NA,31670,31737,31804,"Insufficient Data","Insufficient Data",NA,"Moderate","Insufficient Data","Insufficient Data",NA,"Low"
"Nepal Fulvetta","Alcippe nipalensis","nepful1","Passeriformes","Leiothrichidae (Laughingthrushes and Allies)",NA,NA,NA,NA,"Diurnal","Diurnal","Fruit & Nect","No","No","No","Non-endemic","Forest","Resident & Altitudinal Migrant",NA,NA,NA,"Nepal Fulvetta","Alcippe nipalensis","Nepal Fulvetta","Alcippe nipalensis","Least Concern","Schedule-II","","",NA,"Nepal Fulvetta","Alcippe nipalensis","avibase-735DD267",1,2.55,3,0.402866632,987,"","","",NA,NA,NA,NA,NA,NA,NA,NA,NA,NA,NA,NA,NA,NA,NA,NA,NA,NA,NA,NA,NA,NA,NA,NA,NA,NA,NA,NA,NA,NA,NA,NA,NA,NA,NA,NA,NA,NA,NA,NA,NA,NA,NA,NA,NA,"Moderate",NA,NA,NA,NA
"Striated Laughingthrush","Grammatoptila striata","strlau2","Passeriformes","Leiothrichidae (Laughingthrushes and Allies)",NA,NA,NA,NA,"Diurnal","Diurnal","Invertebrate","No","No","Yes","Himalayas","Forest","Resident",NA,NA,NA,"Striated Laughingthrush","Grammatoptila striata","Striated Laughingthrush","Grammatoptila striata","Least Concern","Schedule-II","","",NA,"Striated Laughingthrush","Grammatoptila striata","avibase-6FCD4F9D",1,4.93,4,0.408449641,988,"","","",NA,NA,NA,NA,NA,NA,NA,NA,NA,NA,NA,NA,NA,NA,NA,NA,NA,NA,NA,NA,NA,NA,NA,NA,NA,NA,NA,NA,NA,NA,NA,NA,NA,NA,NA,NA,NA,NA,NA,NA,NA,NA,NA,NA,NA,"Low",NA,NA,NA,NA
"Himalayan Cutia","Cutia nipalensis","cutia1","Passeriformes","Leiothrichidae (Laughingthrushes and Allies)",NA,NA,NA,NA,"Diurnal","Diurnal","Invertebrate","No","No","No","Non-endemic","Forest","Resident",1,NA,NA,"Himalayan Cutia","Cutia nipalensis","Himalayan Cutia","Cutia nipalensis","Least Concern","Schedule-II","","",NA,"Himalayan Cutia","Cutia nipalensis","avibase-D7F4C39A",1,3.83,1,0.17045908,989,"","","",NA,NA,NA,NA,NA,NA,NA,NA,NA,NA,NA,NA,NA,NA,NA,NA,NA,NA,NA,NA,NA,NA,NA,NA,NA,NA,NA,NA,NA,NA,NA,NA,NA,NA,NA,NA,NA,NA,NA,NA,NA,NA,NA,NA,NA,"Moderate",NA,NA,NA,NA
"Scaly Laughingthrush","Trochalopteron subunicolor","scalau1","Passeriformes","Leiothrichidae (Laughingthrushes and Allies)",NA,NA,NA,NA,"Diurnal","Diurnal","Invertebrate","No","No","No","Non-endemic","Forest","Resident & Altitudinal Migrant",1,NA,NA,"Scaly Laughingthrush","Trochalopteron subunicolor","Scaly Laughingthrush","Trochalopteron subunicolor","Least Concern","Schedule-II","","",NA,"Scaly Laughingthrush","Trochalopteron subunicolor","avibase-C9493A71",1,3.87,1,0.175214768,990,"","","",NA,NA,NA,NA,NA,NA,NA,NA,NA,NA,NA,NA,NA,NA,NA,NA,NA,NA,NA,NA,NA,NA,NA,NA,NA,NA,NA,NA,NA,NA,NA,NA,NA,NA,NA,NA,NA,NA,NA,NA,NA,NA,NA,NA,NA,"Moderate",NA,NA,NA,NA
"Brown-capped Laughingthrush","Trochalopteron austeni","brclau1","Passeriformes","Leiothrichidae (Laughingthrushes and Allies)",NA,NA,NA,NA,"Diurnal","Diurnal","Omnivore","No","No","Yes","Eastern Himalayas","Forest","Resident",NA,NA,NA,"Brown-capped Laughingthrush","Trochalopteron austeni","Brown-capped Laughingthrush","Trochalopteron austeni","Least Concern","Schedule-I","","",NA,"Brown-capped Laughingthrush","Trochalopteron austeni","avibase-93675AD5",1,3.77,2,0.631443266,991,"","","",NA,NA,NA,NA,NA,NA,NA,NA,NA,NA,NA,NA,NA,NA,NA,NA,NA,NA,NA,NA,NA,NA,NA,NA,NA,NA,NA,NA,NA,NA,NA,NA,NA,NA,NA,NA,NA,NA,NA,NA,NA,NA,NA,NA,NA,"Moderate",NA,NA,NA,NA
"Blue-winged Laughingthrush","Trochalopteron squamatum","blwlau1","Passeriformes","Leiothrichidae (Laughingthrushes and Allies)",NA,NA,NA,NA,"Diurnal","Diurnal","Omnivore","No","No","Yes","Eastern Himalayas","Forest","Resident & Altitudinal Migrant",NA,NA,NA,"Blue-winged Laughingthrush","Trochalopteron squamatum","Blue-winged Laughingthrush","Trochalopteron squamatum","Least Concern","Schedule-II","","",NA,"Blue-winged Laughingthrush","Trochalopteron squamatum","avibase-466F5979",1,4.27,1,0.23514717,992,"","","",NA,NA,NA,NA,NA,NA,NA,NA,NA,NA,NA,NA,NA,NA,NA,NA,NA,NA,NA,NA,NA,NA,NA,NA,NA,NA,NA,NA,NA,NA,NA,NA,NA,NA,NA,NA,NA,NA,NA,NA,NA,NA,NA,NA,NA,"Moderate",NA,NA,NA,NA
"Streaked Laughingthrush","Trochalopteron lineatum","strlau1","Passeriformes","Leiothrichidae (Laughingthrushes and Allies)",NA,NA,NA,NA,"Diurnal","Diurnal","Invertebrate","No","No","Yes","Himalayas","Non-specialized","Resident & Altitudinal Migrant",NA,NA,NA,"Streaked Laughingthrush","Trochalopteron lineatum","Streaked Laughingthrush","Trochalopteron lineatum","Least Concern","Schedule-II","","",NA,"Streaked Laughingthrush","Trochalopteron lineatum","avibase-67F7511E",1,3.6,3,0.171202794,993,"","","",NA,NA,NA,NA,NA,NA,NA,NA,NA,NA,NA,NA,NA,NA,NA,NA,NA,NA,NA,NA,NA,NA,NA,NA,NA,NA,NA,NA,NA,NA,NA,NA,NA,NA,NA,NA,NA,NA,NA,NA,NA,NA,NA,NA,NA,"Low",NA,NA,NA,NA
"Bhutan Laughingthrush","Trochalopteron imbricatum","bhulau1","Passeriformes","Leiothrichidae (Laughingthrushes and Allies)",NA,NA,NA,NA,"Diurnal","Diurnal","Invertebrate","No","No","Yes","Eastern Himalayas","Non-specialized","Resident",NA,NA,NA,"Bhutan Laughingthrush","Trochalopteron imbricatum","Bhutan Laughingthrush","Trochalopteron imbricatum","Least Concern","Schedule-II","","",NA,"Bhutan Laughingthrush","Trochalopteron imbricatum","avibase-CE76873B",1,3.62,1,0.160757639,994,"","","",NA,NA,NA,NA,NA,NA,NA,NA,NA,NA,NA,NA,NA,NA,NA,NA,NA,NA,NA,NA,NA,NA,NA,NA,NA,NA,NA,NA,NA,NA,NA,NA,NA,NA,NA,NA,NA,NA,NA,NA,NA,NA,NA,NA,NA,"High",NA,NA,NA,NA
"Striped Laughingthrush","Trochalopteron virgatum","strlau3","Passeriformes","Leiothrichidae (Laughingthrushes and Allies)",NA,NA,NA,NA,"Diurnal","Diurnal","Invertebrate","No","No","Yes","Eastern Himalayas","Forest","Resident",NA,NA,NA,"Striped Laughingthrush","Trochalopteron virgatum","Striped Laughingthrush","Trochalopteron virgatum","Least Concern","Schedule-II","","",NA,"Striped Laughingthrush","Trochalopteron virgatum","avibase-5046CFCA",1,4.07,1,0.524603005,995,"","","",NA,NA,NA,NA,NA,NA,NA,NA,NA,NA,NA,NA,NA,NA,NA,NA,NA,NA,NA,NA,NA,NA,NA,NA,NA,NA,NA,NA,NA,NA,NA,NA,NA,NA,NA,NA,NA,NA,NA,NA,NA,NA,NA,NA,NA,"Moderate",NA,NA,NA,NA
"Variegated Laughingthrush","Trochalopteron variegatum","varlau1","Passeriformes","Leiothrichidae (Laughingthrushes and Allies)",NA,NA,NA,NA,"Diurnal","Diurnal","Fruit & Nect","No","No","Yes","Himalayas","Forest & Plantation","Resident & Altitudinal Migrant",NA,NA,NA,"Variegated Laughingthrush","Trochalopteron variegatum","Variegated Laughingthrush","Trochalopteron variegatum","Least Concern","Schedule-II","","",NA,"Variegated Laughingthrush","Trochalopteron variegatum","avibase-9779E4D3",1,3.97,2,0.348317512,996,"","","",NA,NA,NA,NA,NA,NA,NA,NA,NA,NA,NA,NA,NA,NA,NA,NA,NA,NA,NA,NA,NA,NA,NA,NA,NA,NA,NA,NA,NA,NA,NA,NA,NA,NA,NA,NA,NA,NA,NA,NA,NA,NA,NA,NA,NA,"Low",NA,NA,NA,NA
"Black-faced Laughingthrush","Trochalopteron affine","blflau1","Passeriformes","Leiothrichidae (Laughingthrushes and Allies)",NA,NA,NA,NA,"Diurnal","Diurnal","Fruit & Nect","No","No","No","Non-endemic","Forest","Resident & Altitudinal Migrant",1,NA,NA,"Black-faced Laughingthrush","Trochalopteron affine","Black-faced Laughingthrush","Trochalopteron affine","Least Concern","Schedule-II","","",NA,"Black-faced Laughingthrush","Trochalopteron affine","avibase-06A0BB28",1,4.15,2,0.092477791,997,"","","",NA,NA,NA,NA,NA,NA,NA,NA,NA,NA,NA,NA,NA,NA,NA,NA,NA,NA,NA,NA,NA,NA,NA,NA,NA,NA,NA,NA,NA,NA,NA,NA,NA,NA,NA,NA,NA,NA,NA,NA,NA,NA,NA,NA,NA,"Moderate",NA,NA,NA,NA
"Elliot's Laughingthrush","Trochalopteron elliotii","elllau1","Passeriformes","Leiothrichidae (Laughingthrushes and Allies)",NA,NA,NA,NA,"Diurnal","Diurnal","Invertebrate","No","No","No","Non-endemic","Forest & Plantation","Uncertain",NA,1,NA,"Elliot's Laughingthrush","Trochalopteron elliotii","Elliot's Laughingthrush","Trochalopteron elliotii","Least Concern","Schedule-II","","",NA,"Elliot's Laughingthrush","Trochalopteron elliotii","avibase-9CBD5A5C",NA,3.71,1,0.011215464,998,"","","",NA,NA,NA,NA,NA,NA,NA,NA,NA,NA,NA,NA,NA,NA,NA,NA,NA,NA,NA,NA,NA,NA,NA,NA,NA,NA,NA,NA,NA,NA,NA,NA,NA,NA,NA,NA,NA,NA,NA,NA,NA,NA,NA,NA,NA,NA,NA,NA,NA,NA
"Chestnut-crowned Laughingthrush","Trochalopteron erythrocephalum","chclau2","Passeriformes","Leiothrichidae (Laughingthrushes and Allies)",NA,NA,NA,NA,"Diurnal","Diurnal","Invertebrate","No","No","Yes","Himalayas","Forest","Resident & Altitudinal Migrant",NA,NA,NA,"Chestnut-crowned Laughingthrush","Trochalopteron erythrocephalum","Chestnut-crowned Laughingthrush","Trochalopteron erythrocephalum","Least Concern","Schedule-II","","",NA,"Chestnut-crowned Laughingthrush","Trochalopteron erythrocephalum","avibase-F9A2B4EB",1,4.15,2,0.480077958,999,"","","",NA,NA,NA,NA,NA,NA,NA,NA,NA,NA,NA,NA,NA,NA,NA,NA,NA,NA,NA,NA,NA,NA,NA,NA,NA,NA,NA,NA,NA,NA,NA,NA,NA,NA,NA,NA,NA,NA,NA,NA,NA,NA,NA,NA,NA,"Low",NA,NA,NA,NA
"Assam Laughingthrush","Trochalopteron chrysopterum","asslau1","Passeriformes","Leiothrichidae (Laughingthrushes and Allies)",NA,NA,NA,NA,"Diurnal","Diurnal","Invertebrate","No","No","Yes","Eastern Himalayas","Forest","Resident",NA,NA,NA,"Assam Laughingthrush","Trochalopteron chrysopterum","Assam Laughingthrush","Trochalopteron chrysopterum","Least Concern","Schedule-II","","",NA,"Assam Laughingthrush","Trochalopteron chrysopterum","avibase-3467E0CF",1,4.07,4,0.241640817,1000,"","","",NA,NA,NA,NA,NA,NA,NA,NA,NA,NA,NA,NA,NA,NA,NA,NA,NA,NA,NA,NA,NA,NA,NA,NA,NA,NA,NA,NA,NA,NA,NA,NA,NA,NA,NA,NA,NA,NA,NA,NA,NA,NA,NA,NA,NA,"Moderate",NA,NA,NA,NA
"Banasura Laughingthrush","Montecincla jerdoni","bkclau1","Passeriformes","Leiothrichidae (Laughingthrushes and Allies)",NA,NA,NA,NA,"Diurnal","Diurnal","Fruit & Nect","Yes","Yes","No","Western Ghats","Forest","Resident",NA,NA,NA,"Banasura Laughingthrush","Montecincla jerdoni","Banasura Chilappan","Montecincla jerdoni","Endangered","Schedule-I","","",NA,"Banasura Laughingthrush","Montecincla jerdoni","avibase-F192C0CB",1,4.34,1,1,1001,"","","",NA,NA,NA,NA,NA,NA,NA,NA,NA,NA,NA,NA,NA,NA,NA,NA,NA,NA,NA,NA,NA,NA,NA,NA,NA,NA,NA,NA,NA,NA,NA,NA,NA,NA,NA,NA,NA,NA,NA,NA,NA,NA,NA,NA,NA,"High",NA,NA,NA,NA
"Nilgiri Laughingthrush","Montecincla cachinnans","bkclau2","Passeriformes","Leiothrichidae (Laughingthrushes and Allies)",NA,NA,NA,NA,"Diurnal","Diurnal","Fruit & Nect","Yes","Yes","No","Western Ghats","Forest & Plantation","Resident",NA,NA,NA,"Nilgiri Laughingthrush","Montecincla cachinnans","Nilgiri Chilappan","Montecincla cachinnans","Near Threatened","Schedule-I","","",NA,"Nilgiri Laughingthrush","Montecincla cachinnans","avibase-E39255D9",1,3.72,1,1,1002,"X","X","X",6,0.833333333333333,0.729166666666667,0.833333333333333,17,6.42130620149307,234.444054852985,288.394129192339,354.852453724901,254.980527614739,322.339134451604,407.735639924435,277.392485278329,361.362502474714,470.444191671556,301.534829958711,404.591444479326,541.341345338344,327.013783885546,453.217368285954,624.2880312928,355.443694308849,505.474371037573,720.794669575203,386.037429331008,566.374814641447,833.006530568012,420.321173334036,634.666067906686,962.176290878243,NA,NA,NA,-15.2166079393707,20.251398922023,87.347315946789,4.52060963124658,7.13033712915219,9.74006462705779,4272,4279,4286,"Trend Inconclusive","Rapid Increase",NA,"High","Rapid Decline","Trend Inconclusive",NA,"High"
"Palani Laughingthrush","Montecincla fairbanki","kerlau2","Passeriformes","Leiothrichidae (Laughingthrushes and Allies)",NA,NA,NA,NA,"Diurnal","Diurnal","Fruit & Nect","Yes","Yes","No","Western Ghats","Forest & Plantation","Resident",NA,NA,NA,"Palani Laughingthrush","Montecincla fairbanki","Palani Chilappan","Montecincla fairbanki","Near Threatened","Schedule-II","","",NA,"Palani Laughingthrush","Montecincla fairbanki","avibase-7BF8790B",1,3.88,1,1,1003,"X","X","X",12,0.25,0.604166666666667,0.666666666666667,16.3333333333333,3.31969087035939,125.393223506456,209.11597263935,350.408672381972,117.863500351381,210.624573985456,377.367098641402,110.816971005851,211.819664104277,407.35792423942,103.762411759593,213.218145607983,440.381500931525,97.5179746348609,214.511322924076,475.729855981864,91.4910389147433,215.981078813258,515.470701113343,85.5791032456524,217.378514192713,557.341891098687,80.1086188616152,219.147437431231,603.781575630993,NA,NA,NA,-60.7893934596151,-3.161612461448,90486354.8308697,-5142021.79926135,-1.03644084575532,5142019.72637966,8097,8183,8269,"Trend Inconclusive","Trend Inconclusive",NA,"Moderate","Trend Inconclusive","Trend Inconclusive",NA,"Moderate"
"Ashambu Laughingthrush","Montecincla meridionalis","kerlau3","Passeriformes","Leiothrichidae (Laughingthrushes and Allies)",NA,NA,NA,NA,"Diurnal","Diurnal","Fruit & Nect","Yes","Yes","No","Western Ghats","Forest","Resident",NA,NA,NA,"Ashambu Laughingthrush","Montecincla meridionalis","Ashambu Chilappan","Montecincla meridionalis","Vulnerable","Schedule-I","","",NA,"Ashambu Laughingthrush","Montecincla meridionalis","avibase-9D9DBBDC",1,3.73,1,1,1004,"","","X",5,0.4,0.4,0.4,17.4,8.16640532915186,NA,NA,NA,NA,NA,NA,NA,NA,NA,NA,NA,NA,NA,NA,NA,NA,NA,NA,NA,NA,NA,NA,NA,NA,NA,NA,NA,NA,NA,NA,NA,NA,NA,1788,1971,2154,"Insufficient Data","Insufficient Data",NA,"High","Insufficient Data","Insufficient Data",NA,"High"
"Long-tailed Sibia","Heterophasia picaoides","lotsib1","Passeriformes","Leiothrichidae (Laughingthrushes and Allies)",NA,NA,NA,NA,"Diurnal","Diurnal","Omnivore","No","No","No","Non-endemic","Forest","Resident",1,NA,NA,"Long-tailed Sibia","Heterophasia picaoides","Long-tailed Sibia","Heterophasia picaoides","Least Concern","Schedule-II","","",NA,"Long-tailed Sibia","Heterophasia picaoides","avibase-3C8820C7",1,3.23,1,0.11572561,1005,"","","",NA,NA,NA,NA,NA,NA,NA,NA,NA,NA,NA,NA,NA,NA,NA,NA,NA,NA,NA,NA,NA,NA,NA,NA,NA,NA,NA,NA,NA,NA,NA,NA,NA,NA,NA,NA,NA,NA,NA,NA,NA,NA,NA,NA,NA,"Moderate",NA,NA,NA,NA
"Rufous Sibia","Heterophasia capistrata","rufsib1","Passeriformes","Leiothrichidae (Laughingthrushes and Allies)",NA,NA,NA,NA,"Diurnal","Diurnal","Omnivore","No","No","Yes","Himalayas","Forest & Plantation","Resident & Altitudinal Migrant",NA,NA,NA,"Rufous Sibia","Heterophasia capistrata","Rufous Sibia","Heterophasia capistrata","Least Concern","Schedule-II","","",NA,"Rufous Sibia","Heterophasia capistrata","avibase-50BF5295",1,3.65,3,0.480660775,1006,"","","",NA,NA,NA,NA,NA,NA,NA,NA,NA,NA,NA,NA,NA,NA,NA,NA,NA,NA,NA,NA,NA,NA,NA,NA,NA,NA,NA,NA,NA,NA,NA,NA,NA,NA,NA,NA,NA,NA,NA,NA,NA,NA,NA,NA,NA,"Low",NA,NA,NA,NA
"Beautiful Sibia","Heterophasia pulchella","beasib1","Passeriformes","Leiothrichidae (Laughingthrushes and Allies)",NA,NA,NA,NA,"Diurnal","Diurnal","Invertebrate","No","No","Yes","Eastern Himalayas","Forest","Resident & Altitudinal Migrant",NA,NA,NA,"Beautiful Sibia","Heterophasia pulchella","Beautiful Sibia","Heterophasia pulchella","Least Concern","Schedule-II","","",NA,"Beautiful Sibia","Heterophasia pulchella","avibase-F990AA6C",1,4.19,2,0.360177523,1007,"","","",NA,NA,NA,NA,NA,NA,NA,NA,NA,NA,NA,NA,NA,NA,NA,NA,NA,NA,NA,NA,NA,NA,NA,NA,NA,NA,NA,NA,NA,NA,NA,NA,NA,NA,NA,NA,NA,NA,NA,NA,NA,NA,NA,NA,NA,"Moderate",NA,NA,NA,NA
"Gray Sibia","Heterophasia gracilis","grysib1","Passeriformes","Leiothrichidae (Laughingthrushes and Allies)",NA,NA,NA,NA,"Diurnal","Diurnal","Invertebrate","No","No","Yes","Eastern Himalayas","Forest","Resident & Altitudinal Migrant",NA,NA,NA,"Grey Sibia","Heterophasia gracilis","Grey Sibia","Heterophasia gracilis","Least Concern","Schedule-II","","",NA,"Grey Sibia","Heterophasia gracilis","avibase-3B369923",1,3.83,1,0.352355327,1008,"","","",NA,NA,NA,NA,NA,NA,NA,NA,NA,NA,NA,NA,NA,NA,NA,NA,NA,NA,NA,NA,NA,NA,NA,NA,NA,NA,NA,NA,NA,NA,NA,NA,NA,NA,NA,NA,NA,NA,NA,NA,NA,NA,NA,NA,NA,"Moderate",NA,NA,NA,NA
"Hoary-throated Barwing","Actinodura nipalensis","hotbar1","Passeriformes","Leiothrichidae (Laughingthrushes and Allies)",NA,NA,NA,NA,"Diurnal","Diurnal","Invertebrate","No","No","Yes","Eastern Himalayas","Forest","Resident",NA,NA,NA,"Hoary-throated Barwing","Actinodura nipalensis","Hoary-throated Barwing","Sibia nipalensis","Least Concern","Schedule-II","","",NA,"Hoary-throated Barwing","Actinodura nipalensis","avibase-05F6BA7F",1,4.09,1,0.128999638,1009,"","","",NA,NA,NA,NA,NA,NA,NA,NA,NA,NA,NA,NA,NA,NA,NA,NA,NA,NA,NA,NA,NA,NA,NA,NA,NA,NA,NA,NA,NA,NA,NA,NA,NA,NA,NA,NA,NA,NA,NA,NA,NA,NA,NA,NA,NA,"Moderate",NA,NA,NA,NA
"Streak-throated Barwing","Actinodura waldeni","sttbar1","Passeriformes","Leiothrichidae (Laughingthrushes and Allies)",NA,NA,NA,NA,"Diurnal","Diurnal","Omnivore","No","No","Yes","Eastern Himalayas","Forest","Resident",NA,NA,NA,"Streak-throated Barwing","Actinodura waldeni","Streak-throated Barwing","Sibia waldeni","Least Concern","Schedule-II","","",NA,"Streak-throated Barwing","Actinodura waldeni","avibase-EE65C146",1,4.15,3,0.324231473,1010,"","","",NA,NA,NA,NA,NA,NA,NA,NA,NA,NA,NA,NA,NA,NA,NA,NA,NA,NA,NA,NA,NA,NA,NA,NA,NA,NA,NA,NA,NA,NA,NA,NA,NA,NA,NA,NA,NA,NA,NA,NA,NA,NA,NA,NA,NA,"Moderate",NA,NA,NA,NA
"Blue-winged Minla","Actinodura cyanouroptera","blwmin1","Passeriformes","Leiothrichidae (Laughingthrushes and Allies)",NA,NA,NA,NA,"Diurnal","Diurnal","Omnivore","No","No","No","Non-endemic","Forest","Resident & Altitudinal Migrant",NA,NA,NA,"Blue-winged Minla","Actinodura cyanouroptera","Blue-winged Minla","Siva cyanouroptera","Least Concern","Schedule-II","","",NA,"Blue-winged Minla","Actinodura cyanouroptera","avibase-A6704D52",1,2.87,2,0.04488907,1011,"","","",NA,NA,NA,NA,NA,NA,NA,NA,NA,NA,NA,NA,NA,NA,NA,NA,NA,NA,NA,NA,NA,NA,NA,NA,NA,NA,NA,NA,NA,NA,NA,NA,NA,NA,NA,NA,NA,NA,NA,NA,NA,NA,NA,NA,NA,"Low",NA,NA,NA,NA
"Chestnut-tailed Minla","Actinodura strigula","chtmin1","Passeriformes","Leiothrichidae (Laughingthrushes and Allies)",NA,NA,NA,NA,"Diurnal","Diurnal","Invertebrate","No","No","No","Non-endemic","Forest","Resident & Altitudinal Migrant",NA,NA,NA,"Chestnut-tailed Minla","Actinodura strigula","Bar-throated Minla","Chrysominla strigula","Least Concern","Schedule-II","","",NA,"Bar-throated Minla","Actinodura strigula","avibase-55B3A7AF",1,3.06,3,0.222483178,1012,"","","",NA,NA,NA,NA,NA,NA,NA,NA,NA,NA,NA,NA,NA,NA,NA,NA,NA,NA,NA,NA,NA,NA,NA,NA,NA,NA,NA,NA,NA,NA,NA,NA,NA,NA,NA,NA,NA,NA,NA,NA,NA,NA,NA,NA,NA,"Moderate",NA,NA,NA,NA
"Rusty-fronted Barwing","Actinodura egertoni","rufbar1","Passeriformes","Leiothrichidae (Laughingthrushes and Allies)",NA,NA,NA,NA,"Diurnal","Diurnal","Invertebrate","No","No","Yes","Eastern Himalayas","Forest","Resident & Altitudinal Migrant",NA,NA,NA,"Rusty-fronted Barwing","Actinodura egertoni","Rusty-fronted Barwing","Actinodura egertoni","Least Concern","Schedule-II","","",NA,"Rusty-fronted Barwing","Actinodura egertoni","avibase-34B1C50C",1,3.91,4,0.425100315,1013,"","","",NA,NA,NA,NA,NA,NA,NA,NA,NA,NA,NA,NA,NA,NA,NA,NA,NA,NA,NA,NA,NA,NA,NA,NA,NA,NA,NA,NA,NA,NA,NA,NA,NA,NA,NA,NA,NA,NA,NA,NA,NA,NA,NA,NA,NA,"Low",NA,NA,NA,NA
"Red-billed Leiothrix","Leiothrix lutea","reblei","Passeriformes","Leiothrichidae (Laughingthrushes and Allies)",NA,NA,NA,NA,"Diurnal","Diurnal","Invertebrate","No","No","No","Non-endemic","Forest","Resident & Altitudinal Migrant",NA,NA,NA,"Red-billed Leiothrix","Leiothrix lutea","Red-billed Leiothrix","Leiothrix lutea","Least Concern","Schedule-II","Appendix II","",NA,"Red-billed Leiothrix","Leiothrix lutea","avibase-E147E79E",1,4.71,2,0.05650525,1014,"","","",NA,NA,NA,NA,NA,NA,NA,NA,NA,NA,NA,NA,NA,NA,NA,NA,NA,NA,NA,NA,NA,NA,NA,NA,NA,NA,NA,NA,NA,NA,NA,NA,NA,NA,NA,NA,NA,NA,NA,NA,NA,NA,NA,NA,NA,"Low",NA,NA,NA,NA
"Silver-eared Mesia","Leiothrix argentauris","siemes1","Passeriformes","Leiothrichidae (Laughingthrushes and Allies)",NA,NA,NA,NA,"Diurnal","Diurnal","Invertebrate","No","No","No","Non-endemic","Forest","Resident",NA,NA,NA,"Silver-eared Mesia","Leiothrix argentauris","Silver-eared Mesia","Leiothrix argentauris","Least Concern","Schedule-II","Appendix II","",NA,"Silver-eared Mesia","Leiothrix argentauris","avibase-6B9D3B7D",1,3.87,3,0.140666102,1015,"","","",NA,NA,NA,NA,NA,NA,NA,NA,NA,NA,NA,NA,NA,NA,NA,NA,NA,NA,NA,NA,NA,NA,NA,NA,NA,NA,NA,NA,NA,NA,NA,NA,NA,NA,NA,NA,NA,NA,NA,NA,NA,NA,NA,NA,NA,"Low",NA,NA,NA,NA
"Red-tailed Minla","Minla ignotincta","retmin1","Passeriformes","Leiothrichidae (Laughingthrushes and Allies)",NA,NA,NA,NA,"Diurnal","Diurnal","Invertebrate","No","No","No","Non-endemic","Forest","Resident & Altitudinal Migrant",NA,NA,NA,"Red-tailed Minla","Minla ignotincta","Red-tailed Minla","Minla ignotincta","Least Concern","Schedule-II","","",NA,"Red-tailed Minla","Minla ignotincta","avibase-63449558",1,2.83,1,0.116800526,1016,"","","",NA,NA,NA,NA,NA,NA,NA,NA,NA,NA,NA,NA,NA,NA,NA,NA,NA,NA,NA,NA,NA,NA,NA,NA,NA,NA,NA,NA,NA,NA,NA,NA,NA,NA,NA,NA,NA,NA,NA,NA,NA,NA,NA,NA,NA,"Low",NA,NA,NA,NA
"Rufous-backed Sibia","Leioptila annectens","rubsib1","Passeriformes","Leiothrichidae (Laughingthrushes and Allies)",NA,NA,NA,NA,"Diurnal","Diurnal","Invertebrate","No","No","No","Non-endemic","Forest","Resident",1,NA,NA,"Rufous-backed Sibia","Leioptila annectens","Rufous-backed Sibia","Leioptila annectens","Least Concern","Schedule-II","","",NA,"Rufous-backed Sibia","Leioptila annectens","avibase-932DB585",1,3.43,1,0.246854631,1017,"","","",NA,NA,NA,NA,NA,NA,NA,NA,NA,NA,NA,NA,NA,NA,NA,NA,NA,NA,NA,NA,NA,NA,NA,NA,NA,NA,NA,NA,NA,NA,NA,NA,NA,NA,NA,NA,NA,NA,NA,NA,NA,NA,NA,NA,NA,"Low",NA,NA,NA,NA
"Bugun Liocichla","Liocichla bugunorum","buglio1","Passeriformes","Leiothrichidae (Laughingthrushes and Allies)",NA,NA,NA,NA,"Diurnal","Diurnal","Omnivore","Yes","Yes","Yes","Eastern Himalayas","Forest","Resident",NA,NA,NA,"Bugun Liocichla","Liocichla bugunorum","Bugun Liocichla","Liocichla bugunorum","Critically Endangered","Schedule-I","","",NA,"Bugun Liocichla","Liocichla bugunorum","avibase-8D7B97E0",1,3.58,1,1,1018,"","","",NA,NA,NA,NA,NA,NA,NA,NA,NA,NA,NA,NA,NA,NA,NA,NA,NA,NA,NA,NA,NA,NA,NA,NA,NA,NA,NA,NA,NA,NA,NA,NA,NA,NA,NA,NA,NA,NA,NA,NA,NA,NA,NA,NA,NA,"High",NA,NA,NA,NA
"Red-faced Liocichla","Liocichla phoenicea","reflio2","Passeriformes","Leiothrichidae (Laughingthrushes and Allies)",NA,NA,NA,NA,"Diurnal","Diurnal","Omnivore","No","No","No","Non-endemic","Forest","Resident",NA,NA,NA,"Red-faced Liocichla","Liocichla phoenicea","Red-faced Liocichla","Liocichla phoenicea","Least Concern","Schedule-II","","",NA,"Red-faced Liocichla","Liocichla phoenicea","avibase-D0E844AC",1,3.86,2,0.458439899,1019,"","","",NA,NA,NA,NA,NA,NA,NA,NA,NA,NA,NA,NA,NA,NA,NA,NA,NA,NA,NA,NA,NA,NA,NA,NA,NA,NA,NA,NA,NA,NA,NA,NA,NA,NA,NA,NA,NA,NA,NA,NA,NA,NA,NA,NA,NA,"Low",NA,NA,NA,NA
"Large Gray Babbler","Argya malcolmi","lagbab2","Passeriformes","Leiothrichidae (Laughingthrushes and Allies)",NA,NA,NA,NA,"Diurnal","Diurnal","Invertebrate","No","Yes","No","Indian Subcontinent","Non-specialized","Resident",NA,NA,NA,"Large Grey Babbler","Argya malcolmi","Large Grey Babbler","Argya malcolmi","Least Concern","Schedule-II","","",NA,"Large Grey Babbler","Argya malcolmi","avibase-8EB286E5",1,6.24,1,0.996004496,1020,"","X","X",155,0.00645161290322581,0.461290322580645,0.696774193548387,16.6838709677419,0.874103363128958,79.5587206016726,91.3312174349902,105.161559073266,77.0688950137046,90.1546749868577,105.82358640521,74.7132436105668,88.9292787680538,106.49328741104,72.2924729632111,87.7006147974454,107.167471436122,70.011628585582,86.7399797693366,107.729106174451,67.7291929953869,85.6761638177616,108.479608579034,65.5219105814023,84.4975685698581,109.117569800134,63.4357567512908,83.4445465248428,109.714696885875,NA,NA,NA,NA,NA,NA,-3.35098908136335,-1.22662970427593,0.897729672811495,89495,89541,89587,"Insufficient Data","Stable",NA,"Moderate","Insufficient Data","Stable",NA,"Low"
"Slender-billed Babbler","Argya longirostris","slbbab1","Passeriformes","Leiothrichidae (Laughingthrushes and Allies)",NA,NA,NA,NA,"Diurnal","Diurnal","Invertebrate","No","Yes","No","Indian Subcontinent","Grassland","Resident",NA,NA,NA,"Slender-billed Babbler","Argya longirostris","Slender-billed Babbler","Argya longirostris","Vulnerable","Schedule-I","","",NA,"Slender-billed Babbler","Argya longirostris","avibase-B7794D41",1,5.26,1,0.86921158,1021,"","","",NA,NA,NA,NA,NA,NA,NA,NA,NA,NA,NA,NA,NA,NA,NA,NA,NA,NA,NA,NA,NA,NA,NA,NA,NA,NA,NA,NA,NA,NA,NA,NA,NA,NA,NA,NA,NA,NA,NA,NA,NA,NA,NA,NA,NA,"High",NA,NA,NA,NA
"Rufous Babbler","Argya subrufa","rufbab3","Passeriformes","Leiothrichidae (Laughingthrushes and Allies)",NA,NA,NA,NA,"Diurnal","Diurnal","Invertebrate","Yes","Yes","No","Western Ghats","Grassland & Scrub","Resident",NA,NA,NA,"Rufous Babbler","Argya subrufa","Rufous Babbler","Argya subrufa","Least Concern","Schedule-II","","",NA,"Rufous Babbler","Argya subrufa","avibase-51AADA00",1,5.91,2,1,1022,"","","X",35,0.2,0.507142857142857,0.8,17.5428571428571,2.221476350644,NA,NA,NA,NA,NA,NA,NA,NA,NA,NA,NA,NA,NA,NA,NA,NA,NA,NA,NA,NA,NA,NA,NA,NA,NA,NA,NA,NA,NA,NA,NA,NA,NA,24814,24903,24992,"Insufficient Data","Insufficient Data",NA,"Low","Insufficient Data","Insufficient Data",NA,"Moderate"
"Jungle Babbler","Argya striata","junbab2","Passeriformes","Leiothrichidae (Laughingthrushes and Allies)",NA,NA,NA,NA,"Diurnal","Diurnal","Omnivore","No","Yes","No","Indian Subcontinent","Non-specialized","Resident",NA,NA,NA,"Jungle Babbler","Argya striata","Jungle Babbler","Argya striata","Least Concern","Schedule-II","","",NA,"Jungle Babbler","Argya striata","avibase-5713B725",1,5.67,5,0.862608859,1023,"","X","X",86,0.0930232558139535,0.482558139534884,0.651162790697674,15.7906976744186,1.36515193580981,63.6658976973998,76.4432075413375,91.5064465319283,62.3401959077125,76.6118461906359,93.9790421301229,60.9434984228209,76.7369260341274,96.4043109044916,59.5614308039548,76.8894464138795,99.026241862317,58.2175769422465,77.0495091917655,101.89880606788,56.842746486931,77.1765140734164,104.656254656018,55.5151362460806,77.3446394761297,107.564676915986,54.2401896853141,77.4336611965147,110.685554137796,NA,NA,NA,NA,NA,NA,-2.14455961512007,-0.0324051998052914,2.07974921550949,57741,57766,57791,"Insufficient Data","Stable",NA,"Low","Insufficient Data","Trend Inconclusive",NA,"Low"
"Yellow-billed Babbler","Argya affinis","yebbab1","Passeriformes","Leiothrichidae (Laughingthrushes and Allies)",NA,NA,NA,NA,"Diurnal","Diurnal","Omnivore","No","Yes","No","Indian Subcontinent","Non-specialized","Resident",NA,NA,NA,"Yellow-billed Babbler","Argya affinis","Yellow-billed Babbler","Argya affinis","Least Concern","Schedule-II","","",NA,"Yellow-billed Babbler","Argya affinis","avibase-A70548E8",1,5.98,1,0.911720948,1024,"X","X","X",251,0.123505976095618,0.753486055776892,0.876494023904382,14.6294820717131,0.769996490956794,90.9935020712985,98.9910705456473,107.672264669613,89.681975725935,98.6772442120104,108.482621366637,88.3859847745167,98.3587351232139,109.334221100648,87.0804950451158,98.0168801285848,110.234711528461,85.7703836976413,97.6758926748854,111.18104117789,84.4734084333258,97.3387428285905,112.142065112934,83.1919832700045,96.9866561677395,113.066896566316,81.9221937442421,96.6604278770225,114.027833679946,NA,NA,NA,48.377592619921,63.470786471298,83.798984863303,-2.80147924435404,-0.594188165975053,1.61310291240393,142714,142716,142718,"Increase","Stable",NA,"Low","Trend Inconclusive","Stable",NA,"Low"
"Common Babbler","Argya caudata","combab3","Passeriformes","Leiothrichidae (Laughingthrushes and Allies)",NA,NA,NA,NA,"Diurnal","Diurnal","Omnivore","No","Yes","No","Indian Subcontinent","Open Habitat","Resident",NA,NA,NA,"Common Babbler","Argya caudata","Common Babbler","Argya caudata","Least Concern","Schedule-II","","",NA,"Common Babbler","Argya caudata","avibase-310AEDC8",1,5.65,2,0.629893111,1025,"X","X","X",36,0.222222222222222,0.184027777777778,0.138888888888889,16.0277777777778,1.84209897724723,13.5681637706788,27.3272269627835,55.9078765048423,11.6740103013051,25.8945214902295,58.1802753228235,10.0412332344988,24.5437501638319,60.6123981043297,8.62152717967484,23.1985421637314,63.2769398318251,7.40272943126454,21.9941199252704,66.1858779333879,6.35084648951843,20.7925114916621,69.1463448908482,5.42775002146274,19.6586295323775,72.2064551829103,4.62617555422234,18.5833813504056,75.5451915829325,NA,NA,NA,-96.622583996741,-94.615498598248,-91.2841206645997,-0.829134512979591,-0.343162377204162,0.142809758571267,17066,17125,17184,"Trend Inconclusive","Stable",NA,"Moderate","Trend Inconclusive","Rapid Decline",NA,"Moderate"
"Striated Babbler","Argya earlei","strbab1","Passeriformes","Leiothrichidae (Laughingthrushes and Allies)",NA,NA,NA,NA,"Diurnal","Diurnal","Invertebrate","No","No","No","Non-endemic","Grassland","Resident",NA,NA,NA,"Striated Babbler","Argya earlei","Striated Babbler","Argya earlei","Least Concern","Schedule-II","","",NA,"Striated Babbler","Argya earlei","avibase-308AADDB",1,5.7,2,0.527210933,1026,"","","",NA,NA,NA,NA,NA,NA,NA,NA,NA,NA,NA,NA,NA,NA,NA,NA,NA,NA,NA,NA,NA,NA,NA,NA,NA,NA,NA,NA,NA,NA,NA,NA,NA,NA,NA,NA,NA,NA,NA,NA,NA,NA,NA,NA,NA,"Low",NA,NA,NA,NA
"Spot-breasted Laughingthrush","Garrulax merulinus","spblau1","Passeriformes","Leiothrichidae (Laughingthrushes and Allies)",NA,NA,NA,NA,"Diurnal","Diurnal","Invertebrate","No","No","No","Non-endemic","Forest","Resident",NA,NA,NA,"Spot-breasted Laughingthrush","Garrulax merulinus","Spot-breasted Laughingthrush","Garrulax merulinus","Least Concern","Schedule-II","","",NA,"Spot-breasted Laughingthrush","Garrulax merulinus","avibase-9D4891EC",1,4.54,1,0.128852079,1027,"","","",NA,NA,NA,NA,NA,NA,NA,NA,NA,NA,NA,NA,NA,NA,NA,NA,NA,NA,NA,NA,NA,NA,NA,NA,NA,NA,NA,NA,NA,NA,NA,NA,NA,NA,NA,NA,NA,NA,NA,NA,NA,NA,NA,NA,NA,NA,NA,NA,NA,NA
"Lesser Necklaced Laughingthrush","Garrulax monileger","lenlau1","Passeriformes","Leiothrichidae (Laughingthrushes and Allies)",NA,NA,NA,NA,"Diurnal","Diurnal","Omnivore","No","No","No","Non-endemic","Forest","Resident",NA,NA,NA,"Lesser Necklaced Laughingthrush","Garrulax monileger","Lesser Necklaced Laughingthrush","Garrulax monileger","Least Concern","Schedule-II","","",NA,"Lesser Necklaced Laughingthrush","Garrulax monileger","avibase-3651A4D5",1,3.86,2,0.073291697,1028,"","","",NA,NA,NA,NA,NA,NA,NA,NA,NA,NA,NA,NA,NA,NA,NA,NA,NA,NA,NA,NA,NA,NA,NA,NA,NA,NA,NA,NA,NA,NA,NA,NA,NA,NA,NA,NA,NA,NA,NA,NA,NA,NA,NA,NA,NA,"Moderate",NA,NA,NA,NA
"White-crested Laughingthrush","Garrulax leucolophus","whclau2","Passeriformes","Leiothrichidae (Laughingthrushes and Allies)",NA,NA,NA,NA,"Diurnal","Diurnal","Invertebrate","No","No","No","Non-endemic","Forest","Resident",NA,NA,NA,"White-crested Laughingthrush","Garrulax leucolophus","White-crested Laughingthrush","Garrulax leucolophus","Least Concern","Schedule-II","","",NA,"White-crested Laughingthrush","Garrulax leucolophus","avibase-6583F1BC",1,4.34,2,0.107623445,1029,"","","",NA,NA,NA,NA,NA,NA,NA,NA,NA,NA,NA,NA,NA,NA,NA,NA,NA,NA,NA,NA,NA,NA,NA,NA,NA,NA,NA,NA,NA,NA,NA,NA,NA,NA,NA,NA,NA,NA,NA,NA,NA,NA,NA,NA,NA,"Low",NA,NA,NA,NA
"Rufous-chinned Laughingthrush","Ianthocincla rufogularis","ruclau1","Passeriformes","Leiothrichidae (Laughingthrushes and Allies)",NA,NA,NA,NA,"Diurnal","Diurnal","Invertebrate","No","No","Yes","Himalayas","Forest","Resident",NA,NA,NA,"Rufous-chinned Laughingthrush","Ianthocincla rufogularis","Rufous-chinned Laughingthrush","Ianthocincla rufogularis","Least Concern","Schedule-II","","",NA,"Rufous-chinned Laughingthrush","Ianthocincla rufogularis","avibase-422037AA",1,4.06,5,0.545457077,1030,"","","",NA,NA,NA,NA,NA,NA,NA,NA,NA,NA,NA,NA,NA,NA,NA,NA,NA,NA,NA,NA,NA,NA,NA,NA,NA,NA,NA,NA,NA,NA,NA,NA,NA,NA,NA,NA,NA,NA,NA,NA,NA,NA,NA,NA,NA,"Low",NA,NA,NA,NA
"Moustached Laughingthrush","Ianthocincla cineracea","moulau1","Passeriformes","Leiothrichidae (Laughingthrushes and Allies)",NA,NA,NA,NA,"Diurnal","Diurnal","Invertebrate","No","No","No","Non-endemic","Forest","Resident",NA,NA,NA,"Moustached Laughingthrush","Ianthocincla cineracea","Western Moustached Laughingthrush","Ianthocincla cineracea","Least Concern","Schedule-I","","",NA,"Moustached Laughingthrush","Ianthocincla cineracea","avibase-01F5F4C6",1,4.01,1,0.233563021,1031,"","","",NA,NA,NA,NA,NA,NA,NA,NA,NA,NA,NA,NA,NA,NA,NA,NA,NA,NA,NA,NA,NA,NA,NA,NA,NA,NA,NA,NA,NA,NA,NA,NA,NA,NA,NA,NA,NA,NA,NA,NA,NA,NA,NA,NA,NA,NA,NA,NA,NA,NA
"Spotted Laughingthrush","Ianthocincla ocellata","spolau1","Passeriformes","Leiothrichidae (Laughingthrushes and Allies)",NA,NA,NA,NA,"Diurnal","Diurnal","Omnivore","No","No","Yes","Eastern Himalayas","Forest","Resident",NA,NA,NA,"Spotted Laughingthrush","Ianthocincla ocellata","Spotted Laughingthrush","Ianthocincla ocellata","Least Concern","Schedule-II","","",NA,"Spotted Laughingthrush","Ianthocincla ocellata","avibase-7A44AD5A",1,5.19,2,0.065817056,1032,"","","",NA,NA,NA,NA,NA,NA,NA,NA,NA,NA,NA,NA,NA,NA,NA,NA,NA,NA,NA,NA,NA,NA,NA,NA,NA,NA,NA,NA,NA,NA,NA,NA,NA,NA,NA,NA,NA,NA,NA,NA,NA,NA,NA,NA,NA,"Moderate",NA,NA,NA,NA
"Wayanad Laughingthrush","Pterorhinus delesserti","wynlau1","Passeriformes","Leiothrichidae (Laughingthrushes and Allies)",NA,NA,NA,NA,"Diurnal","Diurnal","Invertebrate","Yes","Yes","No","Western Ghats","Forest","Resident",NA,NA,NA,"Wayanad Laughingthrush","Pterorhinus delesserti","Wayanad Laughingthrush","Pterorhinus delesserti","Least Concern","Schedule-II","","",NA,"Wayanad Laughingthrush","Pterorhinus delesserti","avibase-96A465BE",1,4.53,1,1,1033,"","","X",14,0.571428571428571,0.303571428571429,0.571428571428571,13.7142857142857,4.32660463785492,NA,NA,NA,NA,NA,NA,NA,NA,NA,NA,NA,NA,NA,NA,NA,NA,NA,NA,NA,NA,NA,NA,NA,NA,NA,NA,NA,NA,NA,NA,NA,NA,NA,9732,9889,10046,"Insufficient Data","Insufficient Data",NA,"Moderate","Insufficient Data","Insufficient Data",NA,"Moderate"
"Rufous-vented Laughingthrush","Pterorhinus gularis","ruvlau1","Passeriformes","Leiothrichidae (Laughingthrushes and Allies)",NA,NA,NA,NA,"Diurnal","Diurnal","Invertebrate","No","No","Yes","Eastern Himalayas","Forest","Resident",NA,NA,NA,"Rufous-vented Laughingthrush","Pterorhinus gularis","Rufous-vented Laughingthrush","Pterorhinus gularis","Least Concern","Schedule-II","","",NA,"Rufous-vented Laughingthrush","Pterorhinus gularis","avibase-BBE951A5",1,4.46,1,0.503368256,1034,"","","",NA,NA,NA,NA,NA,NA,NA,NA,NA,NA,NA,NA,NA,NA,NA,NA,NA,NA,NA,NA,NA,NA,NA,NA,NA,NA,NA,NA,NA,NA,NA,NA,NA,NA,NA,NA,NA,NA,NA,NA,NA,NA,NA,NA,NA,"Moderate",NA,NA,NA,NA
"Yellow-throated Laughingthrush","Pterorhinus galbanus","yetlau1","Passeriformes","Leiothrichidae (Laughingthrushes and Allies)",NA,NA,NA,NA,"Diurnal","Diurnal","Invertebrate","No","No","Yes","Eastern Himalayas","Forest","Resident",NA,NA,NA,"Yellow-throated Laughingthrush","Pterorhinus galbanus","Yellow-throated Laughingthrush","Pterorhinus galbanus","Least Concern","Schedule-II","","",NA,"Yellow-throated Laughingthrush","Pterorhinus galbanus","avibase-8A04ACFE",1,3.93,1,0.708701269,1035,"","","",NA,NA,NA,NA,NA,NA,NA,NA,NA,NA,NA,NA,NA,NA,NA,NA,NA,NA,NA,NA,NA,NA,NA,NA,NA,NA,NA,NA,NA,NA,NA,NA,NA,NA,NA,NA,NA,NA,NA,NA,NA,NA,NA,NA,NA,"Moderate",NA,NA,NA,NA
"Rufous-necked Laughingthrush","Pterorhinus ruficollis","runlau1","Passeriformes","Leiothrichidae (Laughingthrushes and Allies)",NA,NA,NA,NA,"Diurnal","Diurnal","Invertebrate","No","No","No","Non-endemic","Grassland & Scrub","Resident",NA,NA,NA,"Rufous-necked Laughingthrush","Pterorhinus ruficollis","Rufous-necked Laughingthrush","Pterorhinus ruficollis","Least Concern","Schedule-II","","",NA,"Rufous-necked Laughingthrush","Pterorhinus ruficollis","avibase-0DBAC9AF",1,3.92,1,0.45342506,1036,"","","",NA,NA,NA,NA,NA,NA,NA,NA,NA,NA,NA,NA,NA,NA,NA,NA,NA,NA,NA,NA,NA,NA,NA,NA,NA,NA,NA,NA,NA,NA,NA,NA,NA,NA,NA,NA,NA,NA,NA,NA,NA,NA,NA,NA,NA,"Moderate",NA,NA,NA,NA
"Chestnut-backed Laughingthrush","Pterorhinus nuchalis","chblau1","Passeriformes","Leiothrichidae (Laughingthrushes and Allies)",NA,NA,NA,NA,"Diurnal","Diurnal","Invertebrate","No","No","Yes","Eastern Himalayas","Forest","Resident",NA,NA,NA,"Chestnut-backed Laughingthrush","Pterorhinus nuchalis","Chestnut-backed Laughingthrush","Pterorhinus nuchalis","Near Threatened","Schedule-I","","",NA,"Chestnut-backed Laughingthrush","Pterorhinus nuchalis","avibase-664E4CED",1,4.3,1,0.27485319,1037,"","","",NA,NA,NA,NA,NA,NA,NA,NA,NA,NA,NA,NA,NA,NA,NA,NA,NA,NA,NA,NA,NA,NA,NA,NA,NA,NA,NA,NA,NA,NA,NA,NA,NA,NA,NA,NA,NA,NA,NA,NA,NA,NA,NA,NA,NA,"High",NA,NA,NA,NA
"White-browed Laughingthrush","Pterorhinus sannio","whblau1","Passeriformes","Leiothrichidae (Laughingthrushes and Allies)",NA,NA,NA,NA,"Diurnal","Diurnal","Invertebrate","No","No","No","Non-endemic","Non-specialized","Resident",NA,NA,NA,"White-browed Laughingthrush","Pterorhinus sannio","White-browed Laughingthrush","Pterorhinus sannio","Least Concern","Schedule-II","","",NA,"White-browed Laughingthrush","Pterorhinus sannio","avibase-2A59B27F",1,3.95,1,0.013045218,1038,"","","",NA,NA,NA,NA,NA,NA,NA,NA,NA,NA,NA,NA,NA,NA,NA,NA,NA,NA,NA,NA,NA,NA,NA,NA,NA,NA,NA,NA,NA,NA,NA,NA,NA,NA,NA,NA,NA,NA,NA,NA,NA,NA,NA,NA,NA,NA,NA,NA,NA,NA
"Greater Necklaced Laughingthrush","Pterorhinus pectoralis","gnlthr","Passeriformes","Leiothrichidae (Laughingthrushes and Allies)",NA,NA,NA,NA,"Diurnal","Diurnal","Invertebrate","No","No","No","Non-endemic","Forest","Resident",NA,NA,NA,"Greater Necklaced Laughingthrush","Pterorhinus pectoralis","Greater Necklaced Laughingthrush","Pterorhinus pectoralis","Least Concern","Schedule-II","","",NA,"Greater Necklaced Laughingthrush","Pterorhinus pectoralis","avibase-75BA8D16",1,4.51,1,0.076530746,1039,"","","",NA,NA,NA,NA,NA,NA,NA,NA,NA,NA,NA,NA,NA,NA,NA,NA,NA,NA,NA,NA,NA,NA,NA,NA,NA,NA,NA,NA,NA,NA,NA,NA,NA,NA,NA,NA,NA,NA,NA,NA,NA,NA,NA,NA,NA,"Low",NA,NA,NA,NA
"Mount Victoria Babax","Pterorhinus woodi","chibub1","Passeriformes","Leiothrichidae (Laughingthrushes and Allies)",NA,NA,NA,NA,"Diurnal","Diurnal","Omnivore","No","No","Yes","Eastern Himalayas","Forest","Resident",NA,NA,NA,"Mount Victoria Babax","Pterorhinus woodi","Mount Victoria Babax","Pterorhinus woodi","Least Concern","Schedule-II","","",NA,"Mount Victoria Babax","Pterorhinus woodi","avibase-37F6EC60",1,3.49,1,0.240050287,1040,"","","",NA,NA,NA,NA,NA,NA,NA,NA,NA,NA,NA,NA,NA,NA,NA,NA,NA,NA,NA,NA,NA,NA,NA,NA,NA,NA,NA,NA,NA,NA,NA,NA,NA,NA,NA,NA,NA,NA,NA,NA,NA,NA,NA,NA,NA,"High",NA,NA,NA,NA
"White-throated Laughingthrush","Pterorhinus albogularis","whtlau1","Passeriformes","Leiothrichidae (Laughingthrushes and Allies)",NA,NA,NA,NA,"Diurnal","Diurnal","Invertebrate","No","No","No","Non-endemic","Forest","Resident & Altitudinal Migrant",NA,NA,NA,"White-throated Laughingthrush","Pterorhinus albogularis","White-throated Laughingthrush","Pterorhinus albogularis","Least Concern","Schedule-II","","",NA,"White-throated Laughingthrush","Pterorhinus albogularis","avibase-D5C979A6",1,4.5,2,0.181214863,1041,"","","",NA,NA,NA,NA,NA,NA,NA,NA,NA,NA,NA,NA,NA,NA,NA,NA,NA,NA,NA,NA,NA,NA,NA,NA,NA,NA,NA,NA,NA,NA,NA,NA,NA,NA,NA,NA,NA,NA,NA,NA,NA,NA,NA,NA,NA,"Low",NA,NA,NA,NA
"Gray-sided Laughingthrush","Pterorhinus caerulatus","gyslau","Passeriformes","Leiothrichidae (Laughingthrushes and Allies)",NA,NA,NA,NA,"Diurnal","Diurnal","Omnivore","No","No","Yes","Eastern Himalayas","Forest","Resident",NA,NA,NA,"Grey-sided Laughingthrush","Pterorhinus caerulatus","Grey-sided Laughingthrush","Pterorhinus caerulatus","Least Concern","Schedule-I","","",NA,"Grey-sided Laughingthrush","Pterorhinus caerulatus","avibase-DB7534FA",1,4.39,3,0.387990566,1042,"","","",NA,NA,NA,NA,NA,NA,NA,NA,NA,NA,NA,NA,NA,NA,NA,NA,NA,NA,NA,NA,NA,NA,NA,NA,NA,NA,NA,NA,NA,NA,NA,NA,NA,NA,NA,NA,NA,NA,NA,NA,NA,NA,NA,NA,NA,"Moderate",NA,NA,NA,NA
"Goldcrest","Regulus regulus","goldcr1","Passeriformes","Regulidae (Kinglets)",NA,NA,NA,NA,"Diurnal","Diurnal","Invertebrate","No","No","No","Non-endemic","Forest","Resident & Altitudinal Migrant",1,NA,NA,"Goldcrest","Regulus regulus","Goldcrest","Regulus regulus","Least Concern","Schedule-II","","Appendix II",NA,"Goldcrest","Regulus regulus","avibase-1C51C109",1,2.07,3,0.009697264,1043,"","","",NA,NA,NA,NA,NA,NA,NA,NA,NA,NA,NA,NA,NA,NA,NA,NA,NA,NA,NA,NA,NA,NA,NA,NA,NA,NA,NA,NA,NA,NA,NA,NA,NA,NA,NA,NA,NA,NA,NA,NA,NA,NA,NA,NA,NA,"Low",NA,NA,NA,NA
"Wallcreeper","Tichodroma muraria","wallcr1","Passeriformes","Tichodromidae (Wallcreeper)",NA,NA,NA,NA,"Diurnal","Diurnal","Invertebrate","No","No","No","Non-endemic","Open Habitat","Winter Migrant & Localized Summer Migrant",1,NA,NA,"Wallcreeper","Tichodroma muraria","Wallcreeper","Tichodroma muraria","Least Concern","Schedule-II","","",NA,"Wallcreeper","Tichodroma muraria","avibase-89C42590",1,2.78,1,0.093060278,1044,"","","",NA,NA,NA,NA,NA,NA,NA,NA,NA,NA,NA,NA,NA,NA,NA,NA,NA,NA,NA,NA,NA,NA,NA,NA,NA,NA,NA,NA,NA,NA,NA,NA,NA,NA,NA,NA,NA,NA,NA,NA,NA,NA,NA,NA,NA,"Moderate",NA,NA,NA,NA
"White-cheeked Nuthatch","Sitta leucopsis","whcnut1","Passeriformes","Sittidae (Nuthatches)",NA,NA,NA,NA,"Diurnal","Diurnal","Invertebrate","No","No","Yes","Western Himalayas","Forest","Resident",NA,NA,NA,"White-cheeked Nuthatch","Sitta leucopsis","White-cheeked Nuthatch","Sitta leucopsis","Least Concern","Schedule-II","","",NA,"White-cheeked Nuthatch","Sitta leucopsis","avibase-49E0ABDB",1,2.31,1,0.391062518,1045,"","","",NA,NA,NA,NA,NA,NA,NA,NA,NA,NA,NA,NA,NA,NA,NA,NA,NA,NA,NA,NA,NA,NA,NA,NA,NA,NA,NA,NA,NA,NA,NA,NA,NA,NA,NA,NA,NA,NA,NA,NA,NA,NA,NA,NA,NA,"Moderate",NA,NA,NA,NA
"Beautiful Nuthatch","Sitta formosa","beanut1","Passeriformes","Sittidae (Nuthatches)",NA,NA,NA,NA,"Diurnal","Diurnal","Invertebrate","No","No","No","Non-endemic","Forest","Resident",1,NA,NA,"Beautiful Nuthatch","Sitta formosa","Beautiful Nuthatch","Sitta formosa","Vulnerable","Schedule-I","","",NA,"Beautiful Nuthatch","Sitta formosa","avibase-9867D23D",1,2.61,1,0.231128211,1046,"","","",NA,NA,NA,NA,NA,NA,NA,NA,NA,NA,NA,NA,NA,NA,NA,NA,NA,NA,NA,NA,NA,NA,NA,NA,NA,NA,NA,NA,NA,NA,NA,NA,NA,NA,NA,NA,NA,NA,NA,NA,NA,NA,NA,NA,NA,"High",NA,NA,NA,NA
"Velvet-fronted Nuthatch","Sitta frontalis","vefnut1","Passeriformes","Sittidae (Nuthatches)",NA,NA,NA,NA,"Diurnal","Diurnal","Invertebrate","No","No","No","Non-endemic","Forest & Plantation","Resident",1,NA,NA,"Velvet-fronted Nuthatch","Sitta frontalis","Velvet-fronted Nuthatch","Sitta frontalis","Least Concern","Schedule-II","","",NA,"Velvet-fronted Nuthatch","Sitta frontalis","avibase-7A91853C",1,3.04,1,0.270643054,1047,"","X","X",49,0.285714285714286,0.548469387755102,0.653061224489796,15.7142857142857,2.00286461516166,111.448686096388,132.320553008134,156.820437647435,110.064466730633,133.605222721198,161.839179418086,108.611612461163,134.965691420976,167.289528455047,107.262455001954,136.266567517736,173.10130875128,105.808909616658,137.413309290141,179.148439058347,104.331525128748,138.781866814928,185.459613699014,102.90071510448,140.142378297188,191.645876175771,101.401658510384,141.581360152262,198.27908307374,NA,NA,NA,NA,NA,NA,-2.24247627068629,1.04602031502501,4.33451690073631,32879,32929,32979,"Insufficient Data","Trend Inconclusive",NA,"Moderate","Insufficient Data","Trend Inconclusive",NA,"Low"
"Yunnan Nuthatch","Sitta yunnanensis","yunnut1","Passeriformes","Sittidae (Nuthatches)",NA,NA,NA,NA,"Diurnal","Diurnal","Invertebrate","No","No","No","Non-endemic","Forest","Resident",NA,NA,NA,"Yunnan Nuthatch","Sitta yunnanensis","Yunnan Nuthatch","Sitta yunnanensis","Least Concern","Schedule-II","","",NA,"Yunnan Nuthatch","Sitta yunnanensis","avibase-103FF2D9",1,2.28,1,0.003990365,1048,"","","",NA,NA,NA,NA,NA,NA,NA,NA,NA,NA,NA,NA,NA,NA,NA,NA,NA,NA,NA,NA,NA,NA,NA,NA,NA,NA,NA,NA,NA,NA,NA,NA,NA,NA,NA,NA,NA,NA,NA,NA,NA,NA,NA,NA,NA,NA,NA,NA,NA,NA
"White-tailed Nuthatch","Sitta himalayensis","whtnut1","Passeriformes","Sittidae (Nuthatches)",NA,NA,NA,NA,"Diurnal","Diurnal","Invertebrate","No","No","Yes","Himalayas","Forest","Resident",NA,NA,NA,"White-tailed Nuthatch","Sitta himalayensis","White-tailed Nuthatch","Sitta himalayensis","Least Concern","Schedule-II","","",NA,"White-tailed Nuthatch","Sitta himalayensis","avibase-26FFF238",1,2.56,1,0.399848422,1049,"","","",NA,NA,NA,NA,NA,NA,NA,NA,NA,NA,NA,NA,NA,NA,NA,NA,NA,NA,NA,NA,NA,NA,NA,NA,NA,NA,NA,NA,NA,NA,NA,NA,NA,NA,NA,NA,NA,NA,NA,NA,NA,NA,NA,NA,NA,"Moderate",NA,NA,NA,NA
"Indian Nuthatch","Sitta castanea","chbnut2","Passeriformes","Sittidae (Nuthatches)",NA,NA,NA,NA,"Diurnal","Diurnal","Invertebrate","No","Yes","No","Indian Subcontinent","Forest & Plantation","Resident",NA,NA,NA,"Indian Nuthatch","Sitta castanea","Indian Nuthatch","Sitta castanea","Least Concern","Schedule-II","","",NA,"Indian Nuthatch","Sitta castanea","avibase-434FA927",1,2.98,1,0.985776889,1050,"X","X","X",12,0.166666666666667,0.364583333333333,0.5,17.8333333333333,4.04304365796389,84.7485703282892,111.388318923928,147.118477665286,82.4482752643362,112.439731281752,153.594485962444,80.2589277573382,113.472851237215,160.680959550444,77.8909112991377,114.450614177673,168.447561252426,75.7137198249127,115.38028046493,176.475722890889,73.2623910214071,116.424327670303,184.969104212891,70.9336225793607,117.315102577249,194.062290481614,68.7014892928778,118.24879591609,204.422714327818,NA,NA,NA,-87.8582775246693,-63.2645388493699,93574498.8444081,-5977648.85127705,0.16677238409873,5977649.18482181,10695,10751,10807,"Trend Inconclusive","Trend Inconclusive",NA,"Moderate","Trend Inconclusive","Trend Inconclusive",NA,"Low"
"Chestnut-bellied Nuthatch","Sitta cinnamoventris","chbnut3","Passeriformes","Sittidae (Nuthatches)",NA,NA,NA,NA,"Diurnal","Diurnal","Invertebrate","No","No","No","Non-endemic","Forest","Resident",NA,NA,NA,"Chestnut-bellied Nuthatch","Sitta cinnamoventris","Chestnut-bellied Nuthatch","Sitta cinnamoventris","Least Concern","Schedule-II","","",NA,"Chestnut-bellied Nuthatch","Sitta cinnamoventris","avibase-DB238042",1,2.85,3,0.298510045,1051,"","","",NA,NA,NA,NA,NA,NA,NA,NA,NA,NA,NA,NA,NA,NA,NA,NA,NA,NA,NA,NA,NA,NA,NA,NA,NA,NA,NA,NA,NA,NA,NA,NA,NA,NA,NA,NA,NA,NA,NA,NA,NA,NA,NA,NA,NA,"Low",NA,NA,NA,NA
"Chestnut-vented Nuthatch","Sitta nagaensis","chvnut1","Passeriformes","Sittidae (Nuthatches)",NA,NA,NA,NA,"Diurnal","Diurnal","Invertebrate","No","No","No","Non-endemic","Forest","Resident",NA,NA,NA,"Chestnut-vented Nuthatch","Sitta nagaensis","Chestnut-vented Nuthatch","Sitta nagaensis","Least Concern","Schedule-II","","",NA,"Chestnut-vented Nuthatch","Sitta nagaensis","avibase-12968248",1,3.13,2,0.049053906,1052,"","","",NA,NA,NA,NA,NA,NA,NA,NA,NA,NA,NA,NA,NA,NA,NA,NA,NA,NA,NA,NA,NA,NA,NA,NA,NA,NA,NA,NA,NA,NA,NA,NA,NA,NA,NA,NA,NA,NA,NA,NA,NA,NA,NA,NA,NA,NA,NA,NA,NA,NA
"Kashmir Nuthatch","Sitta cashmirensis","kasnut1","Passeriformes","Sittidae (Nuthatches)",NA,NA,NA,NA,"Diurnal","Diurnal","Invertebrate","No","No","Yes","Western Himalayas","Forest & Plantation","Resident",NA,NA,NA,"Kashmir Nuthatch","Sitta cashmirensis","Kashmir Nuthatch","Sitta cashmirensis","Least Concern","Schedule-II","","",NA,"Kashmir Nuthatch","Sitta cashmirensis","avibase-C7F955AB",1,2.64,1,0.165160801,1053,"","","",NA,NA,NA,NA,NA,NA,NA,NA,NA,NA,NA,NA,NA,NA,NA,NA,NA,NA,NA,NA,NA,NA,NA,NA,NA,NA,NA,NA,NA,NA,NA,NA,NA,NA,NA,NA,NA,NA,NA,NA,NA,NA,NA,NA,NA,"Moderate",NA,NA,NA,NA
"Indian Spotted Creeper","Salpornis spilonota","spocre3","Passeriformes","Salpornithidae (Spotted Creepers)",NA,NA,NA,NA,"Diurnal","Diurnal","Invertebrate","Yes","Yes","No","Central India","Forest & Plantation","Resident",NA,NA,NA,"Indian Spotted Creeper","Salpornis spilonota","Indian Spotted Creeper","Salpornis spilonota","Least Concern","Schedule-II","","",NA,"Indian Spotted Creeper","Salpornis spilonota","avibase-0B9E1A38",1,3.02,2,1,1054,"","","",NA,NA,NA,NA,NA,NA,NA,NA,NA,NA,NA,NA,NA,NA,NA,NA,NA,NA,NA,NA,NA,NA,NA,NA,NA,NA,NA,NA,NA,NA,NA,NA,NA,NA,NA,NA,NA,NA,NA,NA,NA,NA,NA,NA,NA,"Moderate",NA,NA,NA,NA
"Hodgson's Treecreeper","Certhia hodgsoni","eurtre3","Passeriformes","Certhiidae (Treecreepers)",NA,NA,NA,NA,"Diurnal","Diurnal","Invertebrate","No","No","No","Non-endemic","Forest","Resident",1,NA,NA,"Hodgson's Treecreeper","Certhia hodgsoni","Hodgson's Treecreeper","Certhia hodgsoni","Least Concern","Schedule-II","","",NA,"Hodgson's Treecreeper","Certhia hodgsoni","avibase-42A2C710",1,2.14,3,0.220551419,1055,"","","",NA,NA,NA,NA,NA,NA,NA,NA,NA,NA,NA,NA,NA,NA,NA,NA,NA,NA,NA,NA,NA,NA,NA,NA,NA,NA,NA,NA,NA,NA,NA,NA,NA,NA,NA,NA,NA,NA,NA,NA,NA,NA,NA,NA,NA,"Low",NA,NA,NA,NA
"Bar-tailed Treecreeper","Certhia himalayana","battre1","Passeriformes","Certhiidae (Treecreepers)",NA,NA,NA,NA,"Diurnal","Diurnal","Invertebrate","No","No","No","Non-endemic","Forest & Plantation","Resident",NA,NA,NA,"Bar-tailed Treecreeper","Certhia himalayana","Bar-tailed Treecreeper","Certhia himalayana","Least Concern","Schedule-II","","",NA,"Bar-tailed Treecreeper","Certhia himalayana","avibase-C1423023",1,2.27,2,0.169478917,1056,"","","",NA,NA,NA,NA,NA,NA,NA,NA,NA,NA,NA,NA,NA,NA,NA,NA,NA,NA,NA,NA,NA,NA,NA,NA,NA,NA,NA,NA,NA,NA,NA,NA,NA,NA,NA,NA,NA,NA,NA,NA,NA,NA,NA,NA,NA,"Moderate",NA,NA,NA,NA
"Rusty-flanked Treecreeper","Certhia nipalensis","ruftre4","Passeriformes","Certhiidae (Treecreepers)",NA,NA,NA,NA,"Diurnal","Diurnal","Invertebrate","No","No","Yes","Himalayas","Forest","Resident",NA,NA,NA,"Rusty-flanked Treecreeper","Certhia nipalensis","Rusty-flanked Treecreeper","Certhia nipalensis","Least Concern","Schedule-II","","",NA,"Rusty-flanked Treecreeper","Certhia nipalensis","avibase-C7320C9E",1,2.37,1,0.34301068,1057,"","","",NA,NA,NA,NA,NA,NA,NA,NA,NA,NA,NA,NA,NA,NA,NA,NA,NA,NA,NA,NA,NA,NA,NA,NA,NA,NA,NA,NA,NA,NA,NA,NA,NA,NA,NA,NA,NA,NA,NA,NA,NA,NA,NA,NA,NA,"Moderate",NA,NA,NA,NA
"Sikkim Treecreeper","Certhia discolor","bnttre1","Passeriformes","Certhiidae (Treecreepers)",NA,NA,NA,NA,"Diurnal","Diurnal","Invertebrate","No","No","Yes","Himalayas","Forest","Resident",NA,NA,NA,"Sikkim Treecreeper","Certhia discolor","Sikkim Treecreeper","Certhia discolor","Least Concern","Schedule-II","","",NA,"Sikkim Treecreeper","Certhia discolor","avibase-B0B998E2",1,2.45,1,0.423390407,1058,"","","",NA,NA,NA,NA,NA,NA,NA,NA,NA,NA,NA,NA,NA,NA,NA,NA,NA,NA,NA,NA,NA,NA,NA,NA,NA,NA,NA,NA,NA,NA,NA,NA,NA,NA,NA,NA,NA,NA,NA,NA,NA,NA,NA,NA,NA,"Moderate",NA,NA,NA,NA
"Hume's Treecreeper","Certhia manipurensis","bnttre2","Passeriformes","Certhiidae (Treecreepers)",NA,NA,NA,NA,"Diurnal","Diurnal","Invertebrate","No","No","No","Non-endemic","Forest","Resident",NA,NA,NA,"Hume's Treecreeper","Certhia manipurensis","Manipur Treecreeper","Certhia manipurensis","Least Concern","Schedule-II","","",NA,"Hume's Treecreeper","Certhia manipurensis","avibase-313F4D74",1,2.31,1,0.269092348,1059,"","","",NA,NA,NA,NA,NA,NA,NA,NA,NA,NA,NA,NA,NA,NA,NA,NA,NA,NA,NA,NA,NA,NA,NA,NA,NA,NA,NA,NA,NA,NA,NA,NA,NA,NA,NA,NA,NA,NA,NA,NA,NA,NA,NA,NA,NA,NA,NA,NA,NA,NA
"Eurasian Wren","Troglodytes troglodytes","winwre4","Passeriformes","Troglodytidae (Wrens)",NA,NA,NA,NA,"Diurnal","Diurnal","Invertebrate","No","No","No","Non-endemic","Non-specialized","Resident & Altitudinal Migrant",NA,NA,NA,"Eurasian Wren","Troglodytes troglodytes","Northern Wren","Troglodytes troglodytes","Least Concern","Schedule-II","","",NA,"Eurasian Wren","Troglodytes troglodytes","avibase-AF700208",1,2.11,2,0.009410455,1060,"","","",NA,NA,NA,NA,NA,NA,NA,NA,NA,NA,NA,NA,NA,NA,NA,NA,NA,NA,NA,NA,NA,NA,NA,NA,NA,NA,NA,NA,NA,NA,NA,NA,NA,NA,NA,NA,NA,NA,NA,NA,NA,NA,NA,NA,NA,"Low",NA,NA,NA,NA
"Spotted Elachura","Elachura formosa","spwbab1","Passeriformes","Elachuridae (Spotted Elachura)",NA,NA,NA,NA,"Diurnal","Diurnal","Invertebrate","No","No","No","Non-endemic","Forest","Resident",1,NA,NA,"Spotted Elachura","Elachura formosa","Spotted Elachura","Elachura formosa","Least Concern","Schedule-II","","",NA,"Spotted Elachura","Elachura formosa","avibase-2721665B",1,2.17,1,0.225560278,1061,"","","",NA,NA,NA,NA,NA,NA,NA,NA,NA,NA,NA,NA,NA,NA,NA,NA,NA,NA,NA,NA,NA,NA,NA,NA,NA,NA,NA,NA,NA,NA,NA,NA,NA,NA,NA,NA,NA,NA,NA,NA,NA,NA,NA,NA,NA,"Low",NA,NA,NA,NA
"White-throated Dipper","Cinclus cinclus","whtdip1","Passeriformes","Cinclidae (Dippers)",NA,NA,NA,NA,"Diurnal","Diurnal","Invertebrate","No","No","No","Non-endemic","Non-specialized","Resident & Altitudinal Migrant",1,NA,NA,"White-throated Dipper","Cinclus cinclus","White-throated Dipper","Cinclus cinclus","Least Concern","Schedule-II","","",NA,"White-throated Dipper","Cinclus cinclus","avibase-FDECE3B9",1,2.7,3,0.020631249,1062,"","","",NA,NA,NA,NA,NA,NA,NA,NA,NA,NA,NA,NA,NA,NA,NA,NA,NA,NA,NA,NA,NA,NA,NA,NA,NA,NA,NA,NA,NA,NA,NA,NA,NA,NA,NA,NA,NA,NA,NA,NA,NA,NA,NA,NA,NA,"Low",NA,NA,NA,NA
"Brown Dipper","Cinclus pallasii","brodip1","Passeriformes","Cinclidae (Dippers)",NA,NA,NA,NA,"Diurnal","Diurnal","Invertebrate","No","No","No","Non-endemic","Wetland","Resident & Altitudinal Migrant",NA,NA,NA,"Brown Dipper","Cinclus pallasii","Brown Dipper","Cinclus pallasii","Least Concern","Schedule-II","","",NA,"Brown Dipper","Cinclus pallasii","avibase-4E5EB987",1,3.12,2,0.034703557,1063,"","","",NA,NA,NA,NA,NA,NA,NA,NA,NA,NA,NA,NA,NA,NA,NA,NA,NA,NA,NA,NA,NA,NA,NA,NA,NA,NA,NA,NA,NA,NA,NA,NA,NA,NA,NA,NA,NA,NA,NA,NA,NA,NA,NA,NA,NA,"High",NA,NA,NA,NA
"Asian Glossy Starling","Aplonis panayensis","asgsta1","Passeriformes","Sturnidae (Starlings)",NA,NA,NA,NA,"Diurnal","Diurnal","Fruit & Nect","No","No","No","Non-endemic","Non-specialized","Resident & Localized Summer Migrant",1,NA,1,"Asian Glossy Starling","Aplonis panayensis","Asian Glossy Starling","Aplonis panayensis","Least Concern","Schedule-II","","",NA,"Asian Glossy Starling","Aplonis panayensis","avibase-2A15DF76",1,3.88,3,0.009850157,1064,"","","",NA,NA,NA,NA,NA,NA,NA,NA,NA,NA,NA,NA,NA,NA,NA,NA,NA,NA,NA,NA,NA,NA,NA,NA,NA,NA,NA,NA,NA,NA,NA,NA,NA,NA,NA,NA,NA,NA,NA,NA,NA,NA,NA,NA,NA,"Moderate",NA,NA,NA,NA
"Golden-crested Myna","Ampeliceps coronatus","gocmyn1","Passeriformes","Sturnidae (Starlings)",NA,NA,NA,NA,"Diurnal","Diurnal","Fruit & Nect","No","No","No","Non-endemic","Forest","Resident & Local Migrant",NA,NA,NA,"Golden-crested Myna","Ampeliceps coronatus","Golden-crested Myna","Ampeliceps coronatus","Least Concern","Schedule-II","","",NA,"Golden-crested Myna","Ampeliceps coronatus","avibase-79264228",1,4.02,1,0.003208709,1065,"","","",NA,NA,NA,NA,NA,NA,NA,NA,NA,NA,NA,NA,NA,NA,NA,NA,NA,NA,NA,NA,NA,NA,NA,NA,NA,NA,NA,NA,NA,NA,NA,NA,NA,NA,NA,NA,NA,NA,NA,NA,NA,NA,NA,NA,NA,NA,NA,NA,NA,NA
"Common Hill Myna","Gracula religiosa","hilmyn","Passeriformes","Sturnidae (Starlings)",NA,NA,NA,NA,"Diurnal","Diurnal","Fruit & Nect","No","No","No","Non-endemic","Forest & Plantation","Resident",NA,NA,NA,"Common Hill Myna","Gracula religiosa","Common Hill Myna","Gracula religiosa","Least Concern","Schedule-I","Appendix II","",NA,"Common Hill Myna","Gracula religiosa","avibase-B2741AD0",1,6.15,3,0.126116582,1066,"","","",NA,NA,NA,NA,NA,NA,NA,NA,NA,NA,NA,NA,NA,NA,NA,NA,NA,NA,NA,NA,NA,NA,NA,NA,NA,NA,NA,NA,NA,NA,NA,NA,NA,NA,NA,NA,NA,NA,NA,NA,NA,NA,NA,NA,NA,"Low",NA,NA,NA,NA
"Southern Hill Myna","Gracula indica","sohmyn1","Passeriformes","Sturnidae (Starlings)",NA,NA,NA,NA,"Diurnal","Diurnal","Fruit & Nect","No","Yes","No","Western Ghats & Sri Lanka","Forest & Plantation","Resident & Local Migrant",NA,NA,NA,"Southern Hill Myna","Gracula indica","Southern Hill Myna","Gracula indica","Least Concern","Schedule-I","","",NA,"Southern Hill Myna","Gracula indica","avibase-1A713EA2",1,6.05,1,0.759268701,1067,"","","X",42,0.285714285714286,0.580357142857143,0.642857142857143,15.8333333333333,2.15196765069731,NA,NA,NA,NA,NA,NA,NA,NA,NA,NA,NA,NA,NA,NA,NA,NA,NA,NA,NA,NA,NA,NA,NA,NA,NA,NA,NA,NA,NA,NA,NA,NA,NA,21572,21608,21644,"Insufficient Data","Insufficient Data",NA,"Low","Insufficient Data","Insufficient Data",NA,"Moderate"
"European Starling","Sturnus vulgaris","eursta","Passeriformes","Sturnidae (Starlings)",NA,NA,NA,NA,"Diurnal","Diurnal","Omnivore","No","No","No","Non-endemic","Non-specialized","Winter Migrant & Localized Summer Migrant",NA,NA,NA,"Common Starling","Sturnus vulgaris","Common Starling","Sturnus vulgaris","Least Concern","Schedule-II","","",NA,"Common Starling","Sturnus vulgaris","avibase-94A44032",1,5.3,5,0.032793779,1068,"","","",NA,NA,NA,NA,NA,NA,NA,NA,NA,NA,NA,NA,NA,NA,NA,NA,NA,NA,NA,NA,NA,NA,NA,NA,NA,NA,NA,NA,NA,NA,NA,NA,NA,NA,NA,NA,NA,NA,NA,NA,NA,NA,NA,NA,NA,"High",NA,NA,NA,NA
"Rosy Starling","Pastor roseus","rossta2","Passeriformes","Sturnidae (Starlings)",NA,NA,NA,NA,"Diurnal","Diurnal","Invertebrate","No","No","No","Non-endemic","Non-specialized","Winter Migrant",1,NA,NA,"Rosy Starling","Pastor roseus","Rosy Starling","Pastor roseus","Least Concern","Schedule-II","","",NA,"Rosy Starling","Pastor roseus","avibase-24208346",1,3.47,1,0.204455945,1069,"","X","X",197,0.0050761421319797,0.4251269035533,0.619289340101523,16.010152284264,0.796593005491674,28.2070223858879,66.5144597821075,156.572156397471,24.1803170154192,63.9520515803433,168.532953306008,20.6708047465845,61.5026565882284,182.155738663046,17.6499066569014,59.0944039135439,197.277382110649,15.0548225437486,56.7819612817197,213.928283856342,12.8200151343079,54.6036570657021,232.139668629087,10.900425435121,52.4581614165335,252.323385921457,9.26441461005153,50.3911752216636,274.149847484393,NA,NA,NA,NA,NA,NA,-17.0341389979207,-4.9761180827542,7.08190283241233,130395,130436,130477,"Insufficient Data","Trend Inconclusive",NA,"Low","Insufficient Data","Rapid Decline",NA,"Moderate"
"Daurian Starling","Agropsar sturninus","dausta1","Passeriformes","Sturnidae (Starlings)",NA,NA,NA,NA,"Diurnal","Diurnal","Invertebrate","No","No","No","Non-endemic","Forest & Plantation","Winter Migrant",NA,NA,NA,"Daurian Starling","Agropsar sturninus","Purple-backed Starling","Agropsar sturninus","Least Concern","Schedule-II","","",NA,"Daurian Starling","Agropsar sturninus","avibase-2FC5C397",1,3.43,1,NA,1070,"","","",NA,NA,NA,NA,NA,NA,NA,NA,NA,NA,NA,NA,NA,NA,NA,NA,NA,NA,NA,NA,NA,NA,NA,NA,NA,NA,NA,NA,NA,NA,NA,NA,NA,NA,NA,NA,NA,NA,NA,NA,NA,NA,NA,NA,NA,NA,NA,NA,NA,NA
"Chestnut-cheeked Starling","Agropsar philippensis","chcsta1","Passeriformes","Sturnidae (Starlings)",NA,NA,NA,NA,"Diurnal","Diurnal","Fruit & Nect","No","No","No","Non-endemic","Non-specialized","Uncertain",NA,1,NA,"Chestnut-cheeked Starling","Agropsar philippensis","Chestnut-cheeked Starling","Agropsar philippensis","Least Concern","Schedule-II","","",NA,"Chestnut-cheeked Starling","Agropsar philippensis","avibase-FDA38B76",NA,3.04,1,NA,1071,"","","",NA,NA,NA,NA,NA,NA,NA,NA,NA,NA,NA,NA,NA,NA,NA,NA,NA,NA,NA,NA,NA,NA,NA,NA,NA,NA,NA,NA,NA,NA,NA,NA,NA,NA,NA,NA,NA,NA,NA,NA,NA,NA,NA,NA,NA,NA,NA,NA,NA,NA
"Indian Pied Starling","Gracupica contra","aspsta2","Passeriformes","Sturnidae (Starlings)",NA,NA,NA,NA,"Diurnal","Diurnal","Omnivore","No","No","No","Non-endemic","Non-specialized","Resident",1,NA,NA,"Indian Pied Starling","Gracupica contra","Indian Pied Starling","Gracupica contra","Least Concern","Schedule-II","","",NA,"Indian Pied Myna","Gracupica contra","avibase-4913F838",1,3.76,3,0.752054528,1072,"","X","X",20,NA,0.4,0.65,16.6,2.669298981499,1390.42614353397,3362.48810155761,8091.93588360703,1600.74534367024,4362.6858625113,11784.6556307161,1843.08638462043,5659.26298132835,17030.8016547362,2121.14876167253,7353.53895488455,24969.2303420372,2445.53220988166,9588.46704712982,36931.2357551486,2800.13746061594,12390.1944769993,54139.359368913,3200.05936444647,16036.8567964683,79815.1685870808,3649.26060569586,20764.6021232373,117628.17279272,NA,NA,NA,NA,NA,NA,-28883785.568068,139.72256032099,28884065.0131887,14457,14493,14529,"Insufficient Data","Trend Inconclusive",NA,"Low","Insufficient Data","Trend Inconclusive",NA,"Low"
"White-shouldered Starling","Sturnia sinensis","whssta2","Passeriformes","Sturnidae (Starlings)",NA,NA,NA,NA,"Diurnal","Diurnal","Omnivore","No","No","No","Non-endemic","Non-specialized","Uncertain",NA,1,NA,"White-shouldered Starling","Sturnia sinensis","White-shouldered Starling","Sturnia sinensis","Least Concern","Recent addition","","",NA,"White-shouldered Starling","Sturnia sinensis","avibase-ED5CDA85",NA,3.71,1,NA,1073,"","","",NA,NA,NA,NA,NA,NA,NA,NA,NA,NA,NA,NA,NA,NA,NA,NA,NA,NA,NA,NA,NA,NA,NA,NA,NA,NA,NA,NA,NA,NA,NA,NA,NA,NA,NA,NA,NA,NA,NA,NA,NA,NA,NA,NA,NA,NA,NA,NA,NA,NA
"Brahminy Starling","Sturnia pagodarum","brasta1","Passeriformes","Sturnidae (Starlings)",NA,NA,NA,NA,"Diurnal","Diurnal","Omnivore","No","No","No","Non-endemic","Non-specialized","Resident",NA,NA,NA,"Brahminy Starling","Sturnia pagodarum","Brahminy Starling","Sturnia pagodarum","Least Concern","Schedule-II","","",NA,"Brahminy Starling","Sturnia pagodarum","avibase-E44DFDFA",1,3.53,1,0.803591763,1074,"","X","X",224,0.120535714285714,0.591517857142857,0.763392857142857,15.46875,0.745043257050677,62.6854650453521,79.6310869319595,100.953824889504,58.4964251102936,76.5992736088082,100.273775215525,54.5103198122548,73.7294437902123,99.6623465396063,50.7943912813053,70.9662372047677,99.1273581146346,47.2711647484552,68.3177264135858,98.6016043596904,43.9898553546106,65.7337581333322,98.1309463946468,40.9392669517521,63.2603416117049,97.712742181109,38.0861563135253,60.8728918675203,97.3709726366107,NA,NA,NA,NA,NA,NA,-7.25837355822899,-3.49905893452824,0.260255689172508,135726,135745,135764,"Insufficient Data","Trend Inconclusive",NA,"Moderate","Insufficient Data","Trend Inconclusive",NA,"Low"
"Chestnut-tailed Starling","Sturnia malabarica","chtsta2","Passeriformes","Sturnidae (Starlings)",NA,NA,NA,NA,"Diurnal","Diurnal","Omnivore","No","No","No","Non-endemic","Forest & Plantation","Resident & Within-India Migrant",NA,NA,NA,"Chestnut-tailed Starling","Sturnia malabarica","Chestnut-tailed Starling","Sturnia malabarica","Least Concern","Schedule-II","","",NA,"Not at species rank","Sturnia malabarica malabarica","avibase-52CE07EE",1,3.37,2,0.471746897,1075,"","X","X",118,0.0847457627118644,0.348516949152542,0.440677966101695,17.1610169491525,1.0649667880416,25.4305307829001,32.7074903354297,41.9002351823004,22.6706674262955,30.1261798822835,39.9337213346545,20.1389367334334,27.6969570715585,37.9922189051794,17.9069577752982,25.501854146997,36.2672412263682,15.918353284631,23.4297003288336,34.5560147688525,14.1450048902545,21.5566372284533,33.0005463967788,12.560046210301,19.8490551400797,31.445336456653,11.1615087947335,18.2696527909328,30.0058119586986,NA,NA,NA,NA,NA,NA,-7.75874299875282,-5.23846774005204,-2.71819248135125,53518,53518,53518,"Insufficient Data","Decline",NA,"Low","Insufficient Data","Trend Inconclusive",NA,"Low"
"Malabar Starling","Sturnia blythii","malsta1","Passeriformes","Sturnidae (Starlings)",NA,NA,NA,NA,"Diurnal","Diurnal","Omnivore","Yes","Yes","No","Western Ghats","Forest & Plantation","Resident",NA,NA,NA,"Malabar Starling","Sturnia blythii","Not at species rank","Sturnia malabarica blythii","Not recognized","Schedule-II","","",NA,"Not at species rank","Sturnia malabarica blythii","avibase-1D3605F2",1,3.37,1,1,1076,"X","X","X",28,0.142857142857143,0.388392857142857,0.535714285714286,15.0357142857143,2.92263389580168,315.989194331946,453.671130650383,655.70776179912,349.796425318544,526.609331059955,800.112211877057,385.281026694752,610.803051752276,977.344780385886,424.946434372638,708.902745755679,1193.39216543342,468.575503034485,823.337884058529,1462.02847243981,517.489032058552,956.24580121168,1786.90448615281,570.645372887361,1111.57166179323,2183.00366792908,630.172894198674,1291.41437990886,2674.26804195104,NA,NA,NA,11.755966840329,130.010835323544,652.844832901016,-1869803.03080179,19.172982963767,1869841.37676772,18402,18402,18402,"Trend Inconclusive","Trend Inconclusive",NA,"Low","Insufficient Data","Trend Inconclusive",NA,"Low"
"White-headed Starling","Sturnia erythropygia","whhsta2","Passeriformes","Sturnidae (Starlings)",NA,NA,NA,NA,"Diurnal","Diurnal","Fruit & Nect","Yes","Yes","No","Andaman and Nicobar Islands","Non-specialized","Resident",NA,NA,1,"White-headed Starling","Sturnia erythropygia","White-headed Starling","Sturnia erythropygia","Least Concern","Schedule-II","","",NA,"White-headed Starling","Sturnia erythropygia","avibase-8A195598",1,3.98,3,1,1077,"","","",NA,NA,NA,NA,NA,NA,NA,NA,NA,NA,NA,NA,NA,NA,NA,NA,NA,NA,NA,NA,NA,NA,NA,NA,NA,NA,NA,NA,NA,NA,NA,NA,NA,NA,NA,NA,NA,NA,NA,NA,NA,NA,NA,NA,NA,"High",NA,NA,NA,NA
"Red-billed Starling","Spodiopsar sericeus","rebsta1","Passeriformes","Sturnidae (Starlings)",NA,NA,NA,NA,"Diurnal","Diurnal","Omnivore","No","No","No","Non-endemic","Non-specialized","Uncertain",NA,1,NA,"Red-billed Starling","Spodiopsar sericeus","Red-billed Starling","Spodiopsar sericeus","Least Concern","Schedule-II","","",NA,"Red-billed Starling","Spodiopsar sericeus","avibase-8E1A6EB9",NA,4.06,1,NA,1078,"","","",NA,NA,NA,NA,NA,NA,NA,NA,NA,NA,NA,NA,NA,NA,NA,NA,NA,NA,NA,NA,NA,NA,NA,NA,NA,NA,NA,NA,NA,NA,NA,NA,NA,NA,NA,NA,NA,NA,NA,NA,NA,NA,NA,NA,NA,NA,NA,NA,NA,NA
"White-cheeked Starling","Spodiopsar cineraceus","whcsta1","Passeriformes","Sturnidae (Starlings)",NA,NA,NA,NA,"Diurnal","Diurnal","Omnivore","No","No","No","Non-endemic","Non-specialized","Resident",NA,1,NA,"White-cheeked Starling","Spodiopsar cineraceus","White-cheeked Starling","Spodiopsar cineraceus","Least Concern","Schedule-II","","",NA,"White-cheeked Starling","Spodiopsar cineraceus","avibase-632ACC15",NA,4.13,1,NA,1079,"","","",NA,NA,NA,NA,NA,NA,NA,NA,NA,NA,NA,NA,NA,NA,NA,NA,NA,NA,NA,NA,NA,NA,NA,NA,NA,NA,NA,NA,NA,NA,NA,NA,NA,NA,NA,NA,NA,NA,NA,NA,NA,NA,NA,NA,NA,NA,NA,NA,NA,NA
"Common Myna","Acridotheres tristis","commyn","Passeriformes","Sturnidae (Starlings)",NA,NA,NA,NA,"Diurnal","Diurnal","Omnivore","No","No","No","Non-endemic","Non-specialized","Resident",NA,NA,NA,"Common Myna","Acridotheres tristis","Common Myna","Acridotheres tristis","Least Concern","Schedule-II","","",NA,"Common Myna","Acridotheres tristis","avibase-F23A2F38",1,2.99,1,0.356129809,1080,"X","X","X",256,0.16796875,0.837890625,0.93359375,14.48828125,0.780357252114404,83.6975607532513,89.7796109035354,96.2534356049253,82.3682952353584,89.1813280361581,96.5088124580551,81.0684812361383,88.5966032623873,96.7740543513531,79.7387817044616,88.0119526930851,97.0634034101798,78.4214197111199,87.4127864532906,97.3782026471324,77.1245133608309,86.817790287118,97.6976782034894,75.8411138697397,86.2536106181826,98.0206166827479,74.5836782019699,85.678763496463,98.3511234608378,NA,NA,NA,108.779768199736,131.599679119725,157.209293006698,-4.26176239099007,-1.66136768654662,0.939027017896827,146394,146394,146394,"Rapid Increase","Stable",NA,"Low","Insufficient Data","Insufficient Data",NA,"Low"
"Bank Myna","Acridotheres ginginianus","banmyn1","Passeriformes","Sturnidae (Starlings)",NA,NA,NA,NA,"Diurnal","Diurnal","Omnivore","No","Yes","No","Indian Subcontinent","Non-specialized","Resident",NA,NA,NA,"Bank Myna","Acridotheres ginginianus","Bank Myna","Acridotheres ginginianus","Least Concern","Schedule-II","","",NA,"Bank Myna","Acridotheres ginginianus","avibase-F8CFF92C",1,2.83,1,0.797350025,1081,"","","",NA,NA,NA,NA,NA,NA,NA,NA,NA,NA,NA,NA,NA,NA,NA,NA,NA,NA,NA,NA,NA,NA,NA,NA,NA,NA,NA,NA,NA,NA,NA,NA,NA,NA,NA,NA,NA,NA,NA,NA,NA,NA,NA,NA,NA,"High",NA,NA,NA,NA
"Jungle Myna","Acridotheres fuscus","junmyn1","Passeriformes","Sturnidae (Starlings)",NA,NA,NA,NA,"Diurnal","Diurnal","Omnivore","No","No","No","Non-endemic","Non-specialized","Resident",NA,NA,NA,"Jungle Myna","Acridotheres fuscus","Jungle Myna","Acridotheres fuscus","Least Concern","Schedule-II","","",NA,"Jungle Myna","Acridotheres fuscus","avibase-8724C64A",1,3.07,3,0.675706251,1082,"","X","X",93,0.0967741935483871,0.51747311827957,0.741935483870968,15.8172043010753,1.3205482752113,41.0123314629675,54.1569727891399,71.4848075642344,38.3083852507432,52.466825226843,71.7680446299866,35.7491511945863,50.8546495777936,72.1790566295834,33.3360361995945,49.2672291569469,72.6762651965391,31.0812191207841,47.7338480156874,73.190505710184,28.968062112603,46.2536514090847,73.7753372369017,26.9746497415215,44.8349591114686,74.3342394122828,25.1237486431932,43.4300559781179,74.9214664634131,NA,NA,NA,NA,NA,NA,-5.15755662508672,-2.52786326470039,0.101830095685946,51723,51778,51833,"Insufficient Data","Stable",NA,"Low","Insufficient Data","Trend Inconclusive",NA,"Low"
"Collared Myna","Acridotheres albocinctus","colmyn1","Passeriformes","Sturnidae (Starlings)",NA,NA,NA,NA,"Diurnal","Diurnal","Omnivore","No","No","No","Non-endemic","Open Habitat","Resident",NA,1,NA,"Collared Myna","Acridotheres albocinctus","Collared Myna","Acridotheres albocinctus","Least Concern","Schedule-II","","",NA,"Collared Myna","Acridotheres albocinctus","avibase-EABE979B",1,3.24,1,0.112275302,1083,"","","",NA,NA,NA,NA,NA,NA,NA,NA,NA,NA,NA,NA,NA,NA,NA,NA,NA,NA,NA,NA,NA,NA,NA,NA,NA,NA,NA,NA,NA,NA,NA,NA,NA,NA,NA,NA,NA,NA,NA,NA,NA,NA,NA,NA,NA,NA,NA,NA,NA,NA
"Great Myna","Acridotheres grandis","whvmyn1","Passeriformes","Sturnidae (Starlings)",NA,NA,NA,NA,"Diurnal","Diurnal","Invertebrate","No","No","No","Non-endemic","Open Habitat","Resident",NA,NA,NA,"Great Myna","Acridotheres grandis","Great Myna","Acridotheres grandis","Least Concern","Schedule-II","","",NA,"Great Myna","Acridotheres grandis","avibase-B483CC1C",1,3.28,1,0.059781178,1084,"","","",NA,NA,NA,NA,NA,NA,NA,NA,NA,NA,NA,NA,NA,NA,NA,NA,NA,NA,NA,NA,NA,NA,NA,NA,NA,NA,NA,NA,NA,NA,NA,NA,NA,NA,NA,NA,NA,NA,NA,NA,NA,NA,NA,NA,NA,"Low",NA,NA,NA,NA
"Spot-winged Starling","Saroglossa spilopterus","spwsta1","Passeriformes","Sturnidae (Starlings)",NA,NA,NA,NA,"Diurnal","Diurnal","Fruit & Nect","No","No","No","Non-endemic","Forest & Plantation","Within-India Migrant",NA,NA,NA,"Spot-winged Starling","Saroglossa spilopterus","Spot-winged Starling","Saroglossa spilopterus","Least Concern","Schedule-II","","",NA,"Spot-winged Starling","Saroglossa spilopterus","avibase-58C780B0",1,3.63,1,0.371448222,1085,"","","",NA,NA,NA,NA,NA,NA,NA,NA,NA,NA,NA,NA,NA,NA,NA,NA,NA,NA,NA,NA,NA,NA,NA,NA,NA,NA,NA,NA,NA,NA,NA,NA,NA,NA,NA,NA,NA,NA,NA,NA,NA,NA,NA,NA,NA,"Moderate",NA,NA,NA,NA
"Grandala","Grandala coelicolor","granda1","Passeriformes","Turdidae (Thrushes and Allies)",NA,NA,NA,NA,"Diurnal","Diurnal","Omnivore","No","No","No","Non-endemic","Alpine & Cold Desert","Resident & Altitudinal Migrant",1,NA,NA,"Grandala","Grandala coelicolor","Grandala","Grandala coelicolor","Least Concern","Schedule-II","","Appendix II",NA,"Grandala","Grandala coelicolor","avibase-493D380B",1,4.16,1,0.056300068,1086,"","","",NA,NA,NA,NA,NA,NA,NA,NA,NA,NA,NA,NA,NA,NA,NA,NA,NA,NA,NA,NA,NA,NA,NA,NA,NA,NA,NA,NA,NA,NA,NA,NA,NA,NA,NA,NA,NA,NA,NA,NA,NA,NA,NA,NA,NA,"Low",NA,NA,NA,NA
"Long-tailed Thrush","Zoothera dixoni","lotthr1","Passeriformes","Turdidae (Thrushes and Allies)",NA,NA,NA,NA,"Diurnal","Diurnal","Invertebrate","No","No","No","Non-endemic","Open Habitat","Resident & Winter Migrant",NA,NA,NA,"Long-tailed Thrush","Zoothera dixoni","Long-tailed Thrush","Zoothera dixoni","Least Concern","Schedule-II","","Appendix II",NA,"Long-tailed Thrush","Zoothera dixoni","avibase-37CC6F0D",1,3.72,1,0.180876045,1087,"","","",NA,NA,NA,NA,NA,NA,NA,NA,NA,NA,NA,NA,NA,NA,NA,NA,NA,NA,NA,NA,NA,NA,NA,NA,NA,NA,NA,NA,NA,NA,NA,NA,NA,NA,NA,NA,NA,NA,NA,NA,NA,NA,NA,NA,NA,NA,NA,NA,NA,NA
"Alpine Thrush","Zoothera mollissima","alpthr1","Passeriformes","Turdidae (Thrushes and Allies)",NA,NA,NA,NA,"Diurnal","Diurnal","Invertebrate","No","No","No","Non-endemic","Non-specialized","Resident & Altitudinal Migrant",NA,NA,NA,"Alpine Thrush","Zoothera mollissima","Alpine Thrush","Zoothera mollissima","Least Concern","Schedule-II","","",NA,"Alpine Thrush","Zoothera mollissima","avibase-CE0D5641",1,3.62,1,0.201464942,1088,"","","",NA,NA,NA,NA,NA,NA,NA,NA,NA,NA,NA,NA,NA,NA,NA,NA,NA,NA,NA,NA,NA,NA,NA,NA,NA,NA,NA,NA,NA,NA,NA,NA,NA,NA,NA,NA,NA,NA,NA,NA,NA,NA,NA,NA,NA,"Low",NA,NA,NA,NA
"Himalayan Thrush","Zoothera salimalii","himthr1","Passeriformes","Turdidae (Thrushes and Allies)",NA,NA,NA,NA,"Diurnal","Diurnal","Invertebrate","No","No","No","Non-endemic","Forest","Resident & Altitudinal Migrant",1,NA,NA,"Himalayan Thrush","Zoothera salimalii","Himalayan Forest Thrush","Zoothera salimalii","Least Concern","Schedule-II","","Appendix II",NA,"Himalayan Thrush","Zoothera salimalii","avibase-1BF62F08",1,3.48,1,0.215374978,1089,"","","",NA,NA,NA,NA,NA,NA,NA,NA,NA,NA,NA,NA,NA,NA,NA,NA,NA,NA,NA,NA,NA,NA,NA,NA,NA,NA,NA,NA,NA,NA,NA,NA,NA,NA,NA,NA,NA,NA,NA,NA,NA,NA,NA,NA,NA,"High",NA,NA,NA,NA
"Dark-sided Thrush","Zoothera marginata","dasthr1","Passeriformes","Turdidae (Thrushes and Allies)",NA,NA,NA,NA,"Diurnal","Diurnal","Invertebrate","No","No","Yes","Himalayas","Forest","Resident & Altitudinal Migrant",NA,NA,NA,"Dark-sided Thrush","Zoothera marginata","Dark-sided Thrush","Zoothera marginata","Least Concern","Schedule-II","","Appendix II",NA,"Dark-sided Thrush","Zoothera marginata","avibase-6A3FCF48",1,3.54,1,0.103355954,1090,"","","",NA,NA,NA,NA,NA,NA,NA,NA,NA,NA,NA,NA,NA,NA,NA,NA,NA,NA,NA,NA,NA,NA,NA,NA,NA,NA,NA,NA,NA,NA,NA,NA,NA,NA,NA,NA,NA,NA,NA,NA,NA,NA,NA,NA,NA,"Moderate",NA,NA,NA,NA
"Long-billed Thrush","Zoothera monticola","lobthr1","Passeriformes","Turdidae (Thrushes and Allies)",NA,NA,NA,NA,"Diurnal","Diurnal","Invertebrate","No","No","Yes","Himalayas","Forest","Resident & Altitudinal Migrant",NA,NA,NA,"Long-billed Thrush","Zoothera monticola","Long-billed Thrush","Zoothera monticola","Least Concern","Schedule-II","","Appendix II",NA,"Long-billed Thrush","Zoothera monticola","avibase-F13C1733",1,4,1,0.435773913,1091,"","","",NA,NA,NA,NA,NA,NA,NA,NA,NA,NA,NA,NA,NA,NA,NA,NA,NA,NA,NA,NA,NA,NA,NA,NA,NA,NA,NA,NA,NA,NA,NA,NA,NA,NA,NA,NA,NA,NA,NA,NA,NA,NA,NA,NA,NA,"Moderate",NA,NA,NA,NA
"White's Thrush","Zoothera aurea","scathr2","Passeriformes","Turdidae (Thrushes and Allies)",NA,NA,NA,NA,"Diurnal","Diurnal","Invertebrate","No","No","No","Non-endemic","Forest & Plantation","Uncertain",NA,1,NA,"White's Thrush","Zoothera aurea","White's Thrush","Zoothera aurea","Least Concern","Recent addition","","Appendix II",NA,"White's Thrush","Zoothera aurea","avibase-8E267A26",NA,4.27,1,NA,1092,"","","",NA,NA,NA,NA,NA,NA,NA,NA,NA,NA,NA,NA,NA,NA,NA,NA,NA,NA,NA,NA,NA,NA,NA,NA,NA,NA,NA,NA,NA,NA,NA,NA,NA,NA,NA,NA,NA,NA,NA,NA,NA,NA,NA,NA,NA,NA,NA,NA,NA,NA
"Scaly Thrush","Zoothera dauma","scathr8","Passeriformes","Turdidae (Thrushes and Allies)",NA,NA,NA,NA,"Diurnal","Diurnal","Invertebrate","No","No","No","Non-endemic","Forest & Plantation","Resident & Local Migrant",NA,NA,NA,"Scaly Thrush","Zoothera dauma","Scaly Thrush","Zoothera dauma","Least Concern","Schedule-II","","Appendix II",NA,"Scaly Thrush","Zoothera dauma","avibase-F58200CE",1,3.94,1,0.413945271,1093,"","","",NA,NA,NA,NA,NA,NA,NA,NA,NA,NA,NA,NA,NA,NA,NA,NA,NA,NA,NA,NA,NA,NA,NA,NA,NA,NA,NA,NA,NA,NA,NA,NA,NA,NA,NA,NA,NA,NA,NA,NA,NA,NA,NA,NA,NA,"Low",NA,NA,NA,NA
"Nilgiri Thrush","Zoothera neilgherriensis","scathr4","Passeriformes","Turdidae (Thrushes and Allies)",NA,NA,NA,NA,"Diurnal","Diurnal","Omnivore","Yes","Yes","No","Western Ghats","Forest","Resident & Local Migrant",NA,NA,NA,"Nilgiri Thrush","Zoothera neilgherriensis","Not at species rank","Zoothera dauma neilgherriensis","Not recognized","Schedule-I","","",NA,"Nilgiri Thrush","Zoothera neilgherriensis","avibase-99F75999",1,3.94,1,1,1094,"X","X","X",13,0.307692307692308,0.394230769230769,0.307692307692308,17.8461538461538,3.41540286435411,57.7053569168475,88.6656700636187,135.783546174348,55.4545112160173,89.7133246646216,147.112461586965,53.1483750931038,91.3517282083697,158.747212328181,50.772255757853,92.9119080715631,171.311038095308,48.5643391806369,94.5804823611997,185.260045447348,46.4150693632442,96.4447357109473,199.527791326267,44.4383420579283,98.121267685837,215.86779778035,42.3960055782693,100.094414393187,233.81645575237,NA,NA,NA,-86.5868132186546,-72.6211969823784,32274231.8426557,-2475325.72023542,0.364873155355545,2475326.44998173,4285,4285,4285,"Trend Inconclusive","Trend Inconclusive",NA,"Low","Trend Inconclusive","Trend Inconclusive",NA,"Moderate"
"Purple Cochoa","Cochoa purpurea","purcoc1","Passeriformes","Turdidae (Thrushes and Allies)",NA,NA,NA,NA,"Diurnal","Diurnal","Omnivore","No","No","No","Non-endemic","Forest","Resident & Local Migrant",1,NA,NA,"Purple Cochoa","Cochoa purpurea","Purple Cochoa","Cochoa purpurea","Least Concern","Schedule-II","","Appendix II",NA,"Purple Cochoa","Cochoa purpurea","avibase-65A535DA",1,4.57,1,0.082928376,1095,"","","",NA,NA,NA,NA,NA,NA,NA,NA,NA,NA,NA,NA,NA,NA,NA,NA,NA,NA,NA,NA,NA,NA,NA,NA,NA,NA,NA,NA,NA,NA,NA,NA,NA,NA,NA,NA,NA,NA,NA,NA,NA,NA,NA,NA,NA,"Moderate",NA,NA,NA,NA
"Green Cochoa","Cochoa viridis","grecoc1","Passeriformes","Turdidae (Thrushes and Allies)",NA,NA,NA,NA,"Diurnal","Diurnal","Omnivore","No","No","No","Non-endemic","Forest","Resident & Altitudinal Migrant",1,NA,NA,"Green Cochoa","Cochoa viridis","Green Cochoa","Cochoa viridis","Least Concern","Schedule-II","","Appendix II",NA,"Green Cochoa","Cochoa viridis","avibase-D29F7DED",1,4.79,1,0.107701145,1096,"","","",NA,NA,NA,NA,NA,NA,NA,NA,NA,NA,NA,NA,NA,NA,NA,NA,NA,NA,NA,NA,NA,NA,NA,NA,NA,NA,NA,NA,NA,NA,NA,NA,NA,NA,NA,NA,NA,NA,NA,NA,NA,NA,NA,NA,NA,"Moderate",NA,NA,NA,NA
"Siberian Thrush","Geokichla sibirica","sibthr1","Passeriformes","Turdidae (Thrushes and Allies)",NA,NA,NA,NA,"Diurnal","Diurnal","Invertebrate","No","No","No","Non-endemic","Forest","Uncertain",NA,1,NA,"Siberian Thrush","Geokichla sibirica","Siberian Thrush","Geokichla sibirica","Least Concern","Schedule-II","","Appendix II",NA,"Siberian Thrush","Geokichla sibirica","avibase-E7163B81",NA,3.92,2,NA,1097,"","","",NA,NA,NA,NA,NA,NA,NA,NA,NA,NA,NA,NA,NA,NA,NA,NA,NA,NA,NA,NA,NA,NA,NA,NA,NA,NA,NA,NA,NA,NA,NA,NA,NA,NA,NA,NA,NA,NA,NA,NA,NA,NA,NA,NA,NA,NA,NA,NA,NA,NA
"Pied Thrush","Geokichla wardii","piethr1","Passeriformes","Turdidae (Thrushes and Allies)",NA,NA,NA,NA,"Diurnal","Diurnal","Invertebrate","No","Yes","No","Indian Subcontinent","Forest & Plantation","Within-India Migrant",NA,NA,NA,"Pied Thrush","Geokichla wardii","Pied Thrush","Geokichla wardii","Least Concern","Schedule-II","","Appendix II",NA,"Pied Thrush","Geokichla wardii","avibase-AC0C3921",1,3.79,1,0.664887535,1098,"","","X",11,0.0909090909090909,0.116883116883117,0.181818181818182,19.7272727272727,3.59556604815036,NA,NA,NA,NA,NA,NA,NA,NA,NA,NA,NA,NA,NA,NA,NA,NA,NA,NA,NA,NA,NA,NA,NA,NA,NA,NA,NA,NA,NA,NA,NA,NA,NA,1853,1901,1949,"Insufficient Data","Insufficient Data",NA,"Moderate","Insufficient Data","Insufficient Data",NA,"High"
"Orange-headed Thrush","Geokichla citrina","orhthr1","Passeriformes","Turdidae (Thrushes and Allies)",NA,NA,NA,NA,"Diurnal","Diurnal","Omnivore","No","No","No","Non-endemic","Forest & Plantation","Resident & Within-India Migrant",1,NA,NA,"Orange-headed Thrush","Geokichla citrina","Orange-headed Thrush","Geokichla citrina","Least Concern","Schedule-II","","Appendix II",NA,"Orange-headed Thrush","Geokichla citrina","avibase-F82540A0",1,3.67,5,0.373893442,1099,"","X","X",94,0.106382978723404,0.340425531914894,0.457446808510638,16.7872340425532,1.18912212793129,114.326993663972,141.072912954784,174.567922741493,115.595998816861,146.739067021183,186.77831385677,116.885282016029,152.637542024821,200.111109353706,118.12300812944,159.009948182113,214.681379404771,119.074098656832,165.500774865889,229.9192728348,120.186923153492,172.365338124326,246.671915861194,121.102035237518,179.217226199055,264.336399838427,122.100318738259,186.466683302086,283.397694020752,NA,NA,NA,NA,NA,NA,0.751104495556707,4.12143714330809,7.49176979105948,48945,48945,48945,"Insufficient Data","Trend Inconclusive",NA,"Moderate","Insufficient Data","Trend Inconclusive",NA,"Low"
"Chinese Thrush","Turdus mupinensis","chithr2","Passeriformes","Turdidae (Thrushes and Allies)",NA,NA,NA,NA,"Diurnal","Diurnal","Omnivore","No","No","No","Non-endemic","Forest","Uncertain",NA,1,NA,"Chinese Thrush","Turdus mupinensis","Chinese Thrush","Otocichla mupinensis","Least Concern","Schedule-II","","Appendix II",NA,"Chinese Thrush","Turdus mupinensis","avibase-4435BAA4",NA,4.05,1,NA,1100,"","","",NA,NA,NA,NA,NA,NA,NA,NA,NA,NA,NA,NA,NA,NA,NA,NA,NA,NA,NA,NA,NA,NA,NA,NA,NA,NA,NA,NA,NA,NA,NA,NA,NA,NA,NA,NA,NA,NA,NA,NA,NA,NA,NA,NA,NA,NA,NA,NA,NA,NA
"Mistle Thrush","Turdus viscivorus","misthr1","Passeriformes","Turdidae (Thrushes and Allies)",NA,NA,NA,NA,"Diurnal","Diurnal","Omnivore","No","No","No","Non-endemic","Non-specialized","Resident & Altitudinal Migrant",NA,NA,NA,"Mistle Thrush","Turdus viscivorus","Mistle Thrush","Turdus viscivorus","Least Concern","Schedule-II","","Appendix II",NA,"Mistle Thrush","Turdus viscivorus","avibase-A95B43F1",1,4.6,1,0.007862181,1101,"","","",NA,NA,NA,NA,NA,NA,NA,NA,NA,NA,NA,NA,NA,NA,NA,NA,NA,NA,NA,NA,NA,NA,NA,NA,NA,NA,NA,NA,NA,NA,NA,NA,NA,NA,NA,NA,NA,NA,NA,NA,NA,NA,NA,NA,NA,"Moderate",NA,NA,NA,NA
"Song Thrush","Turdus philomelos","sonthr1","Passeriformes","Turdidae (Thrushes and Allies)",NA,NA,NA,NA,"24 hour","Diurnal","Omnivore","No","No","No","Non-endemic","Non-specialized","Uncertain",NA,1,NA,"Song Thrush","Turdus philomelos","Song Thrush","Turdus philomelos","Least Concern","Schedule-II","","Appendix II",NA,"Song Thrush","Turdus philomelos","avibase-D929EB21",NA,3.96,1,NA,1102,"","","",NA,NA,NA,NA,NA,NA,NA,NA,NA,NA,NA,NA,NA,NA,NA,NA,NA,NA,NA,NA,NA,NA,NA,NA,NA,NA,NA,NA,NA,NA,NA,NA,NA,NA,NA,NA,NA,NA,NA,NA,NA,NA,NA,NA,NA,NA,NA,NA,NA,NA
"Chinese Blackbird","Turdus mandarinus","chibla1","Passeriformes","Turdidae (Thrushes and Allies)",NA,NA,NA,NA,"24 hour","Diurnal","Omnivore","No","No","No","Non-endemic","Non-specialized","Uncertain",NA,1,NA,"Chinese Blackbird","Turdus mandarinus","Chinese Blackbird","Turdus mandarinus","Least Concern","Recent addition","","Appendix II",NA,"Chinese Blackbird","Turdus mandarinus","avibase-BE61F5C1",NA,4.33,1,NA,1103,"","","",NA,NA,NA,NA,NA,NA,NA,NA,NA,NA,NA,NA,NA,NA,NA,NA,NA,NA,NA,NA,NA,NA,NA,NA,NA,NA,NA,NA,NA,NA,NA,NA,NA,NA,NA,NA,NA,NA,NA,NA,NA,NA,NA,NA,NA,NA,NA,NA,NA,NA
"Gray-winged Blackbird","Turdus boulboul","gywbla1","Passeriformes","Turdidae (Thrushes and Allies)",NA,NA,NA,NA,"Diurnal","Diurnal","Invertebrate","No","No","No","Non-endemic","Forest","Resident & Altitudinal Migrant",NA,NA,NA,"Grey-winged Blackbird","Turdus boulboul","Grey-winged Blackbird","Turdus boulboul","Least Concern","Schedule-II","","Appendix II",NA,"Grey-winged Blackbird","Turdus boulboul","avibase-06DEFA6B",1,4.1,1,0.185860847,1104,"","","",NA,NA,NA,NA,NA,NA,NA,NA,NA,NA,NA,NA,NA,NA,NA,NA,NA,NA,NA,NA,NA,NA,NA,NA,NA,NA,NA,NA,NA,NA,NA,NA,NA,NA,NA,NA,NA,NA,NA,NA,NA,NA,NA,NA,NA,"Low",NA,NA,NA,NA
"Indian Blackbird","Turdus simillimus","eurbla2","Passeriformes","Turdidae (Thrushes and Allies)",NA,NA,NA,NA,"Diurnal","Diurnal","Omnivore","No","Yes","No","Indian Subcontinent","Non-specialized","Resident & Within-India Migrant",NA,NA,NA,"Indian Blackbird","Turdus simillimus","Indian Blackbird","Turdus simillimus","Least Concern","Schedule-II","","",NA,"Indian Blackbird","Turdus simillimus","avibase-CED9626E",1,4.28,3,0.962470905,1105,"X","X","X",33,0.303030303030303,0.541666666666667,0.636363636363636,16.4242424242424,2.53757087232017,103.34697526552,127.343629874391,157.334135496069,100.93890366026,127.835603836961,162.121337276457,98.4058809448571,128.297341232633,167.222594113906,95.9440052459535,128.761410122845,172.604987412977,93.3625828246514,129.059837123721,178.264808128571,90.8425679881684,129.416943572971,184.168598826232,88.5513395290029,129.792729548713,190.242119362246,86.1664391419227,130.128821366012,196.509397624125,NA,NA,NA,-29.5649056577382,9.357363421383,102.997142100337,-60572.8061452961,0.221757582523261,60573.2496604611,16174,16254,16334,"Trend Inconclusive","Trend Inconclusive",NA,"Low","Trend Inconclusive","Trend Inconclusive",NA,"Low"
"Tickell's Thrush","Turdus unicolor","ticthr1","Passeriformes","Turdidae (Thrushes and Allies)",NA,NA,NA,NA,"Diurnal","Diurnal","Omnivore","No","Yes","No","Indian Subcontinent","Forest & Plantation","Within-India Migrant",NA,NA,NA,"Tickell's Thrush","Turdus unicolor","Tickell's Thrush","Turdus unicolor","Least Concern","Schedule-II","","Appendix II",NA,"Tickell's Thrush","Turdus unicolor","avibase-F4692C3B",1,3.77,1,0.698617226,1106,"","","",NA,NA,NA,NA,NA,NA,NA,NA,NA,NA,NA,NA,NA,NA,NA,NA,NA,NA,NA,NA,NA,NA,NA,NA,NA,NA,NA,NA,NA,NA,NA,NA,NA,NA,NA,NA,NA,NA,NA,NA,NA,NA,NA,NA,NA,"Moderate",NA,NA,NA,NA
"Black-breasted Thrush","Turdus dissimilis","blbthr2","Passeriformes","Turdidae (Thrushes and Allies)",NA,NA,NA,NA,"Diurnal","Diurnal","Omnivore","No","No","No","Non-endemic","Forest","Resident & Altitudinal Migrant",1,NA,NA,"Black-breasted Thrush","Turdus dissimilis","Black-breasted Thrush","Turdus dissimilis","Least Concern","Schedule-II","","Appendix II",NA,"Black-breasted Thrush","Turdus dissimilis","avibase-54C010AC",1,3.87,1,0.07618753,1107,"","","",NA,NA,NA,NA,NA,NA,NA,NA,NA,NA,NA,NA,NA,NA,NA,NA,NA,NA,NA,NA,NA,NA,NA,NA,NA,NA,NA,NA,NA,NA,NA,NA,NA,NA,NA,NA,NA,NA,NA,NA,NA,NA,NA,NA,NA,"Low",NA,NA,NA,NA
"Japanese Thrush","Turdus cardis","japthr1","Passeriformes","Turdidae (Thrushes and Allies)",NA,NA,NA,NA,"Diurnal","Diurnal","Omnivore","No","No","No","Non-endemic","Non-specialized","Uncertain",NA,1,NA,"Japanese Thrush","Turdus cardis","Japanese Thrush","Turdus cardis","Least Concern","Schedule-II","","Appendix II",NA,"Japanese Thrush","Turdus cardis","avibase-259E02EC",NA,3.62,1,NA,1108,"","","",NA,NA,NA,NA,NA,NA,NA,NA,NA,NA,NA,NA,NA,NA,NA,NA,NA,NA,NA,NA,NA,NA,NA,NA,NA,NA,NA,NA,NA,NA,NA,NA,NA,NA,NA,NA,NA,NA,NA,NA,NA,NA,NA,NA,NA,NA,NA,NA,NA,NA
"Tibetan Blackbird","Turdus maximus","tibbla1","Passeriformes","Turdidae (Thrushes and Allies)",NA,NA,NA,NA,"Diurnal","Diurnal","Omnivore","No","No","Yes","Himalayas","Alpine & Cold Desert","Winter Migrant & Localized Summer Migrant",NA,NA,NA,"Tibetan Blackbird","Turdus maximus","Tibetan Blackbird","Turdus maximus","Least Concern","Schedule-II","","",NA,"Tibetan Blackbird","Turdus maximus","avibase-9E3252A7",1,4.34,1,0.260022873,1109,"","","",NA,NA,NA,NA,NA,NA,NA,NA,NA,NA,NA,NA,NA,NA,NA,NA,NA,NA,NA,NA,NA,NA,NA,NA,NA,NA,NA,NA,NA,NA,NA,NA,NA,NA,NA,NA,NA,NA,NA,NA,NA,NA,NA,NA,NA,"Moderate",NA,NA,NA,NA
"White-backed Thrush","Turdus kessleri","whbthr2","Passeriformes","Turdidae (Thrushes and Allies)",NA,NA,NA,NA,"Diurnal","Diurnal","Omnivore","No","No","No","Non-endemic","Non-specialized","Winter Migrant",NA,1,NA,"White-backed Thrush","Turdus kessleri","White-backed Thrush","Turdus kessleri","Least Concern","Schedule-II","","Appendix II",NA,"White-backed Thrush","Turdus kessleri","avibase-8A6BF14B",NA,4,1,NA,1110,"","","",NA,NA,NA,NA,NA,NA,NA,NA,NA,NA,NA,NA,NA,NA,NA,NA,NA,NA,NA,NA,NA,NA,NA,NA,NA,NA,NA,NA,NA,NA,NA,NA,NA,NA,NA,NA,NA,NA,NA,NA,NA,NA,NA,NA,NA,NA,NA,NA,NA,NA
"Eyebrowed Thrush","Turdus obscurus","eyethr","Passeriformes","Turdidae (Thrushes and Allies)",NA,NA,NA,NA,"24 hour","Diurnal","Fruit & Nect","No","No","No","Non-endemic","Non-specialized","Winter Migrant",NA,NA,NA,"Eyebrowed Thrush","Turdus obscurus","Eyebrowed Thrush","Turdus obscurus","Least Concern","Schedule-II","","Appendix II",NA,"Eyebrowed Thrush","Turdus obscurus","avibase-6E24CCD1",1,3.6,1,0.010781349,1111,"","","",2,1,NA,NA,22.5,4.9,NA,NA,NA,NA,NA,NA,NA,NA,NA,NA,NA,NA,NA,NA,NA,NA,NA,NA,NA,NA,NA,NA,NA,NA,NA,NA,NA,NA,NA,NA,NA,NA,NA,NA,NA,NA,NA,NA,NA,NA,NA,NA,NA,NA
"Gray-sided Thrush","Turdus feae","gysthr1","Passeriformes","Turdidae (Thrushes and Allies)",NA,NA,NA,NA,"Diurnal","Diurnal","Omnivore","No","No","No","Non-endemic","Forest","Winter Migrant",NA,1,NA,"Grey-sided Thrush","Turdus feae","Grey-sided Thrush","Turdus feae","Vulnerable","Schedule-II","","Appendix II",NA,"Grey-sided Thrush","Turdus feae","avibase-4C2FBE92",1,3.71,1,0.086515117,1112,"","","",NA,NA,NA,NA,NA,NA,NA,NA,NA,NA,NA,NA,NA,NA,NA,NA,NA,NA,NA,NA,NA,NA,NA,NA,NA,NA,NA,NA,NA,NA,NA,NA,NA,NA,NA,NA,NA,NA,NA,NA,NA,NA,NA,NA,NA,NA,NA,NA,NA,NA
"Fieldfare","Turdus pilaris","fieldf","Passeriformes","Turdidae (Thrushes and Allies)",NA,NA,NA,NA,"Diurnal","Diurnal","Invertebrate","No","No","No","Non-endemic","Non-specialized","Uncertain",NA,1,NA,"Fieldfare","Turdus pilaris","Fieldfare","Turdus pilaris","Least Concern","Schedule-II","","Appendix II",NA,"Fieldfare","Turdus pilaris","avibase-D120D5A0",NA,4.03,1,NA,1113,"","","",NA,NA,NA,NA,NA,NA,NA,NA,NA,NA,NA,NA,NA,NA,NA,NA,NA,NA,NA,NA,NA,NA,NA,NA,NA,NA,NA,NA,NA,NA,NA,NA,NA,NA,NA,NA,NA,NA,NA,NA,NA,NA,NA,NA,NA,NA,NA,NA,NA,NA
"White-collared Blackbird","Turdus albocinctus","whcbla1","Passeriformes","Turdidae (Thrushes and Allies)",NA,NA,NA,NA,"Diurnal","Diurnal","Omnivore","No","No","Yes","Himalayas","Forest","Resident & Altitudinal Migrant",NA,NA,NA,"White-collared Blackbird","Turdus albocinctus","White-collared Blackbird","Turdus albocinctus","Least Concern","Schedule-II","","Appendix II",NA,"White-collared Blackbird","Turdus albocinctus","avibase-4699C170",1,4.14,1,0.430210653,1114,"","","",NA,NA,NA,NA,NA,NA,NA,NA,NA,NA,NA,NA,NA,NA,NA,NA,NA,NA,NA,NA,NA,NA,NA,NA,NA,NA,NA,NA,NA,NA,NA,NA,NA,NA,NA,NA,NA,NA,NA,NA,NA,NA,NA,NA,NA,"Moderate",NA,NA,NA,NA
"Chestnut Thrush","Turdus rubrocanus","chethr1","Passeriformes","Turdidae (Thrushes and Allies)",NA,NA,NA,NA,"Diurnal","Diurnal","Omnivore","No","No","No","Non-endemic","Forest & Plantation","Resident & Altitudinal Migrant",NA,NA,NA,"Chestnut Thrush","Turdus rubrocanus","Chestnut Thrush","Turdus rubrocanus","Least Concern","Schedule-II","","Appendix II",NA,"Chestnut Thrush","Turdus rubrocanus","avibase-82351263",1,4.18,2,0.105070096,1115,"","","",NA,NA,NA,NA,NA,NA,NA,NA,NA,NA,NA,NA,NA,NA,NA,NA,NA,NA,NA,NA,NA,NA,NA,NA,NA,NA,NA,NA,NA,NA,NA,NA,NA,NA,NA,NA,NA,NA,NA,NA,NA,NA,NA,NA,NA,"Low",NA,NA,NA,NA
"Black-throated Thrush","Turdus atrogularis","datthr1","Passeriformes","Turdidae (Thrushes and Allies)",NA,NA,NA,NA,"Diurnal","Diurnal","Invertebrate","No","No","No","Non-endemic","Non-specialized","Winter Migrant",NA,NA,NA,"Black-throated Thrush","Turdus atrogularis","Black-throated Thrush","Turdus atrogularis","Least Concern","Schedule-II","","Appendix II",NA,"Black-throated Thrush","Turdus atrogularis","avibase-AECDBFFA",1,3.9,1,0.083276685,1116,"","","",NA,NA,NA,NA,NA,NA,NA,NA,NA,NA,NA,NA,NA,NA,NA,NA,NA,NA,NA,NA,NA,NA,NA,NA,NA,NA,NA,NA,NA,NA,NA,NA,NA,NA,NA,NA,NA,NA,NA,NA,NA,NA,NA,NA,NA,"Moderate",NA,NA,NA,NA
"Red-throated Thrush","Turdus ruficollis","retthr1","Passeriformes","Turdidae (Thrushes and Allies)",NA,NA,NA,NA,"Diurnal","Diurnal","Invertebrate","No","No","No","Non-endemic","Non-specialized","Winter Migrant",1,NA,NA,"Red-throated Thrush","Turdus ruficollis","Rufous-throated Thrush","Turdus ruficollis","Least Concern","Schedule-II","","Appendix II",NA,"Red-throated Thrush","Turdus ruficollis","avibase-77B6BACB",1,4.04,1,0.053282889,1117,"","","",NA,NA,NA,NA,NA,NA,NA,NA,NA,NA,NA,NA,NA,NA,NA,NA,NA,NA,NA,NA,NA,NA,NA,NA,NA,NA,NA,NA,NA,NA,NA,NA,NA,NA,NA,NA,NA,NA,NA,NA,NA,NA,NA,NA,NA,"Moderate",NA,NA,NA,NA
"Dusky Thrush","Turdus eunomus","dusthr2","Passeriformes","Turdidae (Thrushes and Allies)",NA,NA,NA,NA,"Diurnal","Diurnal","Invertebrate","No","No","No","Non-endemic","Non-specialized","Winter Migrant",NA,NA,NA,"Dusky Thrush","Turdus eunomus","Dusky Thrush","Turdus eunomus","Least Concern","Schedule-II","","Appendix II",NA,"Dusky Thrush","Turdus eunomus","avibase-E3B69278",1,4.16,1,0.016686893,1118,"","","",NA,NA,NA,NA,NA,NA,NA,NA,NA,NA,NA,NA,NA,NA,NA,NA,NA,NA,NA,NA,NA,NA,NA,NA,NA,NA,NA,NA,NA,NA,NA,NA,NA,NA,NA,NA,NA,NA,NA,NA,NA,NA,NA,NA,NA,NA,NA,NA,NA,NA
"Naumann's Thrush","Turdus naumanni","dusthr1","Passeriformes","Turdidae (Thrushes and Allies)",NA,NA,NA,NA,"Diurnal","Diurnal","Invertebrate","No","No","No","Non-endemic","Non-specialized","Winter Migrant",NA,1,NA,"Naumann's Thrush","Turdus naumanni","Naumann's Thrush","Turdus naumanni","Least Concern","Schedule-II","","Appendix II",NA,"Naumann's Thrush","Turdus naumanni","avibase-22761AD4",NA,3.9,1,NA,1119,"","","",NA,NA,NA,NA,NA,NA,NA,NA,NA,NA,NA,NA,NA,NA,NA,NA,NA,NA,NA,NA,NA,NA,NA,NA,NA,NA,NA,NA,NA,NA,NA,NA,NA,NA,NA,NA,NA,NA,NA,NA,NA,NA,NA,NA,NA,NA,NA,NA,NA,NA
"Gray-streaked Flycatcher","Muscicapa griseisticta","gysfly1","Passeriformes","Muscicapidae (Old World Flycatchers)",NA,NA,NA,NA,"Diurnal","Diurnal","Invertebrate","No","No","No","Non-endemic","Forest","Uncertain",NA,1,NA,"Grey-streaked Flycatcher","Muscicapa griseisticta","Grey-streaked Flycatcher","Muscicapa griseisticta","Least Concern","Recent addition","","Appendix II",NA,"Grey-streaked Flycatcher","Muscicapa griseisticta","avibase-B4FF5927",NA,2.82,1,NA,1120,"","","",NA,NA,NA,NA,NA,NA,NA,NA,NA,NA,NA,NA,NA,NA,NA,NA,NA,NA,NA,NA,NA,NA,NA,NA,NA,NA,NA,NA,NA,NA,NA,NA,NA,NA,NA,NA,NA,NA,NA,NA,NA,NA,NA,NA,NA,NA,NA,NA,NA,NA
"Dark-sided Flycatcher","Muscicapa sibirica","dasfly","Passeriformes","Muscicapidae (Old World Flycatchers)",NA,NA,NA,NA,"Diurnal","Diurnal","Invertebrate","No","No","No","Non-endemic","Forest","Summer Migrant",NA,NA,NA,"Dark-sided Flycatcher","Muscicapa sibirica","Dark-sided Flycatcher","Muscicapa sibirica","Least Concern","Schedule-II","","Appendix II",NA,"Dark-sided Flycatcher","Muscicapa sibirica","avibase-BCB683C2",1,2.76,2,0.07007323,1121,"","","X",2,NA,NA,NA,18.5,2.94,NA,NA,NA,NA,NA,NA,NA,NA,NA,NA,NA,NA,NA,NA,NA,NA,NA,NA,NA,NA,NA,NA,NA,NA,NA,NA,NA,NA,NA,NA,NA,NA,NA,0,0,0,"Insufficient Data","Insufficient Data",NA,"Moderate","Insufficient Data","Insufficient Data",NA,"Low"
"Ferruginous Flycatcher","Muscicapa ferruginea","ferfly1","Passeriformes","Muscicapidae (Old World Flycatchers)",NA,NA,NA,NA,"Diurnal","Diurnal","Invertebrate","No","No","No","Non-endemic","Forest","Summer Migrant",NA,NA,NA,"Ferruginous Flycatcher","Muscicapa ferruginea","Ferruginous Flycatcher","Muscicapa ferruginea","Least Concern","Schedule-II","","Appendix II",NA,"Ferruginous Flycatcher","Muscicapa ferruginea","avibase-2DA49BD5",1,2.8,1,0.048080745,1122,"","","",NA,NA,NA,NA,NA,NA,NA,NA,NA,NA,NA,NA,NA,NA,NA,NA,NA,NA,NA,NA,NA,NA,NA,NA,NA,NA,NA,NA,NA,NA,NA,NA,NA,NA,NA,NA,NA,NA,NA,NA,NA,NA,NA,NA,NA,NA,NA,NA,NA,NA
"Asian Brown Flycatcher","Muscicapa dauurica","asbfly","Passeriformes","Muscicapidae (Old World Flycatchers)",NA,NA,NA,NA,"Diurnal","Diurnal","Invertebrate","No","No","No","Non-endemic","Forest & Plantation","Within-India Migrant & Winter Migrant",NA,NA,NA,"Asian Brown Flycatcher","Muscicapa dauurica","Asian Brown Flycatcher","Muscicapa dauurica","Least Concern","Schedule-II","","Appendix II",NA,"Asian Brown Flycatcher","Muscicapa dauurica","avibase-585D0B1A",1,2.67,1,0.150964578,1123,"","X","X",154,0.0714285714285714,0.409902597402597,0.525974025974026,16.7207792207792,0.916599873820605,62.4480309681737,74.0075063239593,87.3842273051376,59.2266559511759,71.759086705034,86.6276452649127,56.1930493643924,69.57125701479,85.9356195102908,53.2022433458559,67.4262387594629,85.2898836808401,50.4177131827081,65.3900436168903,84.7159879727085,47.7240738051753,63.3812168153729,84.1133212451866,45.2312473792979,61.4535134980237,83.5837075003942,42.7982238232392,59.5865349885206,83.0307195561118,NA,NA,NA,NA,NA,NA,-5.08498124530343,-2.83631082948248,-0.587640413661522,94525,94667,94809,"Insufficient Data","Trend Inconclusive",NA,"Moderate","Insufficient Data","Decline",NA,"Moderate"
"Brown-breasted Flycatcher","Muscicapa muttui","brbfly2","Passeriformes","Muscicapidae (Old World Flycatchers)",NA,NA,NA,NA,"Diurnal","Diurnal","Invertebrate","No","No","No","Non-endemic","Forest & Plantation","Winter Migrant",NA,NA,NA,"Brown-breasted Flycatcher","Muscicapa muttui","Brown-breasted Flycatcher","Muscicapa muttui","Least Concern","Schedule-II","","Appendix II",NA,"Brown-breasted Flycatcher","Muscicapa muttui","avibase-472841E9",1,2.51,1,0.112177076,1124,"","X","X",82,0.0975609756097561,0.32469512195122,0.426829268292683,16.7926829268293,1.31581398426916,44.0742340784922,58.3634837016552,77.0354670752415,40.8109278867753,56.1026742024415,77.145900688753,37.8238586241847,54.0776223752937,77.020793892182,34.9891810616986,52.1830074986908,77.245187213854,32.462771712609,50.1389185800367,77.3448217266478,30.0155101541723,48.271052056873,77.4152643826269,27.7947516205464,46.4577553666803,77.5020413669853,25.6885333153243,44.6887683557035,77.5263521188883,NA,NA,NA,NA,NA,NA,-6.65205166851676,-3.3836122359014,-0.115172803286034,42486,42486,42486,"Insufficient Data","Trend Inconclusive",NA,"Low","Insufficient Data","Rapid Decline",NA,"Moderate"
"Spotted Flycatcher","Muscicapa striata","spofly1","Passeriformes","Muscicapidae (Old World Flycatchers)",NA,NA,NA,NA,"Diurnal","Diurnal","Invertebrate","No","No","No","Non-endemic","Forest & Plantation","Passage Migrant",NA,NA,NA,"Spotted Flycatcher","Muscicapa striata","Spotted Flycatcher","Muscicapa striata","Least Concern","Schedule-II","","Appendix II",NA,"Spotted Flycatcher","Muscicapa striata","avibase-EE8206E7",1,2.92,3,0.000546,1125,"","","",NA,NA,NA,NA,NA,NA,NA,NA,NA,NA,NA,NA,NA,NA,NA,NA,NA,NA,NA,NA,NA,NA,NA,NA,NA,NA,NA,NA,NA,NA,NA,NA,NA,NA,NA,NA,NA,NA,NA,NA,NA,NA,NA,NA,NA,NA,NA,NA,NA,NA
"Rufous-tailed Scrub-Robin","Cercotrichas galactotes","rutscr1","Passeriformes","Muscicapidae (Old World Flycatchers)",NA,NA,NA,NA,"Diurnal","Diurnal","Invertebrate","No","No","No","Non-endemic","Grassland & Scrub","Passage Migrant",NA,NA,NA,"Rufous-tailed Scrub-Robin","Cercotrichas galactotes","Rufous-tailed Scrub-robin","Cercotrichas galactotes","Least Concern","Schedule-II","","Appendix II",NA,"Rufous-tailed Scrub Robin","Cercotrichas galactotes","avibase-B68BD0D2",1,2.87,1,NA,1126,"","","",NA,NA,NA,NA,NA,NA,NA,NA,NA,NA,NA,NA,NA,NA,NA,NA,NA,NA,NA,NA,NA,NA,NA,NA,NA,NA,NA,NA,NA,NA,NA,NA,NA,NA,NA,NA,NA,NA,NA,NA,NA,NA,NA,NA,NA,NA,NA,NA,NA,NA
"Indian Robin","Copsychus fulicatus","indrob1","Passeriformes","Muscicapidae (Old World Flycatchers)",NA,NA,NA,NA,"Diurnal","Diurnal","Invertebrate","No","Yes","No","Indian Subcontinent","Non-specialized","Resident",NA,NA,NA,"Indian Robin","Copsychus fulicatus","Indian Robin","Copsychus fulicatus","Least Concern","Schedule-II","","",NA,"Indian Robin","Copsychus fulicatus","avibase-9006B4EF",1,2.7,4,0.818216055,1127,"","X","X",243,0.111111111111111,0.656893004115226,0.810699588477366,14.9423868312757,0.761094077341116,84.9040541034221,98.8665343936922,115.083154025054,81.9050099422266,97.3002456824366,115.594717145042,78.9567910693694,95.7670460021378,116.160162586825,76.077886644376,94.253752580116,116.771631137454,73.3049487182092,92.7833441908172,117.384973312848,70.6369717042938,91.304665351735,118.019218176598,68.0045556133389,89.85766094189,118.702933623426,65.5192865597114,88.4481128254051,119.503600572561,NA,NA,NA,NA,NA,NA,-4.09883877459025,-1.62042202386796,0.857994726854331,142103,142108,142113,"Insufficient Data","Stable",NA,"Low","Insufficient Data","Stable",NA,"Low"
"Oriental Magpie-Robin","Copsychus saularis","magrob","Passeriformes","Muscicapidae (Old World Flycatchers)",NA,NA,NA,NA,"Diurnal","Diurnal","Invertebrate","No","No","No","Non-endemic","Non-specialized","Resident",NA,NA,NA,"Oriental Magpie-Robin","Copsychus saularis","Oriental Magpie-robin","Copsychus saularis","Least Concern","Schedule-II","","",NA,"Oriental Magpie-Robin","Copsychus saularis","avibase-D112C938",1,3.33,3,0.318064476,1128,"X","X","X",237,0.113924050632911,0.630801687763713,0.763713080168776,15.042194092827,0.784020064191619,56.1070125012398,63.1324064379497,70.9433736922139,53.286701214278,60.9144355301906,69.5033936825953,50.6065416091308,58.7663220180661,68.1386261986354,48.0278374510889,56.6837231804619,66.8203756713439,45.5605854505004,54.6811185975197,65.5393905826809,43.2144017254643,52.7431661165519,64.2999766593599,41.0051661001345,50.8784419980516,63.0889050294094,38.8886936655849,49.0948792350868,61.894409261344,NA,NA,NA,50.892844587701,74.534628540467,103.097333724022,-10.0635591690349,-6.81826736059577,-3.57297555215662,138649,138652,138655,"Increase","Trend Inconclusive",NA,"Low","Stable","Decline",NA,"Low"
"White-rumped Shama","Copsychus malabaricus","whrsha","Passeriformes","Muscicapidae (Old World Flycatchers)",NA,NA,NA,NA,"Diurnal","Diurnal","Invertebrate","No","No","No","Non-endemic","Forest","Resident",NA,NA,NA,"White-rumped Shama","Copsychus malabaricus","White-rumped Shama","Copsychus malabaricus","Least Concern","Schedule-II","Appendix II","",NA,"White-rumped Shama","Copsychus malabaricus","avibase-0E5168F9",1,2.91,2,0.265613162,1129,"","X","X",70,0.0428571428571429,0.366071428571429,0.6,16.6571428571429,1.33112187619142,42.6562187331985,54.3093945474866,69.0859109809164,39.0906559104216,51.4787437355323,67.5797206684328,35.8797854620584,48.8023313994732,66.1965243832046,32.8444397836031,46.2293550258011,64.865460957056,30.060711431466,43.8121492262724,63.557672504935,27.51509598908,41.4837931356557,62.293486533469,25.16524054398,39.2995285483194,61.0638711709478,23.0317588152151,37.2642625150145,59.9728410910595,NA,NA,NA,NA,NA,NA,-7.1832818903766,-4.28044175524842,-1.37760162012025,54942,55017,55092,"Insufficient Data","Trend Inconclusive",NA,"Low","Insufficient Data","Trend Inconclusive",NA,"Low"
"Andaman Shama","Copsychus albiventris","andsha1","Passeriformes","Muscicapidae (Old World Flycatchers)",NA,NA,NA,NA,"Diurnal","Diurnal","Invertebrate","Yes","Yes","No","Andaman Islands","Forest & Plantation","Resident",NA,NA,1,"Andaman Shama","Copsychus albiventris","Andaman Shama","Copsychus albiventris","Least Concern","Schedule-II","","",NA,"Andaman Shama","Copsychus albiventris","avibase-D5038426",1,3.25,1,1,1130,"","","",NA,NA,NA,NA,NA,NA,NA,NA,NA,NA,NA,NA,NA,NA,NA,NA,NA,NA,NA,NA,NA,NA,NA,NA,NA,NA,NA,NA,NA,NA,NA,NA,NA,NA,NA,NA,NA,NA,NA,NA,NA,NA,NA,NA,NA,"Moderate",NA,NA,NA,NA
"White-tailed Flycatcher","Leucoptilon concretum","whtfly2","Passeriformes","Muscicapidae (Old World Flycatchers)",NA,NA,NA,NA,"Diurnal","Diurnal","Invertebrate","No","No","No","Non-endemic","Forest","Resident & Winter Migrant",NA,NA,NA,"White-tailed Flycatcher","Leucoptilon concretum","White-tailed Flycatcher","Cyornis concretus","Least Concern","Schedule-II","","",NA,"White-tailed Flycatcher","Leucoptilon concretum","avibase-63EF266B",1,4.11,1,0.033860556,1131,"","","",NA,NA,NA,NA,NA,NA,NA,NA,NA,NA,NA,NA,NA,NA,NA,NA,NA,NA,NA,NA,NA,NA,NA,NA,NA,NA,NA,NA,NA,NA,NA,NA,NA,NA,NA,NA,NA,NA,NA,NA,NA,NA,NA,NA,NA,NA,NA,NA,NA,NA
"Nilgiri Sholakili","Sholicola major","whbsho1","Passeriformes","Muscicapidae (Old World Flycatchers)",NA,NA,NA,NA,"Diurnal","Diurnal","Invertebrate","Yes","Yes","No","Western Ghats","Forest & Plantation","Resident",NA,NA,NA,"Nilgiri Sholakili","Sholicola major","Nilgiri Blue Sholakili","Sholicola major","Near Threatened","Schedule-I","","",NA,"Nilgiri Blue Robin","Sholicola major","avibase-26F04AA3",1,3.44,1,1,1132,"X","X","X",5,0.4,0.675,0.8,19.2,5.82749894894885,221.584065390017,282.365199711242,356.88143472707,236.129531142635,309.840281016487,404.857105978562,251.047186411612,339.988781310765,461.008952015185,266.86726577391,373.021169274773,520.311148438426,284.479571299731,409.619966830879,592.337819137118,302.463345734875,450.698016820359,673.633537592018,320.542733819499,494.986451815345,766.188155308875,340.881634132273,543.581332168115,872.297653147848,NA,NA,NA,1.483402366276,84.725203201781,488.241575879211,-93270.4052194388,10.273424347036,93290.9520681329,3682,3735,3788,"Trend Inconclusive","Trend Inconclusive",NA,"Moderate","Trend Inconclusive","Trend Inconclusive",NA,"High"
"White-bellied Sholakili","Sholicola albiventris","whbsho3","Passeriformes","Muscicapidae (Old World Flycatchers)",NA,NA,NA,NA,"Diurnal","Diurnal","Invertebrate","Yes","Yes","No","Western Ghats","Forest & Plantation","Resident",NA,NA,NA,"White-bellied Sholakili","Sholicola albiventris","White-bellied Sholakili","Sholicola albiventris","Near Threatened","Schedule-I","","",NA,"White-bellied Blue Robin","Sholicola albiventris","avibase-76F3C885",1,3.61,2,1,1133,"X","X","X",14,0.214285714285714,0.294642857142857,0.357142857142857,15.6428571428571,3.63274424770459,257.629916308236,606.922796912461,1437.86508589688,241.93950036481,640.978933596723,1710.93695628229,227.296378277016,675.154701297175,2032.29425972943,213.059646902895,714.94802551606,2407.57065283893,199.973648517508,757.715565971183,2858.32675798709,187.28431954538,802.100387667395,3419.50055495654,175.210737779414,848.072576901496,4078.8935592367,163.181815368397,895.889584278644,4895.1176315107,NA,NA,NA,-89.2386620142874,-75.9366644278422,-15.052844285887,-42030119.9360627,-0.0464570598198929,42030119.8431486,6262,6342,6422,"Trend Inconclusive","Trend Inconclusive",NA,"Moderate","Insufficient Data","Insufficient Data",NA,"High"
"Large Niltava","Niltava grandis","larnil1","Passeriformes","Muscicapidae (Old World Flycatchers)",NA,NA,NA,NA,"Diurnal","Diurnal","Omnivore","No","No","No","Non-endemic","Forest","Resident",NA,NA,NA,"Large Niltava","Niltava grandis","Large Niltava","Niltava grandis","Least Concern","Schedule-II","","Appendix II",NA,"Large Niltava","Niltava grandis","avibase-75234D1E",1,3.16,1,0.089263556,1134,"","","",NA,NA,NA,NA,NA,NA,NA,NA,NA,NA,NA,NA,NA,NA,NA,NA,NA,NA,NA,NA,NA,NA,NA,NA,NA,NA,NA,NA,NA,NA,NA,NA,NA,NA,NA,NA,NA,NA,NA,NA,NA,NA,NA,NA,NA,"Low",NA,NA,NA,NA
"Small Niltava","Niltava macgrigoriae","smanil1","Passeriformes","Muscicapidae (Old World Flycatchers)",NA,NA,NA,NA,"Diurnal","Diurnal","Invertebrate","No","No","No","Non-endemic","Forest & Plantation","Resident & Local Migrant",NA,NA,NA,"Small Niltava","Niltava macgrigoriae","Small Niltava","Niltava macgrigoriae","Least Concern","Schedule-II","","Appendix II",NA,"Small Niltava","Niltava macgrigoriae","avibase-AE0A8E40",1,2.58,2,0.151962629,1135,"","","",NA,NA,NA,NA,NA,NA,NA,NA,NA,NA,NA,NA,NA,NA,NA,NA,NA,NA,NA,NA,NA,NA,NA,NA,NA,NA,NA,NA,NA,NA,NA,NA,NA,NA,NA,NA,NA,NA,NA,NA,NA,NA,NA,NA,NA,"Low",NA,NA,NA,NA
"Rufous-bellied Niltava","Niltava sundara","rubnil1","Passeriformes","Muscicapidae (Old World Flycatchers)",NA,NA,NA,NA,"Diurnal","Diurnal","Invertebrate","No","No","No","Non-endemic","Forest","Resident & Altitudinal Migrant",NA,NA,NA,"Rufous-bellied Niltava","Niltava sundara","Rufous-bellied Niltava","Niltava sundara","Least Concern","Schedule-II","","Appendix II",NA,"Rufous-bellied Niltava","Niltava sundara","avibase-7FBCFF87",1,2.94,2,0.146063716,1136,"","","",NA,NA,NA,NA,NA,NA,NA,NA,NA,NA,NA,NA,NA,NA,NA,NA,NA,NA,NA,NA,NA,NA,NA,NA,NA,NA,NA,NA,NA,NA,NA,NA,NA,NA,NA,NA,NA,NA,NA,NA,NA,NA,NA,NA,NA,"Low",NA,NA,NA,NA
"Chinese Vivid Niltava","Niltava oatesi","vivnil2","Passeriformes","Muscicapidae (Old World Flycatchers)",NA,NA,NA,NA,"Diurnal","Diurnal","Invertebrate","No","No","No","Non-endemic","Forest","Summer Migrant & Localized Winter Migrant",NA,1,NA,"Chinese Vivid Niltava","Niltava oatesi","Large Vivid Niltava","Niltava oatesi","Least Concern","Schedule-II","","Appendix II",NA,"Chinese Vivid Niltava","Niltava oatesi","avibase-ACBC2BB0",1,3.25,1,0.1072162,1137,"","","",NA,NA,NA,NA,NA,NA,NA,NA,NA,NA,NA,NA,NA,NA,NA,NA,NA,NA,NA,NA,NA,NA,NA,NA,NA,NA,NA,NA,NA,NA,NA,NA,NA,NA,NA,NA,NA,NA,NA,NA,NA,NA,NA,NA,NA,NA,NA,NA,NA,NA
"Blue-and-white Flycatcher","Cyanoptila cyanomelana","bawfly2","Passeriformes","Muscicapidae (Old World Flycatchers)",NA,NA,NA,NA,"Diurnal","Diurnal","Invertebrate","No","No","No","Non-endemic","Forest & Plantation","Winter Migrant",NA,1,NA,"Blue-and-white Flycatcher","Cyanoptila cyanomelana","Blue-and-white Flycatcher","Cyanoptila cyanomelana","Least Concern","Schedule-II","","Appendix II",NA,"Blue-and-white Flycatcher","Cyanoptila cyanomelana","avibase-B7679B3F",1,2.88,1,NA,1138,"","","",NA,NA,NA,NA,NA,NA,NA,NA,NA,NA,NA,NA,NA,NA,NA,NA,NA,NA,NA,NA,NA,NA,NA,NA,NA,NA,NA,NA,NA,NA,NA,NA,NA,NA,NA,NA,NA,NA,NA,NA,NA,NA,NA,NA,NA,NA,NA,NA,NA,NA
"Zappey's Flycatcher","Cyanoptila cumatilis","zapfly1","Passeriformes","Muscicapidae (Old World Flycatchers)",NA,NA,NA,NA,"Diurnal","Diurnal","Invertebrate","No","No","No","Non-endemic","Forest & Plantation","Uncertain",NA,1,NA,"Zappey's Flycatcher","Cyanoptila cumatilis","Zappey's Flycatcher","Cyanoptila cumatilis","Near Threatened","Schedule-II","","Appendix II",NA,"Zappey's Flycatcher","Cyanoptila cumatilis","avibase-BC81D33B",NA,2.87,1,NA,1139,"","","",NA,NA,NA,NA,NA,NA,NA,NA,NA,NA,NA,NA,NA,NA,NA,NA,NA,NA,NA,NA,NA,NA,NA,NA,NA,NA,NA,NA,NA,NA,NA,NA,NA,NA,NA,NA,NA,NA,NA,NA,NA,NA,NA,NA,NA,NA,NA,NA,NA,NA
"Nilgiri Flycatcher","Eumyias albicaudatus","nilfly2","Passeriformes","Muscicapidae (Old World Flycatchers)",NA,NA,NA,NA,"Diurnal","Diurnal","Invertebrate","Yes","Yes","No","Western Ghats","Forest & Plantation","Resident",NA,NA,NA,"Nilgiri Flycatcher","Eumyias albicaudatus","Nilgiri Flycatcher","Eumyias albicaudatus","Least Concern","Schedule-II","","",NA,"Nilgiri Flycatcher","Eumyias albicaudatus","avibase-52FED114",1,2.96,1,1,1140,"","","X",26,0.461538461538462,0.572115384615385,0.692307692307692,17.1153846153846,2.67932661327277,NA,NA,NA,NA,NA,NA,NA,NA,NA,NA,NA,NA,NA,NA,NA,NA,NA,NA,NA,NA,NA,NA,NA,NA,NA,NA,NA,NA,NA,NA,NA,NA,NA,17745,17899,18053,"Insufficient Data","Insufficient Data",NA,"Moderate","Insufficient Data","Insufficient Data",NA,"Moderate"
"Verditer Flycatcher","Eumyias thalassinus","verfly4","Passeriformes","Muscicapidae (Old World Flycatchers)",NA,NA,NA,NA,"Diurnal","Diurnal","Invertebrate","No","No","No","Non-endemic","Forest & Plantation","Within-India Migrant & Winter Migrant",NA,NA,NA,"Verditer Flycatcher","Eumyias thalassinus","Verditer Flycatcher","Eumyias thalassinus","Least Concern","Schedule-II","","Appendix II",NA,"Verditer Flycatcher","Eumyias thalassinus","avibase-1DF0E856",1,2.89,1,0.259541756,1141,"","","X",53,0.132075471698113,0.346698113207547,0.433962264150943,18,1.50084949336756,NA,NA,NA,NA,NA,NA,NA,NA,NA,NA,NA,NA,NA,NA,NA,NA,NA,NA,NA,NA,NA,NA,NA,NA,NA,NA,NA,NA,NA,NA,NA,NA,NA,40125,40203,40281,"Insufficient Data","Insufficient Data",NA,"Low","Insufficient Data","Insufficient Data",NA,"Low"
"White-gorgeted Flycatcher","Anthipes monileger","whgfly1","Passeriformes","Muscicapidae (Old World Flycatchers)",NA,NA,NA,NA,"Diurnal","Diurnal","Invertebrate","No","No","No","Non-endemic","Forest","Resident & Altitudinal Migrant",1,NA,NA,"White-gorgeted Flycatcher","Anthipes monileger","White-gorgeted Flycatcher","Anthipes monileger","Least Concern","Schedule-II","","",NA,"White-gorgeted Flycatcher","Anthipes monileger","avibase-03E8C346",1,2.53,2,0.147279119,1142,"","","",NA,NA,NA,NA,NA,NA,NA,NA,NA,NA,NA,NA,NA,NA,NA,NA,NA,NA,NA,NA,NA,NA,NA,NA,NA,NA,NA,NA,NA,NA,NA,NA,NA,NA,NA,NA,NA,NA,NA,NA,NA,NA,NA,NA,NA,"Moderate",NA,NA,NA,NA
"Hainan Blue Flycatcher","Cyornis hainanus","habfly1","Passeriformes","Muscicapidae (Old World Flycatchers)",NA,NA,NA,NA,"Diurnal","Diurnal","Invertebrate","No","No","No","Non-endemic","Forest & Plantation","Summer Migrant & Localized Winter Migrant",NA,NA,NA,"Hainan Blue Flycatcher","Cyornis hainanus","Hainan Blue Flycatcher","Cyornis hainanus","Least Concern","Schedule-II","","",NA,"Hainan Blue Flycatcher","Cyornis hainanus","avibase-1326E292",1,3.27,1,NA,1143,"","","",NA,NA,NA,NA,NA,NA,NA,NA,NA,NA,NA,NA,NA,NA,NA,NA,NA,NA,NA,NA,NA,NA,NA,NA,NA,NA,NA,NA,NA,NA,NA,NA,NA,NA,NA,NA,NA,NA,NA,NA,NA,NA,NA,NA,NA,NA,NA,NA,NA,NA
"White-bellied Blue Flycatcher","Cyornis pallidipes","wbbfly1","Passeriformes","Muscicapidae (Old World Flycatchers)",NA,NA,NA,NA,"Diurnal","Diurnal","Invertebrate","Yes","Yes","No","Western Ghats","Forest","Resident",NA,NA,NA,"White-bellied Blue Flycatcher","Cyornis pallidipes","White-bellied Blue Flycatcher","Cyornis pallidipes","Least Concern","Schedule-II","","",NA,"White-bellied Blue Flycatcher","Cyornis pallidipes","avibase-C29DEB80",1,2.74,1,1,1144,"","","X",23,0.304347826086957,0.364130434782609,0.608695652173913,17.304347826087,2.83531976772554,NA,NA,NA,NA,NA,NA,NA,NA,NA,NA,NA,NA,NA,NA,NA,NA,NA,NA,NA,NA,NA,NA,NA,NA,NA,NA,NA,NA,NA,NA,NA,NA,NA,15052,15149,15246,"Insufficient Data","Insufficient Data",NA,"Moderate","Insufficient Data","Insufficient Data",NA,"Moderate"
"Pale-chinned Flycatcher","Cyornis poliogenys","pacblf1","Passeriformes","Muscicapidae (Old World Flycatchers)",NA,NA,NA,NA,"Diurnal","Diurnal","Invertebrate","No","No","No","Non-endemic","Forest","Resident",NA,NA,NA,"Pale-chinned Flycatcher","Cyornis poliogenys","Pale-chinned Flycatcher","Cyornis poliogenys","Least Concern","Schedule-II","","",NA,"Pale-chinned Flycatcher","Cyornis poliogenys","avibase-786EFC15",1,3.23,3,0.492354051,1145,"","","",NA,NA,NA,NA,NA,NA,NA,NA,NA,NA,NA,NA,NA,NA,NA,NA,NA,NA,NA,NA,NA,NA,NA,NA,NA,NA,NA,NA,NA,NA,NA,NA,NA,NA,NA,NA,NA,NA,NA,NA,NA,NA,NA,NA,NA,"Low",NA,NA,NA,NA
"Pale Blue Flycatcher","Cyornis unicolor","pabfly2","Passeriformes","Muscicapidae (Old World Flycatchers)",NA,NA,NA,NA,"Diurnal","Diurnal","Invertebrate","No","No","No","Non-endemic","Forest","Resident & Altitudinal Migrant",NA,NA,NA,"Pale Blue Flycatcher","Cyornis unicolor","Pale Blue Flycatcher","Cyornis unicolor","Least Concern","Schedule-II","","Appendix II",NA,"Pale Blue Flycatcher","Cyornis unicolor","avibase-480F2C3C",1,2.79,1,0.083479012,1146,"","","",NA,NA,NA,NA,NA,NA,NA,NA,NA,NA,NA,NA,NA,NA,NA,NA,NA,NA,NA,NA,NA,NA,NA,NA,NA,NA,NA,NA,NA,NA,NA,NA,NA,NA,NA,NA,NA,NA,NA,NA,NA,NA,NA,NA,NA,NA,NA,NA,NA,NA
"Blue-throated Flycatcher","Cyornis rubeculoides","butfly1","Passeriformes","Muscicapidae (Old World Flycatchers)",NA,NA,NA,NA,"Diurnal","Diurnal","Invertebrate","No","No","No","Non-endemic","Forest & Plantation","Within-India Migrant",NA,NA,NA,"Blue-throated Flycatcher","Cyornis rubeculoides","Blue-throated Blue Flycatcher","Cyornis rubeculoides","Least Concern","Schedule-II","","Appendix II",NA,"Blue-throated Blue Flycatcher","Cyornis rubeculoides","avibase-7CB43266",1,2.67,2,0.564572381,1147,"","X","X",94,0.0425531914893617,0.299202127659574,0.48936170212766,17.3191489361702,1.07513667300378,38.5722643839698,53.9087002427754,75.6839931709381,34.6318153912294,50.6620380369256,74.309409043676,31.0587350368377,47.5667753703778,72.9770421303512,27.8288975149701,44.6097165226139,71.6736566878237,24.9533313900912,41.9631371786086,70.5678211513078,22.320794796152,39.517524633594,69.4180927151076,19.9952610535056,37.1053859134808,68.4157864497257,17.8837483155105,34.8316259976645,67.4515754191913,NA,NA,NA,NA,NA,NA,-9.67171454691248,-5.31712951437601,-0.962544481839533,42331,42331,42331,"Insufficient Data","Trend Inconclusive",NA,"Moderate","Insufficient Data","Trend Inconclusive",NA,"Low"
"Large Blue Flycatcher","Cyornis magnirostris","larblf1","Passeriformes","Muscicapidae (Old World Flycatchers)",NA,NA,NA,NA,"Diurnal","Diurnal","Invertebrate","No","No","No","Non-endemic","Forest","Summer Migrant",1,NA,NA,"Large Blue Flycatcher","Cyornis magnirostris","Large Blue Flycatcher","Cyornis magnirostris","Near Threatened","Schedule-I","","Appendix II",NA,"Large Blue Flycatcher","Cyornis magnirostris","avibase-F18BBB65",1,2.72,1,0.235220692,1148,"","","",NA,NA,NA,NA,NA,NA,NA,NA,NA,NA,NA,NA,NA,NA,NA,NA,NA,NA,NA,NA,NA,NA,NA,NA,NA,NA,NA,NA,NA,NA,NA,NA,NA,NA,NA,NA,NA,NA,NA,NA,NA,NA,NA,NA,NA,"Moderate",NA,NA,NA,NA
"Hill Blue Flycatcher","Cyornis whitei","hibfly1","Passeriformes","Muscicapidae (Old World Flycatchers)",NA,NA,NA,NA,"Diurnal","Diurnal","Invertebrate","No","No","No","Non-endemic","Forest","Summer Migrant & Localized Winter Migrant",NA,NA,NA,"Hill Blue Flycatcher","Cyornis whitei","Hill Blue Flycatcher","Cyornis whitei","Least Concern","Schedule-II","","Appendix II",NA,"Hill Blue Flycatcher","Cyornis whitei","avibase-869DE48B",1,2.56,1,0.051559296,1149,"","","",NA,NA,NA,NA,NA,NA,NA,NA,NA,NA,NA,NA,NA,NA,NA,NA,NA,NA,NA,NA,NA,NA,NA,NA,NA,NA,NA,NA,NA,NA,NA,NA,NA,NA,NA,NA,NA,NA,NA,NA,NA,NA,NA,NA,NA,NA,NA,NA,NA,NA
"Tickell's Blue Flycatcher","Cyornis tickelliae","tibfly3","Passeriformes","Muscicapidae (Old World Flycatchers)",NA,NA,NA,NA,"Diurnal","Diurnal","Invertebrate","No","Yes","No","Indian Subcontinent","Forest & Plantation","Resident",NA,NA,NA,"Tickell's Blue Flycatcher","Cyornis tickelliae","Tickell's Blue Flycatcher","Cyornis tickelliae","Least Concern","Schedule-II","","Appendix II",NA,"Tickell's Blue Flycatcher","Cyornis tickelliae","avibase-0EA33C18",1,2.75,1,0.954433808,1150,"","X","X",90,0.0888888888888889,0.454166666666667,0.622222222222222,16.3666666666667,1.33515058930813,123.939762774129,139.923220673848,158.448099036786,123.949848517044,142.25728859464,163.655790319998,123.898035853504,144.814935065595,169.049043485638,123.73146263347,147.238871534115,174.765080795512,123.576841835212,149.709531678078,180.720201016743,123.555673970983,152.2095622653,186.931803215636,123.444447418673,154.820698385143,193.353833621526,123.145425363124,157.351921315041,200.015875959855,NA,NA,NA,NA,NA,NA,-0.413147648104104,1.92884747232179,4.27084259274769,66929,66972,67015,"Insufficient Data","Stable",NA,"Low","Insufficient Data","Stable",NA,"Low"
"Nicobar Jungle Flycatcher","Cyornis nicobaricus","nicjuf1","Passeriformes","Muscicapidae (Old World Flycatchers)",NA,NA,NA,NA,"Diurnal","Diurnal","Invertebrate","Yes","Yes","No","Nicobar Islands","Forest","Resident",NA,NA,1,"Nicobar Jungle Flycatcher","Cyornis nicobaricus","Nicobar Jungle-flycatcher","Cyornis nicobaricus","Near Threatened","Schedule-II","","",NA,"Nicobar Jungle Flycatcher","Cyornis nicobaricus","avibase-383E7A61",1,2.96,1,1,1151,"","","",NA,NA,NA,NA,NA,NA,NA,NA,NA,NA,NA,NA,NA,NA,NA,NA,NA,NA,NA,NA,NA,NA,NA,NA,NA,NA,NA,NA,NA,NA,NA,NA,NA,NA,NA,NA,NA,NA,NA,NA,NA,NA,NA,NA,NA,"Moderate",NA,NA,NA,NA
"Rusty-bellied Shortwing","Brachypteryx hyperythra","rubsho1","Passeriformes","Muscicapidae (Old World Flycatchers)",NA,NA,NA,NA,"Diurnal","Diurnal","Invertebrate","No","No","Yes","Eastern Himalayas","Forest","Resident & Local Migrant",NA,NA,NA,"Rusty-bellied Shortwing","Brachypteryx hyperythra","Rusty-bellied Shortwing","Brachypteryx hyperythra","Near Threatened","Schedule-II","","Appendix II",NA,"Rusty-bellied Shortwing","Brachypteryx hyperythra","avibase-E1BA4929",1,4.3,1,0.480028239,1152,"","","",NA,NA,NA,NA,NA,NA,NA,NA,NA,NA,NA,NA,NA,NA,NA,NA,NA,NA,NA,NA,NA,NA,NA,NA,NA,NA,NA,NA,NA,NA,NA,NA,NA,NA,NA,NA,NA,NA,NA,NA,NA,NA,NA,NA,NA,"Moderate",NA,NA,NA,NA
"Lesser Shortwing","Brachypteryx leucophris","lessho1","Passeriformes","Muscicapidae (Old World Flycatchers)",NA,NA,NA,NA,"Diurnal","Diurnal","Invertebrate","No","No","No","Non-endemic","Forest","Resident & Altitudinal Migrant",NA,NA,NA,"Lesser Shortwing","Brachypteryx leucophris","Lesser Shortwing","Brachypteryx leucophris","Least Concern","Schedule-II","","",NA,"Lesser Shortwing","Brachypteryx leucophris","avibase-26ACC9A5",1,2.92,2,0.068356796,1153,"","","",NA,NA,NA,NA,NA,NA,NA,NA,NA,NA,NA,NA,NA,NA,NA,NA,NA,NA,NA,NA,NA,NA,NA,NA,NA,NA,NA,NA,NA,NA,NA,NA,NA,NA,NA,NA,NA,NA,NA,NA,NA,NA,NA,NA,NA,"Low",NA,NA,NA,NA
"Himalayan Shortwing","Brachypteryx cruralis","whbsho4","Passeriformes","Muscicapidae (Old World Flycatchers)",NA,NA,NA,NA,"Diurnal","Diurnal","Invertebrate","No","No","No","Non-endemic","Forest","Resident & Altitudinal Migrant",1,NA,NA,"Himalayan Shortwing","Brachypteryx cruralis","Himalayan Shortwing","Brachypteryx cruralis","Least Concern","Schedule-II","","",NA,"Himalayan Shortwing","Brachypteryx cruralis","avibase-0C0078A7",1,3,1,0.116221467,1154,"","","",NA,NA,NA,NA,NA,NA,NA,NA,NA,NA,NA,NA,NA,NA,NA,NA,NA,NA,NA,NA,NA,NA,NA,NA,NA,NA,NA,NA,NA,NA,NA,NA,NA,NA,NA,NA,NA,NA,NA,NA,NA,NA,NA,NA,NA,"Moderate",NA,NA,NA,NA
"Gould's Shortwing","Heteroxenicus stellatus","gousho1","Passeriformes","Muscicapidae (Old World Flycatchers)",NA,NA,NA,NA,"Diurnal","Diurnal","Omnivore","No","No","Yes","Eastern Himalayas","Forest","Resident & Altitudinal Migrant",NA,NA,NA,"Gould's Shortwing","Heteroxenicus stellatus","Gould's Shortwing","Heteroxenicus stellatus","Least Concern","Schedule-II","","",NA,"Gould's Shortwing","Heteroxenicus stellatus","avibase-5D15D786",1,3.13,1,0.201172358,1155,"","","",NA,NA,NA,NA,NA,NA,NA,NA,NA,NA,NA,NA,NA,NA,NA,NA,NA,NA,NA,NA,NA,NA,NA,NA,NA,NA,NA,NA,NA,NA,NA,NA,NA,NA,NA,NA,NA,NA,NA,NA,NA,NA,NA,NA,NA,"Moderate",NA,NA,NA,NA
"Indian Blue Robin","Larvivora brunnea","inbrob1","Passeriformes","Muscicapidae (Old World Flycatchers)",NA,NA,NA,NA,"Diurnal","Diurnal","Invertebrate","No","No","No","Non-endemic","Forest & Plantation","Within-India Migrant & Winter Migrant",1,NA,NA,"Indian Blue Robin","Larvivora brunnea","Indian Blue Robin","Larvivora brunnea","Least Concern","Schedule-II","","Appendix II",NA,"Indian Blue Robin","Larvivora brunnea","avibase-43B60493",1,2.93,1,0.617434338,1156,"","","X",45,0.2,0.352777777777778,0.533333333333333,18.1555555555556,1.97278300634496,NA,NA,NA,NA,NA,NA,NA,NA,NA,NA,NA,NA,NA,NA,NA,NA,NA,NA,NA,NA,NA,NA,NA,NA,NA,NA,NA,NA,NA,NA,NA,NA,NA,29646,29646,29646,"Insufficient Data","Insufficient Data",NA,"Moderate","Insufficient Data","Insufficient Data",NA,"Low"
"Siberian Blue Robin","Larvivora cyane","sibrob","Passeriformes","Muscicapidae (Old World Flycatchers)",NA,NA,NA,NA,"Diurnal","Diurnal","Invertebrate","No","No","No","Non-endemic","Forest","Winter Migrant",NA,NA,NA,"Siberian Blue Robin","Larvivora cyane","Siberian Blue Robin","Larvivora cyane","Least Concern","Schedule-II","","Appendix II",NA,"Siberian Blue Robin","Larvivora cyane","avibase-A8AA7E19",1,2.83,1,5.51e-05,1157,"","","",NA,NA,NA,NA,NA,NA,NA,NA,NA,NA,NA,NA,NA,NA,NA,NA,NA,NA,NA,NA,NA,NA,NA,NA,NA,NA,NA,NA,NA,NA,NA,NA,NA,NA,NA,NA,NA,NA,NA,NA,NA,NA,NA,NA,NA,NA,NA,NA,NA,NA
"White-bellied Redstart","Luscinia phaenicuroides","whbred1","Passeriformes","Muscicapidae (Old World Flycatchers)",NA,NA,NA,NA,"Diurnal","Diurnal","Invertebrate","No","No","No","Non-endemic","Alpine & Cold Desert","Altitudinal Migrant",1,NA,NA,"White-bellied Redstart","Luscinia phaenicuroides","White-bellied Redstart","Luscinia phaenicuroides","Least Concern","Schedule-II","","Appendix II",NA,"White-bellied Redstart","Luscinia phaenicuroides","avibase-789DEC69",1,2.85,1,0.083353038,1158,"","","",NA,NA,NA,NA,NA,NA,NA,NA,NA,NA,NA,NA,NA,NA,NA,NA,NA,NA,NA,NA,NA,NA,NA,NA,NA,NA,NA,NA,NA,NA,NA,NA,NA,NA,NA,NA,NA,NA,NA,NA,NA,NA,NA,NA,NA,"Moderate",NA,NA,NA,NA
"Bluethroat","Luscinia svecica","blueth","Passeriformes","Muscicapidae (Old World Flycatchers)",NA,NA,NA,NA,"Diurnal","Diurnal","Invertebrate","No","No","No","Non-endemic","Wetland","Winter Migrant & Localized Summer Migrant",NA,NA,NA,"Bluethroat","Luscinia svecica","Bluethroat","Luscinia svecica","Least Concern","Schedule-II","","Appendix II",NA,"Bluethroat","Luscinia svecica","avibase-AFD6FD81",1,2.44,4,0.049031162,1159,"","","X",10,NA,0.3,0.4,21.5,1.83049962821326,NA,NA,NA,NA,NA,NA,NA,NA,NA,NA,NA,NA,NA,NA,NA,NA,NA,NA,NA,NA,NA,NA,NA,NA,NA,NA,NA,NA,NA,NA,NA,NA,NA,8962,9030,9098,"Insufficient Data","Insufficient Data",NA,"Low","Insufficient Data","Insufficient Data",NA,"Low"
"Malabar Whistling-Thrush","Myophonus horsfieldii","mawthr1","Passeriformes","Muscicapidae (Old World Flycatchers)",NA,NA,NA,NA,"Diurnal","Diurnal","Invertebrate","Yes","Yes","No","Mainland India","Non-specialized","Resident & Local Migrant",NA,NA,NA,"Malabar Whistling-Thrush","Myophonus horsfieldii","Malabar Whistling-thrush","Myophonus horsfieldii","Least Concern","Schedule-II","","",NA,"Malabar Whistling Thrush","Myophonus horsfieldii","avibase-1C4DA989",1,4.99,1,1,1160,"","X","X",42,0.261904761904762,0.595238095238095,0.69047619047619,16.3095238095238,2.14425279624408,82.1189501273935,93.8465769322548,107.404384902375,80.5173785295503,93.8132211382848,109.170588894175,78.9123093939946,93.6037546194799,111.040227155868,77.3166174538451,93.4059996610004,112.827525022623,75.6444760429575,93.2644673289334,114.737834005901,74.1053314907685,93.1218464555527,116.552720283649,72.5854814593038,92.9294308599291,118.635771696484,71.0722627804816,92.745929457982,120.931399716877,NA,NA,NA,NA,NA,NA,-2.15000310689189,-0.155382031054828,1.83923904478223,25981,26036,26091,"Insufficient Data","Stable",NA,"Moderate","Insufficient Data","Trend Inconclusive",NA,"Low"
"Blue Whistling-Thrush","Myophonus caeruleus","blwthr1","Passeriformes","Muscicapidae (Old World Flycatchers)",NA,NA,NA,NA,"Diurnal","Diurnal","Invertebrate","No","No","No","Non-endemic","Non-specialized","Resident & Altitudinal Migrant",NA,NA,NA,"Blue Whistling-Thrush","Myophonus caeruleus","Blue Whistling-thrush","Myophonus caeruleus","Least Concern","Schedule-II","","Appendix II",NA,"Blue Whistling Thrush","Myophonus caeruleus","avibase-DE6C227D",1,4.65,2,0.054769003,1161,"","","",NA,NA,NA,NA,NA,NA,NA,NA,NA,NA,NA,NA,NA,NA,NA,NA,NA,NA,NA,NA,NA,NA,NA,NA,NA,NA,NA,NA,NA,NA,NA,NA,NA,NA,NA,NA,NA,NA,NA,NA,NA,NA,NA,NA,NA,"Low",NA,NA,NA,NA
"Little Forktail","Enicurus scouleri","litfor1","Passeriformes","Muscicapidae (Old World Flycatchers)",NA,NA,NA,NA,"Diurnal","Diurnal","Invertebrate","No","No","No","Non-endemic","Forest","Resident & Altitudinal Migrant",NA,NA,NA,"Little Forktail","Enicurus scouleri","Little Forktail","Enicurus scouleri","Least Concern","Schedule-II","","Appendix II",NA,"Little Forktail","Enicurus scouleri","avibase-92454493",1,3,1,0.073251073,1162,"","","",NA,NA,NA,NA,NA,NA,NA,NA,NA,NA,NA,NA,NA,NA,NA,NA,NA,NA,NA,NA,NA,NA,NA,NA,NA,NA,NA,NA,NA,NA,NA,NA,NA,NA,NA,NA,NA,NA,NA,NA,NA,NA,NA,NA,NA,"Moderate",NA,NA,NA,NA
"White-crowned Forktail","Enicurus leschenaulti","whcfor1","Passeriformes","Muscicapidae (Old World Flycatchers)",NA,NA,NA,NA,"Diurnal","Diurnal","Invertebrate","No","No","No","Non-endemic","Forest","Winter Migrant",NA,NA,NA,"White-crowned Forktail","Enicurus leschenaulti","White-crowned Forktail","Enicurus leschenaulti","Least Concern","Schedule-II","","Appendix II",NA,"White-crowned Forktail","Enicurus leschenaulti","avibase-FC7AF7E6",1,3.42,1,0.03611558,1163,"","","",NA,NA,NA,NA,NA,NA,NA,NA,NA,NA,NA,NA,NA,NA,NA,NA,NA,NA,NA,NA,NA,NA,NA,NA,NA,NA,NA,NA,NA,NA,NA,NA,NA,NA,NA,NA,NA,NA,NA,NA,NA,NA,NA,NA,NA,NA,NA,NA,NA,NA
"Spotted Forktail","Enicurus maculatus","spofor1","Passeriformes","Muscicapidae (Old World Flycatchers)",NA,NA,NA,NA,"Diurnal","Diurnal","Invertebrate","No","No","No","Non-endemic","Forest","Resident & Altitudinal Migrant",NA,NA,NA,"Spotted Forktail","Enicurus maculatus","Spotted Forktail","Enicurus maculatus","Least Concern","Schedule-II","","",NA,"Spotted Forktail","Enicurus maculatus","avibase-94160C77",1,3.48,2,0.145727821,1164,"","","",NA,NA,NA,NA,NA,NA,NA,NA,NA,NA,NA,NA,NA,NA,NA,NA,NA,NA,NA,NA,NA,NA,NA,NA,NA,NA,NA,NA,NA,NA,NA,NA,NA,NA,NA,NA,NA,NA,NA,NA,NA,NA,NA,NA,NA,"Low",NA,NA,NA,NA
"Black-backed Forktail","Enicurus immaculatus","blbfor1","Passeriformes","Muscicapidae (Old World Flycatchers)",NA,NA,NA,NA,"Diurnal","Diurnal","Invertebrate","No","No","No","Non-endemic","Forest","Resident",NA,NA,NA,"Black-backed Forktail","Enicurus immaculatus","Black-backed Forktail","Enicurus immaculatus","Least Concern","Schedule-II","","",NA,"Black-backed Forktail","Enicurus immaculatus","avibase-7520AC01",1,3.29,1,0.264553279,1165,"","","",NA,NA,NA,NA,NA,NA,NA,NA,NA,NA,NA,NA,NA,NA,NA,NA,NA,NA,NA,NA,NA,NA,NA,NA,NA,NA,NA,NA,NA,NA,NA,NA,NA,NA,NA,NA,NA,NA,NA,NA,NA,NA,NA,NA,NA,"Low",NA,NA,NA,NA
"Slaty-backed Forktail","Enicurus schistaceus","slbfor1","Passeriformes","Muscicapidae (Old World Flycatchers)",NA,NA,NA,NA,"Diurnal","Diurnal","Invertebrate","No","No","No","Non-endemic","Forest","Resident & Altitudinal Migrant",NA,NA,NA,"Slaty-backed Forktail","Enicurus schistaceus","Slaty-backed Forktail","Enicurus schistaceus","Least Concern","Schedule-II","","",NA,"Slaty-backed Forktail","Enicurus schistaceus","avibase-B04A5C77",1,3.46,1,0.063381557,1166,"","","",NA,NA,NA,NA,NA,NA,NA,NA,NA,NA,NA,NA,NA,NA,NA,NA,NA,NA,NA,NA,NA,NA,NA,NA,NA,NA,NA,NA,NA,NA,NA,NA,NA,NA,NA,NA,NA,NA,NA,NA,NA,NA,NA,NA,NA,"Low",NA,NA,NA,NA
"Firethroat","Calliope pectardens","fireth1","Passeriformes","Muscicapidae (Old World Flycatchers)",NA,NA,NA,NA,"Diurnal","Diurnal","Invertebrate","No","No","No","Non-endemic","Non-specialized","Passage Migrant",NA,1,NA,"Firethroat","Calliope pectardens","Firethroat","Calliope pectardens","Near Threatened","Schedule-II","","Appendix II",NA,"Firethroat","Calliope pectardens","avibase-AD2D6B14",NA,2.98,1,0.16632069,1167,"","","",NA,NA,NA,NA,NA,NA,NA,NA,NA,NA,NA,NA,NA,NA,NA,NA,NA,NA,NA,NA,NA,NA,NA,NA,NA,NA,NA,NA,NA,NA,NA,NA,NA,NA,NA,NA,NA,NA,NA,NA,NA,NA,NA,NA,NA,NA,NA,NA,NA,NA
"Siberian Rubythroat","Calliope calliope","sibrub","Passeriformes","Muscicapidae (Old World Flycatchers)",NA,NA,NA,NA,"Diurnal","Diurnal","Invertebrate","No","No","No","Non-endemic","Wetland","Winter Migrant",NA,NA,NA,"Siberian Rubythroat","Calliope calliope","Siberian Rubythroat","Calliope calliope","Least Concern","Schedule-II","","Appendix II",NA,"Siberian Rubythroat","Calliope calliope","avibase-786B0F98",1,2.82,1,0.041666429,1168,"","","",NA,NA,NA,NA,NA,NA,NA,NA,NA,NA,NA,NA,NA,NA,NA,NA,NA,NA,NA,NA,NA,NA,NA,NA,NA,NA,NA,NA,NA,NA,NA,NA,NA,NA,NA,NA,NA,NA,NA,NA,NA,NA,NA,NA,NA,"Low",NA,NA,NA,NA
"Himalayan Rubythroat","Calliope pectoralis","himrub1","Passeriformes","Muscicapidae (Old World Flycatchers)",NA,NA,NA,NA,"Diurnal","Diurnal","Invertebrate","No","No","No","Non-endemic","Grassland & Scrub","Local Migrant",1,NA,NA,"Himalayan Rubythroat","Calliope pectoralis","Himalayan Rubythroat","Calliope pectoralis","Least Concern","Schedule-II","","Appendix II",NA,"Himalayan Rubythroat","Calliope pectoralis","avibase-95418926",1,3.19,2,0.093149886,1169,"","","",NA,NA,NA,NA,NA,NA,NA,NA,NA,NA,NA,NA,NA,NA,NA,NA,NA,NA,NA,NA,NA,NA,NA,NA,NA,NA,NA,NA,NA,NA,NA,NA,NA,NA,NA,NA,NA,NA,NA,NA,NA,NA,NA,NA,NA,"Low",NA,NA,NA,NA
"Chinese Rubythroat","Calliope tschebaiewi","chirub1","Passeriformes","Muscicapidae (Old World Flycatchers)",NA,NA,NA,NA,"Diurnal","Diurnal","Invertebrate","No","No","No","Non-endemic","Grassland","Winter Migrant & Localized Summer Migrant",1,NA,NA,"Chinese Rubythroat","Calliope tschebaiewi","Chinese Rubythroat","Calliope tschebaiewi","Least Concern","Schedule-I","","Appendix II",NA,"Chinese Rubythroat","Calliope tschebaiewi","avibase-157C8A98",1,3.08,1,0.081389105,1170,"","","",NA,NA,NA,NA,NA,NA,NA,NA,NA,NA,NA,NA,NA,NA,NA,NA,NA,NA,NA,NA,NA,NA,NA,NA,NA,NA,NA,NA,NA,NA,NA,NA,NA,NA,NA,NA,NA,NA,NA,NA,NA,NA,NA,NA,NA,"Moderate",NA,NA,NA,NA
"White-tailed Robin","Myiomela leucura","whtrob2","Passeriformes","Muscicapidae (Old World Flycatchers)",NA,NA,NA,NA,"Diurnal","Diurnal","Invertebrate","No","No","No","Non-endemic","Forest","Resident & Local Migrant",NA,NA,NA,"White-tailed Robin","Myiomela leucura","White-tailed Blue Robin","Myiomela leucura","Least Concern","Schedule-II","","",NA,"White-tailed Robin","Myiomela leucura","avibase-AFE66C21",1,3.18,1,0.056496356,1171,"","","",NA,NA,NA,NA,NA,NA,NA,NA,NA,NA,NA,NA,NA,NA,NA,NA,NA,NA,NA,NA,NA,NA,NA,NA,NA,NA,NA,NA,NA,NA,NA,NA,NA,NA,NA,NA,NA,NA,NA,NA,NA,NA,NA,NA,NA,"Low",NA,NA,NA,NA
"Blue-fronted Robin","Cinclidium frontale","blfrob1","Passeriformes","Muscicapidae (Old World Flycatchers)",NA,NA,NA,NA,"Diurnal","Diurnal","Invertebrate","No","No","No","Non-endemic","Forest","Resident & Altitudinal Migrant",1,NA,NA,"Blue-fronted Robin","Cinclidium frontale","Blue-fronted Robin","Cinclidium frontale","Least Concern","Schedule-II","","Appendix II",NA,"Blue-fronted Robin","Cinclidium frontale","avibase-858C33DD",1,3.21,2,0.086568676,1172,"","","",NA,NA,NA,NA,NA,NA,NA,NA,NA,NA,NA,NA,NA,NA,NA,NA,NA,NA,NA,NA,NA,NA,NA,NA,NA,NA,NA,NA,NA,NA,NA,NA,NA,NA,NA,NA,NA,NA,NA,NA,NA,NA,NA,NA,NA,"Moderate",NA,NA,NA,NA
"Red-flanked Bluetail","Tarsiger cyanurus","refblu1","Passeriformes","Muscicapidae (Old World Flycatchers)",NA,NA,NA,NA,"Diurnal","Diurnal","Invertebrate","No","No","No","Non-endemic","Forest","Winter Migrant",NA,1,NA,"Red-flanked Bluetail","Tarsiger cyanurus","Orange-flanked Bush-robin","Tarsiger cyanurus","Least Concern","Schedule-II","","Appendix II",NA,"Red-flanked Bluetail","Tarsiger cyanurus","avibase-E54B8DEE",NA,2.61,1,NA,1173,"","","",NA,NA,NA,NA,NA,NA,NA,NA,NA,NA,NA,NA,NA,NA,NA,NA,NA,NA,NA,NA,NA,NA,NA,NA,NA,NA,NA,NA,NA,NA,NA,NA,NA,NA,NA,NA,NA,NA,NA,NA,NA,NA,NA,NA,NA,NA,NA,NA,NA,NA
"Himalayan Bluetail","Tarsiger rufilatus","himblu1","Passeriformes","Muscicapidae (Old World Flycatchers)",NA,NA,NA,NA,"Diurnal","Diurnal","Invertebrate","No","No","No","Non-endemic","Forest","Resident & Local Migrant",NA,NA,NA,"Himalayan Bluetail","Tarsiger rufilatus","Himalayan Bush-robin","Tarsiger rufilatus","Least Concern","Schedule-II","","Appendix II",NA,"Himalayan Bluetail","Tarsiger rufilatus","avibase-EBC83ABE",1,2.78,2,0.115149036,1174,"","","",NA,NA,NA,NA,NA,NA,NA,NA,NA,NA,NA,NA,NA,NA,NA,NA,NA,NA,NA,NA,NA,NA,NA,NA,NA,NA,NA,NA,NA,NA,NA,NA,NA,NA,NA,NA,NA,NA,NA,NA,NA,NA,NA,NA,NA,"Moderate",NA,NA,NA,NA
"Rufous-breasted Bush-Robin","Tarsiger hyperythrus","rbbrob1","Passeriformes","Muscicapidae (Old World Flycatchers)",NA,NA,NA,NA,"Diurnal","Diurnal","Invertebrate","No","No","Yes","Himalayas","Forest","Resident & Altitudinal Migrant",NA,NA,NA,"Rufous-breasted Bush-Robin","Tarsiger hyperythrus","Rufous-breasted Bush-robin","Tarsiger hyperythrus","Least Concern","Schedule-II","","",NA,"Rufous-breasted Bush Robin","Tarsiger hyperythrus","avibase-40EF82DE",1,2.68,1,0.288870851,1175,"","","",NA,NA,NA,NA,NA,NA,NA,NA,NA,NA,NA,NA,NA,NA,NA,NA,NA,NA,NA,NA,NA,NA,NA,NA,NA,NA,NA,NA,NA,NA,NA,NA,NA,NA,NA,NA,NA,NA,NA,NA,NA,NA,NA,NA,NA,"Moderate",NA,NA,NA,NA
"White-browed Bush-Robin","Tarsiger indicus","wbbrob1","Passeriformes","Muscicapidae (Old World Flycatchers)",NA,NA,NA,NA,"Diurnal","Diurnal","Invertebrate","No","No","No","Non-endemic","Forest","Resident & Altitudinal Migrant",1,NA,NA,"White-browed Bush-Robin","Tarsiger indicus","White-browed Bush-robin","Tarsiger indicus","Least Concern","Schedule-II","","",NA,"White-browed Bush Robin","Tarsiger indicus","avibase-148357B5",1,2.94,1,0.11704966,1176,"","","",NA,NA,NA,NA,NA,NA,NA,NA,NA,NA,NA,NA,NA,NA,NA,NA,NA,NA,NA,NA,NA,NA,NA,NA,NA,NA,NA,NA,NA,NA,NA,NA,NA,NA,NA,NA,NA,NA,NA,NA,NA,NA,NA,NA,NA,"Moderate",NA,NA,NA,NA
"Golden Bush-Robin","Tarsiger chrysaeus","gobrob1","Passeriformes","Muscicapidae (Old World Flycatchers)",NA,NA,NA,NA,"Diurnal","Diurnal","Invertebrate","No","No","No","Non-endemic","Alpine & Cold Desert","Resident & Altitudinal Migrant",NA,NA,NA,"Golden Bush-Robin","Tarsiger chrysaeus","Golden Bush-robin","Tarsiger chrysaeus","Least Concern","Schedule-II","","Appendix II",NA,"Golden Bush Robin","Tarsiger chrysaeus","avibase-CF1D988A",1,2.9,2,0.203746605,1177,"","","",NA,NA,NA,NA,NA,NA,NA,NA,NA,NA,NA,NA,NA,NA,NA,NA,NA,NA,NA,NA,NA,NA,NA,NA,NA,NA,NA,NA,NA,NA,NA,NA,NA,NA,NA,NA,NA,NA,NA,NA,NA,NA,NA,NA,NA,"Low",NA,NA,NA,NA
"Yellow-rumped Flycatcher","Ficedula zanthopygia","korfly1","Passeriformes","Muscicapidae (Old World Flycatchers)",NA,NA,NA,NA,"Diurnal","Diurnal","Invertebrate","No","No","No","Non-endemic","Non-specialized","Passage Migrant & Localized Winter Migrant",NA,1,NA,"Yellow-rumped Flycatcher","Ficedula zanthopygia","Yellow-rumped Flycatcher","Ficedula zanthopygia","Least Concern","Schedule-II","","Appendix II",NA,"Yellow-rumped Flycatcher","Ficedula zanthopygia","avibase-70030C48",1,3.19,1,NA,1178,"","","",NA,NA,NA,NA,NA,NA,NA,NA,NA,NA,NA,NA,NA,NA,NA,NA,NA,NA,NA,NA,NA,NA,NA,NA,NA,NA,NA,NA,NA,NA,NA,NA,NA,NA,NA,NA,NA,NA,NA,NA,NA,NA,NA,NA,NA,NA,NA,NA,NA,NA
"Mugimaki Flycatcher","Ficedula mugimaki","mugfly","Passeriformes","Muscicapidae (Old World Flycatchers)",NA,NA,NA,NA,"Diurnal","Diurnal","Invertebrate","No","No","No","Non-endemic","Non-specialized","Uncertain",NA,1,NA,"Mugimaki Flycatcher","Ficedula mugimaki","Mugimaki Flycatcher","Ficedula mugimaki","Least Concern","Schedule-II","","Appendix II",NA,"Mugimaki Flycatcher","Ficedula mugimaki","avibase-0557B8E5",NA,2.85,1,NA,1179,"","","",NA,NA,NA,NA,NA,NA,NA,NA,NA,NA,NA,NA,NA,NA,NA,NA,NA,NA,NA,NA,NA,NA,NA,NA,NA,NA,NA,NA,NA,NA,NA,NA,NA,NA,NA,NA,NA,NA,NA,NA,NA,NA,NA,NA,NA,NA,NA,NA,NA,NA
"Slaty-backed Flycatcher","Ficedula erithacus","slbfly1","Passeriformes","Muscicapidae (Old World Flycatchers)",NA,NA,NA,NA,"Diurnal","Diurnal","Omnivore","No","No","No","Non-endemic","Forest","Summer Migrant & Localized Winter Migrant",NA,NA,NA,"Slaty-backed Flycatcher","Ficedula erithacus","Slaty-backed Flycatcher","Ficedula erithacus","Least Concern","Schedule-II","","Appendix II",NA,"Slaty-backed Flycatcher","Ficedula erithacus","avibase-EF8548B9",1,2.89,1,0.064920718,1180,"","","",NA,NA,NA,NA,NA,NA,NA,NA,NA,NA,NA,NA,NA,NA,NA,NA,NA,NA,NA,NA,NA,NA,NA,NA,NA,NA,NA,NA,NA,NA,NA,NA,NA,NA,NA,NA,NA,NA,NA,NA,NA,NA,NA,NA,NA,NA,NA,NA,NA,NA
"Black-and-orange Flycatcher","Ficedula nigrorufa","barfly1","Passeriformes","Muscicapidae (Old World Flycatchers)",NA,NA,NA,NA,"Diurnal","Diurnal","Invertebrate","Yes","Yes","No","Western Ghats","Forest & Plantation","Resident",NA,NA,NA,"Black-and-orange Flycatcher","Ficedula nigrorufa","Black-and-orange Flycatcher","Ficedula nigrorufa","Least Concern","Schedule-II","","",NA,"Black-and-orange Flycatcher","Ficedula nigrorufa","avibase-47C88B19",1,2.9,1,1,1181,"X","X","X",24,0.5,0.489583333333333,0.666666666666667,16.0416666666667,3.04346815819579,113.683763732612,151.550191354679,202.559993368779,110.231305470308,152.957095715184,212.430061601286,106.919961477675,154.383726887846,222.752613808358,103.682855477031,156.116244444036,233.93114211139,100.519551739851,157.509184734084,245.84881937521,97.4994545360269,158.916907829879,258.503280073991,94.3823302695926,160.465477464027,271.772710225645,91.4056810580265,161.912389179786,285.854282464163,NA,NA,NA,-90.1617445722888,-86.0606790112092,-80.1265103119328,-0.56249693387735,0.0533527661851147,0.669202466247579,13902,14065,14228,"Trend Inconclusive","Stable",NA,"Moderate","Rapid Decline","Trend Inconclusive",NA,"High"
"Slaty-blue Flycatcher","Ficedula tricolor","slbfly2","Passeriformes","Muscicapidae (Old World Flycatchers)",NA,NA,NA,NA,"Diurnal","Diurnal","Invertebrate","No","No","No","Non-endemic","Non-specialized","Resident & Altitudinal Migrant",NA,NA,NA,"Slaty-blue Flycatcher","Ficedula tricolor","Slaty-blue Flycatcher","Ficedula tricolor","Least Concern","Schedule-II","","Appendix II",NA,"Slaty-blue Flycatcher","Ficedula tricolor","avibase-8A18D787",1,2.9,3,0.162450002,1182,"","","",NA,NA,NA,NA,NA,NA,NA,NA,NA,NA,NA,NA,NA,NA,NA,NA,NA,NA,NA,NA,NA,NA,NA,NA,NA,NA,NA,NA,NA,NA,NA,NA,NA,NA,NA,NA,NA,NA,NA,NA,NA,NA,NA,NA,NA,"Moderate",NA,NA,NA,NA
"Snowy-browed Flycatcher","Ficedula hyperythra","snbfly1","Passeriformes","Muscicapidae (Old World Flycatchers)",NA,NA,NA,NA,"Diurnal","Diurnal","Invertebrate","No","No","No","Non-endemic","Forest","Resident & Altitudinal Migrant",NA,NA,NA,"Snowy-browed Flycatcher","Ficedula hyperythra","Snowy-browed Flycatcher","Ficedula hyperythra","Least Concern","Schedule-II","","Appendix II",NA,"Snowy-browed Flycatcher","Ficedula hyperythra","avibase-0EEEF8C2",1,2.95,1,0.099663921,1183,"","","",NA,NA,NA,NA,NA,NA,NA,NA,NA,NA,NA,NA,NA,NA,NA,NA,NA,NA,NA,NA,NA,NA,NA,NA,NA,NA,NA,NA,NA,NA,NA,NA,NA,NA,NA,NA,NA,NA,NA,NA,NA,NA,NA,NA,NA,"Low",NA,NA,NA,NA
"Pygmy Flycatcher","Ficedula hodgsoni","pybfly1","Passeriformes","Muscicapidae (Old World Flycatchers)",NA,NA,NA,NA,"Diurnal","Diurnal","Invertebrate","No","No","No","Non-endemic","Forest","Resident & Altitudinal Migrant",1,NA,NA,"Pygmy Flycatcher","Ficedula hodgsoni","Pygmy Blue Flycatcher","Ficedula hodgsoni","Least Concern","Schedule-II","","",NA,"Pygmy Flycatcher","Ficedula hodgsoni","avibase-4A9906BA",1,3.05,1,0.123904611,1184,"","","",NA,NA,NA,NA,NA,NA,NA,NA,NA,NA,NA,NA,NA,NA,NA,NA,NA,NA,NA,NA,NA,NA,NA,NA,NA,NA,NA,NA,NA,NA,NA,NA,NA,NA,NA,NA,NA,NA,NA,NA,NA,NA,NA,NA,NA,"Low",NA,NA,NA,NA
"Rufous-gorgeted Flycatcher","Ficedula strophiata","rugfly1","Passeriformes","Muscicapidae (Old World Flycatchers)",NA,NA,NA,NA,"Diurnal","Diurnal","Invertebrate","No","No","No","Non-endemic","Non-specialized","Resident & Altitudinal Migrant",NA,NA,NA,"Rufous-gorgeted Flycatcher","Ficedula strophiata","Rufous-gorgeted Flycatcher","Ficedula strophiata","Least Concern","Schedule-II","","Appendix II",NA,"Rufous-gorgeted Flycatcher","Ficedula strophiata","avibase-57D97C57",1,3.22,1,0.099640505,1185,"","","",NA,NA,NA,NA,NA,NA,NA,NA,NA,NA,NA,NA,NA,NA,NA,NA,NA,NA,NA,NA,NA,NA,NA,NA,NA,NA,NA,NA,NA,NA,NA,NA,NA,NA,NA,NA,NA,NA,NA,NA,NA,NA,NA,NA,NA,"Moderate",NA,NA,NA,NA
"Sapphire Flycatcher","Ficedula sapphira","sapfly1","Passeriformes","Muscicapidae (Old World Flycatchers)",NA,NA,NA,NA,"Diurnal","Diurnal","Invertebrate","No","No","No","Non-endemic","Forest & Plantation","Resident & Altitudinal Migrant",1,NA,NA,"Sapphire Flycatcher","Ficedula sapphira","Sapphire Flycatcher","Ficedula sapphira","Least Concern","Schedule-II","","Appendix II",NA,"Sapphire Flycatcher","Ficedula sapphira","avibase-94AF14FA",1,2.82,1,0.118715666,1186,"","","",NA,NA,NA,NA,NA,NA,NA,NA,NA,NA,NA,NA,NA,NA,NA,NA,NA,NA,NA,NA,NA,NA,NA,NA,NA,NA,NA,NA,NA,NA,NA,NA,NA,NA,NA,NA,NA,NA,NA,NA,NA,NA,NA,NA,NA,"Low",NA,NA,NA,NA
"Little Pied Flycatcher","Ficedula westermanni","lipfly1","Passeriformes","Muscicapidae (Old World Flycatchers)",NA,NA,NA,NA,"Diurnal","Diurnal","Invertebrate","No","No","No","Non-endemic","Forest & Plantation","Altitudinal Migrant",NA,NA,NA,"Little Pied Flycatcher","Ficedula westermanni","Little Pied Flycatcher","Ficedula westermanni","Least Concern","Schedule-II","","Appendix II",NA,"Little Pied Flycatcher","Ficedula westermanni","avibase-58F57E07",1,3.09,2,0.126756149,1187,"","","",NA,NA,NA,NA,NA,NA,NA,NA,NA,NA,NA,NA,NA,NA,NA,NA,NA,NA,NA,NA,NA,NA,NA,NA,NA,NA,NA,NA,NA,NA,NA,NA,NA,NA,NA,NA,NA,NA,NA,NA,NA,NA,NA,NA,NA,"Moderate",NA,NA,NA,NA
"Ultramarine Flycatcher","Ficedula superciliaris","ultfly1","Passeriformes","Muscicapidae (Old World Flycatchers)",NA,NA,NA,NA,"Diurnal","Diurnal","Invertebrate","No","No","No","Non-endemic","Forest & Plantation","Within-India Migrant",NA,NA,NA,"Ultramarine Flycatcher","Ficedula superciliaris","Ultramarine Flycatcher","Ficedula superciliaris","Least Concern","Schedule-II","","Appendix II",NA,"Ultramarine Flycatcher","Ficedula superciliaris","avibase-808001B1",1,2.83,2,0.583252285,1188,"","","X",1,NA,1,NA,15,NA,NA,NA,NA,NA,NA,NA,NA,NA,NA,NA,NA,NA,NA,NA,NA,NA,NA,NA,NA,NA,NA,NA,NA,NA,NA,NA,NA,NA,NA,NA,NA,NA,NA,608,608,608,"Insufficient Data","Insufficient Data",NA,"High","Insufficient Data","Insufficient Data",NA,"Low"
"Rusty-tailed Flycatcher","Ficedula ruficauda","rutfly6","Passeriformes","Muscicapidae (Old World Flycatchers)",NA,NA,NA,NA,"Diurnal","Diurnal","Invertebrate","No","No","No","Non-endemic","Forest","Within-India Migrant",1,NA,NA,"Rusty-tailed Flycatcher","Ficedula ruficauda","Rusty-tailed Flycatcher","Ficedula ruficauda","Least Concern","Schedule-II","","Appendix II",NA,"Rusty-tailed Flycatcher","Ficedula ruficauda","avibase-F6A82D7F",1,3.25,1,0.625269305,1189,"","","X",26,0.269230769230769,0.447115384615385,0.615384615384615,17.2307692307692,2.63255338510804,NA,NA,NA,NA,NA,NA,NA,NA,NA,NA,NA,NA,NA,NA,NA,NA,NA,NA,NA,NA,NA,NA,NA,NA,NA,NA,NA,NA,NA,NA,NA,NA,NA,15314,15314,15314,"Insufficient Data","Insufficient Data",NA,"Moderate","Insufficient Data","Insufficient Data",NA,"Low"
"Taiga Flycatcher","Ficedula albicilla","taifly1","Passeriformes","Muscicapidae (Old World Flycatchers)",NA,NA,NA,NA,"Diurnal","Diurnal","Invertebrate","No","No","No","Non-endemic","Forest & Plantation","Winter Migrant",NA,NA,NA,"Taiga Flycatcher","Ficedula albicilla","Red-throated Flycatcher","Ficedula albicilla","Least Concern","Schedule-II","","Appendix II",NA,"Taiga Flycatcher","Ficedula albicilla","avibase-99985173",1,3.17,1,0.067352796,1190,"","","",NA,NA,NA,NA,NA,NA,NA,NA,NA,NA,NA,NA,NA,NA,NA,NA,NA,NA,NA,NA,NA,NA,NA,NA,NA,NA,NA,NA,NA,NA,NA,NA,NA,NA,NA,NA,NA,NA,NA,NA,NA,NA,NA,NA,NA,NA,NA,NA,NA,NA
"Kashmir Flycatcher","Ficedula subrubra","kasfly1","Passeriformes","Muscicapidae (Old World Flycatchers)",NA,NA,NA,NA,"Diurnal","Diurnal","Invertebrate","No","Yes","No","Indian Subcontinent","Forest & Plantation","Within-India Migrant",NA,NA,NA,"Kashmir Flycatcher","Ficedula subrubra","Kashmir Flycatcher","Ficedula subrubra","Vulnerable","Schedule-I","","Appendix II",NA,"Kashmir Flycatcher","Ficedula subrubra","avibase-BFB564AA",1,2.91,1,0.993231003,1191,"","","X",3,0.333333333333333,0.5,0.333333333333333,23.3333333333333,3.26666666666667,NA,NA,NA,NA,NA,NA,NA,NA,NA,NA,NA,NA,NA,NA,NA,NA,NA,NA,NA,NA,NA,NA,NA,NA,NA,NA,NA,NA,NA,NA,NA,NA,NA,1834,1845,1856,"Insufficient Data","Insufficient Data",NA,"High","Insufficient Data","Insufficient Data",NA,"High"
"Red-breasted Flycatcher","Ficedula parva","rebfly","Passeriformes","Muscicapidae (Old World Flycatchers)",NA,NA,NA,NA,"Diurnal","Diurnal","Invertebrate","No","No","No","Non-endemic","Forest & Plantation","Winter Migrant",NA,NA,NA,"Red-breasted Flycatcher","Ficedula parva","Red-breasted Flycatcher","Ficedula parva","Least Concern","Schedule-II","","Appendix II",NA,"Red-breasted Flycatcher","Ficedula parva","avibase-6A3CA06B",1,2.82,1,0.104750971,1192,"","","X",23,0.130434782608696,0.260869565217391,0.347826086956522,19,2.3862252924326,NA,NA,NA,NA,NA,NA,NA,NA,NA,NA,NA,NA,NA,NA,NA,NA,NA,NA,NA,NA,NA,NA,NA,NA,NA,NA,NA,NA,NA,NA,NA,NA,NA,16614,16657,16700,"Insufficient Data","Insufficient Data",NA,"Low","Insufficient Data","Insufficient Data",NA,"Low"
"Blue-fronted Redstart","Phoenicurus frontalis","blfred1","Passeriformes","Muscicapidae (Old World Flycatchers)",NA,NA,NA,NA,"Diurnal","Diurnal","Invertebrate","No","No","No","Non-endemic","Non-specialized","Resident & Altitudinal Migrant",NA,NA,NA,"Blue-fronted Redstart","Phoenicurus frontalis","Blue-fronted Redstart","Phoenicurus frontalis","Least Concern","Schedule-II","","Appendix II",NA,"Blue-fronted Redstart","Phoenicurus frontalis","avibase-F6732792",1,2.82,1,0.081464804,1193,"","","",NA,NA,NA,NA,NA,NA,NA,NA,NA,NA,NA,NA,NA,NA,NA,NA,NA,NA,NA,NA,NA,NA,NA,NA,NA,NA,NA,NA,NA,NA,NA,NA,NA,NA,NA,NA,NA,NA,NA,NA,NA,NA,NA,NA,NA,"Moderate",NA,NA,NA,NA
"Plumbeous Redstart","Phoenicurus fuliginosus","plured1","Passeriformes","Muscicapidae (Old World Flycatchers)",NA,NA,NA,NA,"Diurnal","Diurnal","Invertebrate","No","No","No","Non-endemic","Wetland","Resident & Local Migrant",NA,NA,NA,"Plumbeous Redstart","Phoenicurus fuliginosus","Plumbeous Water-redstart","Phoenicurus fuliginosus","Least Concern","Schedule-II","","Appendix II",NA,"Plumbeous Water Redstart","Phoenicurus fuliginosus","avibase-1850B440",1,2.89,1,0.063331629,1194,"","","",NA,NA,NA,NA,NA,NA,NA,NA,NA,NA,NA,NA,NA,NA,NA,NA,NA,NA,NA,NA,NA,NA,NA,NA,NA,NA,NA,NA,NA,NA,NA,NA,NA,NA,NA,NA,NA,NA,NA,NA,NA,NA,NA,NA,NA,"High",NA,NA,NA,NA
"Rufous-backed Redstart","Phoenicurus erythronotus","rubred2","Passeriformes","Muscicapidae (Old World Flycatchers)",NA,NA,NA,NA,"Diurnal","Diurnal","Invertebrate","No","No","No","Non-endemic","Open Habitat","Winter Migrant",NA,NA,NA,"Rufous-backed Redstart","Phoenicurus erythronotus","Eversmann's Redstart","Phoenicurus erythronotus","Least Concern","Schedule-II","","Appendix II",NA,"Eversmann's Redstart","Phoenicurus erythronotus","avibase-03E448A1",1,2.89,1,0.050178093,1195,"","","",NA,NA,NA,NA,NA,NA,NA,NA,NA,NA,NA,NA,NA,NA,NA,NA,NA,NA,NA,NA,NA,NA,NA,NA,NA,NA,NA,NA,NA,NA,NA,NA,NA,NA,NA,NA,NA,NA,NA,NA,NA,NA,NA,NA,NA,NA,NA,NA,NA,NA
"White-capped Redstart","Phoenicurus leucocephalus","whcred1","Passeriformes","Muscicapidae (Old World Flycatchers)",NA,NA,NA,NA,"Diurnal","Diurnal","Invertebrate","No","No","No","Non-endemic","Non-specialized","Resident & Within-India Migrant",NA,NA,NA,"White-capped Redstart","Phoenicurus leucocephalus","White-capped Water-redstart","Phoenicurus leucocephalus","Least Concern","Schedule-II","","Appendix II",NA,"White-capped Redstart","Phoenicurus leucocephalus","avibase-D2E75830",1,3.16,1,0.062203548,1196,"","","",NA,NA,NA,NA,NA,NA,NA,NA,NA,NA,NA,NA,NA,NA,NA,NA,NA,NA,NA,NA,NA,NA,NA,NA,NA,NA,NA,NA,NA,NA,NA,NA,NA,NA,NA,NA,NA,NA,NA,NA,NA,NA,NA,NA,NA,"Moderate",NA,NA,NA,NA
"Blue-capped Redstart","Phoenicurus coeruleocephala","bucred1","Passeriformes","Muscicapidae (Old World Flycatchers)",NA,NA,NA,NA,"Diurnal","Diurnal","Invertebrate","No","No","No","Non-endemic","Forest & Plantation","Resident & Altitudinal Migrant",NA,NA,NA,"Blue-capped Redstart","Phoenicurus coeruleocephala","Blue-capped Redstart","Phoenicurus coeruleocephala","Least Concern","Schedule-II","","Appendix II",NA,"Blue-capped Redstart","Phoenicurus coeruleocephala","avibase-DDD9AFC2",1,2.72,1,0.105681132,1197,"","","",NA,NA,NA,NA,NA,NA,NA,NA,NA,NA,NA,NA,NA,NA,NA,NA,NA,NA,NA,NA,NA,NA,NA,NA,NA,NA,NA,NA,NA,NA,NA,NA,NA,NA,NA,NA,NA,NA,NA,NA,NA,NA,NA,NA,NA,"Moderate",NA,NA,NA,NA
"Common Redstart","Phoenicurus phoenicurus","comred2","Passeriformes","Muscicapidae (Old World Flycatchers)",NA,NA,NA,NA,"Diurnal","Diurnal","Invertebrate","No","No","No","Non-endemic","Non-specialized","Winter Migrant",NA,1,NA,"Common Redstart","Phoenicurus phoenicurus","Common Redstart","Phoenicurus phoenicurus","Least Concern","Schedule-II","","Appendix II",NA,"Common Redstart","Phoenicurus phoenicurus","avibase-06DD9D95",NA,2.64,2,2.68e-05,1198,"","","",NA,NA,NA,NA,NA,NA,NA,NA,NA,NA,NA,NA,NA,NA,NA,NA,NA,NA,NA,NA,NA,NA,NA,NA,NA,NA,NA,NA,NA,NA,NA,NA,NA,NA,NA,NA,NA,NA,NA,NA,NA,NA,NA,NA,NA,NA,NA,NA,NA,NA
"Hodgson's Redstart","Phoenicurus hodgsoni","hodred1","Passeriformes","Muscicapidae (Old World Flycatchers)",NA,NA,NA,NA,"Diurnal","Diurnal","Omnivore","No","No","No","Non-endemic","Non-specialized","Winter Migrant",1,NA,NA,"Hodgson's Redstart","Phoenicurus hodgsoni","Hodgson's Redstart","Phoenicurus hodgsoni","Least Concern","Schedule-II","","Appendix II",NA,"Hodgson's Redstart","Phoenicurus hodgsoni","avibase-015533E2",1,2.77,1,0.048666476,1199,"","","",NA,NA,NA,NA,NA,NA,NA,NA,NA,NA,NA,NA,NA,NA,NA,NA,NA,NA,NA,NA,NA,NA,NA,NA,NA,NA,NA,NA,NA,NA,NA,NA,NA,NA,NA,NA,NA,NA,NA,NA,NA,NA,NA,NA,NA,"Low",NA,NA,NA,NA
"White-throated Redstart","Phoenicurus schisticeps","whtred1","Passeriformes","Muscicapidae (Old World Flycatchers)",NA,NA,NA,NA,"Diurnal","Diurnal","Invertebrate","No","No","No","Non-endemic","Alpine & Cold Desert","Winter Migrant",NA,NA,NA,"White-throated Redstart","Phoenicurus schisticeps","White-throated Redstart","Phoenicurus schisticeps","Least Concern","Schedule-II","","",NA,"White-throated Redstart","Phoenicurus schisticeps","avibase-B28F28BC",1,2.97,1,0.027134469,1200,"","","",NA,NA,NA,NA,NA,NA,NA,NA,NA,NA,NA,NA,NA,NA,NA,NA,NA,NA,NA,NA,NA,NA,NA,NA,NA,NA,NA,NA,NA,NA,NA,NA,NA,NA,NA,NA,NA,NA,NA,NA,NA,NA,NA,NA,NA,NA,NA,NA,NA,NA
"White-winged Redstart","Phoenicurus erythrogastrus","whwred2","Passeriformes","Muscicapidae (Old World Flycatchers)",NA,NA,NA,NA,"Diurnal","Diurnal","Invertebrate","No","No","No","Non-endemic","Alpine & Cold Desert","Resident & Altitudinal Migrant",NA,NA,NA,"White-winged Redstart","Phoenicurus erythrogastrus","White-winged Redstart","Phoenicurus erythrogastrus","Least Concern","Schedule-II","","Appendix II",NA,"Güldenstädt's Redstart","Phoenicurus erythrogastrus","avibase-3B01E171",1,2.92,1,0.032882403,1201,"","","",NA,NA,NA,NA,NA,NA,NA,NA,NA,NA,NA,NA,NA,NA,NA,NA,NA,NA,NA,NA,NA,NA,NA,NA,NA,NA,NA,NA,NA,NA,NA,NA,NA,NA,NA,NA,NA,NA,NA,NA,NA,NA,NA,NA,NA,NA,NA,NA,NA,NA
"Black Redstart","Phoenicurus ochruros","blared1","Passeriformes","Muscicapidae (Old World Flycatchers)",NA,NA,NA,NA,"Diurnal","Diurnal","Invertebrate","No","No","No","Non-endemic","Non-specialized","Winter Migrant & Localized Summer Migrant",NA,NA,NA,"Black Redstart","Phoenicurus ochruros","Black Redstart","Phoenicurus ochruros","Least Concern","Schedule-II","","Appendix II",NA,"Black Redstart","Phoenicurus ochruros","avibase-612B5C24",1,2.63,2,0.108890889,1202,"","","X",7,0.571428571428571,0.142857142857143,0.142857142857143,18.4285714285714,3.62561259191694,NA,NA,NA,NA,NA,NA,NA,NA,NA,NA,NA,NA,NA,NA,NA,NA,NA,NA,NA,NA,NA,NA,NA,NA,NA,NA,NA,NA,NA,NA,NA,NA,NA,1565,1589,1613,"Insufficient Data","Insufficient Data",NA,"Moderate","Insufficient Data","Insufficient Data",NA,"Low"
"Daurian Redstart","Phoenicurus auroreus","daured1","Passeriformes","Muscicapidae (Old World Flycatchers)",NA,NA,NA,NA,"Diurnal","Diurnal","Invertebrate","No","No","No","Non-endemic","Non-specialized","Winter Migrant",NA,NA,NA,"Daurian Redstart","Phoenicurus auroreus","Daurian Redstart","Phoenicurus auroreus","Least Concern","Schedule-II","","Appendix II",NA,"Daurian Redstart","Phoenicurus auroreus","avibase-E859E499",1,2.86,1,0.01927954,1203,"","","",NA,NA,NA,NA,NA,NA,NA,NA,NA,NA,NA,NA,NA,NA,NA,NA,NA,NA,NA,NA,NA,NA,NA,NA,NA,NA,NA,NA,NA,NA,NA,NA,NA,NA,NA,NA,NA,NA,NA,NA,NA,NA,NA,NA,NA,NA,NA,NA,NA,NA
"Chestnut-bellied Rock-Thrush","Monticola rufiventris","cbrthr1","Passeriformes","Muscicapidae (Old World Flycatchers)",NA,NA,NA,NA,"Diurnal","Diurnal","Invertebrate","No","No","No","Non-endemic","Forest & Plantation","Resident & Altitudinal Migrant",NA,NA,NA,"Chestnut-bellied Rock-Thrush","Monticola rufiventris","Chestnut-bellied Rock-thrush","Monticola rufiventris","Least Concern","Schedule-II","","Appendix II",NA,"Chestnut-bellied Rock Thrush","Monticola rufiventris","avibase-7305993C",1,3.42,1,0.064606434,1204,"","","",NA,NA,NA,NA,NA,NA,NA,NA,NA,NA,NA,NA,NA,NA,NA,NA,NA,NA,NA,NA,NA,NA,NA,NA,NA,NA,NA,NA,NA,NA,NA,NA,NA,NA,NA,NA,NA,NA,NA,NA,NA,NA,NA,NA,NA,"High",NA,NA,NA,NA
"White-throated Rock-Thrush","Monticola gularis","wtrthr1","Passeriformes","Muscicapidae (Old World Flycatchers)",NA,NA,NA,NA,"Diurnal","Diurnal","Invertebrate","No","No","No","Non-endemic","Forest & Plantation","Uncertain",NA,1,NA,"White-throated Rock-Thrush","Monticola gularis","White-throated Rock-thrush","Monticola gularis","Least Concern","Recent addition","","Appendix II",NA,"White-throated Rock Thrush","Monticola gularis","avibase-AC6BC1EC",NA,3.1,1,NA,1205,"","","",NA,NA,NA,NA,NA,NA,NA,NA,NA,NA,NA,NA,NA,NA,NA,NA,NA,NA,NA,NA,NA,NA,NA,NA,NA,NA,NA,NA,NA,NA,NA,NA,NA,NA,NA,NA,NA,NA,NA,NA,NA,NA,NA,NA,NA,NA,NA,NA,NA,NA
"Blue-capped Rock-Thrush","Monticola cinclorhyncha","bcrthr1","Passeriformes","Muscicapidae (Old World Flycatchers)",NA,NA,NA,NA,"Diurnal","Diurnal","Invertebrate","No","No","No","Non-endemic","Forest","Within-India Migrant",NA,NA,NA,"Blue-capped Rock-Thrush","Monticola cinclorhyncha","Blue-capped Rock-thrush","Monticola cinclorhyncha","Least Concern","Schedule-II","","Appendix II",NA,"Blue-capped Rock Thrush","Monticola cinclorhyncha","avibase-A84C5E18",1,3.15,1,0.784579589,1206,"","","X",32,0.15625,0.40625,0.3125,16.84375,2.27818023684086,NA,NA,NA,NA,NA,NA,NA,NA,NA,NA,NA,NA,NA,NA,NA,NA,NA,NA,NA,NA,NA,NA,NA,NA,NA,NA,NA,NA,NA,NA,NA,NA,NA,21817,21928,22039,"Insufficient Data","Insufficient Data",NA,"High","Insufficient Data","Insufficient Data",NA,"Low"
"Rufous-tailed Rock-Thrush","Monticola saxatilis","rtrthr1","Passeriformes","Muscicapidae (Old World Flycatchers)",NA,NA,NA,NA,"Diurnal","Diurnal","Invertebrate","No","No","No","Non-endemic","Open Habitat","Passage Migrant & Localized Summer Migrant",NA,1,NA,"Rufous-tailed Rock-Thrush","Monticola saxatilis","Rufous-tailed Rock-thrush","Monticola saxatilis","Least Concern","Schedule-II","","Appendix II",NA,"Common Rock Thrush","Monticola saxatilis","avibase-736D38E7",1,3.35,1,NA,1207,"","","",NA,NA,NA,NA,NA,NA,NA,NA,NA,NA,NA,NA,NA,NA,NA,NA,NA,NA,NA,NA,NA,NA,NA,NA,NA,NA,NA,NA,NA,NA,NA,NA,NA,NA,NA,NA,NA,NA,NA,NA,NA,NA,NA,NA,NA,NA,NA,NA,NA,NA
"Blue Rock-Thrush","Monticola solitarius","burthr","Passeriformes","Muscicapidae (Old World Flycatchers)",NA,NA,NA,NA,"Diurnal","Diurnal","Omnivore","No","No","No","Non-endemic","Non-specialized","Winter Migrant & Localized Summer Migrant",NA,NA,NA,"Blue Rock-Thrush","Monticola solitarius","Blue Rock-thrush","Monticola solitarius","Least Concern","Schedule-II","","Appendix II",NA,"Blue Rock Thrush","Monticola solitarius","avibase-41D76F4B",1,3.28,3,0.145017292,1208,"","","X",64,0.03125,0.326171875,0.421875,17.828125,1.49286685015499,NA,NA,NA,NA,NA,NA,NA,NA,NA,NA,NA,NA,NA,NA,NA,NA,NA,NA,NA,NA,NA,NA,NA,NA,NA,NA,NA,NA,NA,NA,NA,NA,NA,52218,52367,52516,"Insufficient Data","Insufficient Data",NA,"Moderate","Insufficient Data","Insufficient Data",NA,"Low"
"Whinchat","Saxicola rubetra","whinch1","Passeriformes","Muscicapidae (Old World Flycatchers)",NA,NA,NA,NA,"Diurnal","Diurnal","Invertebrate","No","No","No","Non-endemic","Open Habitat","Uncertain",NA,1,NA,"Whinchat","Saxicola rubetra","Whinchat","Saxicola rubetra","Least Concern","Recent addition","","Appendix II",NA,"Whinchat","Saxicola rubetra","avibase-A0EDAEA2",NA,2.56,1,NA,1209,"","","",NA,NA,NA,NA,NA,NA,NA,NA,NA,NA,NA,NA,NA,NA,NA,NA,NA,NA,NA,NA,NA,NA,NA,NA,NA,NA,NA,NA,NA,NA,NA,NA,NA,NA,NA,NA,NA,NA,NA,NA,NA,NA,NA,NA,NA,NA,NA,NA,NA,NA
"White-browed Bushchat","Saxicola macrorhynchus","whbbus4","Passeriformes","Muscicapidae (Old World Flycatchers)",NA,NA,NA,NA,"Diurnal","Diurnal","Invertebrate","No","Yes","No","Indian Subcontinent","Grassland","Winter Migrant",NA,NA,NA,"White-browed Bushchat","Saxicola macrorhynchus","White-browed Bushchat","Saxicola macrorhynchus","Vulnerable","Schedule-II","","Appendix II",NA,"White-browed Bush Chat","Saxicola macrorhynchus","avibase-BB5C7A45",1,2.55,1,0.731322413,1210,"","","",NA,NA,NA,NA,NA,NA,NA,NA,NA,NA,NA,NA,NA,NA,NA,NA,NA,NA,NA,NA,NA,NA,NA,NA,NA,NA,NA,NA,NA,NA,NA,NA,NA,NA,NA,NA,NA,NA,NA,NA,NA,NA,NA,NA,NA,"Moderate",NA,NA,NA,NA
"White-throated Bushchat","Saxicola insignis","whtbus1","Passeriformes","Muscicapidae (Old World Flycatchers)",NA,NA,NA,NA,"Diurnal","Diurnal","Invertebrate","No","No","No","Non-endemic","Open Habitat","Winter Migrant",1,NA,NA,"White-throated Bushchat","Saxicola insignis","White-throated Bushchat","Saxicola insignis","Vulnerable","Schedule-I","","Appendix II",NA,"White-throated Bush Chat","Saxicola insignis","avibase-8C0E2D62",1,2.59,1,0.238743287,1211,"","","",NA,NA,NA,NA,NA,NA,NA,NA,NA,NA,NA,NA,NA,NA,NA,NA,NA,NA,NA,NA,NA,NA,NA,NA,NA,NA,NA,NA,NA,NA,NA,NA,NA,NA,NA,NA,NA,NA,NA,NA,NA,NA,NA,NA,NA,"High",NA,NA,NA,NA
"Siberian Stonechat","Saxicola maurus","sibsto1","Passeriformes","Muscicapidae (Old World Flycatchers)",NA,NA,NA,NA,"Diurnal","Diurnal","Invertebrate","No","No","No","Non-endemic","Open Habitat","Winter Migrant & Localized Summer Migrant",NA,NA,NA,"Siberian Stonechat","Saxicola maurus","Common Stonechat","Saxicola torquatus","Not recognized","Schedule-II","","Appendix II",NA,"Not at species rank","Saxicola torquatus maurus","avibase-DB645AF5",1,2.42,3,0.04521634,1212,"","","X",38,NA,0.240131578947368,0.394736842105263,19.0789473684211,1.39551989612819,NA,NA,NA,NA,NA,NA,NA,NA,NA,NA,NA,NA,NA,NA,NA,NA,NA,NA,NA,NA,NA,NA,NA,NA,NA,NA,NA,NA,NA,NA,NA,NA,NA,19745,19813,19881,"Insufficient Data","Insufficient Data",NA,"Low","Insufficient Data","Insufficient Data",NA,"Low"
"Amur Stonechat","Saxicola stejnegeri","stonec7","Passeriformes","Muscicapidae (Old World Flycatchers)",NA,NA,NA,NA,"Diurnal","Diurnal","Invertebrate","No","No","No","Non-endemic","Open Habitat","Winter Migrant",NA,NA,NA,"Amur Stonechat","Saxicola stejnegeri","Not at species rank","Saxicola torquatus stejnegeri","Not recognized","Schedule-II","","Appendix II",NA,"Not at species rank","Saxicola maurus stejnegeri","avibase-80216E85",1,2.42,1,NA,1213,"","","",NA,NA,NA,NA,NA,NA,NA,NA,NA,NA,NA,NA,NA,NA,NA,NA,NA,NA,NA,NA,NA,NA,NA,NA,NA,NA,NA,NA,NA,NA,NA,NA,NA,NA,NA,NA,NA,NA,NA,NA,NA,NA,NA,NA,NA,NA,NA,NA,NA,NA
"White-tailed Stonechat","Saxicola leucurus","whtsto2","Passeriformes","Muscicapidae (Old World Flycatchers)",NA,NA,NA,NA,"Diurnal","Diurnal","Invertebrate","No","No","No","Non-endemic","Wetland","Resident",1,NA,NA,"White-tailed Stonechat","Saxicola leucurus","White-tailed Stonechat","Saxicola leucurus","Least Concern","Schedule-II","","",NA,"White-tailed Stonechat","Saxicola leucurus","avibase-54793140",1,2.6,1,0.342185193,1214,"","","",NA,NA,NA,NA,NA,NA,NA,NA,NA,NA,NA,NA,NA,NA,NA,NA,NA,NA,NA,NA,NA,NA,NA,NA,NA,NA,NA,NA,NA,NA,NA,NA,NA,NA,NA,NA,NA,NA,NA,NA,NA,NA,NA,NA,NA,"Moderate",NA,NA,NA,NA
"Pied Bushchat","Saxicola caprata","piebus1","Passeriformes","Muscicapidae (Old World Flycatchers)",NA,NA,NA,NA,"Diurnal","Diurnal","Invertebrate","No","No","No","Non-endemic","Open Habitat","Resident & Within-India Migrant",1,NA,NA,"Pied Bushchat","Saxicola caprata","Pied Bushchat","Saxicola caprata","Least Concern","Schedule-II","","Appendix II",NA,"Pied Bush Chat","Saxicola caprata","avibase-A64A1FA2",1,2.6,4,0.308292018,1215,"X","X","X",223,0.0762331838565022,0.636210762331839,0.798206278026906,15.3632286995516,0.806569637833027,75.2384442111025,84.2375943675125,94.4116315501722,72.8746513146553,82.8308845245175,94.1929469291318,70.5669064345335,81.4479257022699,94.0315406660928,68.3025447146825,80.0905237694877,93.9303803558726,66.0864892143659,78.785132650147,93.8852422713454,63.9417236506631,77.4691335156594,93.8288913832808,61.8610810355593,76.1879635592418,93.733807066566,59.8745429581642,74.9014565856802,93.6824776904434,NA,NA,NA,30.866537626671,53.90412330619,86.569189851665,-6.06153011480356,-2.91889827227627,0.22373357025103,134857,134880,134903,"Trend Inconclusive","Trend Inconclusive",NA,"Low","Rapid Increase","Stable",NA,"Low"
"Jerdon's Bushchat","Saxicola jerdoni","jerbus1","Passeriformes","Muscicapidae (Old World Flycatchers)",NA,NA,NA,NA,"Diurnal","Diurnal","Invertebrate","No","No","No","Non-endemic","Grassland & Scrub","Resident",1,NA,NA,"Jerdon's Bushchat","Saxicola jerdoni","Jerdon's Bushchat","Saxicola jerdoni","Least Concern","Schedule-II","","",NA,"Jerdon's Bush Chat","Saxicola jerdoni","avibase-161A2629",1,2.67,1,0.319449521,1216,"","","",NA,NA,NA,NA,NA,NA,NA,NA,NA,NA,NA,NA,NA,NA,NA,NA,NA,NA,NA,NA,NA,NA,NA,NA,NA,NA,NA,NA,NA,NA,NA,NA,NA,NA,NA,NA,NA,NA,NA,NA,NA,NA,NA,NA,NA,"High",NA,NA,NA,NA
"Gray Bushchat","Saxicola ferreus","grybus1","Passeriformes","Muscicapidae (Old World Flycatchers)",NA,NA,NA,NA,"Diurnal","Diurnal","Invertebrate","No","No","No","Non-endemic","Non-specialized","Resident & Within-India Migrant",NA,NA,NA,"Grey Bushchat","Saxicola ferreus","Grey Bushchat","Saxicola ferreus","Least Concern","Schedule-II","","Appendix II",NA,"Grey Bush Chat","Saxicola ferreus","avibase-1580864C",1,2.47,2,0.166706802,1217,"","","",NA,NA,NA,NA,NA,NA,NA,NA,NA,NA,NA,NA,NA,NA,NA,NA,NA,NA,NA,NA,NA,NA,NA,NA,NA,NA,NA,NA,NA,NA,NA,NA,NA,NA,NA,NA,NA,NA,NA,NA,NA,NA,NA,NA,NA,"Moderate",NA,NA,NA,NA
"Northern Wheatear","Oenanthe oenanthe","norwhe","Passeriformes","Muscicapidae (Old World Flycatchers)",NA,NA,NA,NA,"Diurnal","Diurnal","Invertebrate","No","No","No","Non-endemic","Open Habitat","Passage Migrant & Localized Summer Migrant",NA,1,NA,"Northern Wheatear","Oenanthe oenanthe","Northern Wheatear","Oenanthe oenanthe","Least Concern","Schedule-II","","Appendix II",NA,"Northern Wheatear","Oenanthe oenanthe","avibase-DF526047",1,2.62,2,NA,1218,"","","",NA,NA,NA,NA,NA,NA,NA,NA,NA,NA,NA,NA,NA,NA,NA,NA,NA,NA,NA,NA,NA,NA,NA,NA,NA,NA,NA,NA,NA,NA,NA,NA,NA,NA,NA,NA,NA,NA,NA,NA,NA,NA,NA,NA,NA,NA,NA,NA,NA,NA
"Isabelline Wheatear","Oenanthe isabellina","isawhe1","Passeriformes","Muscicapidae (Old World Flycatchers)",NA,NA,NA,NA,"Diurnal","Diurnal","Invertebrate","No","No","No","Non-endemic","Grassland","Winter Migrant",NA,NA,NA,"Isabelline Wheatear","Oenanthe isabellina","Isabelline Wheatear","Oenanthe isabellina","Least Concern","Schedule-II","","Appendix II",NA,"Isabelline Wheatear","Oenanthe isabellina","avibase-E6C6F746",1,2.68,1,0.046833872,1219,"","","X",2,NA,0.5,NA,25,0,NA,NA,NA,NA,NA,NA,NA,NA,NA,NA,NA,NA,NA,NA,NA,NA,NA,NA,NA,NA,NA,NA,NA,NA,NA,NA,NA,NA,NA,NA,NA,NA,NA,694,713,732,"Insufficient Data","Insufficient Data",NA,"High","Insufficient Data","Insufficient Data",NA,"Low"
"Desert Wheatear","Oenanthe deserti","deswhe1","Passeriformes","Muscicapidae (Old World Flycatchers)",NA,NA,NA,NA,"Diurnal","Diurnal","Invertebrate","No","No","No","Non-endemic","Open Habitat","Winter Migrant & Localized Summer Migrant",NA,NA,NA,"Desert Wheatear","Oenanthe deserti","Desert Wheatear","Oenanthe deserti","Least Concern","Schedule-II","","Appendix II",NA,"Desert Wheatear","Oenanthe deserti","avibase-078BC0ED",1,2.59,2,0.065366464,1220,"","","X",NA,NA,NA,NA,NA,NA,NA,NA,NA,NA,NA,NA,NA,NA,NA,NA,NA,NA,NA,NA,NA,NA,NA,NA,NA,NA,NA,NA,NA,NA,NA,NA,NA,NA,NA,NA,NA,NA,NA,0,0,0,"Insufficient Data","Insufficient Data",NA,"High","Insufficient Data","Insufficient Data",NA,"Low"
"Pied Wheatear","Oenanthe pleschanka","piewhe1","Passeriformes","Muscicapidae (Old World Flycatchers)",NA,NA,NA,NA,"Diurnal","Diurnal","Invertebrate","No","No","No","Non-endemic","Alpine & Cold Desert","Summer Migrant",NA,1,NA,"Pied Wheatear","Oenanthe pleschanka","Pied Wheatear","Oenanthe pleschanka","Least Concern","Schedule-II","","Appendix II",NA,"Pied Wheatear","Oenanthe pleschanka","avibase-2FB34D83",1,2.56,1,0.004984508,1221,"","","",NA,NA,NA,NA,NA,NA,NA,NA,NA,NA,NA,NA,NA,NA,NA,NA,NA,NA,NA,NA,NA,NA,NA,NA,NA,NA,NA,NA,NA,NA,NA,NA,NA,NA,NA,NA,NA,NA,NA,NA,NA,NA,NA,NA,NA,NA,NA,NA,NA,NA
"Brown Rock Chat","Oenanthe fusca","indcha1","Passeriformes","Muscicapidae (Old World Flycatchers)",NA,NA,NA,NA,"Diurnal","Diurnal","Invertebrate","No","Yes","No","Indian Subcontinent","Non-specialized","Resident",NA,NA,NA,"Brown Rock Chat","Oenanthe fusca","Brown Rockchat","Oenanthe fusca","Least Concern","Schedule-II","","",NA,"Brown Rock Chat","Oenanthe fusca","avibase-F8995B0A",1,2.42,1,0.98064731,1222,"","","",NA,NA,NA,NA,NA,NA,NA,NA,NA,NA,NA,NA,NA,NA,NA,NA,NA,NA,NA,NA,NA,NA,NA,NA,NA,NA,NA,NA,NA,NA,NA,NA,NA,NA,NA,NA,NA,NA,NA,NA,NA,NA,NA,NA,NA,"Low",NA,NA,NA,NA
"Variable Wheatear","Oenanthe picata","varwhe1","Passeriformes","Muscicapidae (Old World Flycatchers)",NA,NA,NA,NA,"Diurnal","Diurnal","Invertebrate","No","No","No","Non-endemic","Open Habitat","Winter Migrant",NA,NA,NA,"Variable Wheatear","Oenanthe picata","Variable Wheatear","Oenanthe picata","Least Concern","Schedule-II","","Appendix II",NA,"Variable Wheatear","Oenanthe picata","avibase-F0CB79C0",1,2.67,1,0.183497066,1223,"","","",NA,NA,NA,NA,NA,NA,NA,NA,NA,NA,NA,NA,NA,NA,NA,NA,NA,NA,NA,NA,NA,NA,NA,NA,NA,NA,NA,NA,NA,NA,NA,NA,NA,NA,NA,NA,NA,NA,NA,NA,NA,NA,NA,NA,NA,"High",NA,NA,NA,NA
"Hume's Wheatear","Oenanthe albonigra","humwhe2","Passeriformes","Muscicapidae (Old World Flycatchers)",NA,NA,NA,NA,"Diurnal","Diurnal","Invertebrate","No","No","No","Non-endemic","Open Habitat","Uncertain",NA,1,NA,"Hume's Wheatear","Oenanthe albonigra","Hume's Wheatear","Oenanthe albonigra","Least Concern","Schedule-II","","Appendix II",NA,"Hume's Wheatear","Oenanthe albonigra","avibase-95C1E715",1,2.7,1,4.37e-06,1224,"","","",NA,NA,NA,NA,NA,NA,NA,NA,NA,NA,NA,NA,NA,NA,NA,NA,NA,NA,NA,NA,NA,NA,NA,NA,NA,NA,NA,NA,NA,NA,NA,NA,NA,NA,NA,NA,NA,NA,NA,NA,NA,NA,NA,NA,NA,NA,NA,NA,NA,NA
"Finsch's Wheatear","Oenanthe finschii","finwhe1","Passeriformes","Muscicapidae (Old World Flycatchers)",NA,NA,NA,NA,"Diurnal","Diurnal","Invertebrate","No","No","No","Non-endemic","Open Habitat","Uncertain",NA,1,NA,"Finsch's Wheatear","Oenanthe finschii","Finsch's Wheatear","Oenanthe finschii","Least Concern","Schedule-II","","Appendix II",NA,"Finsch's Wheatear","Oenanthe finschii","avibase-3A712A25",NA,2.67,1,NA,1225,"","","",NA,NA,NA,NA,NA,NA,NA,NA,NA,NA,NA,NA,NA,NA,NA,NA,NA,NA,NA,NA,NA,NA,NA,NA,NA,NA,NA,NA,NA,NA,NA,NA,NA,NA,NA,NA,NA,NA,NA,NA,NA,NA,NA,NA,NA,NA,NA,NA,NA,NA
"Persian Wheatear","Oenanthe chrysopygia","retwhe2","Passeriformes","Muscicapidae (Old World Flycatchers)",NA,NA,NA,NA,"Diurnal","Diurnal","Invertebrate","No","No","No","Non-endemic","Grassland & Scrub","Winter Migrant",NA,NA,NA,"Red-tailed Wheatear","Oenanthe chrysopygia","Red-tailed Wheatear","Oenanthe chrysopygia","Least Concern","Schedule-II","","Appendix II",NA,"Red-tailed Wheatear","Oenanthe chrysopygia","avibase-E749750A",1,2.7,1,0.087801155,1226,"","","",NA,NA,NA,NA,NA,NA,NA,NA,NA,NA,NA,NA,NA,NA,NA,NA,NA,NA,NA,NA,NA,NA,NA,NA,NA,NA,NA,NA,NA,NA,NA,NA,NA,NA,NA,NA,NA,NA,NA,NA,NA,NA,NA,NA,NA,NA,NA,NA,NA,NA
"Bohemian Waxwing","Bombycilla garrulus","bohwax","Passeriformes","Bombycillidae (Waxwings)",NA,NA,NA,NA,"Diurnal","Diurnal","Omnivore","No","No","No","Non-endemic","Non-specialized","Uncertain",NA,1,NA,"Bohemian Waxwing","Bombycilla garrulus","Bohemian Waxwing","Bombycilla garrulus","Least Concern","Schedule-II","","",NA,"Bohemian Waxwing","Bombycilla garrulus","avibase-AEF821EC",NA,3.22,1,NA,1227,"","","",NA,NA,NA,NA,NA,NA,NA,NA,NA,NA,NA,NA,NA,NA,NA,NA,NA,NA,NA,NA,NA,NA,NA,NA,NA,NA,NA,NA,NA,NA,NA,NA,NA,NA,NA,NA,NA,NA,NA,NA,NA,NA,NA,NA,NA,NA,NA,NA,NA,NA
"Hypocolius","Hypocolius ampelinus","hypoco1","Passeriformes","Hypocoliidae (Hypocolius)",NA,NA,NA,NA,"Diurnal","Diurnal","Fruit & Nect","No","No","No","Non-endemic","Non-specialized","Winter Migrant",1,NA,NA,"Grey Hypocolius","Hypocolius ampelinus","Hypocolius","Hypocolius ampelinus","Least Concern","Schedule-II","","",NA,"Grey Hypocolius","Hypocolius ampelinus","avibase-D08193E0",1,3.62,1,0.013098961,1228,"","","",NA,NA,NA,NA,NA,NA,NA,NA,NA,NA,NA,NA,NA,NA,NA,NA,NA,NA,NA,NA,NA,NA,NA,NA,NA,NA,NA,NA,NA,NA,NA,NA,NA,NA,NA,NA,NA,NA,NA,NA,NA,NA,NA,NA,NA,"Moderate",NA,NA,NA,NA
"Thick-billed Flowerpecker","Pachyglossa agilis","thbflo1","Passeriformes","Dicaeidae (Flowerpeckers)",NA,NA,NA,NA,"Diurnal","Diurnal","Fruit & Nect","No","No","No","Non-endemic","Forest & Plantation","Resident",1,NA,NA,"Thick-billed Flowerpecker","Pachyglossa agilis","Thick-billed Flowerpecker","Dicaeum agile","Least Concern","Schedule-II","","",NA,"Thick-billed Flowerpecker","Pachyglossa agilis","avibase-78B55ACC",1,2.6,2,0.503082873,1229,"","X","X",89,0.0449438202247191,0.296348314606742,0.382022471910112,17.0561797752809,1.28772840526241,47.4597622948906,66.7773934605774,93.960926655391,41.770205879385,61.6818808349493,90.8502378821234,36.8596776150905,57.0670444746508,87.8606632845863,32.4627931390568,52.7957189398775,85.1607317495686,28.5213602954139,48.7869390979239,82.5084473393793,25.0934840051177,45.0370087203228,80.0814253413153,22.0819016146066,41.5766193914948,77.7943971219965,19.4255306290574,38.4004349576709,75.437076088779,NA,NA,NA,NA,NA,NA,-16.4315898795895,-8.84756365794173,-1.26353743629398,41302,41389,41476,"Insufficient Data","Trend Inconclusive",NA,"Moderate","Insufficient Data","Rapid Decline",NA,"Moderate"
"Yellow-vented Flowerpecker","Pachyglossa chrysorrhea","yevflo1","Passeriformes","Dicaeidae (Flowerpeckers)",NA,NA,NA,NA,"Diurnal","Diurnal","Fruit & Nect","No","No","No","Non-endemic","Forest","Resident & Summer Migrant",NA,NA,NA,"Yellow-vented Flowerpecker","Pachyglossa chrysorrhea","Yellow-vented Flowerpecker","Dicaeum chrysorrheum","Least Concern","Schedule-II","","",NA,"Yellow-vented Flowerpecker","Pachyglossa chrysorrhea","avibase-4AFCA9BB",1,2.69,1,0.044242123,1230,"","","",NA,NA,NA,NA,NA,NA,NA,NA,NA,NA,NA,NA,NA,NA,NA,NA,NA,NA,NA,NA,NA,NA,NA,NA,NA,NA,NA,NA,NA,NA,NA,NA,NA,NA,NA,NA,NA,NA,NA,NA,NA,NA,NA,NA,NA,NA,NA,NA,NA,NA
"Yellow-bellied Flowerpecker","Pachyglossa melanozantha","yebflo1","Passeriformes","Dicaeidae (Flowerpeckers)",NA,NA,NA,NA,"Diurnal","Diurnal","Invertebrate","No","No","No","Non-endemic","Forest","Resident & Local Migrant",NA,NA,NA,"Yellow-bellied Flowerpecker","Pachyglossa melanozantha","Yellow-bellied Flowerpecker","Dicaeum melanozanthum","Least Concern","Schedule-II","","",NA,"Yellow-bellied Flowerpecker","Pachyglossa melanozantha","avibase-DDEA6B69",1,2.46,1,0.11018151,1231,"","","",NA,NA,NA,NA,NA,NA,NA,NA,NA,NA,NA,NA,NA,NA,NA,NA,NA,NA,NA,NA,NA,NA,NA,NA,NA,NA,NA,NA,NA,NA,NA,NA,NA,NA,NA,NA,NA,NA,NA,NA,NA,NA,NA,NA,NA,NA,NA,NA,NA,NA
"Pale-billed Flowerpecker","Dicaeum erythrorhynchos","pabflo1","Passeriformes","Dicaeidae (Flowerpeckers)",NA,NA,NA,NA,"Diurnal","Diurnal","Fruit & Nect","No","Yes","No","Indian Subcontinent","Non-specialized","Resident",NA,NA,NA,"Pale-billed Flowerpecker","Dicaeum erythrorhynchos","Pale-billed Flowerpecker","Dicaeum erythrorhynchos","Least Concern","Schedule-II","","",NA,"Pale-billed Flowerpecker","Dicaeum erythrorhynchos","avibase-BDB26F7B",1,2.51,1,0.835855796,1232,"","X","X",224,0.0491071428571429,0.565848214285714,0.754464285714286,15.1875,0.818731228176275,119.071583394111,142.990663822701,171.496494287602,122.066581157731,150.176741925657,184.646949332215,125.010326073136,157.694583212371,198.853947637258,128.09754968983,165.671637704656,214.280292622779,131.143401779032,174.113413336416,230.912047277975,134.242441704478,182.92677363422,248.798217110021,137.378768024051,192.18387546983,268.198714450245,140.615953352308,201.87623245134,288.976698306986,NA,NA,NA,NA,NA,NA,2.63174601970047,5.04997908489312,7.46821215008576,135508,135532,135556,"Insufficient Data","Rapid Increase",NA,"Low","Insufficient Data","Trend Inconclusive",NA,"Low"
"Nilgiri Flowerpecker","Dicaeum concolor","plaflo1","Passeriformes","Dicaeidae (Flowerpeckers)",NA,NA,NA,NA,"Diurnal","Diurnal","Fruit & Nect","Yes","Yes","No","Western Ghats","Non-specialized","Resident & Local Migrant",NA,NA,NA,"Nilgiri Flowerpecker","Dicaeum concolor","Nilgiri Flowerpecker","Dicaeum concolor","Least Concern","Schedule-II","","",NA,"Nilgiri Flowerpecker","Dicaeum concolor","avibase-62585CD8",1,2.4,1,1,1233,"","X","X",51,0.274509803921569,0.580882352941177,0.627450980392157,16.1176470588235,1.97733053187758,103.581396892454,141.185297778117,192.505780616536,99.5115899517759,141.32921840813,200.864934926531,95.5163632678107,141.470973011375,209.967686595126,91.6331060698558,141.685204605562,219.483804845769,87.9430632027006,142.014465924197,229.591095845976,84.3091156521467,142.23442937959,240.13010026533,80.7843985504344,142.419146155434,251.448423688975,77.4023502953403,142.617070076555,263.094119836014,NA,NA,NA,NA,NA,NA,-6.81354244933061,-0.0858168124632561,6.6419088244041,27490,27559,27628,"Insufficient Data","Trend Inconclusive",NA,"Moderate","Insufficient Data","Trend Inconclusive",NA,"Low"
"Plain Flowerpecker","Dicaeum minullum","plaflo2","Passeriformes","Dicaeidae (Flowerpeckers)",NA,NA,NA,NA,"Diurnal","Diurnal","Fruit & Nect","No","No","No","Non-endemic","Forest & Plantation","Resident",NA,NA,NA,"Plain Flowerpecker","Dicaeum minullum","Plain Flowerpecker","Dicaeum minullum","Least Concern","Schedule-II","","",NA,"Plain Flowerpecker","Dicaeum minullum","avibase-F26BDDA7",1,2.4,1,0.058937238,1234,"","","",NA,NA,NA,NA,NA,NA,NA,NA,NA,NA,NA,NA,NA,NA,NA,NA,NA,NA,NA,NA,NA,NA,NA,NA,NA,NA,NA,NA,NA,NA,NA,NA,NA,NA,NA,NA,NA,NA,NA,NA,NA,NA,NA,NA,NA,"Low",NA,NA,NA,NA
"Andaman Flowerpecker","Dicaeum virescens","andflo1","Passeriformes","Dicaeidae (Flowerpeckers)",NA,NA,NA,NA,"Diurnal","Diurnal","Fruit & Nect","Yes","Yes","No","Andaman Islands","Forest","Resident",NA,NA,1,"Andaman Flowerpecker","Dicaeum virescens","Not at species rank","Dicaeum minullum virescens","Not recognized","Schedule-II","","",NA,"Andaman Flowerpecker","Dicaeum virescens","avibase-B6C34EB4",1,2.4,1,1,1235,"","","",NA,NA,NA,NA,NA,NA,NA,NA,NA,NA,NA,NA,NA,NA,NA,NA,NA,NA,NA,NA,NA,NA,NA,NA,NA,NA,NA,NA,NA,NA,NA,NA,NA,NA,NA,NA,NA,NA,NA,NA,NA,NA,NA,NA,NA,"Moderate",NA,NA,NA,NA
"Fire-breasted Flowerpecker","Dicaeum ignipectus","fibflo1","Passeriformes","Dicaeidae (Flowerpeckers)",NA,NA,NA,NA,"Diurnal","Diurnal","Fruit & Nect","No","No","No","Non-endemic","Forest & Plantation","Resident & Altitudinal Migrant",NA,NA,NA,"Fire-breasted Flowerpecker","Dicaeum ignipectus","Fire-breasted Flowerpecker","Dicaeum ignipectus","Least Concern","Schedule-II","","",NA,"Fire-breasted Flowerpecker","Dicaeum ignipectus","avibase-907DF569",1,2.37,1,0.066736673,1236,"","","",NA,NA,NA,NA,NA,NA,NA,NA,NA,NA,NA,NA,NA,NA,NA,NA,NA,NA,NA,NA,NA,NA,NA,NA,NA,NA,NA,NA,NA,NA,NA,NA,NA,NA,NA,NA,NA,NA,NA,NA,NA,NA,NA,NA,NA,"Low",NA,NA,NA,NA
"Scarlet-backed Flowerpecker","Dicaeum cruentatum","scbflo1","Passeriformes","Dicaeidae (Flowerpeckers)",NA,NA,NA,NA,"Diurnal","Diurnal","Fruit & Nect","No","No","No","Non-endemic","Forest & Plantation","Resident",NA,NA,NA,"Scarlet-backed Flowerpecker","Dicaeum cruentatum","Scarlet-backed Flowerpecker","Dicaeum cruentatum","Least Concern","Schedule-II","","",NA,"Scarlet-backed Flowerpecker","Dicaeum cruentatum","avibase-10016732",1,2.28,1,0.057383013,1237,"","","",NA,NA,NA,NA,NA,NA,NA,NA,NA,NA,NA,NA,NA,NA,NA,NA,NA,NA,NA,NA,NA,NA,NA,NA,NA,NA,NA,NA,NA,NA,NA,NA,NA,NA,NA,NA,NA,NA,NA,NA,NA,NA,NA,NA,NA,"Low",NA,NA,NA,NA
"Ruby-cheeked Sunbird","Chalcoparia singalensis","rucsun2","Passeriformes","Nectariniidae (Sunbirds and Spiderhunters)",NA,NA,NA,NA,"Diurnal","Diurnal","Fruit & Nect","No","No","No","Non-endemic","Forest","Resident",NA,NA,NA,"Ruby-cheeked Sunbird","Chalcoparia singalensis","Ruby-cheeked Sunbird","Chalcoparia singalensis","Least Concern","Schedule-II","","",NA,"Ruby-cheeked Sunbird","Chalcoparia singalensis","avibase-67A740A4",1,2.75,1,0.054156359,1238,"","","",NA,NA,NA,NA,NA,NA,NA,NA,NA,NA,NA,NA,NA,NA,NA,NA,NA,NA,NA,NA,NA,NA,NA,NA,NA,NA,NA,NA,NA,NA,NA,NA,NA,NA,NA,NA,NA,NA,NA,NA,NA,NA,NA,NA,NA,"Low",NA,NA,NA,NA
"Purple-rumped Sunbird","Leptocoma zeylonica","pursun3","Passeriformes","Nectariniidae (Sunbirds and Spiderhunters)",NA,NA,NA,NA,"Diurnal","Diurnal","Fruit & Nect","No","Yes","No","Indian Subcontinent","Non-specialized","Resident",NA,NA,NA,"Purple-rumped Sunbird","Leptocoma zeylonica","Purple-rumped Sunbird","Leptocoma zeylonica","Least Concern","Schedule-II","","",NA,"Purple-rumped Sunbird","Leptocoma zeylonica","avibase-9A13D986",1,2.67,1,0.872310546,1239,"X","X","X",255,0.12156862745098,0.725980392156863,0.854901960784314,14.5490196078431,0.775248769293477,89.9790412019734,94.8055284513995,99.8402040357291,89.1893049783976,94.6027232252527,100.2937975918,88.3873533686656,94.3686662111319,100.80257997881,87.5912947712442,94.1851137920602,101.293094289738,86.7664048840595,93.997110732,101.813338221829,85.9537533026466,93.7750142546153,102.351737168502,85.1286696343034,93.5981165916011,102.880068641767,84.3034409808984,93.4163950019884,103.399900884145,NA,NA,NA,38.028574612229,51.823392433583,70.309635287127,-1.55003136638682,-0.359036658723523,0.831958048939777,145102,145103,145104,"Increase","Stable",NA,"Low","Trend Inconclusive","Trend Inconclusive",NA,"Low"
"Crimson-backed Sunbird","Leptocoma minima","crbsun2","Passeriformes","Nectariniidae (Sunbirds and Spiderhunters)",NA,NA,NA,NA,"Diurnal","Diurnal","Fruit & Nect","Yes","Yes","No","Western Ghats","Forest & Plantation","Resident & Local Migrant",NA,NA,NA,"Crimson-backed Sunbird","Leptocoma minima","Crimson-backed Sunbird","Leptocoma minima","Least Concern","Schedule-II","","",NA,"Crimson-backed Sunbird","Leptocoma minima","avibase-B5F1B635",1,2.42,1,1,1240,"","","X",39,0.256410256410256,0.580128205128205,0.717948717948718,16.025641025641,2.45705186034477,NA,NA,NA,NA,NA,NA,NA,NA,NA,NA,NA,NA,NA,NA,NA,NA,NA,NA,NA,NA,NA,NA,NA,NA,NA,NA,NA,NA,NA,NA,NA,NA,NA,20120,20120,20120,"Insufficient Data","Insufficient Data",NA,"Moderate","Insufficient Data","Insufficient Data",NA,"Moderate"
"Van Hasselt's Sunbird","Leptocoma brasiliana","vahsun1","Passeriformes","Nectariniidae (Sunbirds and Spiderhunters)",NA,NA,NA,NA,"Diurnal","Diurnal","Fruit & Nect","No","No","No","Non-endemic","Forest","Resident",NA,NA,NA,"Van Hasselt's Sunbird","Leptocoma brasiliana","Maroon-bellied Sunbird","Leptocoma brasiliana","Least Concern","Schedule-II","","",NA,"Van Hasselt's Sunbird","Leptocoma brasiliana","avibase-F1495113",1,2.54,1,0.043379038,1241,"","","",NA,NA,NA,NA,NA,NA,NA,NA,NA,NA,NA,NA,NA,NA,NA,NA,NA,NA,NA,NA,NA,NA,NA,NA,NA,NA,NA,NA,NA,NA,NA,NA,NA,NA,NA,NA,NA,NA,NA,NA,NA,NA,NA,NA,NA,NA,NA,NA,NA,NA
"Purple Sunbird","Cinnyris asiaticus","pursun4","Passeriformes","Nectariniidae (Sunbirds and Spiderhunters)",NA,NA,NA,NA,"Diurnal","Diurnal","Fruit & Nect","No","No","No","Non-endemic","Non-specialized","Resident & Local Migrant",NA,NA,NA,"Purple Sunbird","Cinnyris asiaticus","Purple Sunbird","Cinnyris asiaticus","Least Concern","Schedule-II","","",NA,"Purple Sunbird","Cinnyris asiaticus","avibase-E9BCF764",1,4.77,3,0.503411382,1242,"X","X","X",257,0.11284046692607,0.737354085603113,0.875486381322957,14.4396887159533,0.783873198935238,102.599349365742,111.163458201733,120.49603694647,102.240376715773,111.93623352618,122.656300858412,101.811798055535,112.74333243795,124.8890606295,101.41935780984,113.580506726985,127.213628362397,100.994307270489,114.400430470835,129.563338096581,100.590287601643,115.223500620776,131.986589521649,100.165124713443,116.071945073783,134.455544134229,99.7463109679728,116.926155735069,136.972035987042,NA,NA,NA,97.541609410907,121.572979007896,146.714576292423,-1.11569293653307,1.44222057506624,4.00013408666555,145613,145613,145613,"Rapid Increase","Stable",NA,"Low","Trend Inconclusive","Stable",NA,"Low"
"Ornate Sunbird","Cinnyris ornatus","olbsun4","Passeriformes","Nectariniidae (Sunbirds and Spiderhunters)",NA,NA,NA,NA,"Diurnal","Diurnal","Fruit & Nect","No","No","No","Non-endemic","Forest & Plantation","Resident",1,NA,1,"Olive-backed Sunbird","Cinnyris ornatus","Olive-backed Sunbird","Cinnyris jugularis","Least Concern","Schedule-II","","",NA,"Ornate Sunbird","Cinnyris ornatus","avibase-8885A375",1,2.8,3,0.001510781,1243,"","","",NA,NA,NA,NA,NA,NA,NA,NA,NA,NA,NA,NA,NA,NA,NA,NA,NA,NA,NA,NA,NA,NA,NA,NA,NA,NA,NA,NA,NA,NA,NA,NA,NA,NA,NA,NA,NA,NA,NA,NA,NA,NA,NA,NA,NA,"Moderate",NA,NA,NA,NA
"Loten's Sunbird","Cinnyris lotenius","lobsun2","Passeriformes","Nectariniidae (Sunbirds and Spiderhunters)",NA,NA,NA,NA,"Diurnal","Diurnal","Fruit & Nect","No","Yes","No","Indian Subcontinent","Forest & Plantation","Resident",NA,NA,NA,"Loten's Sunbird","Cinnyris lotenius","Loten's Sunbird","Cinnyris lotenius","Least Concern","Schedule-II","","",NA,"Loten's Sunbird","Cinnyris lotenius","avibase-2088177F",1,2.82,1,0.888460338,1244,"","X","X",196,0.0918367346938776,0.475127551020408,0.688775510204082,15.6989795918367,0.840791751405049,77.7179229836782,90.3272771005187,104.935851977791,76.2475356561559,90.3238183973294,107.057842589726,74.7437802889403,90.3314193730865,109.345216112864,73.239554202316,90.3274027147947,111.651008453568,71.7331073911333,90.3833562216532,113.983304759423,70.1789129934468,90.467081068281,116.411905742897,68.7054859983261,90.4877387121912,118.943262376107,67.2496820254445,90.580536763253,121.506631596998,NA,NA,NA,NA,NA,NA,-2.03555395838188,0.0579995740419332,2.15155310646575,122404,122502,122600,"Insufficient Data","Stable",NA,"Low","Insufficient Data","Stable",NA,"Low"
"Fire-tailed Sunbird","Aethopyga ignicauda","fitsun1","Passeriformes","Nectariniidae (Sunbirds and Spiderhunters)",NA,NA,NA,NA,"Diurnal","Diurnal","Omnivore","No","No","No","Non-endemic","Forest","Resident & Altitudinal Migrant",NA,NA,NA,"Fire-tailed Sunbird","Aethopyga ignicauda","Fire-tailed Sunbird","Aethopyga ignicauda","Least Concern","Schedule-II","","",NA,"Fire-tailed Sunbird","Aethopyga ignicauda","avibase-FCD9D132",1,2.57,2,0.150373433,1245,"","","",NA,NA,NA,NA,NA,NA,NA,NA,NA,NA,NA,NA,NA,NA,NA,NA,NA,NA,NA,NA,NA,NA,NA,NA,NA,NA,NA,NA,NA,NA,NA,NA,NA,NA,NA,NA,NA,NA,NA,NA,NA,NA,NA,NA,NA,"Low",NA,NA,NA,NA
"Black-throated Sunbird","Aethopyga saturata","bltsun1","Passeriformes","Nectariniidae (Sunbirds and Spiderhunters)",NA,NA,NA,NA,"Diurnal","Diurnal","Fruit & Nect","No","No","No","Non-endemic","Forest","Resident & Altitudinal Migrant",NA,NA,NA,"Black-throated Sunbird","Aethopyga saturata","Black-throated Sunbird","Aethopyga saturata","Least Concern","Schedule-II","","",NA,"Black-throated Sunbird","Aethopyga saturata","avibase-E1067234",1,2.4,2,0.080478816,1246,"","","",NA,NA,NA,NA,NA,NA,NA,NA,NA,NA,NA,NA,NA,NA,NA,NA,NA,NA,NA,NA,NA,NA,NA,NA,NA,NA,NA,NA,NA,NA,NA,NA,NA,NA,NA,NA,NA,NA,NA,NA,NA,NA,NA,NA,NA,"Low",NA,NA,NA,NA
"Mrs. Gould's Sunbird","Aethopyga gouldiae","gousun1","Passeriformes","Nectariniidae (Sunbirds and Spiderhunters)",NA,NA,NA,NA,"Diurnal","Diurnal","Omnivore","No","No","No","Non-endemic","Forest","Resident & Altitudinal Migrant",NA,NA,NA,"Mrs. Gould's Sunbird","Aethopyga gouldiae","Gould's Sunbird","Aethopyga gouldiae","Least Concern","Schedule-II","","",NA,"Mrs. Gould's Sunbird","Aethopyga gouldiae","avibase-6A4A67F7",1,2.3,3,0.077487311,1247,"","","",NA,NA,NA,NA,NA,NA,NA,NA,NA,NA,NA,NA,NA,NA,NA,NA,NA,NA,NA,NA,NA,NA,NA,NA,NA,NA,NA,NA,NA,NA,NA,NA,NA,NA,NA,NA,NA,NA,NA,NA,NA,NA,NA,NA,NA,"Moderate",NA,NA,NA,NA
"Green-tailed Sunbird","Aethopyga nipalensis","grtsun1","Passeriformes","Nectariniidae (Sunbirds and Spiderhunters)",NA,NA,NA,NA,"Diurnal","Diurnal","Omnivore","No","No","No","Non-endemic","Forest & Plantation","Resident & Altitudinal Migrant",NA,NA,NA,"Green-tailed Sunbird","Aethopyga nipalensis","Green-tailed Sunbird","Aethopyga nipalensis","Least Concern","Schedule-II","","",NA,"Green-tailed Sunbird","Aethopyga nipalensis","avibase-02BA43E4",1,2.5,4,0.161181242,1248,"","","",NA,NA,NA,NA,NA,NA,NA,NA,NA,NA,NA,NA,NA,NA,NA,NA,NA,NA,NA,NA,NA,NA,NA,NA,NA,NA,NA,NA,NA,NA,NA,NA,NA,NA,NA,NA,NA,NA,NA,NA,NA,NA,NA,NA,NA,"Low",NA,NA,NA,NA
"Vigors's Sunbird","Aethopyga vigorsii","wecsun1","Passeriformes","Nectariniidae (Sunbirds and Spiderhunters)",NA,NA,NA,NA,"Diurnal","Diurnal","Omnivore","Yes","Yes","No","Western Ghats","Non-specialized","Resident",NA,NA,NA,"Vigors's Sunbird","Aethopyga vigorsii","Sahyadri Sunbird","Aethopyga vigorsii","Least Concern","Schedule-II","","",NA,"Vigors's Sunbird","Aethopyga vigorsii","avibase-88A56D18",1,2.65,1,1,1249,"","","",NA,NA,NA,NA,NA,NA,NA,NA,NA,NA,NA,NA,NA,NA,NA,NA,NA,NA,NA,NA,NA,NA,NA,NA,NA,NA,NA,NA,NA,NA,NA,NA,NA,NA,NA,NA,NA,NA,NA,NA,NA,NA,NA,NA,NA,"Low",NA,NA,NA,NA
"Crimson Sunbird","Aethopyga siparaja","eacsun1","Passeriformes","Nectariniidae (Sunbirds and Spiderhunters)",NA,NA,NA,NA,"Diurnal","Diurnal","Omnivore","No","No","No","Non-endemic","Non-specialized","Resident",NA,NA,NA,"Crimson Sunbird","Aethopyga siparaja","Crimson Sunbird","Aethopyga siparaja","Least Concern","Schedule-II","","",NA,"Crimson Sunbird","Aethopyga siparaja","avibase-EC22F3AA",1,2.44,3,0.193966666,1250,"","","",NA,NA,NA,NA,NA,NA,NA,NA,NA,NA,NA,NA,NA,NA,NA,NA,NA,NA,NA,NA,NA,NA,NA,NA,NA,NA,NA,NA,NA,NA,NA,NA,NA,NA,NA,NA,NA,NA,NA,NA,NA,NA,NA,NA,NA,"Moderate",NA,NA,NA,NA
"Little Spiderhunter","Arachnothera longirostra","litspi1","Passeriformes","Nectariniidae (Sunbirds and Spiderhunters)",NA,NA,NA,NA,"Diurnal","Diurnal","Omnivore","No","No","No","Non-endemic","Forest & Plantation","Resident",NA,NA,NA,"Little Spiderhunter","Arachnothera longirostra","Little Spiderhunter","Arachnothera longirostra","Least Concern","Schedule-II","","",NA,"Little Spiderhunter","Arachnothera longirostra","avibase-B4EF3CAD",1,2.75,1,0.092263635,1251,"","","X",24,0.291666666666667,0.447916666666667,0.541666666666667,15.25,3.32700435392178,NA,NA,NA,NA,NA,NA,NA,NA,NA,NA,NA,NA,NA,NA,NA,NA,NA,NA,NA,NA,NA,NA,NA,NA,NA,NA,NA,NA,NA,NA,NA,NA,NA,17070,17154,17238,"Insufficient Data","Insufficient Data",NA,"Moderate","Insufficient Data","Insufficient Data",NA,"Low"
"Streaked Spiderhunter","Arachnothera magna","strspi1","Passeriformes","Nectariniidae (Sunbirds and Spiderhunters)",NA,NA,NA,NA,"Diurnal","Diurnal","Omnivore","No","No","No","Non-endemic","Forest & Plantation","Resident",NA,NA,NA,"Streaked Spiderhunter","Arachnothera magna","Streaked Spiderhunter","Arachnothera magna","Least Concern","Schedule-II","","",NA,"Streaked Spiderhunter","Arachnothera magna","avibase-3E2ED011",1,3.65,1,0.115722091,1252,"","","",NA,NA,NA,NA,NA,NA,NA,NA,NA,NA,NA,NA,NA,NA,NA,NA,NA,NA,NA,NA,NA,NA,NA,NA,NA,NA,NA,NA,NA,NA,NA,NA,NA,NA,NA,NA,NA,NA,NA,NA,NA,NA,NA,NA,NA,"Low",NA,NA,NA,NA
"Asian Fairy-bluebird","Irena puella","asfblu1","Passeriformes","Irenidae (Fairy-bluebirds)",NA,NA,NA,NA,"Diurnal","Diurnal","Fruit & Nect","No","No","No","Non-endemic","Forest","Resident",NA,NA,NA,"Asian Fairy-bluebird","Irena puella","Asian Fairy-bluebird","Irena puella","Least Concern","Schedule-II","","",NA,"Asian Fairy-bluebird","Irena puella","avibase-BFC86948",1,4.46,2,0.10416925,1253,"","","X",48,0.208333333333333,0.572916666666667,0.625,16.3958333333333,1.92823983219744,NA,NA,NA,NA,NA,NA,NA,NA,NA,NA,NA,NA,NA,NA,NA,NA,NA,NA,NA,NA,NA,NA,NA,NA,NA,NA,NA,NA,NA,NA,NA,NA,NA,31446,31478,31510,"Insufficient Data","Insufficient Data",NA,"Moderate","Insufficient Data","Insufficient Data",NA,"Low"
"Blue-winged Leafbird","Chloropsis moluccensis","blwlea1","Passeriformes","Chloropseidae (Leafbirds)",NA,NA,NA,NA,"Diurnal","Diurnal","Fruit & Nect","No","No","No","Non-endemic","Forest & Plantation","Resident",1,NA,NA,"Blue-winged Leafbird","Chloropsis moluccensis","Blue-winged Leafbird","Chloropsis moluccensis","Least Concern","Schedule-II","","",NA,"Blue-winged Leafbird","Chloropsis moluccensis","avibase-47CF4ED7",1,2.95,1,0.039788364,1254,"","","",NA,NA,NA,NA,NA,NA,NA,NA,NA,NA,NA,NA,NA,NA,NA,NA,NA,NA,NA,NA,NA,NA,NA,NA,NA,NA,NA,NA,NA,NA,NA,NA,NA,NA,NA,NA,NA,NA,NA,NA,NA,NA,NA,NA,NA,"Low",NA,NA,NA,NA
"Jerdon's Leafbird","Chloropsis jerdoni","jerlea1","Passeriformes","Chloropseidae (Leafbirds)",NA,NA,NA,NA,"Diurnal","Diurnal","Fruit & Nect","No","Yes","No","Indian Subcontinent","Forest & Plantation","Resident",NA,NA,NA,"Jerdon's Leafbird","Chloropsis jerdoni","Jerdon's Leafbird","Chloropsis jerdoni","Least Concern","Schedule-II","","",NA,"Jerdon's Leafbird","Chloropsis jerdoni","avibase-6D18F47F",1,3,1,0.965297004,1255,"","X","X",101,0.0693069306930693,0.403465346534653,0.564356435643564,16.5940594059406,1.11393817856299,95.1158095852046,118.025217455431,146.473708828174,91.8601537299899,117.28681219832,149.74776557814,88.6362209973231,116.691312433518,153.373338532613,85.5504066257376,116.110834534112,157.306662834746,82.5042799768144,115.284396459997,161.302158302668,79.5601727780299,114.626515186763,165.589928049113,76.7065926513496,113.940381540705,169.969878424128,74.0214971536869,113.385738864224,174.433029720883,NA,NA,NA,NA,NA,NA,-5.21312445927394,-1.06382846083428,3.08546753760538,67662,67662,67662,"Insufficient Data","Trend Inconclusive",NA,"Moderate","Insufficient Data","Trend Inconclusive",NA,"Low"
"Golden-fronted Leafbird","Chloropsis aurifrons","goflea1","Passeriformes","Chloropseidae (Leafbirds)",NA,NA,NA,NA,"Diurnal","Diurnal","Fruit & Nect","No","No","No","Non-endemic","Forest & Plantation","Resident",NA,NA,NA,"Golden-fronted Leafbird","Chloropsis aurifrons","Golden-fronted Leafbird","Chloropsis aurifrons","Least Concern","Schedule-II","","",NA,"Golden-fronted Leafbird","Chloropsis aurifrons","avibase-5FEE1D85",1,3.23,3,0.409596461,1256,"","X","X",86,0.151162790697674,0.444767441860465,0.546511627906977,16.2790697674419,1.3444125550544,38.2633069229201,46.076338869197,55.6263321298145,34.2980602393703,42.2723004984195,52.3625072111864,30.7037482675227,38.8054539686269,49.3217028667898,27.4681260768342,35.6352971936995,46.4687580407685,24.558545550399,32.7336327397095,43.8076746232938,21.9599577886397,30.0410624626774,41.2986956178604,19.6276734092434,27.5890565955777,38.9221386342952,17.5527883474471,25.3501712086271,36.7216285677127,NA,NA,NA,NA,NA,NA,-9.81274428400615,-7.01743689611783,-4.22212950822951,47541,47594,47647,"Insufficient Data","Trend Inconclusive",NA,"Moderate","Insufficient Data","Rapid Decline",NA,"Moderate"
"Orange-bellied Leafbird","Chloropsis hardwickii","orblea1","Passeriformes","Chloropseidae (Leafbirds)",NA,NA,NA,NA,"Diurnal","Diurnal","Fruit & Nect","No","No","No","Non-endemic","Forest","Resident & Altitudinal Migrant",NA,NA,NA,"Orange-bellied Leafbird","Chloropsis hardwickii","Orange-bellied Leafbird","Chloropsis hardwickii","Least Concern","Schedule-II","","",NA,"Orange-bellied Leafbird","Chloropsis hardwickii","avibase-1CC565B8",1,3.22,1,0.16726975,1257,"","","",NA,NA,NA,NA,NA,NA,NA,NA,NA,NA,NA,NA,NA,NA,NA,NA,NA,NA,NA,NA,NA,NA,NA,NA,NA,NA,NA,NA,NA,NA,NA,NA,NA,NA,NA,NA,NA,NA,NA,NA,NA,NA,NA,NA,NA,"Low",NA,NA,NA,NA
"Streaked Weaver","Ploceus manyar","strwea2","Passeriformes","Ploceidae (Weavers and Allies)",NA,NA,NA,NA,"Diurnal","Diurnal","Plant & Seed","No","No","No","Non-endemic","Wetland","Resident",1,NA,NA,"Streaked Weaver","Ploceus manyar","Streaked Weaver","Ploceus manyar","Least Concern","Schedule-II","","",NA,"Streaked Weaver","Ploceus manyar","avibase-29FF745B",1,3.15,2,0.525074813,1258,"","","X",72,0.0555555555555556,0.298611111111111,0.402777777777778,17.75,1.22580489988503,NA,NA,NA,NA,NA,NA,NA,NA,NA,NA,NA,NA,NA,NA,NA,NA,NA,NA,NA,NA,NA,NA,NA,NA,NA,NA,NA,NA,NA,NA,NA,NA,NA,52699,52881,53063,"Insufficient Data","Insufficient Data",NA,"Moderate","Insufficient Data","Insufficient Data",NA,"Low"
"Baya Weaver","Ploceus philippinus","baywea1","Passeriformes","Ploceidae (Weavers and Allies)",NA,NA,NA,NA,"Diurnal","Diurnal","Plant & Seed","No","No","No","Non-endemic","Non-specialized","Resident",NA,NA,NA,"Baya Weaver","Ploceus philippinus","Baya Weaver","Ploceus philippinus","Least Concern","Schedule-II","","",NA,"Baya Weaver","Ploceus philippinus","avibase-03DE2091",1,3.41,3,0.462756432,1259,"","X","X",206,0.087378640776699,0.503640776699029,0.718446601941748,15.7766990291262,0.776475709311122,113.050571670695,132.776336632396,155.812392396651,111.444810514553,133.630456279239,160.153217505027,109.751813375084,134.459879500232,164.707245270546,108.04298998174,135.338519543204,169.413876159926,106.333827074573,136.215179987573,174.345565220861,104.612727945684,137.106975783564,179.537664825977,102.859532956552,137.905093387039,184.742917840855,101.062601210415,138.731334574257,190.110574161642,NA,NA,NA,NA,NA,NA,-2.41293296331899,0.571485501407215,3.55590396613342,132544,132560,132576,"Insufficient Data","Trend Inconclusive",NA,"Low","Insufficient Data","Stable",NA,"Low"
"Finn's Weaver","Ploceus megarhynchus","yelwea1","Passeriformes","Ploceidae (Weavers and Allies)",NA,NA,NA,NA,"Diurnal","Diurnal","Plant & Seed","No","Yes","No","Indian Subcontinent","Wetland","Resident",NA,NA,NA,"Finn's Weaver","Ploceus megarhynchus","Finn's Weaver","Ploceus megarhynchus","Endangered","Schedule-I","","",NA,"Finn's Weaver","Ploceus megarhynchus","avibase-47903D44",1,3.57,2,0.983744979,1260,"","","",NA,NA,NA,NA,NA,NA,NA,NA,NA,NA,NA,NA,NA,NA,NA,NA,NA,NA,NA,NA,NA,NA,NA,NA,NA,NA,NA,NA,NA,NA,NA,NA,NA,NA,NA,NA,NA,NA,NA,NA,NA,NA,NA,NA,NA,"High",NA,NA,NA,NA
"Black-breasted Weaver","Ploceus benghalensis","benwea1","Passeriformes","Ploceidae (Weavers and Allies)",NA,NA,NA,NA,"Diurnal","Diurnal","Plant & Seed","No","Yes","No","Indian Subcontinent","Wetland","Resident",NA,NA,NA,"Black-breasted Weaver","Ploceus benghalensis","Black-breasted Weaver","Ploceus benghalensis","Least Concern","Schedule-II","","",NA,"Black-breasted Weaver","Ploceus benghalensis","avibase-AE1F2524",1,3.11,1,0.851800633,1261,"","X","X",12,NA,0.229166666666667,0.333333333333333,17.8333333333333,3.36756303698696,12.292861360214,29.2380277937067,69.268656711252,10.5370483453631,27.9344585905861,74.5777767837865,9.01796259413534,26.9167225028804,80.6605545032839,7.68424561300296,25.7965447713818,87.4639741189615,6.54634060472442,24.9002931400116,94.6694641124444,5.56383022937121,23.8409331419629,102.791780752573,4.71586726710369,23.0038421887732,112.213586957707,3.98874305642695,22.0800034903292,121.292527835543,NA,NA,NA,NA,NA,NA,-9.47766125476259,-2.92598905674643,3.62568314126973,14538,14653,14768,"Insufficient Data","Trend Inconclusive",NA,"Low","Insufficient Data","Insufficient Data",NA,"Moderate"
"Indian Silverbill","Euodice malabarica","indsil","Passeriformes","Estrildidae (Waxbills and Allies)",NA,NA,NA,NA,"Diurnal","Diurnal","Plant & Seed","No","No","No","Non-endemic","Open Habitat","Resident",NA,NA,NA,"Indian Silverbill","Euodice malabarica","Indian Silverbill","Euodice malabarica","Least Concern","Schedule-II","","",NA,"Indian Silverbill","Euodice malabarica","avibase-C03E353A",1,2.55,1,0.743479346,1262,"","X","X",205,0.0731707317073171,0.531707317073171,0.721951219512195,16.0487804878049,0.778963855335528,63.3100578117579,82.7309828465938,108.006952747675,60.8789934103136,82.474317247097,111.556078073454,58.5061648707319,82.1825231129143,115.258172828158,56.205160894777,81.9370929928302,119.17825389132,53.980667140045,81.6863336294747,123.311645832548,51.8425728028475,81.4007192121903,127.603444623444,49.7539666703046,81.0784046190343,132.088348338809,47.7005859231218,80.8123701363724,136.77568783646,NA,NA,NA,NA,NA,NA,-3.72315045394683,-0.5176178213366,2.68791481127363,130022,130043,130064,"Insufficient Data","Trend Inconclusive",NA,"Low","Insufficient Data","Trend Inconclusive",NA,"Low"
"Scaly-breasted Munia","Lonchura punctulata","nutman","Passeriformes","Estrildidae (Waxbills and Allies)",NA,NA,NA,NA,"Diurnal","Diurnal","Plant & Seed","No","No","No","Non-endemic","Non-specialized","Resident",NA,NA,NA,"Scaly-breasted Munia","Lonchura punctulata","Scaly-breasted Munia","Lonchura punctulata","Least Concern","Schedule-II","","",NA,"Scaly-breasted Munia","Lonchura punctulata","avibase-6D4F72B1",1,2.33,2,0.297968075,1263,"","X","X",227,0.0748898678414097,0.5534140969163,0.700440528634361,15.5374449339207,0.750330418400091,86.0565970561645,102.666227230361,122.057613231865,84.2929648934398,102.885878369971,125.167888223583,82.467113845847,103.050352527641,128.477443526226,80.7212251842758,103.312356370759,131.937982309925,78.9394161144837,103.547183222074,135.498803079561,77.2376906463718,103.77746636146,139.115535276036,75.5535835698516,103.977598725502,142.883428990287,73.8381146945035,104.205715146399,146.836006211629,NA,NA,NA,NA,NA,NA,-2.50480446823772,0.0696228002609306,2.64405006875958,142744,142755,142766,"Insufficient Data","Stable",NA,"Low","Insufficient Data","Trend Inconclusive",NA,"Low"
"Black-throated Munia","Lonchura kelaarti","bltmun1","Passeriformes","Estrildidae (Waxbills and Allies)",NA,NA,NA,NA,"Diurnal","Diurnal","Plant & Seed","No","Yes","No","Indian Subcontinent","Forest","Resident",NA,NA,NA,"Black-throated Munia","Lonchura kelaarti","Black-throated Munia","Lonchura kelaarti","Least Concern","Schedule-II","","",NA,"Black-throated Munia","Lonchura kelaarti","avibase-9138891C",1,2.23,2,0.816719709,1264,"","","X",35,0.171428571428571,0.482142857142857,0.6,17.5142857142857,2.26896566225022,NA,NA,NA,NA,NA,NA,NA,NA,NA,NA,NA,NA,NA,NA,NA,NA,NA,NA,NA,NA,NA,NA,NA,NA,NA,NA,NA,NA,NA,NA,NA,NA,NA,23875,24002,24129,"Insufficient Data","Insufficient Data",NA,"Low","Insufficient Data","Insufficient Data",NA,"Moderate"
"White-rumped Munia","Lonchura striata","whrmun","Passeriformes","Estrildidae (Waxbills and Allies)",NA,NA,NA,NA,"Diurnal","Diurnal","Plant & Seed","No","No","No","Non-endemic","Non-specialized","Resident",1,NA,NA,"White-rumped Munia","Lonchura striata","White-rumped Munia","Lonchura striata","Least Concern","Schedule-II","","",NA,"White-rumped Munia","Lonchura striata","avibase-22BE6FC5",1,2.28,4,0.195503038,1265,"","X","X",177,0.0734463276836158,0.445621468926554,0.655367231638418,16.5819209039548,0.856519701890876,55.1174207467476,70.4946629843794,90.0861852032083,51.9442488838934,68.5806963490773,90.6581284312145,48.9426136272758,66.7691633275976,91.2060792915889,46.0636704721826,64.9505521410983,91.9264846118069,43.3328121795034,63.2006215253446,92.5572122261033,40.7134338159949,61.5377385179692,93.1895339408319,38.2272491737107,59.8524492092347,93.8347690384279,35.9353656377136,58.3047220769494,94.4804265418172,NA,NA,NA,NA,NA,NA,-5.61714879303578,-2.59438909404603,0.428370604943712,101239,101239,101239,"Insufficient Data","Trend Inconclusive",NA,"Low","Insufficient Data","Decline",NA,"Moderate"
"Tricolored Munia","Lonchura malacca","trimun","Passeriformes","Estrildidae (Waxbills and Allies)",NA,NA,NA,NA,"Diurnal","Diurnal","Plant & Seed","No","Yes","No","Indian Subcontinent","Grassland & Scrub","Resident",NA,NA,NA,"Tricoloured Munia","Lonchura malacca","Tricoloured Munia","Lonchura malacca","Least Concern","Schedule-II","","",NA,"Tricolored Munia","Lonchura malacca","avibase-937B5409",1,2.26,1,0.885395356,1266,"","X","X",181,0.0386740331491713,0.458563535911602,0.640883977900553,16.2983425414365,0.818371459127174,78.1362715063741,84.623621043257,91.8278607615128,76.0676542282129,83.3463695336526,91.3495085002446,73.9815669652802,82.0764466008139,90.8582626284172,72.0811764875322,80.7654160511911,90.4013421528172,70.1248249314452,79.48361825124,90.05329000507,68.2205056068997,78.2013669057653,89.6844505179741,66.3395499690485,76.925487842045,89.4252434063715,64.4299713171428,75.6470524896084,89.0049568771663,NA,NA,NA,NA,NA,NA,-2.63960929627381,-1.47108716748226,-0.302565038690706,110801,110801,110801,"Insufficient Data","Trend Inconclusive",NA,"Low","Insufficient Data","Trend Inconclusive",NA,"Low"
"Chestnut Munia","Lonchura atricapilla","chemun","Passeriformes","Estrildidae (Waxbills and Allies)",NA,NA,NA,NA,"Diurnal","Diurnal","Plant & Seed","No","No","No","Non-endemic","Grassland & Scrub","Resident",NA,NA,NA,"Chestnut Munia","Lonchura atricapilla","Chestnut Munia","Lonchura atricapilla","Least Concern","Schedule-II","","",NA,"Chestnut Munia","Lonchura atricapilla","avibase-5634598A",1,2.27,2,0.130863344,1267,"","","",NA,NA,NA,NA,NA,NA,NA,NA,NA,NA,NA,NA,NA,NA,NA,NA,NA,NA,NA,NA,NA,NA,NA,NA,NA,NA,NA,NA,NA,NA,NA,NA,NA,NA,NA,NA,NA,NA,NA,NA,NA,NA,NA,NA,NA,NA,NA,NA,NA,NA
"Pin-tailed Parrotfinch","Erythrura prasina","pitpar1","Passeriformes","Estrildidae (Waxbills and Allies)",NA,NA,NA,NA,"Diurnal","Diurnal","Plant & Seed","No","No","No","Non-endemic","Forest","Uncertain",NA,1,NA,"Pin-tailed Parrotfinch","Erythrura prasina","Pin-tailed Parrotfinch","Erythrura prasina","Least Concern","Recent addition","","",NA,"Pin-tailed Parrotfinch","Erythrura prasina","avibase-C8D798BA",NA,2.29,1,NA,1268,"","","",NA,NA,NA,NA,NA,NA,NA,NA,NA,NA,NA,NA,NA,NA,NA,NA,NA,NA,NA,NA,NA,NA,NA,NA,NA,NA,NA,NA,NA,NA,NA,NA,NA,NA,NA,NA,NA,NA,NA,NA,NA,NA,NA,NA,NA,NA,NA,NA,NA,NA
"Green Avadavat","Amandava formosa","grnava1","Passeriformes","Estrildidae (Waxbills and Allies)",NA,NA,NA,NA,"Diurnal","Diurnal","Plant & Seed","Yes","Yes","No","Central India","Grassland & Scrub","Resident",NA,NA,NA,"Green Munia","Amandava formosa","Green Avadavat","Amandava formosa","Vulnerable","Schedule-I","Appendix II","",NA,"Green Avadavat","Amandava formosa","avibase-7423EBDD",1,2.49,1,1,1269,"","","",NA,NA,NA,NA,NA,NA,NA,NA,NA,NA,NA,NA,NA,NA,NA,NA,NA,NA,NA,NA,NA,NA,NA,NA,NA,NA,NA,NA,NA,NA,NA,NA,NA,NA,NA,NA,NA,NA,NA,NA,NA,NA,NA,NA,NA,"High",NA,NA,NA,NA
"Red Avadavat","Amandava amandava","redava","Passeriformes","Estrildidae (Waxbills and Allies)",NA,NA,NA,NA,"Diurnal","Diurnal","Plant & Seed","No","No","No","Non-endemic","Grassland & Scrub","Resident",NA,NA,NA,"Red Munia","Amandava amandava","Red Avadavat","Amandava amandava","Least Concern","Schedule-II","","",NA,"Red Avadavat","Amandava amandava","avibase-F30FC757",1,2.78,1,0.430548386,1270,"","X","X",83,0.0120481927710843,0.350903614457831,0.481927710843373,18.5180722891566,1.08787906004577,113.761372057103,152.268593410006,205.937799478788,114.381009741964,159.212016350206,224.066042352383,114.824638420794,166.445599471026,243.216317521387,115.024892612602,173.563789110406,264.58955572018,115.220087970446,181.364536046178,287.963781131468,115.299102528194,189.249016937482,313.677852529041,115.076152347058,197.338598816285,342.080817543539,114.855940776461,205.707865585768,372.842625537942,NA,NA,NA,NA,NA,NA,0.135064734081761,6.25220720001485,12.3693496659479,66076,66160,66244,"Insufficient Data","Trend Inconclusive",NA,"Low","Insufficient Data","Trend Inconclusive",NA,"Low"
"Alpine Accentor","Prunella collaris","alpacc1","Passeriformes","Prunellidae (Accentors)",NA,NA,NA,NA,"Diurnal","Diurnal","Invertebrate","No","No","No","Non-endemic","Alpine & Cold Desert","Resident & Altitudinal Migrant",NA,NA,NA,"Alpine Accentor","Prunella collaris","Alpine Accentor","Prunella collaris","Least Concern","Schedule-II","","",NA,"Alpine Accentor","Prunella collaris","avibase-A783468F",1,4.21,3,0.011144747,1271,"","","",NA,NA,NA,NA,NA,NA,NA,NA,NA,NA,NA,NA,NA,NA,NA,NA,NA,NA,NA,NA,NA,NA,NA,NA,NA,NA,NA,NA,NA,NA,NA,NA,NA,NA,NA,NA,NA,NA,NA,NA,NA,NA,NA,NA,NA,"Low",NA,NA,NA,NA
"Altai Accentor","Prunella himalayana","himacc1","Passeriformes","Prunellidae (Accentors)",NA,NA,NA,NA,"Diurnal","Diurnal","Invertebrate","No","No","No","Non-endemic","Open Habitat","Winter Migrant",1,NA,NA,"Altai Accentor","Prunella himalayana","Altai Accentor","Prunella himalayana","Least Concern","Schedule-II","","",NA,"Altai Accentor","Prunella himalayana","avibase-EB8501AD",1,3.94,1,0.050653166,1272,"","","",NA,NA,NA,NA,NA,NA,NA,NA,NA,NA,NA,NA,NA,NA,NA,NA,NA,NA,NA,NA,NA,NA,NA,NA,NA,NA,NA,NA,NA,NA,NA,NA,NA,NA,NA,NA,NA,NA,NA,NA,NA,NA,NA,NA,NA,"Moderate",NA,NA,NA,NA
"Robin Accentor","Prunella rubeculoides","robacc1","Passeriformes","Prunellidae (Accentors)",NA,NA,NA,NA,"Diurnal","Diurnal","Omnivore","No","No","No","Non-endemic","Alpine & Cold Desert","Resident & Altitudinal Migrant",NA,NA,NA,"Robin Accentor","Prunella rubeculoides","Robin Accentor","Prunella rubeculoides","Least Concern","Schedule-II","","",NA,"Robin Accentor","Prunella rubeculoides","avibase-0158561B",1,3.81,2,0.063880246,1273,"","","",NA,NA,NA,NA,NA,NA,NA,NA,NA,NA,NA,NA,NA,NA,NA,NA,NA,NA,NA,NA,NA,NA,NA,NA,NA,NA,NA,NA,NA,NA,NA,NA,NA,NA,NA,NA,NA,NA,NA,NA,NA,NA,NA,NA,NA,"Low",NA,NA,NA,NA
"Rufous-breasted Accentor","Prunella strophiata","rubacc1","Passeriformes","Prunellidae (Accentors)",NA,NA,NA,NA,"Diurnal","Diurnal","Invertebrate","No","No","No","Non-endemic","Non-specialized","Resident & Altitudinal Migrant",NA,NA,NA,"Rufous-breasted Accentor","Prunella strophiata","Rufous-breasted Accentor","Prunella strophiata","Least Concern","Schedule-II","","",NA,"Rufous-breasted Accentor","Prunella strophiata","avibase-68193296",1,3.57,2,0.073047699,1274,"","","",NA,NA,NA,NA,NA,NA,NA,NA,NA,NA,NA,NA,NA,NA,NA,NA,NA,NA,NA,NA,NA,NA,NA,NA,NA,NA,NA,NA,NA,NA,NA,NA,NA,NA,NA,NA,NA,NA,NA,NA,NA,NA,NA,NA,NA,"Moderate",NA,NA,NA,NA
"Brown Accentor","Prunella fulvescens","broacc1","Passeriformes","Prunellidae (Accentors)",NA,NA,NA,NA,"Diurnal","Diurnal","Invertebrate","No","No","No","Non-endemic","Alpine & Cold Desert","Resident & Altitudinal Migrant",NA,NA,NA,"Brown Accentor","Prunella fulvescens","Brown Accentor","Prunella fulvescens","Least Concern","Schedule-II","","",NA,"Brown Accentor","Prunella fulvescens","avibase-AEBE407C",1,3.66,3,0.013468505,1275,"","","",NA,NA,NA,NA,NA,NA,NA,NA,NA,NA,NA,NA,NA,NA,NA,NA,NA,NA,NA,NA,NA,NA,NA,NA,NA,NA,NA,NA,NA,NA,NA,NA,NA,NA,NA,NA,NA,NA,NA,NA,NA,NA,NA,NA,NA,NA,NA,NA,NA,NA
"Black-throated Accentor","Prunella atrogularis","bltacc1","Passeriformes","Prunellidae (Accentors)",NA,NA,NA,NA,"Diurnal","Diurnal","Invertebrate","No","No","No","Non-endemic","Open Habitat","Winter Migrant",NA,NA,NA,"Black-throated Accentor","Prunella atrogularis","Black-throated Accentor","Prunella atrogularis","Least Concern","Schedule-II","","",NA,"Black-throated Accentor","Prunella atrogularis","avibase-C68A31C1",1,3.77,2,0.042798037,1276,"","","",NA,NA,NA,NA,NA,NA,NA,NA,NA,NA,NA,NA,NA,NA,NA,NA,NA,NA,NA,NA,NA,NA,NA,NA,NA,NA,NA,NA,NA,NA,NA,NA,NA,NA,NA,NA,NA,NA,NA,NA,NA,NA,NA,NA,NA,NA,NA,NA,NA,NA
"Maroon-backed Accentor","Prunella immaculata","mabacc1","Passeriformes","Prunellidae (Accentors)",NA,NA,NA,NA,"Diurnal","Diurnal","Omnivore","No","No","No","Non-endemic","Forest","Resident & Altitudinal Migrant",NA,NA,NA,"Maroon-backed Accentor","Prunella immaculata","Maroon-backed Accentor","Prunella immaculata","Least Concern","Schedule-II","","",NA,"Maroon-backed Accentor","Prunella immaculata","avibase-D47C1AA7",1,3.7,1,0.006224967,1277,"","","",NA,NA,NA,NA,NA,NA,NA,NA,NA,NA,NA,NA,NA,NA,NA,NA,NA,NA,NA,NA,NA,NA,NA,NA,NA,NA,NA,NA,NA,NA,NA,NA,NA,NA,NA,NA,NA,NA,NA,NA,NA,NA,NA,NA,NA,NA,NA,NA,NA,NA
"House Sparrow","Passer domesticus","houspa","Passeriformes","Passeridae (Old World Sparrows)",NA,NA,NA,NA,"Diurnal","Diurnal","Plant & Seed","No","No","No","Non-endemic","Non-specialized","Resident & Winter Migrant",NA,NA,NA,"House Sparrow","Passer domesticus","House Sparrow","Passer domesticus","Least Concern","Schedule-II","","",NA,"House Sparrow","Passer domesticus","avibase-240E3390",1,4.91,3,0.087417977,1278,"X","X","X",244,0.131147540983607,0.63422131147541,0.758196721311475,15.0040983606557,0.75847269209903,41.1127627706185,46.6725504049525,52.9938318064562,38.0997852127942,43.9804642498868,50.7818765812381,35.2775532193566,41.4379638112958,48.7094021758064,32.6601926622515,39.0335212528193,46.7284247358127,30.2380712933323,36.7758670269692,44.8191720034117,27.9859502429893,34.6636391021225,43.0164269634801,25.8961432094088,32.6678890750419,41.2724038366803,23.9623859279629,30.7898810421029,39.5979451283791,NA,NA,NA,9.48136491547599,27.339945680673,47.803514787203,-13.3003278936093,-9.8778423047955,-6.45535671598174,134122,134139,134156,"Trend Inconclusive","Trend Inconclusive",NA,"Moderate","Trend Inconclusive","Decline",NA,"Moderate"
"Spanish Sparrow","Passer hispaniolensis","spaspa1","Passeriformes","Passeridae (Old World Sparrows)",NA,NA,NA,NA,"Diurnal","Diurnal","Plant & Seed","No","No","No","Non-endemic","Open Habitat","Winter Migrant",NA,NA,NA,"Spanish Sparrow","Passer hispaniolensis","Spanish Sparrow","Passer hispaniolensis","Least Concern","Schedule-II","","",NA,"Spanish Sparrow","Passer hispaniolensis","avibase-5A8E09A1",1,2.83,1,0.054404315,1279,"","","",NA,NA,NA,NA,NA,NA,NA,NA,NA,NA,NA,NA,NA,NA,NA,NA,NA,NA,NA,NA,NA,NA,NA,NA,NA,NA,NA,NA,NA,NA,NA,NA,NA,NA,NA,NA,NA,NA,NA,NA,NA,NA,NA,NA,NA,NA,NA,NA,NA,NA
"Sind Sparrow","Passer pyrrhonotus","sinspa1","Passeriformes","Passeridae (Old World Sparrows)",NA,NA,NA,NA,"Diurnal","Diurnal","Plant & Seed","No","Yes","No","Indus Plains","Open Habitat","Resident",NA,NA,NA,"Sind Sparrow","Passer pyrrhonotus","Sind Sparrow","Passer pyrrhonotus","Least Concern","Schedule-II","","",NA,"Sind Sparrow","Passer pyrrhonotus","avibase-E60EFA61",1,3.4,1,0.12132013,1280,"","","",NA,NA,NA,NA,NA,NA,NA,NA,NA,NA,NA,NA,NA,NA,NA,NA,NA,NA,NA,NA,NA,NA,NA,NA,NA,NA,NA,NA,NA,NA,NA,NA,NA,NA,NA,NA,NA,NA,NA,NA,NA,NA,NA,NA,NA,"Low",NA,NA,NA,NA
"Russet Sparrow","Passer cinnamomeus","russpa2","Passeriformes","Passeridae (Old World Sparrows)",NA,NA,NA,NA,"Diurnal","Diurnal","Plant & Seed","No","No","No","Non-endemic","Non-specialized","Resident & Altitudinal Migrant",NA,NA,NA,"Russet Sparrow","Passer cinnamomeus","Russet Sparrow","Passer cinnamomeus","Least Concern","Schedule-II","","",NA,"Russet Sparrow","Passer cinnamomeus","avibase-469D6B56",1,3.21,2,0.036951533,1281,"","","",NA,NA,NA,NA,NA,NA,NA,NA,NA,NA,NA,NA,NA,NA,NA,NA,NA,NA,NA,NA,NA,NA,NA,NA,NA,NA,NA,NA,NA,NA,NA,NA,NA,NA,NA,NA,NA,NA,NA,NA,NA,NA,NA,NA,NA,"Moderate",NA,NA,NA,NA
"Eurasian Tree Sparrow","Passer montanus","eutspa","Passeriformes","Passeridae (Old World Sparrows)",NA,NA,NA,NA,"Diurnal","Diurnal","Plant & Seed","No","No","No","Non-endemic","Non-specialized","Resident",NA,NA,NA,"Eurasian Tree Sparrow","Passer montanus","Eurasian Tree Sparrow","Passer montanus","Least Concern","Schedule-II","","",NA,"Eurasian Tree Sparrow","Passer montanus","avibase-C22FBF8D",1,3.26,4,0.005202217,1282,"","","",NA,NA,NA,NA,NA,NA,NA,NA,NA,NA,NA,NA,NA,NA,NA,NA,NA,NA,NA,NA,NA,NA,NA,NA,NA,NA,NA,NA,NA,NA,NA,NA,NA,NA,NA,NA,NA,NA,NA,NA,NA,NA,NA,NA,NA,"Low",NA,NA,NA,NA
"Yellow-throated Sparrow","Gymnoris xanthocollis","chspet1","Passeriformes","Passeridae (Old World Sparrows)",NA,NA,NA,NA,"Diurnal","Diurnal","Omnivore","No","No","No","Non-endemic","Forest & Plantation","Resident",NA,NA,NA,"Yellow-throated Sparrow","Gymnoris xanthocollis","Chestnut-shouldered Bush-sparrow","Gymnoris xanthocollis","Least Concern","Schedule-II","","",NA,"Yellow-throated Sparrow","Gymnoris xanthocollis","avibase-77CBF484",1,2.81,2,0.592349513,1283,"","X","X",150,0.1,0.3475,0.493333333333333,16.4266666666667,0.921533774238304,45.5716840029272,65.8080055387177,95.2129294486182,41.9278845539875,63.599044910873,96.5706936825144,38.5299634489418,61.4949844678739,98.0535611423564,35.3637300293286,59.3880992658102,99.6741603003589,32.4624085258861,57.3274287679889,101.339592943979,29.7838726588561,55.3590539167279,103.118914717119,27.3147990013244,53.4341930033715,104.909329880828,25.0262516860325,51.6544705144865,106.787393356358,NA,NA,NA,NA,NA,NA,-7.89086708557189,-2.62666341471882,2.63754025613426,87489,87550,87611,"Insufficient Data","Trend Inconclusive",NA,"Moderate","Insufficient Data","Trend Inconclusive",NA,"Low"
"Rock Sparrow","Petronia petronia","rocpet1","Passeriformes","Passeridae (Old World Sparrows)",NA,NA,NA,NA,"Diurnal","Diurnal","Omnivore","No","No","No","Non-endemic","Non-specialized","Uncertain",NA,1,NA,"Rock Sparrow","Petronia petronia","Rock Sparrow","Petronia petronia","Least Concern","Schedule-II","","",NA,"Rock Sparrow","Petronia petronia","avibase-F8748F12",NA,2.32,1,1.01e-06,1284,"","","",NA,NA,NA,NA,NA,NA,NA,NA,NA,NA,NA,NA,NA,NA,NA,NA,NA,NA,NA,NA,NA,NA,NA,NA,NA,NA,NA,NA,NA,NA,NA,NA,NA,NA,NA,NA,NA,NA,NA,NA,NA,NA,NA,NA,NA,NA,NA,NA,NA,NA
"Pale Rockfinch","Carpospiza brachydactyla","palroc1","Passeriformes","Passeridae (Old World Sparrows)",NA,NA,NA,NA,"Diurnal","Diurnal","Plant & Seed","No","No","No","Non-endemic","Open Habitat","Winter Migrant",NA,1,NA,"Pale Rockfinch","Carpospiza brachydactyla","Pale Sparrow","Carpospiza brachydactyla","Least Concern","Schedule-II","","",NA,"Pale Rockfinch","Carpospiza brachydactyla","avibase-B1A5B22C",NA,3.04,1,NA,1285,"","","",NA,NA,NA,NA,NA,NA,NA,NA,NA,NA,NA,NA,NA,NA,NA,NA,NA,NA,NA,NA,NA,NA,NA,NA,NA,NA,NA,NA,NA,NA,NA,NA,NA,NA,NA,NA,NA,NA,NA,NA,NA,NA,NA,NA,NA,NA,NA,NA,NA,NA
"Black-winged Snowfinch","Montifringilla adamsi","blwsno1","Passeriformes","Passeridae (Old World Sparrows)",NA,NA,NA,NA,"Diurnal","Diurnal","Plant & Seed","No","No","No","Non-endemic","Alpine & Cold Desert","Resident",1,NA,NA,"Black-winged Snowfinch","Montifringilla adamsi","Black-winged Snowfinch","Montifringilla adamsi","Least Concern","Schedule-II","","",NA,"Black-winged Snowfinch","Montifringilla adamsi","avibase-0039BCC0",1,3.55,1,0.037896195,1286,"","","",NA,NA,NA,NA,NA,NA,NA,NA,NA,NA,NA,NA,NA,NA,NA,NA,NA,NA,NA,NA,NA,NA,NA,NA,NA,NA,NA,NA,NA,NA,NA,NA,NA,NA,NA,NA,NA,NA,NA,NA,NA,NA,NA,NA,NA,"Low",NA,NA,NA,NA
"White-rumped Snowfinch","Onychostruthus taczanowskii","whrsno1","Passeriformes","Passeridae (Old World Sparrows)",NA,NA,NA,NA,"Diurnal","Diurnal","Omnivore","No","No","No","Non-endemic","Alpine & Cold Desert","Resident",NA,1,NA,"White-rumped Snowfinch","Onychostruthus taczanowskii","White-rumped Snowfinch","Onychostruthus taczanowskii","Least Concern","Schedule-II","","",NA,"White-rumped Snowfinch","Onychostruthus taczanowskii","avibase-B0303029",1,3.53,1,0.004573461,1287,"","","",NA,NA,NA,NA,NA,NA,NA,NA,NA,NA,NA,NA,NA,NA,NA,NA,NA,NA,NA,NA,NA,NA,NA,NA,NA,NA,NA,NA,NA,NA,NA,NA,NA,NA,NA,NA,NA,NA,NA,NA,NA,NA,NA,NA,NA,NA,NA,NA,NA,NA
"Rufous-necked Snowfinch","Pyrgilauda ruficollis","runsno1","Passeriformes","Passeridae (Old World Sparrows)",NA,NA,NA,NA,"Diurnal","Diurnal","Plant & Seed","No","No","No","Non-endemic","Alpine & Cold Desert","Resident",NA,NA,NA,"Rufous-necked Snowfinch","Pyrgilauda ruficollis","Rufous-necked Snowfinch","Pyrgilauda ruficollis","Least Concern","Schedule-II","","",NA,"Rufous-necked Snowfinch","Pyrgilauda ruficollis","avibase-24BD3553",1,3.1,1,0.002512269,1288,"","","",NA,NA,NA,NA,NA,NA,NA,NA,NA,NA,NA,NA,NA,NA,NA,NA,NA,NA,NA,NA,NA,NA,NA,NA,NA,NA,NA,NA,NA,NA,NA,NA,NA,NA,NA,NA,NA,NA,NA,NA,NA,NA,NA,NA,NA,NA,NA,NA,NA,NA
"Blanford's Snowfinch","Pyrgilauda blanfordi","blasno1","Passeriformes","Passeridae (Old World Sparrows)",NA,NA,NA,NA,"Diurnal","Diurnal","Plant & Seed","No","No","No","Non-endemic","Alpine & Cold Desert","Resident",NA,NA,NA,"Blanford's Snowfinch","Pyrgilauda blanfordi","Plain-backed Snowfinch","Pyrgilauda blanfordi","Least Concern","Schedule-II","","",NA,"Blanford's Snowfinch","Pyrgilauda blanfordi","avibase-5DE8CA02",1,3.45,1,0.010954402,1289,"","","",NA,NA,NA,NA,NA,NA,NA,NA,NA,NA,NA,NA,NA,NA,NA,NA,NA,NA,NA,NA,NA,NA,NA,NA,NA,NA,NA,NA,NA,NA,NA,NA,NA,NA,NA,NA,NA,NA,NA,NA,NA,NA,NA,NA,NA,NA,NA,NA,NA,NA
"Forest Wagtail","Dendronanthus indicus","forwag1","Passeriformes","Motacillidae (Wagtails and Pipits)",NA,NA,NA,NA,"Diurnal","Diurnal","Invertebrate","No","No","No","Non-endemic","Forest & Plantation","Winter Migrant",1,NA,NA,"Forest Wagtail","Dendronanthus indicus","Forest Wagtail","Dendronanthus indicus","Least Concern","Schedule-I","","Appendix II",NA,"Forest Wagtail","Dendronanthus indicus","avibase-8E872FAA",1,2.72,1,0.039567785,1290,"","X","X",83,0.0963855421686747,0.302710843373494,0.385542168674699,16.8433734939759,1.29322257076714,17.8361604309393,22.4211540634261,28.3474734591028,15.0453728484616,19.5133117650958,25.3830525069501,12.6886161498389,16.981151637651,22.7251942075844,10.6852734150506,14.7546826265145,20.3909831570662,8.98174984023259,12.8204413423536,18.3042461946486,7.579702017388,11.1524635187549,16.4642517680788,6.37887448501469,9.69941538301626,14.801187965064,5.36845918076871,8.44279734169972,13.2985284666224,NA,NA,NA,NA,NA,NA,-10.2379345844969,-7.84882992842433,-5.45972527235173,48290,48470,48650,"Insufficient Data","Rapid Decline",NA,"High","Insufficient Data","Decline",NA,"Moderate"
"Gray Wagtail","Motacilla cinerea","grywag","Passeriformes","Motacillidae (Wagtails and Pipits)",NA,NA,NA,NA,"Diurnal","Diurnal","Invertebrate","No","No","No","Non-endemic","Non-specialized","Winter Migrant & Localized Summer Migrant",NA,NA,NA,"Grey Wagtail","Motacilla cinerea","Grey Wagtail","Motacilla cinerea","Least Concern","Schedule-II","","Appendix II",NA,"Grey Wagtail","Motacilla cinerea","avibase-AE073221",1,2.25,1,0.091365177,1291,"","X","X",159,0.138364779874214,0.42688679245283,0.60377358490566,16.5408805031447,0.928478042336424,50.9479412113263,59.1217642521022,68.7335294413505,47.9741020832784,56.7623942037628,67.3692265316401,45.1512959951162,54.5164070997719,66.0409633465759,42.4885815970404,52.3467562237108,64.813431603029,39.9470791134343,50.3118396317633,63.6406635777191,37.5271762930742,48.3411841041378,62.4407549519213,35.294615240397,46.4375547662992,61.3002245472322,33.194625047186,44.6397014230673,60.1974755055266,NA,NA,NA,NA,NA,NA,-5.10202540423529,-3.27510742365869,-1.44818944308208,75077,75145,75213,"Insufficient Data","Decline",NA,"Moderate","Insufficient Data","Trend Inconclusive",NA,"Low"
"Western Yellow Wagtail","Motacilla flava","eaywag1","Passeriformes","Motacillidae (Wagtails and Pipits)",NA,NA,NA,NA,"Diurnal","Diurnal","Invertebrate","No","No","No","Non-endemic","Wetland","Winter Migrant",NA,NA,NA,"Western Yellow Wagtail","Motacilla flava","Western Yellow Wagtail","Motacilla flava","Least Concern","Schedule-II","","Appendix II",NA,"Western Yellow Wagtail","Motacilla flava","avibase-5983D677",1,2.39,5,0.05059992,1292,"","X","X",184,0.0923913043478261,0.449048913043478,0.570652173913043,16.679347826087,0.792003685387068,39.4704137263165,48.6756313179785,60.1474086992981,35.3178675461202,44.7560366974006,56.9022771375839,31.5567589822938,41.1649569227297,53.8503006584797,28.1825147459246,37.8658433371677,50.9862036672669,25.1868567020978,34.8686543254189,48.3012928139038,22.4854889593809,32.0703859867078,45.7849139634294,20.071830336918,29.5119980126932,43.4197879134108,17.9110403958337,27.1548783781098,41.1722470920763,NA,NA,NA,NA,NA,NA,-9.9396123008816,-6.99791215548368,-4.05621201008576,113799,113842,113885,"Insufficient Data","Trend Inconclusive",NA,"Moderate","Insufficient Data","Rapid Decline",NA,"Moderate"
"Eastern Yellow Wagtail","Motacilla tschutschensis","eaywag","Passeriformes","Motacillidae (Wagtails and Pipits)",NA,NA,NA,NA,"Diurnal","Diurnal","Invertebrate","No","No","No","Non-endemic","Wetland","Winter Migrant",NA,NA,NA,"Eastern Yellow Wagtail","Motacilla tschutschensis","Eastern Yellow Wagtail","Motacilla tschutschensis","Least Concern","Schedule-II","","Appendix II",NA,"Eastern Yellow Wagtail","Motacilla tschutschensis","avibase-5487B650",1,2.71,3,0.012423024,1293,"","","",NA,NA,NA,NA,NA,NA,NA,NA,NA,NA,NA,NA,NA,NA,NA,NA,NA,NA,NA,NA,NA,NA,NA,NA,NA,NA,NA,NA,NA,NA,NA,NA,NA,NA,NA,NA,NA,NA,NA,NA,NA,NA,NA,NA,NA,NA,NA,NA,NA,NA
"Citrine Wagtail","Motacilla citreola","citwag","Passeriformes","Motacillidae (Wagtails and Pipits)",NA,NA,NA,NA,"Diurnal","Diurnal","Invertebrate","No","No","No","Non-endemic","Wetland","Winter Migrant & Localized Summer Migrant",NA,NA,NA,"Citrine Wagtail","Motacilla citreola","Citrine Wagtail","Motacilla citreola","Least Concern","Schedule-II","","Appendix II",NA,"Citrine Wagtail","Motacilla citreola","avibase-5B0295C1",1,2.66,3,0.093971783,1294,"","","X",36,NA,0.260416666666667,0.361111111111111,19.4722222222222,1.38038793974648,NA,NA,NA,NA,NA,NA,NA,NA,NA,NA,NA,NA,NA,NA,NA,NA,NA,NA,NA,NA,NA,NA,NA,NA,NA,NA,NA,NA,NA,NA,NA,NA,NA,22089,22147,22205,"Insufficient Data","Insufficient Data",NA,"Low","Insufficient Data","Insufficient Data",NA,"Low"
"White-browed Wagtail","Motacilla maderaspatensis","whbwag1","Passeriformes","Motacillidae (Wagtails and Pipits)",NA,NA,NA,NA,"Diurnal","Diurnal","Invertebrate","No","Yes","No","Indian Subcontinent","Non-specialized","Resident",NA,NA,NA,"White-browed Wagtail","Motacilla maderaspatensis","White-browed Wagtail","Motacilla maderaspatensis","Least Concern","Schedule-II","","Appendix II",NA,"White-browed Wagtail","Motacilla maderaspatensis","avibase-F75CF94C",1,3.1,1,0.895350227,1295,"X","X","X",246,0.150406504065041,0.674288617886179,0.841463414634146,14.9349593495935,0.758872083979908,80.0455032179641,87.4799083520774,95.541271365974,77.5987237627376,85.8180503213649,94.859940407431,75.2272666867339,84.2014135820188,94.214921363958,72.8919370896911,82.6243198106767,93.6222030867355,70.6230571168077,81.0564192064037,93.0199940553284,68.4125029546534,79.5535920739848,92.4345935415167,66.3006670087023,78.0733269161039,91.879875055096,64.2558183564129,76.6193763405782,91.3086363822603,NA,NA,NA,-32.5013400510941,-23.8519665237252,-14.2603500556985,-2.79158790063306,-1.60765244935243,-0.423716998071808,145227,145239,145251,"Trend Inconclusive","Trend Inconclusive",NA,"Moderate","Trend Inconclusive","Stable",NA,"Low"
"White Wagtail","Motacilla alba","whiwag","Passeriformes","Motacillidae (Wagtails and Pipits)",NA,NA,NA,NA,"Diurnal","Diurnal","Invertebrate","No","No","No","Non-endemic","Wetland","Within-India Migrant & Winter Migrant",NA,NA,NA,"White Wagtail","Motacilla alba","White Wagtail","Motacilla alba","Least Concern","Schedule-II","","Appendix II",NA,"White Wagtail","Motacilla alba","avibase-400E032C",1,3.26,7,0.051482837,1296,"","","X",66,0.0757575757575758,0.240530303030303,0.212121212121212,18.6212121212121,1.1915566606556,NA,NA,NA,NA,NA,NA,NA,NA,NA,NA,NA,NA,NA,NA,NA,NA,NA,NA,NA,NA,NA,NA,NA,NA,NA,NA,NA,NA,NA,NA,NA,NA,NA,37962,38040,38118,"Insufficient Data","Insufficient Data",NA,"Moderate","Insufficient Data","Insufficient Data",NA,"Low"
"Richard's Pipit","Anthus richardi","ricpip1","Passeriformes","Motacillidae (Wagtails and Pipits)",NA,NA,NA,NA,"Diurnal","Diurnal","Invertebrate","No","No","No","Non-endemic","Wetland","Winter Migrant",NA,NA,NA,"Richard's Pipit","Anthus richardi","Richard's Pipit","Anthus richardi","Least Concern","Schedule-II","","Appendix II",NA,"Richard's Pipit","Anthus richardi","avibase-41ECD10E",1,2.54,3,0.130177732,1297,"","","X",31,0.258064516129032,0.19758064516129,0.193548387096774,19,1.7811283121988,NA,NA,NA,NA,NA,NA,NA,NA,NA,NA,NA,NA,NA,NA,NA,NA,NA,NA,NA,NA,NA,NA,NA,NA,NA,NA,NA,NA,NA,NA,NA,NA,NA,12699,12699,12699,"Insufficient Data","Insufficient Data",NA,"Low","Insufficient Data","Insufficient Data",NA,"Low"
"Paddyfield Pipit","Anthus rufulus","oripip1","Passeriformes","Motacillidae (Wagtails and Pipits)",NA,NA,NA,NA,"Diurnal","Diurnal","Invertebrate","No","No","No","Non-endemic","Open Habitat","Resident",NA,NA,NA,"Paddyfield Pipit","Anthus rufulus","Paddyfield Pipit","Anthus rufulus","Least Concern","Schedule-II","","",NA,"Paddyfield Pipit","Anthus rufulus","avibase-57A0C80B",1,2.39,3,0.397432348,1298,"X","X","X",225,0.111111111111111,0.568888888888889,0.688888888888889,15.5111111111111,0.77107086030075,57.7631638386082,62.228773850143,67.0213993364565,54.9291472550644,59.7335086840422,65.0071595667949,52.2391944209455,57.3466297892792,63.0612060813713,49.6662598627698,55.0763123818774,61.1987089888025,47.1796262497657,52.9021389599483,59.3591842356002,44.8607292463209,50.8271748038884,57.6000151587684,42.6350614000597,48.8122832636367,55.8862392538353,40.5255776914211,46.8999739433759,54.2687617469918,NA,NA,NA,-0.720678834262401,20.325723812665,51.987372265162,-6.97460190748406,-5.44827159315121,-3.92194127881836,138974,138995,139016,"Trend Inconclusive","Rapid Decline",NA,"Low","Trend Inconclusive","Decline",NA,"Moderate"
"Long-billed Pipit","Anthus similis","lobpip1","Passeriformes","Motacillidae (Wagtails and Pipits)",NA,NA,NA,NA,"Diurnal","Diurnal","Invertebrate","No","No","No","Non-endemic","Grassland & Scrub","Resident & Winter Migrant",NA,NA,NA,"Long-billed Pipit","Anthus similis","Long-billed Pipit","Anthus similis","Least Concern","Schedule-II","","",NA,"Long-billed Pipit","Anthus similis","avibase-ECFF22D2",1,2.75,4,0.189759,1299,"","","X",6,NA,0.166666666666667,0.166666666666667,16.5,6.37627895667476,NA,NA,NA,NA,NA,NA,NA,NA,NA,NA,NA,NA,NA,NA,NA,NA,NA,NA,NA,NA,NA,NA,NA,NA,NA,NA,NA,NA,NA,NA,NA,NA,NA,8991,9151,9311,"Insufficient Data","Insufficient Data",NA,"Moderate","Insufficient Data","Insufficient Data",NA,"Low"
"Blyth's Pipit","Anthus godlewskii","blypip1","Passeriformes","Motacillidae (Wagtails and Pipits)",NA,NA,NA,NA,"Diurnal","Diurnal","Invertebrate","No","No","No","Non-endemic","Open Habitat","Winter Migrant",NA,NA,NA,"Blyth's Pipit","Anthus godlewskii","Blyth's Pipit","Anthus godlewskii","Least Concern","Schedule-II","","Appendix II",NA,"Blyth's Pipit","Anthus godlewskii","avibase-9F65782F",1,2.38,1,0.273736634,1300,"","","X",54,0.0185185185185185,0.305555555555556,0.462962962962963,18.6481481481481,1.50181550887877,NA,NA,NA,NA,NA,NA,NA,NA,NA,NA,NA,NA,NA,NA,NA,NA,NA,NA,NA,NA,NA,NA,NA,NA,NA,NA,NA,NA,NA,NA,NA,NA,NA,45190,45190,45190,"Insufficient Data","Insufficient Data",NA,"Low","Insufficient Data","Insufficient Data",NA,"Low"
"Tawny Pipit","Anthus campestris","tawpip1","Passeriformes","Motacillidae (Wagtails and Pipits)",NA,NA,NA,NA,"Diurnal","Diurnal","Invertebrate","No","No","No","Non-endemic","Open Habitat","Winter Migrant",NA,NA,NA,"Tawny Pipit","Anthus campestris","Tawny Pipit","Anthus campestris","Least Concern","Schedule-II","","Appendix II",NA,"Tawny Pipit","Anthus campestris","avibase-250CDA58",1,2.37,1,0.033284816,1301,"","","X",60,0.0166666666666667,0.295833333333333,0.483333333333333,18.6333333333333,1.44644007702422,NA,NA,NA,NA,NA,NA,NA,NA,NA,NA,NA,NA,NA,NA,NA,NA,NA,NA,NA,NA,NA,NA,NA,NA,NA,NA,NA,NA,NA,NA,NA,NA,NA,23290,23290,23290,"Insufficient Data","Insufficient Data",NA,"Moderate","Insufficient Data","Insufficient Data",NA,"Low"
"Nilgiri Pipit","Anthus nilghiriensis","nilpip1","Passeriformes","Motacillidae (Wagtails and Pipits)",NA,NA,NA,NA,"Diurnal","Diurnal","Invertebrate","Yes","Yes","No","Western Ghats","Grassland","Resident",NA,NA,NA,"Nilgiri Pipit","Anthus nilghiriensis","Nilgiri Pipit","Anthus nilghiriensis","Vulnerable","Schedule-I","","",NA,"Nilgiri Pipit","Anthus nilghiriensis","avibase-9E5537A4",1,2.69,1,1,1302,"X","X","X",11,0.272727272727273,0.329545454545455,0.272727272727273,15.6363636363636,4.74445687875653,110.166603062805,170.583022992602,264.487475374319,111.108347374311,181.841764486418,298.505757832587,111.8931908082,194.203818072856,337.54941616642,112.193556303863,207.493289388249,382.348074610968,112.557688174144,221.095707681879,433.354720020181,112.704038977848,235.897910415161,490.92256276064,112.730773753973,251.599025968292,556.194090732181,113.043081522211,268.788760002222,630.162100565981,NA,NA,NA,-67.659018514041,-35.6249253987908,87625325.691507,-8343735.70307627,2.62567756846131,8343740.95443141,7346,7359,7372,"Trend Inconclusive","Trend Inconclusive",NA,"High","Trend Inconclusive","Trend Inconclusive",NA,"High"
"Upland Pipit","Anthus sylvanus","uplpip1","Passeriformes","Motacillidae (Wagtails and Pipits)",NA,NA,NA,NA,"Diurnal","Diurnal","Invertebrate","No","No","No","Non-endemic","Grassland & Scrub","Resident & Altitudinal Migrant",1,NA,NA,"Upland Pipit","Anthus sylvanus","Upland Pipit","Anthus sylvanus","Least Concern","Schedule-II","","",NA,"Upland Pipit","Anthus sylvanus","avibase-E097F2EC",1,2.59,1,0.126214693,1303,"","","",NA,NA,NA,NA,NA,NA,NA,NA,NA,NA,NA,NA,NA,NA,NA,NA,NA,NA,NA,NA,NA,NA,NA,NA,NA,NA,NA,NA,NA,NA,NA,NA,NA,NA,NA,NA,NA,NA,NA,NA,NA,NA,NA,NA,NA,"Low",NA,NA,NA,NA
"Meadow Pipit","Anthus pratensis","meapip1","Passeriformes","Motacillidae (Wagtails and Pipits)",NA,NA,NA,NA,"Diurnal","Diurnal","Invertebrate","No","No","No","Non-endemic","Open Habitat","Uncertain",NA,1,NA,"Meadow Pipit","Anthus pratensis","Meadow Pipit","Anthus pratensis","Least Concern","Schedule-II","","Appendix II",NA,"Meadow Pipit","Anthus pratensis","avibase-14873249",NA,2.39,1,NA,1304,"","","",NA,NA,NA,NA,NA,NA,NA,NA,NA,NA,NA,NA,NA,NA,NA,NA,NA,NA,NA,NA,NA,NA,NA,NA,NA,NA,NA,NA,NA,NA,NA,NA,NA,NA,NA,NA,NA,NA,NA,NA,NA,NA,NA,NA,NA,NA,NA,NA,NA,NA
"Rosy Pipit","Anthus roseatus","rospip1","Passeriformes","Motacillidae (Wagtails and Pipits)",NA,NA,NA,NA,"Diurnal","Diurnal","Invertebrate","No","No","No","Non-endemic","Open Habitat","Within-India Migrant & Winter Migrant",NA,NA,NA,"Rosy Pipit","Anthus roseatus","Rosy Pipit","Anthus roseatus","Least Concern","Schedule-II","","Appendix II",NA,"Rosy Pipit","Anthus roseatus","avibase-6137BE25",1,2.42,1,0.083153404,1305,"","","",NA,NA,NA,NA,NA,NA,NA,NA,NA,NA,NA,NA,NA,NA,NA,NA,NA,NA,NA,NA,NA,NA,NA,NA,NA,NA,NA,NA,NA,NA,NA,NA,NA,NA,NA,NA,NA,NA,NA,NA,NA,NA,NA,NA,NA,"Low",NA,NA,NA,NA
"Tree Pipit","Anthus trivialis","trepip","Passeriformes","Motacillidae (Wagtails and Pipits)",NA,NA,NA,NA,"Diurnal","Diurnal","Invertebrate","No","No","No","Non-endemic","Non-specialized","Winter Migrant",NA,NA,NA,"Tree Pipit","Anthus trivialis","Tree Pipit","Anthus trivialis","Least Concern","Schedule-II","","Appendix II",NA,"Tree Pipit","Anthus trivialis","avibase-365F5E97",1,2.39,2,0.048370565,1306,"","","X",58,0.0517241379310345,0.228448275862069,0.189655172413793,18.5,1.34053948021072,NA,NA,NA,NA,NA,NA,NA,NA,NA,NA,NA,NA,NA,NA,NA,NA,NA,NA,NA,NA,NA,NA,NA,NA,NA,NA,NA,NA,NA,NA,NA,NA,NA,28622,28622,28622,"Insufficient Data","Insufficient Data",NA,"Low","Insufficient Data","Insufficient Data",NA,"Low"
"Olive-backed Pipit","Anthus hodgsoni","olbpip","Passeriformes","Motacillidae (Wagtails and Pipits)",NA,NA,NA,NA,"Diurnal","Diurnal","Invertebrate","No","No","No","Non-endemic","Non-specialized","Within-India Migrant & Winter Migrant",NA,NA,NA,"Olive-backed Pipit","Anthus hodgsoni","Olive-backed Pipit","Anthus hodgsoni","Least Concern","Schedule-II","","Appendix II",NA,"Olive-backed Pipit","Anthus hodgsoni","avibase-25F7AF65",1,2.4,2,0.091093432,1307,"","","X",13,0.230769230769231,0.269230769230769,0.384615384615385,20.3076923076923,2.32106280491905,NA,NA,NA,NA,NA,NA,NA,NA,NA,NA,NA,NA,NA,NA,NA,NA,NA,NA,NA,NA,NA,NA,NA,NA,NA,NA,NA,NA,NA,NA,NA,NA,NA,3486,3509,3532,"Insufficient Data","Insufficient Data",NA,"Moderate","Insufficient Data","Insufficient Data",NA,"Low"
"Red-throated Pipit","Anthus cervinus","retpip","Passeriformes","Motacillidae (Wagtails and Pipits)",NA,NA,NA,NA,"Diurnal","Diurnal","Invertebrate","No","No","No","Non-endemic","Wetland","Passage Migrant & Localized Winter Migrant",NA,NA,NA,"Red-throated Pipit","Anthus cervinus","Red-throated Pipit","Anthus cervinus","Least Concern","Schedule-II","","Appendix II",NA,"Red-throated Pipit","Anthus cervinus","avibase-319D044A",1,2.39,1,0.001398282,1308,"","","",NA,NA,NA,NA,NA,NA,NA,NA,NA,NA,NA,NA,NA,NA,NA,NA,NA,NA,NA,NA,NA,NA,NA,NA,NA,NA,NA,NA,NA,NA,NA,NA,NA,NA,NA,NA,NA,NA,NA,NA,NA,NA,NA,NA,NA,NA,NA,NA,NA,NA
"Water Pipit","Anthus spinoletta","watpip1","Passeriformes","Motacillidae (Wagtails and Pipits)",NA,NA,NA,NA,"Diurnal","Diurnal","Invertebrate","No","No","No","Non-endemic","Wetland","Winter Migrant",NA,NA,NA,"Water Pipit","Anthus spinoletta","Water Pipit","Anthus spinoletta","Least Concern","Schedule-II","","Appendix II",NA,"Water Pipit","Anthus spinoletta","avibase-0A3FA185",1,2.39,2,0.036915187,1309,"","","",NA,NA,NA,NA,NA,NA,NA,NA,NA,NA,NA,NA,NA,NA,NA,NA,NA,NA,NA,NA,NA,NA,NA,NA,NA,NA,NA,NA,NA,NA,NA,NA,NA,NA,NA,NA,NA,NA,NA,NA,NA,NA,NA,NA,NA,NA,NA,NA,NA,NA
"Siberian Pipit","Anthus japonicus","sibpip1","Passeriformes","Motacillidae (Wagtails and Pipits)",NA,NA,NA,NA,"Diurnal","Diurnal","Invertebrate","No","No","No","Non-endemic","Wetland","Winter Migrant",NA,NA,NA,"Buff-bellied Pipit","Anthus japonicus","Buff-bellied Pipit","Anthus rubescens","Least Concern","Schedule-II","","Appendix II",NA,"Siberian Pipit","Anthus japonicus","avibase-CEF9CA9D",1,2.34,1,0.00793578,1310,"","","",NA,NA,NA,NA,NA,NA,NA,NA,NA,NA,NA,NA,NA,NA,NA,NA,NA,NA,NA,NA,NA,NA,NA,NA,NA,NA,NA,NA,NA,NA,NA,NA,NA,NA,NA,NA,NA,NA,NA,NA,NA,NA,NA,NA,NA,NA,NA,NA,NA,NA
"Common Chaffinch","Fringilla coelebs","comcha","Passeriformes","Fringillidae (Finches, Euphonias, and Allies)",NA,NA,NA,NA,"Diurnal","Diurnal","Invertebrate","No","No","No","Non-endemic","Forest & Plantation","Winter Migrant",NA,NA,NA,"Common Chaffinch","Fringilla coelebs","Common Chaffinch","Fringilla coelebs","Least Concern","Schedule-II","","",NA,"Eurasian Chaffinch","Fringilla coelebs","avibase-6364E4A5",1,5.97,1,0.010435099,1311,"","","",NA,NA,NA,NA,NA,NA,NA,NA,NA,NA,NA,NA,NA,NA,NA,NA,NA,NA,NA,NA,NA,NA,NA,NA,NA,NA,NA,NA,NA,NA,NA,NA,NA,NA,NA,NA,NA,NA,NA,NA,NA,NA,NA,NA,NA,NA,NA,NA,NA,NA
"Brambling","Fringilla montifringilla","brambl","Passeriformes","Fringillidae (Finches, Euphonias, and Allies)",NA,NA,NA,NA,"Diurnal","Diurnal","Omnivore","No","No","No","Non-endemic","Forest & Plantation","Winter Migrant",NA,NA,NA,"Brambling","Fringilla montifringilla","Brambling","Fringilla montifringilla","Least Concern","Schedule-II","","",NA,"Brambling","Fringilla montifringilla","avibase-E16B2C03",1,3.44,1,0.006244709,1312,"","","",NA,NA,NA,NA,NA,NA,NA,NA,NA,NA,NA,NA,NA,NA,NA,NA,NA,NA,NA,NA,NA,NA,NA,NA,NA,NA,NA,NA,NA,NA,NA,NA,NA,NA,NA,NA,NA,NA,NA,NA,NA,NA,NA,NA,NA,NA,NA,NA,NA,NA
"Black-and-yellow Grosbeak","Mycerobas icterioides","baygro1","Passeriformes","Fringillidae (Finches, Euphonias, and Allies)",NA,NA,NA,NA,"Diurnal","Diurnal","Plant & Seed","No","No","Yes","Western Himalayas","Forest","Resident",NA,NA,NA,"Black-and-yellow Grosbeak","Mycerobas icterioides","Black-and-yellow Grosbeak","Mycerobas icterioides","Least Concern","Schedule-II","","",NA,"Black-and-yellow Grosbeak","Mycerobas icterioides","avibase-91A4FA36",1,3.9,1,0.32901553,1313,"","","",NA,NA,NA,NA,NA,NA,NA,NA,NA,NA,NA,NA,NA,NA,NA,NA,NA,NA,NA,NA,NA,NA,NA,NA,NA,NA,NA,NA,NA,NA,NA,NA,NA,NA,NA,NA,NA,NA,NA,NA,NA,NA,NA,NA,NA,"Low",NA,NA,NA,NA
"Collared Grosbeak","Mycerobas affinis","colgro1","Passeriformes","Fringillidae (Finches, Euphonias, and Allies)",NA,NA,NA,NA,"Diurnal","Diurnal","Plant & Seed","No","No","No","Non-endemic","Forest","Resident",1,NA,NA,"Collared Grosbeak","Mycerobas affinis","Collared Grosbeak","Mycerobas affinis","Least Concern","Schedule-II","","",NA,"Collared Grosbeak","Mycerobas affinis","avibase-F7B5C386",1,4.08,1,0.096905551,1314,"","","",NA,NA,NA,NA,NA,NA,NA,NA,NA,NA,NA,NA,NA,NA,NA,NA,NA,NA,NA,NA,NA,NA,NA,NA,NA,NA,NA,NA,NA,NA,NA,NA,NA,NA,NA,NA,NA,NA,NA,NA,NA,NA,NA,NA,NA,"Moderate",NA,NA,NA,NA
"Spot-winged Grosbeak","Mycerobas melanozanthos","spwgro1","Passeriformes","Fringillidae (Finches, Euphonias, and Allies)",NA,NA,NA,NA,"Diurnal","Diurnal","Plant & Seed","No","No","No","Non-endemic","Forest","Resident",NA,NA,NA,"Spot-winged Grosbeak","Mycerobas melanozanthos","Spot-winged Grosbeak","Mycerobas melanozanthos","Least Concern","Schedule-II","","",NA,"Spot-winged Grosbeak","Mycerobas melanozanthos","avibase-7AF5B51C",1,3.81,1,0.191677304,1315,"","","",NA,NA,NA,NA,NA,NA,NA,NA,NA,NA,NA,NA,NA,NA,NA,NA,NA,NA,NA,NA,NA,NA,NA,NA,NA,NA,NA,NA,NA,NA,NA,NA,NA,NA,NA,NA,NA,NA,NA,NA,NA,NA,NA,NA,NA,"Low",NA,NA,NA,NA
"White-winged Grosbeak","Mycerobas carnipes","whwgro1","Passeriformes","Fringillidae (Finches, Euphonias, and Allies)",NA,NA,NA,NA,"Diurnal","Diurnal","Fruit & Nect","No","No","No","Non-endemic","Forest","Resident",NA,NA,NA,"White-winged Grosbeak","Mycerobas carnipes","White-winged Grosbeak","Mycerobas carnipes","Least Concern","Schedule-II","","",NA,"White-winged Grosbeak","Mycerobas carnipes","avibase-E3BD8022",1,3.55,1,0.05930684,1316,"","","",NA,NA,NA,NA,NA,NA,NA,NA,NA,NA,NA,NA,NA,NA,NA,NA,NA,NA,NA,NA,NA,NA,NA,NA,NA,NA,NA,NA,NA,NA,NA,NA,NA,NA,NA,NA,NA,NA,NA,NA,NA,NA,NA,NA,NA,NA,NA,NA,NA,NA
"Hawfinch","Coccothraustes coccothraustes","hawfin","Passeriformes","Fringillidae (Finches, Euphonias, and Allies)",NA,NA,NA,NA,"Diurnal","Diurnal","Plant & Seed","No","No","No","Non-endemic","Forest & Plantation","Uncertain",NA,1,NA,"Hawfinch","Coccothraustes coccothraustes","Hawfinch","Coccothraustes coccothraustes","Least Concern","Schedule-II","","",NA,"Hawfinch","Coccothraustes coccothraustes","avibase-84E1F114",NA,3.06,1,0.003097098,1317,"","","",NA,NA,NA,NA,NA,NA,NA,NA,NA,NA,NA,NA,NA,NA,NA,NA,NA,NA,NA,NA,NA,NA,NA,NA,NA,NA,NA,NA,NA,NA,NA,NA,NA,NA,NA,NA,NA,NA,NA,NA,NA,NA,NA,NA,NA,NA,NA,NA,NA,NA
"Yellow-billed Grosbeak","Eophona migratoria","yebgro1","Passeriformes","Fringillidae (Finches, Euphonias, and Allies)",NA,NA,NA,NA,"Diurnal","Diurnal","Plant & Seed","No","No","No","Non-endemic","Forest","Uncertain",NA,1,NA,"Yellow-billed Grosbeak","Eophona migratoria","Chinese Grosbeak","Eophona migratoria","Least Concern","Recent addition","","",NA,"Chinese Grosbeak","Eophona migratoria","avibase-507C9379",NA,3.59,1,NA,1318,"","","",NA,NA,NA,NA,NA,NA,NA,NA,NA,NA,NA,NA,NA,NA,NA,NA,NA,NA,NA,NA,NA,NA,NA,NA,NA,NA,NA,NA,NA,NA,NA,NA,NA,NA,NA,NA,NA,NA,NA,NA,NA,NA,NA,NA,NA,NA,NA,NA,NA,NA
"Common Rosefinch","Carpodacus erythrinus","comros","Passeriformes","Fringillidae (Finches, Euphonias, and Allies)",NA,NA,NA,NA,"Diurnal","Diurnal","Plant & Seed","No","No","No","Non-endemic","Non-specialized","Winter Migrant & Localized Summer Migrant",1,NA,NA,"Common Rosefinch","Carpodacus erythrinus","Common Rosefinch","Carpodacus erythrinus","Least Concern","Schedule-II","","",NA,"Common Rosefinch","Carpodacus erythrinus","avibase-3A713345",1,2.41,4,0.086614825,1319,"","","X",44,0.136363636363636,0.440340909090909,0.545454545454545,17.8863636363636,1.77770852705097,NA,NA,NA,NA,NA,NA,NA,NA,NA,NA,NA,NA,NA,NA,NA,NA,NA,NA,NA,NA,NA,NA,NA,NA,NA,NA,NA,NA,NA,NA,NA,NA,NA,33151,33242,33333,"Insufficient Data","Insufficient Data",NA,"Moderate","Insufficient Data","Insufficient Data",NA,"Low"
"Scarlet Finch","Carpodacus sipahi","scafin1","Passeriformes","Fringillidae (Finches, Euphonias, and Allies)",NA,NA,NA,NA,"Diurnal","Diurnal","Plant & Seed","No","No","No","Non-endemic","Forest","Resident & Altitudinal Migrant",NA,NA,NA,"Scarlet Finch","Carpodacus sipahi","Scarlet Finch","Carpodacus sipahi","Least Concern","Schedule-II","","",NA,"Scarlet Finch","Carpodacus sipahi","avibase-1884ACC6",1,3.01,1,0.245550886,1320,"","","",NA,NA,NA,NA,NA,NA,NA,NA,NA,NA,NA,NA,NA,NA,NA,NA,NA,NA,NA,NA,NA,NA,NA,NA,NA,NA,NA,NA,NA,NA,NA,NA,NA,NA,NA,NA,NA,NA,NA,NA,NA,NA,NA,NA,NA,NA,NA,NA,NA,NA
"Blyth's Rosefinch","Carpodacus grandis","blyros1","Passeriformes","Fringillidae (Finches, Euphonias, and Allies)",NA,NA,NA,NA,"Diurnal","Diurnal","Plant & Seed","No","No","Yes","Himalayas","Non-specialized","Resident & Altitudinal Migrant",NA,NA,NA,"Blyth's Rosefinch","Carpodacus grandis","Red-mantled Rosefinch","Carpodacus rhodochlamys","Not recognized","Schedule-II","","",NA,"Blyth's Rosefinch","Carpodacus grandis","avibase-2FF259E0",1,2.85,1,0.026108249,1321,"","","",NA,NA,NA,NA,NA,NA,NA,NA,NA,NA,NA,NA,NA,NA,NA,NA,NA,NA,NA,NA,NA,NA,NA,NA,NA,NA,NA,NA,NA,NA,NA,NA,NA,NA,NA,NA,NA,NA,NA,NA,NA,NA,NA,NA,NA,"Moderate",NA,NA,NA,NA
"Himalayan Beautiful Rosefinch","Carpodacus pulcherrimus","bearos1","Passeriformes","Fringillidae (Finches, Euphonias, and Allies)",NA,NA,NA,NA,"Diurnal","Diurnal","Plant & Seed","No","No","No","Non-endemic","Non-specialized","Resident",1,NA,NA,"Himalayan Beautiful Rosefinch","Carpodacus pulcherrimus","Beautiful Rosefinch","Carpodacus pulcherrimus","Least Concern","Schedule-II","","",NA,"Himalayan Beautiful Rosefinch","Carpodacus pulcherrimus","avibase-60DE3563",1,2.49,1,0.015480107,1322,"","","",NA,NA,NA,NA,NA,NA,NA,NA,NA,NA,NA,NA,NA,NA,NA,NA,NA,NA,NA,NA,NA,NA,NA,NA,NA,NA,NA,NA,NA,NA,NA,NA,NA,NA,NA,NA,NA,NA,NA,NA,NA,NA,NA,NA,NA,"Moderate",NA,NA,NA,NA
"Pink-rumped Rosefinch","Carpodacus waltoni","pirros1","Passeriformes","Fringillidae (Finches, Euphonias, and Allies)",NA,NA,NA,NA,"Diurnal","Diurnal","Plant & Seed","No","No","No","Non-endemic","Non-specialized","Uncertain",NA,1,NA,"Pink-rumped Rosefinch","Carpodacus waltoni","Pink-rumped Rosefinch","Carpodacus waltoni","Least Concern","Schedule-II","","",NA,"Pink-rumped Rosefinch","Carpodacus waltoni","avibase-1A121D37",NA,2.69,1,NA,1323,"","","",NA,NA,NA,NA,NA,NA,NA,NA,NA,NA,NA,NA,NA,NA,NA,NA,NA,NA,NA,NA,NA,NA,NA,NA,NA,NA,NA,NA,NA,NA,NA,NA,NA,NA,NA,NA,NA,NA,NA,NA,NA,NA,NA,NA,NA,NA,NA,NA,NA,NA
"Dark-rumped Rosefinch","Carpodacus edwardsii","darros1","Passeriformes","Fringillidae (Finches, Euphonias, and Allies)",NA,NA,NA,NA,"Diurnal","Diurnal","Plant & Seed","No","No","No","Non-endemic","Forest","Resident & Altitudinal Migrant",1,NA,NA,"Dark-rumped Rosefinch","Carpodacus edwardsii","Dark-rumped Rosefinch","Carpodacus edwardsii","Least Concern","Schedule-II","","",NA,"Dark-rumped Rosefinch","Carpodacus edwardsii","avibase-9C8F0B66",1,2.68,1,0.125402254,1324,"","","",NA,NA,NA,NA,NA,NA,NA,NA,NA,NA,NA,NA,NA,NA,NA,NA,NA,NA,NA,NA,NA,NA,NA,NA,NA,NA,NA,NA,NA,NA,NA,NA,NA,NA,NA,NA,NA,NA,NA,NA,NA,NA,NA,NA,NA,"Moderate",NA,NA,NA,NA
"Pink-browed Rosefinch","Carpodacus rodochroa","pibros2","Passeriformes","Fringillidae (Finches, Euphonias, and Allies)",NA,NA,NA,NA,"Diurnal","Diurnal","Omnivore","No","No","Yes","Himalayas","Non-specialized","Resident & Altitudinal Migrant",NA,NA,NA,"Pink-browed Rosefinch","Carpodacus rodochroa","Pink-browed Rosefinch","Carpodacus rodochroa","Least Concern","Schedule-II","","",NA,"Pink-browed Rosefinch","Carpodacus rodochroa","avibase-0D592D10",1,2.36,1,0.461141411,1325,"","","",NA,NA,NA,NA,NA,NA,NA,NA,NA,NA,NA,NA,NA,NA,NA,NA,NA,NA,NA,NA,NA,NA,NA,NA,NA,NA,NA,NA,NA,NA,NA,NA,NA,NA,NA,NA,NA,NA,NA,NA,NA,NA,NA,NA,NA,"Low",NA,NA,NA,NA
"Spot-winged Rosefinch","Carpodacus rodopeplus","spwros2","Passeriformes","Fringillidae (Finches, Euphonias, and Allies)",NA,NA,NA,NA,"Diurnal","Diurnal","Plant & Seed","No","No","Yes","Himalayas","Non-specialized","Altitudinal Migrant",NA,NA,NA,"Spot-winged Rosefinch","Carpodacus rodopeplus","Spot-winged Rosefinch","Carpodacus rodopeplus","Least Concern","Schedule-II","","",NA,"Spot-winged Rosefinch","Carpodacus rodopeplus","avibase-013420E1",1,2.59,1,0.441700059,1326,"","","",NA,NA,NA,NA,NA,NA,NA,NA,NA,NA,NA,NA,NA,NA,NA,NA,NA,NA,NA,NA,NA,NA,NA,NA,NA,NA,NA,NA,NA,NA,NA,NA,NA,NA,NA,NA,NA,NA,NA,NA,NA,NA,NA,NA,NA,"Moderate",NA,NA,NA,NA
"Vinaceous Rosefinch","Carpodacus vinaceus","vinros2","Passeriformes","Fringillidae (Finches, Euphonias, and Allies)",NA,NA,NA,NA,"Diurnal","Diurnal","Plant & Seed","No","No","No","Non-endemic","Non-specialized","Winter Migrant",NA,1,NA,"Vinaceous Rosefinch","Carpodacus vinaceus","Vinaceous Rosefinch","Carpodacus vinaceus","Least Concern","Schedule-II","","",NA,"Vinaceous Rosefinch","Carpodacus vinaceus","avibase-86EBCA5D",1,2.56,1,0.000362,1327,"","","",NA,NA,NA,NA,NA,NA,NA,NA,NA,NA,NA,NA,NA,NA,NA,NA,NA,NA,NA,NA,NA,NA,NA,NA,NA,NA,NA,NA,NA,NA,NA,NA,NA,NA,NA,NA,NA,NA,NA,NA,NA,NA,NA,NA,NA,NA,NA,NA,NA,NA
"Pale Rosefinch","Carpodacus stoliczkae","palros3","Passeriformes","Fringillidae (Finches, Euphonias, and Allies)",NA,NA,NA,NA,"Diurnal","Diurnal","Plant & Seed","No","No","No","Non-endemic","Alpine & Cold Desert","Resident",NA,1,NA,"Pale Rosefinch","Carpodacus stoliczkae","Pale Rosefinch","Carpodacus stoliczkae","Least Concern","Schedule-II","","",NA,"Pale Rosefinch","Carpodacus stoliczkae","avibase-2AA95030",1,2.48,1,NA,1328,"","","",NA,NA,NA,NA,NA,NA,NA,NA,NA,NA,NA,NA,NA,NA,NA,NA,NA,NA,NA,NA,NA,NA,NA,NA,NA,NA,NA,NA,NA,NA,NA,NA,NA,NA,NA,NA,NA,NA,NA,NA,NA,NA,NA,NA,NA,NA,NA,NA,NA,NA
"Sillem's Rosefinch","Carpodacus sillemi","tahmof1","Passeriformes","Fringillidae (Finches, Euphonias, and Allies)",NA,NA,NA,NA,"Diurnal","Diurnal","Plant & Seed","No","No","No","Non-endemic","Alpine & Cold Desert","Uncertain",NA,1,NA,"Sillem's Rosefinch","Carpodacus sillemi","Sillem's Rosefinch","Carpodacus sillemi","Data Deficient","Schedule-II","","",NA,"Sillem's Rosefinch","Carpodacus sillemi","avibase-4C9486AE",NA,2.75,1,0.04228906,1329,"","","",NA,NA,NA,NA,NA,NA,NA,NA,NA,NA,NA,NA,NA,NA,NA,NA,NA,NA,NA,NA,NA,NA,NA,NA,NA,NA,NA,NA,NA,NA,NA,NA,NA,NA,NA,NA,NA,NA,NA,NA,NA,NA,NA,NA,NA,NA,NA,NA,NA,NA
"Streaked Rosefinch","Carpodacus rubicilloides","strros1","Passeriformes","Fringillidae (Finches, Euphonias, and Allies)",NA,NA,NA,NA,"Diurnal","Diurnal","Plant & Seed","No","No","No","Non-endemic","Alpine & Cold Desert","Resident & Altitudinal Migrant",NA,NA,NA,"Streaked Rosefinch","Carpodacus rubicilloides","Streaked Rosefinch","Carpodacus rubicilloides","Least Concern","Schedule-II","","",NA,"Streaked Rosefinch","Carpodacus rubicilloides","avibase-D3FBD80B",1,2.98,1,0.059826029,1330,"","","",NA,NA,NA,NA,NA,NA,NA,NA,NA,NA,NA,NA,NA,NA,NA,NA,NA,NA,NA,NA,NA,NA,NA,NA,NA,NA,NA,NA,NA,NA,NA,NA,NA,NA,NA,NA,NA,NA,NA,NA,NA,NA,NA,NA,NA,NA,NA,NA,NA,NA
"Great Rosefinch","Carpodacus rubicilla","greros1","Passeriformes","Fringillidae (Finches, Euphonias, and Allies)",NA,NA,NA,NA,"Diurnal","Diurnal","Plant & Seed","No","No","No","Non-endemic","Alpine & Cold Desert","Resident",NA,NA,NA,"Great Rosefinch","Carpodacus rubicilla","Great Rosefinch","Carpodacus rubicilla","Least Concern","Schedule-II","","",NA,"Great Rosefinch","Carpodacus rubicilla","avibase-7621E1A6",1,2.9,1,0.049177163,1331,"","","",NA,NA,NA,NA,NA,NA,NA,NA,NA,NA,NA,NA,NA,NA,NA,NA,NA,NA,NA,NA,NA,NA,NA,NA,NA,NA,NA,NA,NA,NA,NA,NA,NA,NA,NA,NA,NA,NA,NA,NA,NA,NA,NA,NA,NA,NA,NA,NA,NA,NA
"Red-fronted Rosefinch","Carpodacus puniceus","refros1","Passeriformes","Fringillidae (Finches, Euphonias, and Allies)",NA,NA,NA,NA,"Diurnal","Diurnal","Plant & Seed","No","No","No","Non-endemic","Alpine & Cold Desert","Resident & Altitudinal Migrant",NA,NA,NA,"Red-fronted Rosefinch","Carpodacus puniceus","Red-fronted Rosefinch","Carpodacus puniceus","Least Concern","Schedule-II","","",NA,"Red-fronted Rosefinch","Carpodacus puniceus","avibase-261F5C16",1,3.06,3,0.045611798,1332,"","","",NA,NA,NA,NA,NA,NA,NA,NA,NA,NA,NA,NA,NA,NA,NA,NA,NA,NA,NA,NA,NA,NA,NA,NA,NA,NA,NA,NA,NA,NA,NA,NA,NA,NA,NA,NA,NA,NA,NA,NA,NA,NA,NA,NA,NA,NA,NA,NA,NA,NA
"Crimson-browed Finch","Carpodacus subhimachalus","crbfin3","Passeriformes","Fringillidae (Finches, Euphonias, and Allies)",NA,NA,NA,NA,"Diurnal","Diurnal","Plant & Seed","No","No","No","Non-endemic","Forest","Resident & Altitudinal Migrant",1,NA,NA,"Crimson-browed Finch","Carpodacus subhimachalus","Crimson-browed Finch","Carpodacus subhimachalus","Least Concern","Schedule-II","","",NA,"Crimson-browed Finch","Carpodacus subhimachalus","avibase-48F59E1E",1,3.03,1,0.104141427,1333,"","","",NA,NA,NA,NA,NA,NA,NA,NA,NA,NA,NA,NA,NA,NA,NA,NA,NA,NA,NA,NA,NA,NA,NA,NA,NA,NA,NA,NA,NA,NA,NA,NA,NA,NA,NA,NA,NA,NA,NA,NA,NA,NA,NA,NA,NA,"Moderate",NA,NA,NA,NA
"Three-banded Rosefinch","Carpodacus trifasciatus","thbros1","Passeriformes","Fringillidae (Finches, Euphonias, and Allies)",NA,NA,NA,NA,"Diurnal","Diurnal","Plant & Seed","No","No","No","Non-endemic","Forest","Uncertain",NA,1,NA,"Three-banded Rosefinch","Carpodacus trifasciatus","Three-banded Rosefinch","Carpodacus trifasciatus","Least Concern","Schedule-II","","",NA,"Three-banded Rosefinch","Carpodacus trifasciatus","avibase-46CD933C",NA,2.69,1,0.045674478,1334,"","","",NA,NA,NA,NA,NA,NA,NA,NA,NA,NA,NA,NA,NA,NA,NA,NA,NA,NA,NA,NA,NA,NA,NA,NA,NA,NA,NA,NA,NA,NA,NA,NA,NA,NA,NA,NA,NA,NA,NA,NA,NA,NA,NA,NA,NA,NA,NA,NA,NA,NA
"Himalayan White-browed Rosefinch","Carpodacus thura","whbros1","Passeriformes","Fringillidae (Finches, Euphonias, and Allies)",NA,NA,NA,NA,"Diurnal","Diurnal","Plant & Seed","No","No","Yes","Himalayas","Forest","Resident",NA,NA,NA,"Himalayan White-browed Rosefinch","Carpodacus thura","Himalayan White-browed Rosefinch","Carpodacus thura","Least Concern","Schedule-II","","",NA,"Himalayan White-browed Rosefinch","Carpodacus thura","avibase-8B4F255E",1,2.77,2,0.280514804,1335,"","","",NA,NA,NA,NA,NA,NA,NA,NA,NA,NA,NA,NA,NA,NA,NA,NA,NA,NA,NA,NA,NA,NA,NA,NA,NA,NA,NA,NA,NA,NA,NA,NA,NA,NA,NA,NA,NA,NA,NA,NA,NA,NA,NA,NA,NA,"Moderate",NA,NA,NA,NA
"Chinese White-browed Rosefinch","Carpodacus dubius","cwbros1","Passeriformes","Fringillidae (Finches, Euphonias, and Allies)",NA,NA,NA,NA,"Diurnal","Diurnal","Plant & Seed","No","No","No","Non-endemic","Non-specialized","Uncertain",NA,1,NA,"Chinese White-browed Rosefinch","Carpodacus dubius","Chinese White-browed Rosefinch","Carpodacus dubius","Least Concern","Schedule-II","","",NA,"Chinese White-browed Rosefinch","Carpodacus dubius","avibase-F048220F",NA,2.68,1,0.005227838,1336,"","","",NA,NA,NA,NA,NA,NA,NA,NA,NA,NA,NA,NA,NA,NA,NA,NA,NA,NA,NA,NA,NA,NA,NA,NA,NA,NA,NA,NA,NA,NA,NA,NA,NA,NA,NA,NA,NA,NA,NA,NA,NA,NA,NA,NA,NA,NA,NA,NA,NA,NA
"Brown Bullfinch","Pyrrhula nipalensis","brobul1","Passeriformes","Fringillidae (Finches, Euphonias, and Allies)",NA,NA,NA,NA,"Diurnal","Diurnal","Plant & Seed","No","No","No","Non-endemic","Forest","Resident & Altitudinal Migrant",1,NA,NA,"Brown Bullfinch","Pyrrhula nipalensis","Brown Bullfinch","Pyrrhula nipalensis","Least Concern","Schedule-II","","",NA,"Brown Bullfinch","Pyrrhula nipalensis","avibase-964205CA",1,3.93,3,0.078989505,1337,"","","",NA,NA,NA,NA,NA,NA,NA,NA,NA,NA,NA,NA,NA,NA,NA,NA,NA,NA,NA,NA,NA,NA,NA,NA,NA,NA,NA,NA,NA,NA,NA,NA,NA,NA,NA,NA,NA,NA,NA,NA,NA,NA,NA,NA,NA,"Moderate",NA,NA,NA,NA
"Orange Bullfinch","Pyrrhula aurantiaca","orabul1","Passeriformes","Fringillidae (Finches, Euphonias, and Allies)",NA,NA,NA,NA,"Diurnal","Diurnal","Plant & Seed","No","Yes","Yes","Western Himalayas","Forest","Resident & Altitudinal Migrant",NA,NA,NA,"Orange Bullfinch","Pyrrhula aurantiaca","Orange Bullfinch","Pyrrhula aurantiaca","Least Concern","Schedule-II","","",NA,"Orange Bullfinch","Pyrrhula aurantiaca","avibase-77B73033",1,3.5,1,0.544599686,1338,"","","",NA,NA,NA,NA,NA,NA,NA,NA,NA,NA,NA,NA,NA,NA,NA,NA,NA,NA,NA,NA,NA,NA,NA,NA,NA,NA,NA,NA,NA,NA,NA,NA,NA,NA,NA,NA,NA,NA,NA,NA,NA,NA,NA,NA,NA,"Moderate",NA,NA,NA,NA
"Red-headed Bullfinch","Pyrrhula erythrocephala","rehbul1","Passeriformes","Fringillidae (Finches, Euphonias, and Allies)",NA,NA,NA,NA,"Diurnal","Diurnal","Plant & Seed","No","No","Yes","Himalayas","Forest","Resident",NA,NA,NA,"Red-headed Bullfinch","Pyrrhula erythrocephala","Red-headed Bullfinch","Pyrrhula erythrocephala","Least Concern","Schedule-II","","",NA,"Red-headed Bullfinch","Pyrrhula erythrocephala","avibase-9A1D7F23",1,3.6,1,0.35537904,1339,"","","",NA,NA,NA,NA,NA,NA,NA,NA,NA,NA,NA,NA,NA,NA,NA,NA,NA,NA,NA,NA,NA,NA,NA,NA,NA,NA,NA,NA,NA,NA,NA,NA,NA,NA,NA,NA,NA,NA,NA,NA,NA,NA,NA,NA,NA,"Low",NA,NA,NA,NA
"Gray-headed Bullfinch","Pyrrhula erythaca","gyhbul2","Passeriformes","Fringillidae (Finches, Euphonias, and Allies)",NA,NA,NA,NA,"Diurnal","Diurnal","Plant & Seed","No","No","No","Non-endemic","Forest","Resident",NA,NA,NA,"Grey-headed Bullfinch","Pyrrhula erythaca","Grey-headed Bullfinch","Pyrrhula erythaca","Least Concern","Schedule-II","","",NA,"Grey-headed Bullfinch","Pyrrhula erythaca","avibase-1C8E0DB2",1,3.49,1,0.044065221,1340,"","","",NA,NA,NA,NA,NA,NA,NA,NA,NA,NA,NA,NA,NA,NA,NA,NA,NA,NA,NA,NA,NA,NA,NA,NA,NA,NA,NA,NA,NA,NA,NA,NA,NA,NA,NA,NA,NA,NA,NA,NA,NA,NA,NA,NA,NA,NA,NA,NA,NA,NA
"Crimson-winged Finch","Rhodopechys sanguineus","crwfin2","Passeriformes","Fringillidae (Finches, Euphonias, and Allies)",NA,NA,NA,NA,"Diurnal","Diurnal","Plant & Seed","No","No","No","Non-endemic","Alpine & Cold Desert","Uncertain",NA,1,NA,"Crimson-winged Finch","Rhodopechys sanguineus","Eurasian Crimson-winged Finch","Rhodopechys sanguineus","Least Concern","Schedule-II","","",NA,"Crimson-winged Finch","Rhodopechys sanguineus","avibase-B345F82B",NA,3.33,1,NA,1341,"","","",NA,NA,NA,NA,NA,NA,NA,NA,NA,NA,NA,NA,NA,NA,NA,NA,NA,NA,NA,NA,NA,NA,NA,NA,NA,NA,NA,NA,NA,NA,NA,NA,NA,NA,NA,NA,NA,NA,NA,NA,NA,NA,NA,NA,NA,NA,NA,NA,NA,NA
"Trumpeter Finch","Bucanetes githagineus","trufin2","Passeriformes","Fringillidae (Finches, Euphonias, and Allies)",NA,NA,NA,NA,"Diurnal","Diurnal","Plant & Seed","No","No","No","Non-endemic","Grassland & Scrub","Winter Migrant",NA,NA,NA,"Trumpeter Finch","Bucanetes githagineus","Trumpeter Finch","Bucanetes githagineus","Least Concern","Schedule-II","","",NA,"Trumpeter Finch","Bucanetes githagineus","avibase-8049F707",1,2.94,1,0.021665884,1342,"","","",NA,NA,NA,NA,NA,NA,NA,NA,NA,NA,NA,NA,NA,NA,NA,NA,NA,NA,NA,NA,NA,NA,NA,NA,NA,NA,NA,NA,NA,NA,NA,NA,NA,NA,NA,NA,NA,NA,NA,NA,NA,NA,NA,NA,NA,NA,NA,NA,NA,NA
"Mongolian Finch","Bucanetes mongolicus","monfin2","Passeriformes","Fringillidae (Finches, Euphonias, and Allies)",NA,NA,NA,NA,"Diurnal","Diurnal","Plant & Seed","No","No","No","Non-endemic","Alpine & Cold Desert","Resident",NA,NA,NA,"Mongolian Finch","Bucanetes mongolicus","Mongolian Finch","Bucanetes mongolicus","Least Concern","Schedule-II","","",NA,"Mongolian Finch","Bucanetes mongolicus","avibase-B8FE90AC",1,3.03,1,0.021215222,1343,"","","",NA,NA,NA,NA,NA,NA,NA,NA,NA,NA,NA,NA,NA,NA,NA,NA,NA,NA,NA,NA,NA,NA,NA,NA,NA,NA,NA,NA,NA,NA,NA,NA,NA,NA,NA,NA,NA,NA,NA,NA,NA,NA,NA,NA,NA,NA,NA,NA,NA,NA
"Blanford's Rosefinch","Agraphospiza rubescens","blaros1","Passeriformes","Fringillidae (Finches, Euphonias, and Allies)",NA,NA,NA,NA,"Diurnal","Diurnal","Plant & Seed","No","No","No","Non-endemic","Forest","Resident & Altitudinal Migrant",NA,NA,NA,"Blanford's Rosefinch","Agraphospiza rubescens","Blanford's Rosefinch","Agraphospiza rubescens","Least Concern","Schedule-II","","",NA,"Blanford's Rosefinch","Agraphospiza rubescens","avibase-A8EC7456",1,3.27,1,0.09571698,1344,"","","",NA,NA,NA,NA,NA,NA,NA,NA,NA,NA,NA,NA,NA,NA,NA,NA,NA,NA,NA,NA,NA,NA,NA,NA,NA,NA,NA,NA,NA,NA,NA,NA,NA,NA,NA,NA,NA,NA,NA,NA,NA,NA,NA,NA,NA,NA,NA,NA,NA,NA
"Gold-naped Finch","Pyrrhoplectes epauletta","gonfin1","Passeriformes","Fringillidae (Finches, Euphonias, and Allies)",NA,NA,NA,NA,"Diurnal","Diurnal","Plant & Seed","No","No","Yes","Himalayas","Forest","Resident & Altitudinal Migrant",NA,NA,NA,"Gold-naped Finch","Pyrrhoplectes epauletta","Gold-naped Finch","Pyrrhoplectes epauletta","Least Concern","Schedule-II","","",NA,"Golden-naped Finch","Pyrrhoplectes epauletta","avibase-88F67B5E",1,3.02,1,0.171521685,1345,"","","",NA,NA,NA,NA,NA,NA,NA,NA,NA,NA,NA,NA,NA,NA,NA,NA,NA,NA,NA,NA,NA,NA,NA,NA,NA,NA,NA,NA,NA,NA,NA,NA,NA,NA,NA,NA,NA,NA,NA,NA,NA,NA,NA,NA,NA,"Moderate",NA,NA,NA,NA
"Spectacled Finch","Callacanthis burtoni","spefin1","Passeriformes","Fringillidae (Finches, Euphonias, and Allies)",NA,NA,NA,NA,"Diurnal","Diurnal","Plant & Seed","No","No","Yes","Western Himalayas","Forest","Resident & Altitudinal Migrant",NA,NA,NA,"Spectacled Finch","Callacanthis burtoni","Spectacled Finch","Callacanthis burtoni","Least Concern","Schedule-II","","",NA,"Spectacled Finch","Callacanthis burtoni","avibase-0134A6D7",1,3.63,1,0.463501607,1346,"","","",NA,NA,NA,NA,NA,NA,NA,NA,NA,NA,NA,NA,NA,NA,NA,NA,NA,NA,NA,NA,NA,NA,NA,NA,NA,NA,NA,NA,NA,NA,NA,NA,NA,NA,NA,NA,NA,NA,NA,NA,NA,NA,NA,NA,NA,"Moderate",NA,NA,NA,NA
"Dark-breasted Rosefinch","Procarduelis nipalensis","dabros1","Passeriformes","Fringillidae (Finches, Euphonias, and Allies)",NA,NA,NA,NA,"Diurnal","Diurnal","Omnivore","No","No","No","Non-endemic","Forest","Resident & Altitudinal Migrant",NA,NA,NA,"Dark-breasted Rosefinch","Procarduelis nipalensis","Dark-breasted Rosefinch","Procarduelis nipalensis","Least Concern","Schedule-II","","",NA,"Dark-breasted Rosefinch","Procarduelis nipalensis","avibase-9058051F",1,2.99,2,0.093177253,1347,"","","",NA,NA,NA,NA,NA,NA,NA,NA,NA,NA,NA,NA,NA,NA,NA,NA,NA,NA,NA,NA,NA,NA,NA,NA,NA,NA,NA,NA,NA,NA,NA,NA,NA,NA,NA,NA,NA,NA,NA,NA,NA,NA,NA,NA,NA,"Low",NA,NA,NA,NA
"Plain Mountain Finch","Leucosticte nemoricola","plmfin1","Passeriformes","Fringillidae (Finches, Euphonias, and Allies)",NA,NA,NA,NA,"Diurnal","Diurnal","Plant & Seed","No","No","No","Non-endemic","Alpine & Cold Desert","Resident & Altitudinal Migrant",NA,NA,NA,"Plain Mountain Finch","Leucosticte nemoricola","Plain Mountain-finch","Leucosticte nemoricola","Least Concern","Schedule-II","","",NA,"Plain Mountain Finch","Leucosticte nemoricola","avibase-AC494997",1,2.77,2,0.050599202,1348,"","","",NA,NA,NA,NA,NA,NA,NA,NA,NA,NA,NA,NA,NA,NA,NA,NA,NA,NA,NA,NA,NA,NA,NA,NA,NA,NA,NA,NA,NA,NA,NA,NA,NA,NA,NA,NA,NA,NA,NA,NA,NA,NA,NA,NA,NA,"Moderate",NA,NA,NA,NA
"Black-headed Mountain Finch","Leucosticte brandti","bhmfin1","Passeriformes","Fringillidae (Finches, Euphonias, and Allies)",NA,NA,NA,NA,"Diurnal","Diurnal","Plant & Seed","No","No","No","Non-endemic","Alpine & Cold Desert","Resident & Altitudinal Migrant",1,NA,NA,"Black-headed Mountain Finch","Leucosticte brandti","Brandt's Mountain-finch","Leucosticte brandti","Least Concern","Schedule-II","","",NA,"Brandt's Mountain Finch","Leucosticte brandti","avibase-D12C9F11",1,2.82,3,0.031740553,1349,"","","",NA,NA,NA,NA,NA,NA,NA,NA,NA,NA,NA,NA,NA,NA,NA,NA,NA,NA,NA,NA,NA,NA,NA,NA,NA,NA,NA,NA,NA,NA,NA,NA,NA,NA,NA,NA,NA,NA,NA,NA,NA,NA,NA,NA,NA,"Low",NA,NA,NA,NA
"Desert Finch","Rhodospiza obsoleta","desfin2","Passeriformes","Fringillidae (Finches, Euphonias, and Allies)",NA,NA,NA,NA,"Diurnal","Diurnal","Plant & Seed","No","No","No","Non-endemic","Non-specialized","Uncertain",NA,1,NA,"Desert Finch","Rhodospiza obsoleta","Desert Finch","Rhodospiza obsoleta","Least Concern","Schedule-II","","",NA,"Desert Finch","Rhodospiza obsoleta","avibase-FA269911",NA,3.1,1,NA,1350,"","","",NA,NA,NA,NA,NA,NA,NA,NA,NA,NA,NA,NA,NA,NA,NA,NA,NA,NA,NA,NA,NA,NA,NA,NA,NA,NA,NA,NA,NA,NA,NA,NA,NA,NA,NA,NA,NA,NA,NA,NA,NA,NA,NA,NA,NA,NA,NA,NA,NA,NA
"European Greenfinch","Chloris chloris","eurgre1","Passeriformes","Fringillidae (Finches, Euphonias, and Allies)",NA,NA,NA,NA,"Diurnal","Diurnal","Plant & Seed","No","No","No","Non-endemic","Non-specialized","Uncertain",NA,1,NA,"European Greenfinch","Chloris chloris","European Greenfinch","Chloris chloris","Least Concern","Recent addition","","",NA,"European Greenfinch","Chloris chloris","avibase-65BD2033",NA,3.13,1,NA,1351,"","","",NA,NA,NA,NA,NA,NA,NA,NA,NA,NA,NA,NA,NA,NA,NA,NA,NA,NA,NA,NA,NA,NA,NA,NA,NA,NA,NA,NA,NA,NA,NA,NA,NA,NA,NA,NA,NA,NA,NA,NA,NA,NA,NA,NA,NA,NA,NA,NA,NA,NA
"Yellow-breasted Greenfinch","Chloris spinoides","yebgre4","Passeriformes","Fringillidae (Finches, Euphonias, and Allies)",NA,NA,NA,NA,"Diurnal","Diurnal","Plant & Seed","No","No","Yes","Himalayas","Non-specialized","Resident & Altitudinal Migrant",NA,NA,NA,"Yellow-breasted Greenfinch","Chloris spinoides","Yellow-breasted Greenfinch","Chloris spinoides","Least Concern","Schedule-II","","",NA,"Yellow-breasted Greenfinch","Chloris spinoides","avibase-63B91A39",1,3.01,2,0.490600087,1352,"","","",NA,NA,NA,NA,NA,NA,NA,NA,NA,NA,NA,NA,NA,NA,NA,NA,NA,NA,NA,NA,NA,NA,NA,NA,NA,NA,NA,NA,NA,NA,NA,NA,NA,NA,NA,NA,NA,NA,NA,NA,NA,NA,NA,NA,NA,"Moderate",NA,NA,NA,NA
"Black-headed Greenfinch","Chloris ambigua","bkhgre1","Passeriformes","Fringillidae (Finches, Euphonias, and Allies)",NA,NA,NA,NA,"Diurnal","Diurnal","Plant & Seed","No","No","No","Non-endemic","Non-specialized","Resident",NA,NA,NA,"Black-headed Greenfinch","Chloris ambigua","Black-headed Greenfinch","Chloris ambigua","Least Concern","Schedule-II","","",NA,"Black-headed Greenfinch","Chloris ambigua","avibase-380A28B4",1,2.92,1,0.03751,1353,"","","",NA,NA,NA,NA,NA,NA,NA,NA,NA,NA,NA,NA,NA,NA,NA,NA,NA,NA,NA,NA,NA,NA,NA,NA,NA,NA,NA,NA,NA,NA,NA,NA,NA,NA,NA,NA,NA,NA,NA,NA,NA,NA,NA,NA,NA,NA,NA,NA,NA,NA
"Twite","Linaria flavirostris","twite1","Passeriformes","Fringillidae (Finches, Euphonias, and Allies)",NA,NA,NA,NA,"Diurnal","Diurnal","Plant & Seed","No","No","No","Non-endemic","Alpine & Cold Desert","Resident",1,NA,NA,"Twite","Linaria flavirostris","Twite","Linaria flavirostris","Least Concern","Schedule-II","","",NA,"Twite","Linaria flavirostris","avibase-6CD4E38E",1,2.51,2,0.010890338,1354,"","","",NA,NA,NA,NA,NA,NA,NA,NA,NA,NA,NA,NA,NA,NA,NA,NA,NA,NA,NA,NA,NA,NA,NA,NA,NA,NA,NA,NA,NA,NA,NA,NA,NA,NA,NA,NA,NA,NA,NA,NA,NA,NA,NA,NA,NA,"Low",NA,NA,NA,NA
"Eurasian Linnet","Linaria cannabina","eurlin1","Passeriformes","Fringillidae (Finches, Euphonias, and Allies)",NA,NA,NA,NA,"Diurnal","Diurnal","Plant & Seed","No","No","No","Non-endemic","Non-specialized","Uncertain",NA,1,NA,"Eurasian Linnet","Linaria cannabina","Common Linnet","Linaria cannabina","Least Concern","Schedule-II","","",NA,"Common Linnet","Linaria cannabina","avibase-32635892",NA,2.5,1,2.04e-05,1355,"","","",NA,NA,NA,NA,NA,NA,NA,NA,NA,NA,NA,NA,NA,NA,NA,NA,NA,NA,NA,NA,NA,NA,NA,NA,NA,NA,NA,NA,NA,NA,NA,NA,NA,NA,NA,NA,NA,NA,NA,NA,NA,NA,NA,NA,NA,NA,NA,NA,NA,NA
"Red Crossbill","Loxia curvirostra","redcro","Passeriformes","Fringillidae (Finches, Euphonias, and Allies)",NA,NA,NA,NA,"Diurnal","Diurnal","Plant & Seed","No","No","No","Non-endemic","Forest","Resident & Altitudinal Migrant",NA,NA,NA,"Red Crossbill","Loxia curvirostra","Red Crossbill","Loxia curvirostra","Least Concern","Schedule-II","","",NA,"Red Crossbill","Loxia curvirostra","avibase-135564AA",1,3.68,1,0.009971908,1356,"","","",NA,NA,NA,NA,NA,NA,NA,NA,NA,NA,NA,NA,NA,NA,NA,NA,NA,NA,NA,NA,NA,NA,NA,NA,NA,NA,NA,NA,NA,NA,NA,NA,NA,NA,NA,NA,NA,NA,NA,NA,NA,NA,NA,NA,NA,NA,NA,NA,NA,NA
"Gray-crowned Goldfinch","Carduelis caniceps","eurgol2","Passeriformes","Fringillidae (Finches, Euphonias, and Allies)",NA,NA,NA,NA,"Diurnal","Diurnal","Plant & Seed","No","No","No","Non-endemic","Non-specialized","Resident & Altitudinal Migrant",NA,NA,NA,"Grey-crowned Goldfinch","Carduelis caniceps","Grey-capped Goldfinch","Carduelis caniceps","Least Concern","Schedule-II","","",NA,"Grey-crowned Goldfinch","Carduelis caniceps","avibase-9BDBCD7F",1,2.82,1,0.045458248,1357,"","","",NA,NA,NA,NA,NA,NA,NA,NA,NA,NA,NA,NA,NA,NA,NA,NA,NA,NA,NA,NA,NA,NA,NA,NA,NA,NA,NA,NA,NA,NA,NA,NA,NA,NA,NA,NA,NA,NA,NA,NA,NA,NA,NA,NA,NA,NA,NA,NA,NA,NA
"Fire-fronted Serin","Serinus pusillus","fifser1","Passeriformes","Fringillidae (Finches, Euphonias, and Allies)",NA,NA,NA,NA,"Diurnal","Diurnal","Plant & Seed","No","No","No","Non-endemic","Non-specialized","Resident & Altitudinal Migrant",NA,NA,NA,"Fire-fronted Serin","Serinus pusillus","Red-fronted Serin","Serinus pusillus","Least Concern","Schedule-II","","",NA,"Red-fronted Serin","Serinus pusillus","avibase-FB1C44D5",1,3.64,1,0.071570153,1358,"","","",NA,NA,NA,NA,NA,NA,NA,NA,NA,NA,NA,NA,NA,NA,NA,NA,NA,NA,NA,NA,NA,NA,NA,NA,NA,NA,NA,NA,NA,NA,NA,NA,NA,NA,NA,NA,NA,NA,NA,NA,NA,NA,NA,NA,NA,"Low",NA,NA,NA,NA
"Tibetan Serin","Spinus thibetanus","tibser1","Passeriformes","Fringillidae (Finches, Euphonias, and Allies)",NA,NA,NA,NA,"Diurnal","Diurnal","Plant & Seed","No","No","No","Non-endemic","Forest","Winter Migrant",1,NA,NA,"Tibetan Siskin","Spinus thibetanus","Tibetan Siskin","Spinus thibetanus","Least Concern","Schedule-II","","",NA,"Tibetan Serin","Spinus thibetanus","avibase-B9024775",1,2.88,1,0.08374389,1359,"","","",NA,NA,NA,NA,NA,NA,NA,NA,NA,NA,NA,NA,NA,NA,NA,NA,NA,NA,NA,NA,NA,NA,NA,NA,NA,NA,NA,NA,NA,NA,NA,NA,NA,NA,NA,NA,NA,NA,NA,NA,NA,NA,NA,NA,NA,"Moderate",NA,NA,NA,NA
"Eurasian Siskin","Spinus spinus","eursis","Passeriformes","Fringillidae (Finches, Euphonias, and Allies)",NA,NA,NA,NA,"Diurnal","Diurnal","Plant & Seed","No","No","No","Non-endemic","Forest & Plantation","Winter Migrant",NA,1,NA,"Eurasian Siskin","Spinus spinus","Eurasian Siskin","Spinus spinus","Least Concern","Schedule-II","","",NA,"Eurasian Siskin","Spinus spinus","avibase-9820CECA",NA,3.22,1,NA,1360,"","","",NA,NA,NA,NA,NA,NA,NA,NA,NA,NA,NA,NA,NA,NA,NA,NA,NA,NA,NA,NA,NA,NA,NA,NA,NA,NA,NA,NA,NA,NA,NA,NA,NA,NA,NA,NA,NA,NA,NA,NA,NA,NA,NA,NA,NA,NA,NA,NA,NA,NA
"Lapland Longspur","Calcarius lapponicus","laplon","Passeriformes","Calcariidae (Longspurs and Snow Buntings)",NA,NA,NA,NA,"Diurnal","Diurnal","Plant & Seed","No","No","No","Non-endemic","Non-specialized","Uncertain",NA,1,NA,"Lapland Longspur","Calcarius lapponicus","Lapland Longspur","Calcarius lapponicus","Least Concern","Recent addition","","",NA,"Lapland Longspur","Calcarius lapponicus","avibase-3534E4CE",NA,2.99,1,NA,1361,"","","",NA,NA,NA,NA,NA,NA,NA,NA,NA,NA,NA,NA,NA,NA,NA,NA,NA,NA,NA,NA,NA,NA,NA,NA,NA,NA,NA,NA,NA,NA,NA,NA,NA,NA,NA,NA,NA,NA,NA,NA,NA,NA,NA,NA,NA,NA,NA,NA,NA,NA
"Crested Bunting","Emberiza lathami","crebun1","Passeriformes","Emberizidae (Old World Buntings)",NA,NA,NA,NA,"Diurnal","Diurnal","Plant & Seed","No","No","No","Non-endemic","Non-specialized","Resident & Local Migrant",NA,NA,NA,"Crested Bunting","Emberiza lathami","Crested Bunting","Emberiza lathami","Least Concern","Schedule-II","","",NA,"Crested Bunting","Emberiza lathami","avibase-2A4F0DB3",1,2.74,1,0.32131978,1362,"","","",NA,NA,NA,NA,NA,NA,NA,NA,NA,NA,NA,NA,NA,NA,NA,NA,NA,NA,NA,NA,NA,NA,NA,NA,NA,NA,NA,NA,NA,NA,NA,NA,NA,NA,NA,NA,NA,NA,NA,NA,NA,NA,NA,NA,NA,"Moderate",NA,NA,NA,NA
"Black-headed Bunting","Emberiza melanocephala","blhbun1","Passeriformes","Emberizidae (Old World Buntings)",NA,NA,NA,NA,"Diurnal","Diurnal","Plant & Seed","No","No","No","Non-endemic","Open Habitat","Winter Migrant",1,NA,NA,"Black-headed Bunting","Emberiza melanocephala","Black-headed Bunting","Emberiza melanocephala","Least Concern","Schedule-II","","",NA,"Black-headed Bunting","Emberiza melanocephala","avibase-E2D2CB88",1,2.78,1,0.219416803,1363,"","","",NA,NA,NA,NA,NA,NA,NA,NA,NA,NA,NA,NA,NA,NA,NA,NA,NA,NA,NA,NA,NA,NA,NA,NA,NA,NA,NA,NA,NA,NA,NA,NA,NA,NA,NA,NA,NA,NA,NA,NA,NA,NA,NA,NA,NA,"Low",NA,NA,NA,NA
"Red-headed Bunting","Emberiza bruniceps","rehbun1","Passeriformes","Emberizidae (Old World Buntings)",NA,NA,NA,NA,"Diurnal","Diurnal","Plant & Seed","No","No","No","Non-endemic","Open Habitat","Winter Migrant",1,NA,NA,"Red-headed Bunting","Emberiza bruniceps","Red-headed Bunting","Emberiza bruniceps","Least Concern","Schedule-II","","",NA,"Red-headed Bunting","Emberiza bruniceps","avibase-DBF8D184",1,2.79,1,0.26107366,1364,"","","X",3,NA,0.5,NA,24,1.96,NA,NA,NA,NA,NA,NA,NA,NA,NA,NA,NA,NA,NA,NA,NA,NA,NA,NA,NA,NA,NA,NA,NA,NA,NA,NA,NA,NA,NA,NA,NA,NA,NA,2558,2615,2672,"Insufficient Data","Insufficient Data",NA,"Low","Insufficient Data","Insufficient Data",NA,"Low"
"Chestnut-eared Bunting","Emberiza fucata","chebun2","Passeriformes","Emberizidae (Old World Buntings)",NA,NA,NA,NA,"Diurnal","Diurnal","Plant & Seed","No","No","No","Non-endemic","Grassland & Scrub","Resident & Winter Migrant",1,NA,NA,"Chestnut-eared Bunting","Emberiza fucata","Chestnut-eared Bunting","Emberiza fucata","Least Concern","Schedule-II","","",NA,"Chestnut-eared Bunting","Emberiza fucata","avibase-465C35EF",1,2.64,2,0.034824754,1365,"","","",NA,NA,NA,NA,NA,NA,NA,NA,NA,NA,NA,NA,NA,NA,NA,NA,NA,NA,NA,NA,NA,NA,NA,NA,NA,NA,NA,NA,NA,NA,NA,NA,NA,NA,NA,NA,NA,NA,NA,NA,NA,NA,NA,NA,NA,"Low",NA,NA,NA,NA
"Rock Bunting","Emberiza cia","rocbun1","Passeriformes","Emberizidae (Old World Buntings)",NA,NA,NA,NA,"Diurnal","Diurnal","Plant & Seed","No","No","No","Non-endemic","Non-specialized","Resident & Altitudinal Migrant",NA,NA,NA,"Rock Bunting","Emberiza cia","Rock Bunting","Emberiza cia","Least Concern","Schedule-II","","",NA,"Rock Bunting","Emberiza cia","avibase-4836E64E",1,2.78,2,0.04944892,1366,"","","",NA,NA,NA,NA,NA,NA,NA,NA,NA,NA,NA,NA,NA,NA,NA,NA,NA,NA,NA,NA,NA,NA,NA,NA,NA,NA,NA,NA,NA,NA,NA,NA,NA,NA,NA,NA,NA,NA,NA,NA,NA,NA,NA,NA,NA,"Moderate",NA,NA,NA,NA
"Godlewski's Bunting","Emberiza godlewskii","godbun1","Passeriformes","Emberizidae (Old World Buntings)",NA,NA,NA,NA,"Diurnal","Diurnal","Plant & Seed","No","No","No","Non-endemic","Non-specialized","Resident",NA,1,NA,"Godlewski's Bunting","Emberiza godlewskii","Godlewski's Bunting","Emberiza godlewskii","Least Concern","Schedule-II","","",NA,"Godlewski's Bunting","Emberiza godlewskii","avibase-EF5E5726",1,2.69,2,0.012617854,1367,"","","",NA,NA,NA,NA,NA,NA,NA,NA,NA,NA,NA,NA,NA,NA,NA,NA,NA,NA,NA,NA,NA,NA,NA,NA,NA,NA,NA,NA,NA,NA,NA,NA,NA,NA,NA,NA,NA,NA,NA,NA,NA,NA,NA,NA,NA,NA,NA,NA,NA,NA
"Meadow Bunting","Emberiza cioides","meabun1","Passeriformes","Emberizidae (Old World Buntings)",NA,NA,NA,NA,"Diurnal","Diurnal","Plant & Seed","No","No","No","Non-endemic","Non-specialized","Uncertain",NA,1,NA,"Meadow Bunting","Emberiza cioides","Meadow Bunting","Emberiza cioides","Least Concern","Recent addition","","",NA,"Meadow Bunting","Emberiza cioides","avibase-2D55EC45",NA,2.69,1,NA,1368,"","","",NA,NA,NA,NA,NA,NA,NA,NA,NA,NA,NA,NA,NA,NA,NA,NA,NA,NA,NA,NA,NA,NA,NA,NA,NA,NA,NA,NA,NA,NA,NA,NA,NA,NA,NA,NA,NA,NA,NA,NA,NA,NA,NA,NA,NA,NA,NA,NA,NA,NA
"White-capped Bunting","Emberiza stewarti","chbbun1","Passeriformes","Emberizidae (Old World Buntings)",NA,NA,NA,NA,"Diurnal","Diurnal","Plant & Seed","No","No","No","Non-endemic","Non-specialized","Within-India Migrant",NA,NA,NA,"White-capped Bunting","Emberiza stewarti","White-capped Bunting","Emberiza stewarti","Least Concern","Schedule-II","","",NA,"White-capped Bunting","Emberiza stewarti","avibase-E272C456",1,2.58,1,0.499253945,1369,"","","",NA,NA,NA,NA,NA,NA,NA,NA,NA,NA,NA,NA,NA,NA,NA,NA,NA,NA,NA,NA,NA,NA,NA,NA,NA,NA,NA,NA,NA,NA,NA,NA,NA,NA,NA,NA,NA,NA,NA,NA,NA,NA,NA,NA,NA,"Low",NA,NA,NA,NA
"Yellowhammer","Emberiza citrinella","yellow2","Passeriformes","Emberizidae (Old World Buntings)",NA,NA,NA,NA,"Diurnal","Diurnal","Plant & Seed","No","No","No","Non-endemic","Open Habitat","Winter Migrant",NA,NA,NA,"Yellowhammer","Emberiza citrinella","Yellowhammer","Emberiza citrinella","Least Concern","Schedule-II","","",NA,"Yellowhammer","Emberiza citrinella","avibase-56FB47C0",1,3.17,1,NA,1370,"","","",NA,NA,NA,NA,NA,NA,NA,NA,NA,NA,NA,NA,NA,NA,NA,NA,NA,NA,NA,NA,NA,NA,NA,NA,NA,NA,NA,NA,NA,NA,NA,NA,NA,NA,NA,NA,NA,NA,NA,NA,NA,NA,NA,NA,NA,NA,NA,NA,NA,NA
"Pine Bunting","Emberiza leucocephalos","pinbun","Passeriformes","Emberizidae (Old World Buntings)",NA,NA,NA,NA,"Diurnal","Diurnal","Plant & Seed","No","No","No","Non-endemic","Non-specialized","Winter Migrant",NA,NA,NA,"Pine Bunting","Emberiza leucocephalos","Pine Bunting","Emberiza leucocephalos","Least Concern","Schedule-II","","",NA,"Pine Bunting","Emberiza leucocephalos","avibase-43EF3EA7",1,2.93,1,0.014341279,1371,"","","",NA,NA,NA,NA,NA,NA,NA,NA,NA,NA,NA,NA,NA,NA,NA,NA,NA,NA,NA,NA,NA,NA,NA,NA,NA,NA,NA,NA,NA,NA,NA,NA,NA,NA,NA,NA,NA,NA,NA,NA,NA,NA,NA,NA,NA,NA,NA,NA,NA,NA
"Gray-necked Bunting","Emberiza buchanani","gyhbun1","Passeriformes","Emberizidae (Old World Buntings)",NA,NA,NA,NA,"Diurnal","Diurnal","Plant & Seed","No","No","No","Non-endemic","Grassland & Scrub","Winter Migrant",NA,NA,NA,"Grey-necked Bunting","Emberiza buchanani","Grey-necked Bunting","Emberiza buchanani","Least Concern","Schedule-II","","",NA,"Grey-necked Bunting","Emberiza buchanani","avibase-CF70007E",1,2.72,3,0.264555612,1372,"","","X",5,NA,0.5,0.2,21.8,4.44362734711182,NA,NA,NA,NA,NA,NA,NA,NA,NA,NA,NA,NA,NA,NA,NA,NA,NA,NA,NA,NA,NA,NA,NA,NA,NA,NA,NA,NA,NA,NA,NA,NA,NA,2446,2446,2446,"Insufficient Data","Insufficient Data",NA,"Moderate","Insufficient Data","Insufficient Data",NA,"Low"
"Ortolan Bunting","Emberiza hortulana","ortbun1","Passeriformes","Emberizidae (Old World Buntings)",NA,NA,NA,NA,"Diurnal","Diurnal","Invertebrate","No","No","No","Non-endemic","Non-specialized","Uncertain",NA,1,NA,"Ortolan Bunting","Emberiza hortulana","Ortolan Bunting","Emberiza hortulana","Least Concern","Schedule-II","","",NA,"Ortolan Bunting","Emberiza hortulana","avibase-47210561",NA,2.6,1,NA,1373,"","","",NA,NA,NA,NA,NA,NA,NA,NA,NA,NA,NA,NA,NA,NA,NA,NA,NA,NA,NA,NA,NA,NA,NA,NA,NA,NA,NA,NA,NA,NA,NA,NA,NA,NA,NA,NA,NA,NA,NA,NA,NA,NA,NA,NA,NA,NA,NA,NA,NA,NA
"Striolated Bunting","Emberiza striolata","houbun2","Passeriformes","Emberizidae (Old World Buntings)",NA,NA,NA,NA,"Diurnal","Diurnal","Plant & Seed","No","No","No","Non-endemic","Grassland & Scrub","Resident & Winter Migrant",1,NA,NA,"Striolated Bunting","Emberiza striolata","Striolated Bunting","Emberiza striolata","Least Concern","Schedule-II","","",NA,"Striolated Bunting","Emberiza striolata","avibase-CDF4A106",1,2.49,1,0.043207386,1374,"","","",NA,NA,NA,NA,NA,NA,NA,NA,NA,NA,NA,NA,NA,NA,NA,NA,NA,NA,NA,NA,NA,NA,NA,NA,NA,NA,NA,NA,NA,NA,NA,NA,NA,NA,NA,NA,NA,NA,NA,NA,NA,NA,NA,NA,NA,"Low",NA,NA,NA,NA
"Reed Bunting","Emberiza schoeniclus","reebun","Passeriformes","Emberizidae (Old World Buntings)",NA,NA,NA,NA,"Diurnal","Diurnal","Plant & Seed","No","No","No","Non-endemic","Non-specialized","Winter Migrant",NA,1,NA,"Eurasian Reed Bunting","Emberiza schoeniclus","Reed Bunting","Emberiza schoeniclus","Least Concern","Schedule-II","","",NA,"Common Reed Bunting","Emberiza schoeniclus","avibase-C0B97874",1,2.99,1,0.008692938,1375,"","","",NA,NA,NA,NA,NA,NA,NA,NA,NA,NA,NA,NA,NA,NA,NA,NA,NA,NA,NA,NA,NA,NA,NA,NA,NA,NA,NA,NA,NA,NA,NA,NA,NA,NA,NA,NA,NA,NA,NA,NA,NA,NA,NA,NA,NA,NA,NA,NA,NA,NA
"Yellow-breasted Bunting","Emberiza aureola","yebbun","Passeriformes","Emberizidae (Old World Buntings)",NA,NA,NA,NA,"Diurnal","Diurnal","Plant & Seed","No","No","No","Non-endemic","Grassland","Winter Migrant",1,NA,NA,"Yellow-breasted Bunting","Emberiza aureola","Yellow-breasted Bunting","Emberiza aureola","Critically Endangered","Schedule-I","","Appendix I",NA,"Yellow-breasted Bunting","Emberiza aureola","avibase-7574C0E5",1,2.78,2,0.012501503,1376,"","","",NA,NA,NA,NA,NA,NA,NA,NA,NA,NA,NA,NA,NA,NA,NA,NA,NA,NA,NA,NA,NA,NA,NA,NA,NA,NA,NA,NA,NA,NA,NA,NA,NA,NA,NA,NA,NA,NA,NA,NA,NA,NA,NA,NA,NA,"High",NA,NA,NA,NA
"Little Bunting","Emberiza pusilla","litbun","Passeriformes","Emberizidae (Old World Buntings)",NA,NA,NA,NA,"Diurnal","Diurnal","Plant & Seed","No","No","No","Non-endemic","Open Habitat","Winter Migrant",1,NA,NA,"Little Bunting","Emberiza pusilla","Little Bunting","Emberiza pusilla","Least Concern","Schedule-II","","",NA,"Little Bunting","Emberiza pusilla","avibase-1866F80E",1,2.61,1,0.020756705,1377,"","","",NA,NA,NA,NA,NA,NA,NA,NA,NA,NA,NA,NA,NA,NA,NA,NA,NA,NA,NA,NA,NA,NA,NA,NA,NA,NA,NA,NA,NA,NA,NA,NA,NA,NA,NA,NA,NA,NA,NA,NA,NA,NA,NA,NA,NA,"Low",NA,NA,NA,NA
"Rustic Bunting","Emberiza rustica","rusbun","Passeriformes","Emberizidae (Old World Buntings)",NA,NA,NA,NA,"Diurnal","Diurnal","Plant & Seed","No","No","No","Non-endemic","Non-specialized","Uncertain",NA,1,NA,"Rustic Bunting","Emberiza rustica","Rustic Bunting","Emberiza rustica","Near Threatened","Schedule-II","","",NA,"Rustic Bunting","Emberiza rustica","avibase-DA9746CE",NA,2.74,1,NA,1378,"","","",NA,NA,NA,NA,NA,NA,NA,NA,NA,NA,NA,NA,NA,NA,NA,NA,NA,NA,NA,NA,NA,NA,NA,NA,NA,NA,NA,NA,NA,NA,NA,NA,NA,NA,NA,NA,NA,NA,NA,NA,NA,NA,NA,NA,NA,NA,NA,NA,NA,NA
"Black-faced Bunting","Emberiza spodocephala","bkfbun1","Passeriformes","Emberizidae (Old World Buntings)",NA,NA,NA,NA,"Diurnal","Diurnal","Invertebrate","No","No","No","Non-endemic","Grassland","Winter Migrant",1,NA,NA,"Black-faced Bunting","Emberiza spodocephala","Black-faced Bunting","Emberiza spodocephala","Least Concern","Schedule-II","","",NA,"Black-faced Bunting","Emberiza spodocephala","avibase-9787BE57",1,2.42,1,0.022911811,1379,"","","",NA,NA,NA,NA,NA,NA,NA,NA,NA,NA,NA,NA,NA,NA,NA,NA,NA,NA,NA,NA,NA,NA,NA,NA,NA,NA,NA,NA,NA,NA,NA,NA,NA,NA,NA,NA,NA,NA,NA,NA,NA,NA,NA,NA,NA,"Moderate",NA,NA,NA,NA
"Chestnut Bunting","Emberiza rutila","chebun1","Passeriformes","Emberizidae (Old World Buntings)",NA,NA,NA,NA,"Diurnal","Diurnal","Invertebrate","No","No","No","Non-endemic","Open Habitat","Winter Migrant",NA,NA,NA,"Chestnut Bunting","Emberiza rutila","Chestnut Bunting","Emberiza rutila","Least Concern","Schedule-II","","",NA,"Chestnut Bunting","Emberiza rutila","avibase-ACDCF3CC",1,2.59,1,0.004649183,1380,"","","",NA,NA,NA,NA,NA,NA,NA,NA,NA,NA,NA,NA,NA,NA,NA,NA,NA,NA,NA,NA,NA,NA,NA,NA,NA,NA,NA,NA,NA,NA,NA,NA,NA,NA,NA,NA,NA,NA,NA,NA,NA,NA,NA,NA,NA,NA,NA,NA,NA,NA
"Yellow-browed Bunting","Emberiza chrysophrys","yebbun1","Passeriformes","Emberizidae (Old World Buntings)",NA,NA,NA,NA,"Diurnal","Diurnal","Plant & Seed","No","No","No","Non-endemic","Wetland","Uncertain",NA,1,NA,"Yellow-browed Bunting","Emberiza chrysophrys","Yellow-browed Bunting","Emberiza chrysophrys","Least Concern","Schedule-II","","",NA,"Yellow-browed Bunting","Emberiza chrysophrys","avibase-4A50E265",NA,2.7,1,NA,1381,"","","",NA,NA,NA,NA,NA,NA,NA,NA,NA,NA,NA,NA,NA,NA,NA,NA,NA,NA,NA,NA,NA,NA,NA,NA,NA,NA,NA,NA,NA,NA,NA,NA,NA,NA,NA,NA,NA,NA,NA,NA,NA,NA,NA,NA,NA,NA,NA,NA,NA,NA
"Tristram's Bunting","Emberiza tristrami","tribun1","Passeriformes","Emberizidae (Old World Buntings)",NA,NA,NA,NA,"Diurnal","Diurnal","Plant & Seed","No","No","No","Non-endemic","Non-specialized","Uncertain",NA,1,NA,"Tristram's Bunting","Emberiza tristrami","Tristram's Bunting","Emberiza tristrami","Least Concern","Schedule-II","","",NA,"Tristram's Bunting","Emberiza tristrami","avibase-A81C4DA6",NA,2.6,1,NA,1382,"","","",NA,NA,NA,NA,NA,NA,NA,NA,NA,NA,NA,NA,NA,NA,NA,NA,NA,NA,NA,NA,NA,NA,NA,NA,NA,NA,NA,NA,NA,NA,NA,NA,NA,NA,NA,NA,NA,NA,NA,NA,NA,NA,NA,NA,NA,NA,NA,NA,NA,NA
