"timegroups","COMMON.NAME","timegroupsf","lci","mean","rci","lci_std","mean_std","rci_std","lci_std_recent","mean_std_recent","rci_std_recent","lci_ext_std","mean_ext_std","rci_ext_std","lci_std_comb","mean_std_comb","rci_std_comb"
1982,"Spotted Dove","before 2000",NA,NA,NA,NA,NA,NA,NA,NA,NA,NA,NA,NA,NA,NA,NA
2006,"Spotted Dove","2000-2006",NA,NA,NA,NA,NA,NA,NA,NA,NA,NA,NA,NA,NA,NA,NA
2010,"Spotted Dove","2007-2010",NA,NA,NA,NA,NA,NA,NA,NA,NA,NA,NA,NA,NA,NA,NA
2012,"Spotted Dove","2011-2012",NA,NA,NA,NA,NA,NA,NA,NA,NA,NA,NA,NA,NA,NA,NA
2013,"Spotted Dove","2013",NA,NA,NA,NA,NA,NA,NA,NA,NA,NA,NA,NA,NA,NA,NA
2014,"Spotted Dove","2014",NA,NA,NA,NA,NA,NA,NA,NA,NA,NA,NA,NA,NA,NA,NA
2015,"Spotted Dove","2015",0.373260227133363,0.425654824440905,0.4794530462013,NA,NA,NA,100,100,100,NA,NA,NA,100,100,100
2016,"Spotted Dove","2016",0.348886888701044,0.385448069238101,0.421156670750676,NA,NA,NA,79.7002116585654,90.4193515646957,104.424893135176,NA,NA,NA,79.7002116585654,90.4193515646957,104.424893135176
2017,"Spotted Dove","2017",0.350847411879684,0.379300855839548,0.411401802403614,NA,NA,NA,78.9702759430539,89.4962004822689,101.336450425835,NA,NA,NA,78.9702759430539,89.4962004822689,101.336450425835
2018,"Spotted Dove","2018",0.435478029502549,0.47322614090097,0.517348893029194,NA,NA,NA,98.6652210846806,111.050732016224,127.377580690656,NA,NA,NA,98.6652210846806,111.050732016224,127.377580690656
2019,"Spotted Dove","2019",0.328016232070487,0.365640005991732,0.402758674571076,NA,NA,NA,75.5685979504698,85.7209687451165,99.5580532172161,NA,NA,NA,75.5685979504698,85.7209687451165,99.5580532172161
2020,"Spotted Dove","2020",0.323776137364528,0.352241035291974,0.383931586198428,NA,NA,NA,73.8835411568917,82.8420700968059,93.9246727675398,NA,NA,NA,73.8835411568917,82.8420700968059,93.9246727675398
2021,"Spotted Dove","2021",0.455615378752873,0.487746110491712,0.525134908661942,NA,NA,NA,102.927879363071,114.799006392234,130.591155743338,NA,NA,NA,102.927879363071,114.799006392234,130.591155743338
2022,"Spotted Dove","2022",0.443064587760295,0.475011294562231,0.50831433658109,NA,NA,NA,100.263477558601,111.531715602601,125.930450321118,NA,NA,NA,100.263477558601,111.531715602601,125.930450321118
2023,"Spotted Dove","2023",0.450909326468064,0.480431416424163,0.510968756036724,NA,NA,NA,101.69293671548,112.719725676439,126.950138356846,NA,NA,NA,101.69293671548,112.719725676439,126.950138356846
2024,"Spotted Dove","2024",0.470695300145062,0.499460263810397,0.530110934054485,NA,NA,NA,106.109569563474,117.3294906737,132.513136127369,NA,NA,NA,106.109569563474,117.3294906737,132.513136127369
2025,"Spotted Dove","2025",0.48504600894543,0.512551155350831,0.542703886836507,NA,NA,NA,108.948326013935,120.443913096126,135.477419830451,NA,NA,NA,108.948326013935,120.443913096126,135.477419830451
2026,"Spotted Dove","2026",NA,NA,NA,NA,NA,NA,NA,NA,NA,104.083326199472,120.365154648679,139.24880016336,104.083326199472,120.365154648679,139.24880016336
2027,"Spotted Dove","2027",NA,NA,NA,NA,NA,NA,NA,NA,NA,104.994232547745,123.663609685343,146.004274521314,104.994232547745,123.663609685343,146.004274521314
2028,"Spotted Dove","2028",NA,NA,NA,NA,NA,NA,NA,NA,NA,105.776510198866,127.035259117201,153.052633782194,105.776510198866,127.035259117201,153.052633782194
2029,"Spotted Dove","2029",NA,NA,NA,NA,NA,NA,NA,NA,NA,106.516025920031,130.528412652736,160.504597033877,106.516025920031,130.528412652736,160.504597033877
2030,"Spotted Dove","2030",NA,NA,NA,NA,NA,NA,NA,NA,NA,107.23979061183,134.272409545168,168.248341198836,107.23979061183,134.272409545168,168.248341198836
2031,"Spotted Dove","2031",NA,NA,NA,NA,NA,NA,NA,NA,NA,107.98399398907,138.026353217404,176.56925741406,107.98399398907,138.026353217404,176.56925741406
2032,"Spotted Dove","2032",NA,NA,NA,NA,NA,NA,NA,NA,NA,108.76779182988,141.759324590082,185.222146577269,108.76779182988,141.759324590082,185.222146577269
2033,"Spotted Dove","2033",NA,NA,NA,NA,NA,NA,NA,NA,NA,109.560611315937,145.563239436386,194.434416888207,109.560611315937,145.563239436386,194.434416888207
1982,"Greater Coucal","before 2000",NA,NA,NA,NA,NA,NA,NA,NA,NA,NA,NA,NA,NA,NA,NA
2006,"Greater Coucal","2000-2006",NA,NA,NA,NA,NA,NA,NA,NA,NA,NA,NA,NA,NA,NA,NA
2010,"Greater Coucal","2007-2010",NA,NA,NA,NA,NA,NA,NA,NA,NA,NA,NA,NA,NA,NA,NA
2012,"Greater Coucal","2011-2012",NA,NA,NA,NA,NA,NA,NA,NA,NA,NA,NA,NA,NA,NA,NA
2013,"Greater Coucal","2013",NA,NA,NA,NA,NA,NA,NA,NA,NA,NA,NA,NA,NA,NA,NA
2014,"Greater Coucal","2014",NA,NA,NA,NA,NA,NA,NA,NA,NA,NA,NA,NA,NA,NA,NA
2015,"Greater Coucal","2015",0.208723732898249,0.255169813680436,0.305975952820938,NA,NA,NA,100,100,100,NA,NA,NA,100,100,100
2016,"Greater Coucal","2016",0.237903432561468,0.275103573176434,0.315073148698307,NA,NA,NA,90.1493257638784,107.409736044356,127.84636855591,NA,NA,NA,90.1493257638784,107.409736044356,127.84636855591
2017,"Greater Coucal","2017",0.253063248413946,0.286695795785705,0.325137523809045,NA,NA,NA,94.5160410063546,112.369512844062,132.250396048223,NA,NA,NA,94.5160410063546,112.369512844062,132.250396048223
2018,"Greater Coucal","2018",0.234867816995051,0.273877833004112,0.314652467925831,NA,NA,NA,88.7664347510015,106.521890092387,128.639555551156,NA,NA,NA,88.7664347510015,106.521890092387,128.639555551156
2019,"Greater Coucal","2019",0.170041144293678,0.204298512042899,0.24147310032331,NA,NA,NA,65.687445920241,79.6353037040281,98.0881563435204,NA,NA,NA,65.687445920241,79.6353037040281,98.0881563435204
2020,"Greater Coucal","2020",0.216968598275102,0.248015319888267,0.280413975414374,NA,NA,NA,82.2475383383139,96.8237339041881,114.986607139357,NA,NA,NA,82.2475383383139,96.8237339041881,114.986607139357
2021,"Greater Coucal","2021",0.208879682200934,0.238571256520086,0.271126930726986,NA,NA,NA,79.7461445222471,93.3294486406715,110.5746761002,NA,NA,NA,79.7461445222471,93.3294486406715,110.5746761002
2022,"Greater Coucal","2022",0.18803636595266,0.213845042268552,0.242453840430342,NA,NA,NA,71.2781633442235,83.675641498732,98.4608533703039,NA,NA,NA,71.2781633442235,83.675641498732,98.4608533703039
2023,"Greater Coucal","2023",0.196640170217322,0.222243336051278,0.249367358154445,NA,NA,NA,74.5691139013383,87.114141526627,102.265375002948,NA,NA,NA,74.5691139013383,87.114141526627,102.265375002948
2024,"Greater Coucal","2024",0.197432088422019,0.22174853013091,0.250850379709008,NA,NA,NA,74.8822916451275,86.9183170625052,102.470528092748,NA,NA,NA,74.8822916451275,86.9183170625052,102.470528092748
2025,"Greater Coucal","2025",0.205973059930384,0.232131098379948,0.259496551198797,NA,NA,NA,77.8518291422184,90.8149295616554,105.968942433008,NA,NA,NA,77.8518291422184,90.8149295616554,105.968942433008
2026,"Greater Coucal","2026",NA,NA,NA,NA,NA,NA,NA,NA,NA,73.3524549021659,82.7430213016066,93.3801078314272,73.3524549021659,82.7430213016066,93.3801078314272
2027,"Greater Coucal","2027",NA,NA,NA,NA,NA,NA,NA,NA,NA,70.5642183114655,80.9275891678778,92.8248126885407,70.5642183114655,80.9275891678778,92.8248126885407
2028,"Greater Coucal","2028",NA,NA,NA,NA,NA,NA,NA,NA,NA,67.8758792066564,79.2189681561791,92.2491229568163,67.8758792066564,79.2189681561791,92.2491229568163
2029,"Greater Coucal","2029",NA,NA,NA,NA,NA,NA,NA,NA,NA,65.2852109544316,77.4486581063017,91.6678061750827,65.2852109544316,77.4486581063017,91.6678061750827
2030,"Greater Coucal","2030",NA,NA,NA,NA,NA,NA,NA,NA,NA,62.7714116267169,75.7632252086153,91.3048511188682,62.7714116267169,75.7632252086153,91.3048511188682
2031,"Greater Coucal","2031",NA,NA,NA,NA,NA,NA,NA,NA,NA,60.323832402738,74.0799639490528,90.8389406725036,60.323832402738,74.0799639490528,90.8389406725036
2032,"Greater Coucal","2032",NA,NA,NA,NA,NA,NA,NA,NA,NA,58.0006862635919,72.4842738769608,90.4160751504391,58.0006862635919,72.4842738769608,90.4160751504391
2033,"Greater Coucal","2033",NA,NA,NA,NA,NA,NA,NA,NA,NA,55.8062342944004,70.8684665320637,89.9761611524392,55.8062342944004,70.8684665320637,89.9761611524392
1982,"Blue-faced Malkoha","before 2000",NA,NA,NA,NA,NA,NA,NA,NA,NA,NA,NA,NA,NA,NA,NA
2006,"Blue-faced Malkoha","2000-2006",NA,NA,NA,NA,NA,NA,NA,NA,NA,NA,NA,NA,NA,NA,NA
2010,"Blue-faced Malkoha","2007-2010",NA,NA,NA,NA,NA,NA,NA,NA,NA,NA,NA,NA,NA,NA,NA
2012,"Blue-faced Malkoha","2011-2012",NA,NA,NA,NA,NA,NA,NA,NA,NA,NA,NA,NA,NA,NA,NA
2013,"Blue-faced Malkoha","2013",NA,NA,NA,NA,NA,NA,NA,NA,NA,NA,NA,NA,NA,NA,NA
2014,"Blue-faced Malkoha","2014",NA,NA,NA,NA,NA,NA,NA,NA,NA,NA,NA,NA,NA,NA,NA
2015,"Blue-faced Malkoha","2015",6.29395805750501e-11,0.00176866720775204,0.00741293430232943,NA,NA,NA,100,100,100,NA,NA,NA,100,100,100
2016,"Blue-faced Malkoha","2016",5.33149579034263e-11,0.00104237620044954,0.00309217809884447,NA,NA,NA,2.62300909768743e-06,64.5261695570147,1005897647.46736,NA,NA,NA,2.62300909768743e-06,64.5261695570147,1005897647.46736
2017,"Blue-faced Malkoha","2017",0.000233232649514923,0.00122732658661994,0.00307387981853356,NA,NA,NA,8.94316406932409,74.9659565691816,1671973496.48186,NA,NA,NA,8.94316406932409,74.9659565691816,1671973496.48186
2018,"Blue-faced Malkoha","2018",6.65425342443139e-11,0.00132797846833614,0.004014349998743,NA,NA,NA,1.21501626486172e-05,77.4156310163811,1604672459.26064,NA,NA,NA,1.21501626486172e-05,77.4156310163811,1604672459.26064
2019,"Blue-faced Malkoha","2019",7.80808710499932e-11,0.00149722517832384,0.00567369783612913,NA,NA,NA,3.34982659573547e-06,94.8950663274291,2406452132.83501,NA,NA,NA,3.34982659573547e-06,94.8950663274291,2406452132.83501
2020,"Blue-faced Malkoha","2020",0.000410511636450452,0.00191328822576826,0.00451514885188578,NA,NA,NA,14.8208454882024,114.645005807476,2779481169.0507,NA,NA,NA,14.8208454882024,114.645005807476,2779481169.0507
2021,"Blue-faced Malkoha","2021",0.000959413433530744,0.003815716287999,0.00766365755916259,NA,NA,NA,40.8011934188025,212.176032769145,5240423390.47365,NA,NA,NA,40.8011934188025,212.176032769145,5240423390.47365
2022,"Blue-faced Malkoha","2022",0.00081876243522479,0.00258480728604132,0.00514694779068194,NA,NA,NA,29.5486256166729,145.431020482615,3667663374.09863,NA,NA,NA,29.5486256166729,145.431020482615,3667663374.09863
2023,"Blue-faced Malkoha","2023",0.00166156124980706,0.00343090577281909,0.00592679919789264,NA,NA,NA,46.3348906524294,197.742309220311,4218547515.17086,NA,NA,NA,46.3348906524294,197.742309220311,4218547515.17086
2024,"Blue-faced Malkoha","2024",0.000322995982577523,0.00104835044349175,0.00211128338588319,NA,NA,NA,10.7713104087562,60.8004340783212,1691539988.73135,NA,NA,NA,10.7713104087562,60.8004340783212,1691539988.73135
2025,"Blue-faced Malkoha","2025",0.00137041113508803,0.002546586081524,0.00422026195001215,NA,NA,NA,37.8551449339212,146.716595945816,3667568552.83402,NA,NA,NA,37.8551449339212,146.716595945816,3667568552.83402
2026,"Blue-faced Malkoha","2026",NA,NA,NA,NA,NA,NA,NA,NA,NA,56.9055673266188,186.175817393264,18746.1729121478,56.9055673266188,186.175817393264,18746.1729121478
2027,"Blue-faced Malkoha","2027",NA,NA,NA,NA,NA,NA,NA,NA,NA,54.5638704516061,214.049508692353,49758.1566868445,54.5638704516061,214.049508692353,49758.1566868445
2028,"Blue-faced Malkoha","2028",NA,NA,NA,NA,NA,NA,NA,NA,NA,51.9094312885395,234.369107681376,138477.858054918,51.9094312885395,234.369107681376,138477.858054918
2029,"Blue-faced Malkoha","2029",NA,NA,NA,NA,NA,NA,NA,NA,NA,49.5450477380758,261.659067903071,387895.957693539,49.5450477380758,261.659067903071,387895.957693539
2030,"Blue-faced Malkoha","2030",NA,NA,NA,NA,NA,NA,NA,NA,NA,47.3197651727074,291.515658829743,1080179.4565185,47.3197651727074,291.515658829743,1080179.4565185
2031,"Blue-faced Malkoha","2031",NA,NA,NA,NA,NA,NA,NA,NA,NA,44.7777847507789,331.08342433241,3157885.20819583,44.7777847507789,331.08342433241,3157885.20819583
2032,"Blue-faced Malkoha","2032",NA,NA,NA,NA,NA,NA,NA,NA,NA,42.7229923908853,371.329602704834,9202594.37249707,42.7229923908853,371.329602704834,9202594.37249707
2033,"Blue-faced Malkoha","2033",NA,NA,NA,NA,NA,NA,NA,NA,NA,40.831891520638,420.649620990947,26003953.9055324,40.831891520638,420.649620990947,26003953.9055324
1982,"Asian Koel","before 2000",NA,NA,NA,NA,NA,NA,NA,NA,NA,NA,NA,NA,NA,NA,NA
2006,"Asian Koel","2000-2006",NA,NA,NA,NA,NA,NA,NA,NA,NA,NA,NA,NA,NA,NA,NA
2010,"Asian Koel","2007-2010",NA,NA,NA,NA,NA,NA,NA,NA,NA,NA,NA,NA,NA,NA,NA
2012,"Asian Koel","2011-2012",NA,NA,NA,NA,NA,NA,NA,NA,NA,NA,NA,NA,NA,NA,NA
2013,"Asian Koel","2013",NA,NA,NA,NA,NA,NA,NA,NA,NA,NA,NA,NA,NA,NA,NA
2014,"Asian Koel","2014",NA,NA,NA,NA,NA,NA,NA,NA,NA,NA,NA,NA,NA,NA,NA
2015,"Asian Koel","2015",0.217713709106461,0.270914742970895,0.333924698494188,NA,NA,NA,100,100,100,NA,NA,NA,100,100,100
2016,"Asian Koel","2016",0.302717761426167,0.361136741672721,0.419439413815009,NA,NA,NA,111.605900418896,133.49964716299,157.059038892773,NA,NA,NA,111.605900418896,133.49964716299,157.059038892773
2017,"Asian Koel","2017",0.353997060036306,0.411260393389856,0.472427803668532,NA,NA,NA,128.550797004353,151.585699155315,180.231552618174,NA,NA,NA,128.550797004353,151.585699155315,180.231552618174
2018,"Asian Koel","2018",0.340203072163588,0.401735882273289,0.463378633765212,NA,NA,NA,123.898581708351,148.409720519709,177.230602321553,NA,NA,NA,123.898581708351,148.409720519709,177.230602321553
2019,"Asian Koel","2019",0.272962116194172,0.326985682089722,0.386501559717459,NA,NA,NA,100.91626902844,120.312533439293,144.940670860729,NA,NA,NA,100.91626902844,120.312533439293,144.940670860729
2020,"Asian Koel","2020",0.267434196534103,0.315936135926113,0.366575185731751,NA,NA,NA,99.4570402859028,116.475196938909,137.749731536318,NA,NA,NA,99.4570402859028,116.475196938909,137.749731536318
2021,"Asian Koel","2021",0.174233805791135,0.209006162561583,0.247490541752249,NA,NA,NA,65.0300803565222,77.3049869071448,91.9841281316713,NA,NA,NA,65.0300803565222,77.3049869071448,91.9841281316713
2022,"Asian Koel","2022",0.156488869342343,0.185828356007769,0.218745665506243,NA,NA,NA,58.3418457524585,68.8647991777262,81.3038805879781,NA,NA,NA,58.3418457524585,68.8647991777262,81.3038805879781
2023,"Asian Koel","2023",0.160939748943753,0.192080521216969,0.227029852641849,NA,NA,NA,60.6099266054786,70.9871423132148,83.6819327745326,NA,NA,NA,60.6099266054786,70.9871423132148,83.6819327745326
2024,"Asian Koel","2024",0.16737578774117,0.198004595331046,0.231602521716821,NA,NA,NA,62.8118623097667,73.1863394381321,86.472949821338,NA,NA,NA,62.8118623097667,73.1863394381321,86.472949821338
2025,"Asian Koel","2025",0.182039792027956,0.213607530247245,0.248042607440374,NA,NA,NA,67.861968479691,79.1546315294682,92.5266064040057,NA,NA,NA,67.861968479691,79.1546315294682,92.5266064040057
2026,"Asian Koel","2026",NA,NA,NA,NA,NA,NA,NA,NA,NA,49.6555065323074,64.5606268817073,84.349468691054,49.6555065323074,64.5606268817073,84.349468691054
2027,"Asian Koel","2027",NA,NA,NA,NA,NA,NA,NA,NA,NA,44.5628836348458,60.1793675746163,81.2823975870942,44.5628836348458,60.1793675746163,81.2823975870942
2028,"Asian Koel","2028",NA,NA,NA,NA,NA,NA,NA,NA,NA,40.0189362653271,56.0902812069775,78.4585879239275,40.0189362653271,56.0902812069775,78.4585879239275
2029,"Asian Koel","2029",NA,NA,NA,NA,NA,NA,NA,NA,NA,35.9560593516305,52.2441896417226,75.7562891540939,35.9560593516305,52.2441896417226,75.7562891540939
2030,"Asian Koel","2030",NA,NA,NA,NA,NA,NA,NA,NA,NA,32.2638627463741,48.6732033669027,73.2766040215713,32.2638627463741,48.6732033669027,73.2766040215713
2031,"Asian Koel","2031",NA,NA,NA,NA,NA,NA,NA,NA,NA,28.9348636604781,45.3639862347276,70.8780365772322,28.9348636604781,45.3639862347276,70.8780365772322
2032,"Asian Koel","2032",NA,NA,NA,NA,NA,NA,NA,NA,NA,25.9252348844645,42.232855767873,68.568151067696,25.9252348844645,42.232855767873,68.568151067696
2033,"Asian Koel","2033",NA,NA,NA,NA,NA,NA,NA,NA,NA,23.2313458891411,39.3273244332879,66.2946777725571,23.2313458891411,39.3273244332879,66.2946777725571
1982,"White-breasted Waterhen","before 2000",NA,NA,NA,NA,NA,NA,NA,NA,NA,NA,NA,NA,NA,NA,NA
2006,"White-breasted Waterhen","2000-2006",NA,NA,NA,NA,NA,NA,NA,NA,NA,NA,NA,NA,NA,NA,NA
2010,"White-breasted Waterhen","2007-2010",NA,NA,NA,NA,NA,NA,NA,NA,NA,NA,NA,NA,NA,NA,NA
2012,"White-breasted Waterhen","2011-2012",NA,NA,NA,NA,NA,NA,NA,NA,NA,NA,NA,NA,NA,NA,NA
2013,"White-breasted Waterhen","2013",NA,NA,NA,NA,NA,NA,NA,NA,NA,NA,NA,NA,NA,NA,NA
2014,"White-breasted Waterhen","2014",NA,NA,NA,NA,NA,NA,NA,NA,NA,NA,NA,NA,NA,NA,NA
2015,"White-breasted Waterhen","2015",0.0695672832345885,0.0999210859123656,0.137094702101236,NA,NA,NA,100,100,100,NA,NA,NA,100,100,100
2016,"White-breasted Waterhen","2016",0.0702086285359295,0.094260085679666,0.123562779495782,NA,NA,NA,69.5792165637643,93.5254841415125,126.899832834379,NA,NA,NA,69.5792165637643,93.5254841415125,126.899832834379
2017,"White-breasted Waterhen","2017",0.0665415331759793,0.0879668102145112,0.111652779274989,NA,NA,NA,66.2648029654824,87.1822644221626,118.92877537008,NA,NA,NA,66.2648029654824,87.1822644221626,118.92877537008
2018,"White-breasted Waterhen","2018",0.0791613434171209,0.106105607315761,0.135168629541061,NA,NA,NA,78.954430657805,105.010823903391,142.180470022793,NA,NA,NA,78.954430657805,105.010823903391,142.180470022793
2019,"White-breasted Waterhen","2019",0.0486627372575426,0.0696607374881151,0.0926208087979337,NA,NA,NA,49.3925450519863,69.6305797617232,95.9941656689381,NA,NA,NA,49.3925450519863,69.6305797617232,95.9941656689381
2020,"White-breasted Waterhen","2020",0.0450029864094803,0.0592168241318686,0.0760307976846627,NA,NA,NA,44.7988476919075,59.0163143135886,79.497332079752,NA,NA,NA,44.7988476919075,59.0163143135886,79.497332079752
2021,"White-breasted Waterhen","2021",0.138817711371969,0.175337179128085,0.215754733943105,NA,NA,NA,136.006666802578,174.887438593536,228.649710509816,NA,NA,NA,136.006666802578,174.887438593536,228.649710509816
2022,"White-breasted Waterhen","2022",0.114003111473529,0.14595172154946,0.182442293512182,NA,NA,NA,113.01136633722,145.768173014038,189.04865074871,NA,NA,NA,113.01136633722,145.768173014038,189.04865074871
2023,"White-breasted Waterhen","2023",0.0990765392323797,0.124430315066757,0.153238121789451,NA,NA,NA,97.5832590008875,123.423753835746,165.216656530196,NA,NA,NA,97.5832590008875,123.423753835746,165.216656530196
2024,"White-breasted Waterhen","2024",0.0830968507884521,0.105173141180302,0.130441111995787,NA,NA,NA,81.6524451423234,104.764063435698,136.695642330631,NA,NA,NA,81.6524451423234,104.764063435698,136.695642330631
2025,"White-breasted Waterhen","2025",0.0903331658449107,0.112827767487043,0.140531121572357,NA,NA,NA,88.5240485728155,112.624420949615,146.931316010708,NA,NA,NA,88.5240485728155,112.624420949615,146.931316010708
2026,"White-breasted Waterhen","2026",NA,NA,NA,NA,NA,NA,NA,NA,NA,84.4641039101608,124.99229217946,185.072023327809,84.4641039101608,124.99229217946,185.072023327809
2027,"White-breasted Waterhen","2027",NA,NA,NA,NA,NA,NA,NA,NA,NA,82.8859308933557,129.118245442357,201.476342753244,82.8859308933557,129.118245442357,201.476342753244
2028,"White-breasted Waterhen","2028",NA,NA,NA,NA,NA,NA,NA,NA,NA,81.3479723262398,133.673452954079,219.49596103863,81.3479723262398,133.673452954079,219.49596103863
2029,"White-breasted Waterhen","2029",NA,NA,NA,NA,NA,NA,NA,NA,NA,79.7025378296003,138.236742439352,239.286034153382,79.7025378296003,138.236742439352,239.286034153382
2030,"White-breasted Waterhen","2030",NA,NA,NA,NA,NA,NA,NA,NA,NA,78.078215392769,142.680333007638,261.719357106526,78.078215392769,142.680333007638,261.719357106526
2031,"White-breasted Waterhen","2031",NA,NA,NA,NA,NA,NA,NA,NA,NA,76.4562931182259,147.838548136499,286.06934499724,76.4562931182259,147.838548136499,286.06934499724
2032,"White-breasted Waterhen","2032",NA,NA,NA,NA,NA,NA,NA,NA,NA,74.7463357046334,152.770802733281,312.955162712161,74.7463357046334,152.770802733281,312.955162712161
2033,"White-breasted Waterhen","2033",NA,NA,NA,NA,NA,NA,NA,NA,NA,73.0059405424385,157.862499895098,342.842312277305,73.0059405424385,157.862499895098,342.842312277305
1982,"Great Thick-knee","before 2000",NA,NA,NA,NA,NA,NA,NA,NA,NA,NA,NA,NA,NA,NA,NA
2006,"Great Thick-knee","2000-2006",NA,NA,NA,NA,NA,NA,NA,NA,NA,NA,NA,NA,NA,NA,NA
2010,"Great Thick-knee","2007-2010",NA,NA,NA,NA,NA,NA,NA,NA,NA,NA,NA,NA,NA,NA,NA
2012,"Great Thick-knee","2011-2012",NA,NA,NA,NA,NA,NA,NA,NA,NA,NA,NA,NA,NA,NA,NA
2013,"Great Thick-knee","2013",NA,NA,NA,NA,NA,NA,NA,NA,NA,NA,NA,NA,NA,NA,NA
2014,"Great Thick-knee","2014",NA,NA,NA,NA,NA,NA,NA,NA,NA,NA,NA,NA,NA,NA,NA
2015,"Great Thick-knee","2015",0.0238226003715219,0.0511341498410328,0.0953728397161167,NA,NA,NA,100,100,100,NA,NA,NA,100,100,100
2016,"Great Thick-knee","2016",0.00951192824615291,0.019910039187753,0.0368074635524121,NA,NA,NA,21.6498367617995,38.3388192433032,72.6620801512187,NA,NA,NA,21.6498367617995,38.3388192433032,72.6620801512187
2017,"Great Thick-knee","2017",0.00596184237589175,0.0128272813771872,0.0225239167629129,NA,NA,NA,14.4981416967536,24.7625767291818,43.2740873986169,NA,NA,NA,14.4981416967536,24.7625767291818,43.2740873986169
2018,"Great Thick-knee","2018",0.00437182320060765,0.0106368988436489,0.020048358942622,NA,NA,NA,10.1506028849929,20.4994304067983,37.6909081736036,NA,NA,NA,10.1506028849929,20.4994304067983,37.6909081736036
2019,"Great Thick-knee","2019",0.00840369895190956,0.0206099377431324,0.0378393404389948,NA,NA,NA,19.900994378741,39.8978770268502,74.055638796637,NA,NA,NA,19.900994378741,39.8978770268502,74.055638796637
2020,"Great Thick-knee","2020",0.00316061205551968,0.00757837815636007,0.0136264405982218,NA,NA,NA,7.9562933398372,14.6132612532682,26.9688722712896,NA,NA,NA,7.9562933398372,14.6132612532682,26.9688722712896
2021,"Great Thick-knee","2021",0.00196117797385064,0.00440605903629836,0.00805159861631497,NA,NA,NA,4.17113496051195,8.58079314992337,16.8107678260616,NA,NA,NA,4.17113496051195,8.58079314992337,16.8107678260616
2022,"Great Thick-knee","2022",0.00379071460480295,0.00765194991789688,0.0136530312604374,NA,NA,NA,8.44857204615957,14.8716636232349,26.1645893364511,NA,NA,NA,8.44857204615957,14.8716636232349,26.1645893364511
2023,"Great Thick-knee","2023",0.00560941575145951,0.0112002283782906,0.0187272116740455,NA,NA,NA,13.4862555864889,21.4863679188864,35.7338174750546,NA,NA,NA,13.4862555864889,21.4863679188864,35.7338174750546
2024,"Great Thick-knee","2024",0.00397314735171691,0.00789645272620025,0.0135652143887139,NA,NA,NA,9.57219162623661,15.2981520153999,25.8743959913786,NA,NA,NA,9.57219162623661,15.2981520153999,25.8743959913786
2025,"Great Thick-knee","2025",0.00274608922952897,0.00512899510772686,0.00875733557087091,NA,NA,NA,6.23436763175936,9.83259777243441,17.30585222163,NA,NA,NA,6.23436763175936,9.83259777243441,17.30585222163
2026,"Great Thick-knee","2026",NA,NA,NA,NA,NA,NA,NA,NA,NA,4.24651816320655,8.18337956604363,15.5012226371448,4.24651816320655,8.18337956604363,15.5012226371448
2027,"Great Thick-knee","2027",NA,NA,NA,NA,NA,NA,NA,NA,NA,3.30241630040546,6.94645214652054,14.3819723876218,3.30241630040546,6.94645214652054,14.3819723876218
2028,"Great Thick-knee","2028",NA,NA,NA,NA,NA,NA,NA,NA,NA,2.57777782776395,5.88721195903511,13.3756749744588,2.57777782776395,5.88721195903511,13.3756749744588
2029,"Great Thick-knee","2029",NA,NA,NA,NA,NA,NA,NA,NA,NA,2.01341686578223,5.0144417944389,12.436895922522,2.01341686578223,5.0144417944389,12.436895922522
2030,"Great Thick-knee","2030",NA,NA,NA,NA,NA,NA,NA,NA,NA,1.56724697423403,4.2666113451404,11.6019246479906,1.56724697423403,4.2666113451404,11.6019246479906
2031,"Great Thick-knee","2031",NA,NA,NA,NA,NA,NA,NA,NA,NA,1.21883199829919,3.62721451408411,10.8147236920751,1.21883199829919,3.62721451408411,10.8147236920751
2032,"Great Thick-knee","2032",NA,NA,NA,NA,NA,NA,NA,NA,NA,0.948778060316111,3.07209713941174,10.1288763256567,0.948778060316111,3.07209713941174,10.1288763256567
2033,"Great Thick-knee","2033",NA,NA,NA,NA,NA,NA,NA,NA,NA,0.736078416591027,2.61112925641469,9.45871330514903,0.736078416591027,2.61112925641469,9.45871330514903
1982,"Red-wattled Lapwing","before 2000",NA,NA,NA,NA,NA,NA,NA,NA,NA,NA,NA,NA,NA,NA,NA
2006,"Red-wattled Lapwing","2000-2006",NA,NA,NA,NA,NA,NA,NA,NA,NA,NA,NA,NA,NA,NA,NA
2010,"Red-wattled Lapwing","2007-2010",NA,NA,NA,NA,NA,NA,NA,NA,NA,NA,NA,NA,NA,NA,NA
2012,"Red-wattled Lapwing","2011-2012",NA,NA,NA,NA,NA,NA,NA,NA,NA,NA,NA,NA,NA,NA,NA
2013,"Red-wattled Lapwing","2013",NA,NA,NA,NA,NA,NA,NA,NA,NA,NA,NA,NA,NA,NA,NA
2014,"Red-wattled Lapwing","2014",NA,NA,NA,NA,NA,NA,NA,NA,NA,NA,NA,NA,NA,NA,NA
2015,"Red-wattled Lapwing","2015",0.0982747888008688,0.138601194689547,0.183364692588244,NA,NA,NA,100,100,100,NA,NA,NA,100,100,100
2016,"Red-wattled Lapwing","2016",0.0966816458723927,0.127750152873648,0.165619475498135,NA,NA,NA,73.2414755046895,92.8483802352116,118.349271809151,NA,NA,NA,73.2414755046895,92.8483802352116,118.349271809151
2017,"Red-wattled Lapwing","2017",0.0935280313946305,0.122552382513613,0.159067584618744,NA,NA,NA,71.1773227445533,88.2073779318694,112.911192319038,NA,NA,NA,71.1773227445533,88.2073779318694,112.911192319038
2018,"Red-wattled Lapwing","2018",0.109591630266892,0.144326296362967,0.188346854492587,NA,NA,NA,84.1255154568569,104.898546682616,132.675577823471,NA,NA,NA,84.1255154568569,104.898546682616,132.675577823471
2019,"Red-wattled Lapwing","2019",0.0768254903418777,0.105026199759212,0.138711679730737,NA,NA,NA,59.0482404582179,76.1617481440515,100.275013682855,NA,NA,NA,59.0482404582179,76.1617481440515,100.275013682855
2020,"Red-wattled Lapwing","2020",0.0941012476261178,0.121790048586781,0.158626181310242,NA,NA,NA,71.4959404874724,88.4152217813119,110.728226667078,NA,NA,NA,71.4959404874724,88.4152217813119,110.728226667078
2021,"Red-wattled Lapwing","2021",0.129003204543841,0.164424334573135,0.212276649363937,NA,NA,NA,97.4619661194957,119.690050368894,151.082885270239,NA,NA,NA,97.4619661194957,119.690050368894,151.082885270239
2022,"Red-wattled Lapwing","2022",0.114062742262673,0.145399514430775,0.186394382542598,NA,NA,NA,86.0351177618121,105.804336406164,131.386001391978,NA,NA,NA,86.0351177618121,105.804336406164,131.386001391978
2023,"Red-wattled Lapwing","2023",0.115675401787772,0.148184348759989,0.188813643114877,NA,NA,NA,89.0524186584028,107.335784473158,134.43956357342,NA,NA,NA,89.0524186584028,107.335784473158,134.43956357342
2024,"Red-wattled Lapwing","2024",0.123708608232278,0.156175950721078,0.200382436508525,NA,NA,NA,93.3473431874479,113.679826364921,141.549546006845,NA,NA,NA,93.3473431874479,113.679826364921,141.549546006845
2025,"Red-wattled Lapwing","2025",0.109663881049648,0.138918292356666,0.177968237339857,NA,NA,NA,83.1429327377075,101.013413179331,125.414427282085,NA,NA,NA,83.1429327377075,101.013413179331,125.414427282085
2026,"Red-wattled Lapwing","2026",NA,NA,NA,NA,NA,NA,NA,NA,NA,93.5587660730034,109.968489453127,129.619091760584,93.5587660730034,109.968489453127,129.619091760584
2027,"Red-wattled Lapwing","2027",NA,NA,NA,NA,NA,NA,NA,NA,NA,93.0490168455508,111.818816193046,134.83630506124,93.0490168455508,111.818816193046,134.83630506124
2028,"Red-wattled Lapwing","2028",NA,NA,NA,NA,NA,NA,NA,NA,NA,92.707281581766,113.690661220177,140.285565459815,92.707281581766,113.690661220177,140.285565459815
2029,"Red-wattled Lapwing","2029",NA,NA,NA,NA,NA,NA,NA,NA,NA,92.1687532858166,115.763274760856,146.192665771168,92.1687532858166,115.763274760856,146.192665771168
2030,"Red-wattled Lapwing","2030",NA,NA,NA,NA,NA,NA,NA,NA,NA,91.5526102010283,117.763049117614,152.380753590337,91.5526102010283,117.763049117614,152.380753590337
2031,"Red-wattled Lapwing","2031",NA,NA,NA,NA,NA,NA,NA,NA,NA,90.9853258122365,119.848207039464,158.816691456762,90.9853258122365,119.848207039464,158.816691456762
2032,"Red-wattled Lapwing","2032",NA,NA,NA,NA,NA,NA,NA,NA,NA,90.428652910836,121.956706879407,165.156449121369,90.428652910836,121.956706879407,165.156449121369
2033,"Red-wattled Lapwing","2033",NA,NA,NA,NA,NA,NA,NA,NA,NA,89.8848912209936,124.019652046666,172.330305880093,89.8848912209936,124.019652046666,172.330305880093
1982,"Bronze-winged Jacana","before 2000",NA,NA,NA,NA,NA,NA,NA,NA,NA,NA,NA,NA,NA,NA,NA
2006,"Bronze-winged Jacana","2000-2006",NA,NA,NA,NA,NA,NA,NA,NA,NA,NA,NA,NA,NA,NA,NA
2010,"Bronze-winged Jacana","2007-2010",NA,NA,NA,NA,NA,NA,NA,NA,NA,NA,NA,NA,NA,NA,NA
2012,"Bronze-winged Jacana","2011-2012",NA,NA,NA,NA,NA,NA,NA,NA,NA,NA,NA,NA,NA,NA,NA
2013,"Bronze-winged Jacana","2013",NA,NA,NA,NA,NA,NA,NA,NA,NA,NA,NA,NA,NA,NA,NA
2014,"Bronze-winged Jacana","2014",NA,NA,NA,NA,NA,NA,NA,NA,NA,NA,NA,NA,NA,NA,NA
2015,"Bronze-winged Jacana","2015",0.0831549956479139,0.122634348857257,0.173774040101286,NA,NA,NA,100,100,100,NA,NA,NA,100,100,100
2016,"Bronze-winged Jacana","2016",0.0760126767777405,0.106621737900386,0.146726746626289,NA,NA,NA,66.3094007519908,86.5845608883995,116.974631313595,NA,NA,NA,66.3094007519908,86.5845608883995,116.974631313595
2017,"Bronze-winged Jacana","2017",0.0689147508422675,0.0951432214958422,0.130637879178225,NA,NA,NA,60.2754842004977,78.0759761326716,102.525434461784,NA,NA,NA,60.2754842004977,78.0759761326716,102.525434461784
2018,"Bronze-winged Jacana","2018",0.0943981899872594,0.12962799712853,0.179415618808896,NA,NA,NA,80.5526629024705,105.392205164776,141.386037399202,NA,NA,NA,80.5526629024705,105.392205164776,141.386037399202
2019,"Bronze-winged Jacana","2019",0.0798998209278275,0.112845797945188,0.160252130077387,NA,NA,NA,68.0541798535511,91.5779152075496,128.103886952543,NA,NA,NA,68.0541798535511,91.5779152075496,128.103886952543
2020,"Bronze-winged Jacana","2020",0.0618083173843211,0.0842722980564725,0.117404822721891,NA,NA,NA,53.4245508336821,69.29093351678,89.8410654636618,NA,NA,NA,53.4245508336821,69.29093351678,89.8410654636618
2021,"Bronze-winged Jacana","2021",0.117743283874123,0.157616553651907,0.212408027296424,NA,NA,NA,100.330365245867,129.319857643856,169.297620800935,NA,NA,NA,100.330365245867,129.319857643856,169.297620800935
2022,"Bronze-winged Jacana","2022",0.128247297527529,0.16933231441878,0.227257173897948,NA,NA,NA,109.870319087046,138.536564217934,181.975176663261,NA,NA,NA,109.870319087046,138.536564217934,181.975176663261
2023,"Bronze-winged Jacana","2023",0.108301427632762,0.143975870492268,0.192928590319464,NA,NA,NA,95.1367172590513,117.614823488068,150.911691392524,NA,NA,NA,95.1367172590513,117.614823488068,150.911691392524
2024,"Bronze-winged Jacana","2024",0.111878915331135,0.147602084832755,0.196579650471789,NA,NA,NA,96.7502495035775,120.480550601012,156.279757307158,NA,NA,NA,96.7502495035775,120.480550601012,156.279757307158
2025,"Bronze-winged Jacana","2025",0.0819243153696838,0.108843581830522,0.147051505269926,NA,NA,NA,70.8878487453168,89.0881305858921,113.940145831927,NA,NA,NA,70.8878487453168,89.0881305858921,113.940145831927
2026,"Bronze-winged Jacana","2026",NA,NA,NA,NA,NA,NA,NA,NA,NA,88.9643971985596,117.168822502214,154.943726067003,88.9643971985596,117.168822502214,154.943726067003
2027,"Bronze-winged Jacana","2027",NA,NA,NA,NA,NA,NA,NA,NA,NA,87.9426868470815,120.385601084911,164.941515692073,87.9426868470815,120.385601084911,164.941515692073
2028,"Bronze-winged Jacana","2028",NA,NA,NA,NA,NA,NA,NA,NA,NA,86.7905755544899,123.414317147039,175.840369974572,86.7905755544899,123.414317147039,175.840369974572
2029,"Bronze-winged Jacana","2029",NA,NA,NA,NA,NA,NA,NA,NA,NA,85.7876754949161,126.697727200268,187.452993814186,85.7876754949161,126.697727200268,187.452993814186
2030,"Bronze-winged Jacana","2030",NA,NA,NA,NA,NA,NA,NA,NA,NA,84.7711698712829,129.807234299781,200.030826603895,84.7711698712829,129.807234299781,200.030826603895
2031,"Bronze-winged Jacana","2031",NA,NA,NA,NA,NA,NA,NA,NA,NA,83.7524951986148,133.2020038416,213.949820039473,83.7524951986148,133.2020038416,213.949820039473
2032,"Bronze-winged Jacana","2032",NA,NA,NA,NA,NA,NA,NA,NA,NA,82.586281623594,136.661039248844,228.342147403669,82.586281623594,136.661039248844,228.342147403669
2033,"Bronze-winged Jacana","2033",NA,NA,NA,NA,NA,NA,NA,NA,NA,81.5359164719662,140.196015825003,244.050470528749,81.5359164719662,140.196015825003,244.050470528749
1982,"Indian Skimmer","before 2000",NA,NA,NA,NA,NA,NA,NA,NA,NA,NA,NA,NA,NA,NA,NA
2006,"Indian Skimmer","2000-2006",NA,NA,NA,NA,NA,NA,NA,NA,NA,NA,NA,NA,NA,NA,NA
2010,"Indian Skimmer","2007-2010",NA,NA,NA,NA,NA,NA,NA,NA,NA,NA,NA,NA,NA,NA,NA
2012,"Indian Skimmer","2011-2012",NA,NA,NA,NA,NA,NA,NA,NA,NA,NA,NA,NA,NA,NA,NA
2013,"Indian Skimmer","2013",NA,NA,NA,NA,NA,NA,NA,NA,NA,NA,NA,NA,NA,NA,NA
2014,"Indian Skimmer","2014",NA,NA,NA,NA,NA,NA,NA,NA,NA,NA,NA,NA,NA,NA,NA
2015,"Indian Skimmer","2015",3.7443953439962e-10,0.0137563208719375,0.0391726871752356,NA,NA,NA,100,100,100,NA,NA,NA,100,100,100
2016,"Indian Skimmer","2016",0.00440739845545168,0.0161909126921523,0.0375472041992403,NA,NA,NA,33.5118548480793,118.340835350507,2807913245.4866,NA,NA,NA,33.5118548480793,118.340835350507,2807913245.4866
2017,"Indian Skimmer","2017",0.00675025452511554,0.0206443592678969,0.0446985840318255,NA,NA,NA,45.9990757053352,145.787867092333,4634218256.08537,NA,NA,NA,45.9990757053352,145.787867092333,4634218256.08537
2018,"Indian Skimmer","2018",0.00516080734279435,0.0212096943886505,0.0492193477966039,NA,NA,NA,36.20165997106,156.18910915878,3569023481.11909,NA,NA,NA,36.20165997106,156.18910915878,3569023481.11909
2019,"Indian Skimmer","2019",1.77241655119812e-09,0.017023959190636,0.0437940759731177,NA,NA,NA,18.8318147494794,123.070448194991,2334441006.14494,NA,NA,NA,18.8318147494794,123.070448194991,2334441006.14494
2020,"Indian Skimmer","2020",0.00186267014632131,0.00987705958941994,0.0233454598244343,NA,NA,NA,18.734120037075,70.2546833526413,1266046600.20592,NA,NA,NA,18.734120037075,70.2546833526413,1266046600.20592
2021,"Indian Skimmer","2021",0.00401847447869027,0.0151990305519772,0.0353913660622045,NA,NA,NA,34.5682121766069,109.784996716876,3328717348.47106,NA,NA,NA,34.5682121766069,109.784996716876,3328717348.47106
2022,"Indian Skimmer","2022",0.00353189190699766,0.00967683349129893,0.0205960225011561,NA,NA,NA,25.233868747813,69.3419806064173,2226332594.01784,NA,NA,NA,25.233868747813,69.3419806064173,2226332594.01784
2023,"Indian Skimmer","2023",0.00260060946660988,0.00786378707194622,0.0162773263075313,NA,NA,NA,19.6060334918807,55.2370331363602,1461189215.29968,NA,NA,NA,19.6060334918807,55.2370331363602,1461189215.29968
2024,"Indian Skimmer","2024",0.00289138502030195,0.00747021128946709,0.0159329897502464,NA,NA,NA,19.3258624556513,54.0271940878515,1418268144.20873,NA,NA,NA,19.3258624556513,54.0271940878515,1418268144.20873
2025,"Indian Skimmer","2025",0.00158254225239165,0.00451229794533942,0.00883354832858804,NA,NA,NA,11.6480683787333,31.6403018469727,878313353.064093,NA,NA,NA,11.6480683787333,31.6403018469727,878313353.064093
2026,"Indian Skimmer","2026",NA,NA,NA,NA,NA,NA,NA,NA,NA,24.4616796546902,40.4048781056498,68.665824453743,24.4616796546902,40.4048781056498,68.665824453743
2027,"Indian Skimmer","2027",NA,NA,NA,NA,NA,NA,NA,NA,NA,20.3906279448467,36.0749651915064,65.0405891219358,20.3906279448467,36.0749651915064,65.0405891219358
2028,"Indian Skimmer","2028",NA,NA,NA,NA,NA,NA,NA,NA,NA,16.9143940954685,32.1995497948418,61.7478043432042,16.9143940954685,32.1995497948418,61.7478043432042
2029,"Indian Skimmer","2029",NA,NA,NA,NA,NA,NA,NA,NA,NA,14.1310288137182,28.7205153865892,58.9129099467554,14.1310288137182,28.7205153865892,58.9129099467554
2030,"Indian Skimmer","2030",NA,NA,NA,NA,NA,NA,NA,NA,NA,11.7452457118454,25.5083407917368,56.5536552779878,11.7452457118454,25.5083407917368,56.5536552779878
2031,"Indian Skimmer","2031",NA,NA,NA,NA,NA,NA,NA,NA,NA,9.64639089625171,22.5548148594304,53.9321852790256,9.64639089625171,22.5548148594304,53.9321852790256
2032,"Indian Skimmer","2032",NA,NA,NA,NA,NA,NA,NA,NA,NA,8.00754129264825,19.9842538143169,51.7013569905237,8.00754129264825,19.9842538143169,51.7013569905237
2033,"Indian Skimmer","2033",NA,NA,NA,NA,NA,NA,NA,NA,NA,6.60001185871426,17.8655968128134,49.6870309118055,6.60001185871426,17.8655968128134,49.6870309118055
1982,"Asian Openbill","before 2000",NA,NA,NA,NA,NA,NA,NA,NA,NA,NA,NA,NA,NA,NA,NA
2006,"Asian Openbill","2000-2006",NA,NA,NA,NA,NA,NA,NA,NA,NA,NA,NA,NA,NA,NA,NA
2010,"Asian Openbill","2007-2010",NA,NA,NA,NA,NA,NA,NA,NA,NA,NA,NA,NA,NA,NA,NA
2012,"Asian Openbill","2011-2012",NA,NA,NA,NA,NA,NA,NA,NA,NA,NA,NA,NA,NA,NA,NA
2013,"Asian Openbill","2013",NA,NA,NA,NA,NA,NA,NA,NA,NA,NA,NA,NA,NA,NA,NA
2014,"Asian Openbill","2014",NA,NA,NA,NA,NA,NA,NA,NA,NA,NA,NA,NA,NA,NA,NA
2015,"Asian Openbill","2015",0.14373262566996,0.191707348789738,0.247513997128892,NA,NA,NA,100,100,100,NA,NA,NA,100,100,100
2016,"Asian Openbill","2016",0.150547099525163,0.190177718277583,0.236311780962349,NA,NA,NA,77.7457934118551,99.0093385399887,127.439135822135,NA,NA,NA,77.7457934118551,99.0093385399887,127.439135822135
2017,"Asian Openbill","2017",0.206163514644148,0.256171252904605,0.307668648979854,NA,NA,NA,109.310485993944,133.627664996009,166.816812217368,NA,NA,NA,109.310485993944,133.627664996009,166.816812217368
2018,"Asian Openbill","2018",0.224541886397192,0.278526986025205,0.339770491211806,NA,NA,NA,114.079826465588,145.066720270781,182.893260195118,NA,NA,NA,114.079826465588,145.066720270781,182.893260195118
2019,"Asian Openbill","2019",0.145900568851976,0.188804773758602,0.233590567462232,NA,NA,NA,76.6218709464243,98.1555580611473,128.217170301869,NA,NA,NA,76.6218709464243,98.1555580611473,128.217170301869
2020,"Asian Openbill","2020",0.154892154889032,0.193942626793022,0.234224623940259,NA,NA,NA,80.8256138978922,101.039150519254,126.45727772248,NA,NA,NA,80.8256138978922,101.039150519254,126.45727772248
2021,"Asian Openbill","2021",0.172172743253576,0.212854566336613,0.255248636442176,NA,NA,NA,89.2246002576368,111.46069266589,139.426684411066,NA,NA,NA,89.2246002576368,111.46069266589,139.426684411066
2022,"Asian Openbill","2022",0.164065096188431,0.19977894947886,0.239862726122727,NA,NA,NA,83.7187715256684,103.993684206433,129.984234746462,NA,NA,NA,83.7187715256684,103.993684206433,129.984234746462
2023,"Asian Openbill","2023",0.152360430334981,0.187346912387951,0.224006437967693,NA,NA,NA,79.1338452142922,97.2716385434043,120.908438792349,NA,NA,NA,79.1338452142922,97.2716385434043,120.908438792349
2024,"Asian Openbill","2024",0.169742660523049,0.207252614886128,0.247972673251528,NA,NA,NA,88.155560521128,108.094874718873,133.751028504599,NA,NA,NA,88.155560521128,108.094874718873,133.751028504599
2025,"Asian Openbill","2025",0.1282360267019,0.157815864937571,0.188445782003026,NA,NA,NA,67.697678107686,81.8808637855366,101.767776976778,NA,NA,NA,67.697678107686,81.8808637855366,101.767776976778
2026,"Asian Openbill","2026",NA,NA,NA,NA,NA,NA,NA,NA,NA,77.4269455052211,94.384874615219,115.343843541958,77.4269455052211,94.384874615219,115.343843541958
2027,"Asian Openbill","2027",NA,NA,NA,NA,NA,NA,NA,NA,NA,73.917737874862,92.5544055041846,116.069543454788,73.917737874862,92.5544055041846,116.069543454788
2028,"Asian Openbill","2028",NA,NA,NA,NA,NA,NA,NA,NA,NA,70.4764871375879,90.8594872340898,116.960460993801,70.4764871375879,90.8594872340898,116.960460993801
2029,"Asian Openbill","2029",NA,NA,NA,NA,NA,NA,NA,NA,NA,67.2301664021992,89.159268550417,117.798099712534,67.2301664021992,89.159268550417,117.798099712534
2030,"Asian Openbill","2030",NA,NA,NA,NA,NA,NA,NA,NA,NA,64.1671933114706,87.4402481950555,118.809651394759,64.1671933114706,87.4402481950555,118.809651394759
2031,"Asian Openbill","2031",NA,NA,NA,NA,NA,NA,NA,NA,NA,61.2296835791666,85.7427385339944,119.76580086985,61.2296835791666,85.7427385339944,119.76580086985
2032,"Asian Openbill","2032",NA,NA,NA,NA,NA,NA,NA,NA,NA,58.4276318430899,84.0618203076728,120.91479028258,58.4276318430899,84.0618203076728,120.91479028258
2033,"Asian Openbill","2033",NA,NA,NA,NA,NA,NA,NA,NA,NA,55.7486398880577,82.4882500227637,122.023357607975,55.7486398880577,82.4882500227637,122.023357607975
1982,"Little Cormorant","before 2000",NA,NA,NA,NA,NA,NA,NA,NA,NA,NA,NA,NA,NA,NA,NA
2006,"Little Cormorant","2000-2006",NA,NA,NA,NA,NA,NA,NA,NA,NA,NA,NA,NA,NA,NA,NA
2010,"Little Cormorant","2007-2010",NA,NA,NA,NA,NA,NA,NA,NA,NA,NA,NA,NA,NA,NA,NA
2012,"Little Cormorant","2011-2012",NA,NA,NA,NA,NA,NA,NA,NA,NA,NA,NA,NA,NA,NA,NA
2013,"Little Cormorant","2013",NA,NA,NA,NA,NA,NA,NA,NA,NA,NA,NA,NA,NA,NA,NA
2014,"Little Cormorant","2014",NA,NA,NA,NA,NA,NA,NA,NA,NA,NA,NA,NA,NA,NA,NA
2015,"Little Cormorant","2015",0.305394773896568,0.370750487499999,0.434307424805593,NA,NA,NA,100,100,100,NA,NA,NA,100,100,100
2016,"Little Cormorant","2016",0.305187883367935,0.353261562054263,0.399694350287621,NA,NA,NA,80.8193490847765,95.538421555839,115.233102884599,NA,NA,NA,80.8193490847765,95.538421555839,115.233102884599
2017,"Little Cormorant","2017",0.301006856911023,0.341872111996325,0.385538949683771,NA,NA,NA,79.8286531576659,92.1576187289104,109.758277821803,NA,NA,NA,79.8286531576659,92.1576187289104,109.758277821803
2018,"Little Cormorant","2018",0.320752848883465,0.369010684574899,0.421652452284478,NA,NA,NA,85.1739394288752,99.7108904555998,118.726287242497,NA,NA,NA,85.1739394288752,99.7108904555998,118.726287242497
2019,"Little Cormorant","2019",0.308510407853188,0.357914020899785,0.413240936282294,NA,NA,NA,80.9394492104918,96.6008257420719,116.703512080849,NA,NA,NA,80.9394492104918,96.6008257420719,116.703512080849
2020,"Little Cormorant","2020",0.409021568828234,0.457590256899871,0.506297348150344,NA,NA,NA,108.061665642572,123.174150286175,144.959356113716,NA,NA,NA,108.061665642572,123.174150286175,144.959356113716
2021,"Little Cormorant","2021",0.403067122802733,0.44731661873341,0.496286083897682,NA,NA,NA,104.783780972784,120.998561465625,142.024657323831,NA,NA,NA,104.783780972784,120.998561465625,142.024657323831
2022,"Little Cormorant","2022",0.342031214559227,0.384677686150878,0.426548193908817,NA,NA,NA,90.3183764459065,103.703358604169,120.893143237104,NA,NA,NA,90.3183764459065,103.703358604169,120.893143237104
2023,"Little Cormorant","2023",0.325336264643993,0.363904972294895,0.406745577003556,NA,NA,NA,85.8315450218663,98.1818014207073,114.698001323295,NA,NA,NA,85.8315450218663,98.1818014207073,114.698001323295
2024,"Little Cormorant","2024",0.299724600981062,0.334997883724645,0.372885975512856,NA,NA,NA,79.3367148890824,90.5938620713425,105.628042843535,NA,NA,NA,79.3367148890824,90.5938620713425,105.628042843535
2025,"Little Cormorant","2025",0.258708490880066,0.289072362097231,0.321933826764534,NA,NA,NA,68.5121429333285,78.2196304589728,91.1696999048134,NA,NA,NA,68.5121429333285,78.2196304589728,91.1696999048134
2026,"Little Cormorant","2026",NA,NA,NA,NA,NA,NA,NA,NA,NA,79.5025703235441,94.2788120857026,111.820190511186,79.5025703235441,94.2788120857026,111.820190511186
2027,"Little Cormorant","2027",NA,NA,NA,NA,NA,NA,NA,NA,NA,76.9957770720595,93.4607285061665,113.311082281219,76.9957770720595,93.4607285061665,113.311082281219
2028,"Little Cormorant","2028",NA,NA,NA,NA,NA,NA,NA,NA,NA,74.5874166373317,92.719383178598,114.969816180861,74.5874166373317,92.719383178598,114.969816180861
2029,"Little Cormorant","2029",NA,NA,NA,NA,NA,NA,NA,NA,NA,72.2463517500409,91.9686437902646,116.731727102969,72.2463517500409,91.9686437902646,116.731727102969
2030,"Little Cormorant","2030",NA,NA,NA,NA,NA,NA,NA,NA,NA,69.9618974326194,91.1873088454537,118.598093121137,69.9618974326194,91.1873088454537,118.598093121137
2031,"Little Cormorant","2031",NA,NA,NA,NA,NA,NA,NA,NA,NA,67.6351641958508,90.3092508663029,120.469138346543,67.6351641958508,90.3092508663029,120.469138346543
2032,"Little Cormorant","2032",NA,NA,NA,NA,NA,NA,NA,NA,NA,65.4617315218067,89.496944485993,122.346515643347,65.4617315218067,89.496944485993,122.346515643347
2033,"Little Cormorant","2033",NA,NA,NA,NA,NA,NA,NA,NA,NA,63.3108973926741,88.7301006175129,124.509333837196,63.3108973926741,88.7301006175129,124.509333837196
1982,"Great Egret","before 2000",NA,NA,NA,NA,NA,NA,NA,NA,NA,NA,NA,NA,NA,NA,NA
2006,"Great Egret","2000-2006",NA,NA,NA,NA,NA,NA,NA,NA,NA,NA,NA,NA,NA,NA,NA
2010,"Great Egret","2007-2010",NA,NA,NA,NA,NA,NA,NA,NA,NA,NA,NA,NA,NA,NA,NA
2012,"Great Egret","2011-2012",NA,NA,NA,NA,NA,NA,NA,NA,NA,NA,NA,NA,NA,NA,NA
2013,"Great Egret","2013",NA,NA,NA,NA,NA,NA,NA,NA,NA,NA,NA,NA,NA,NA,NA
2014,"Great Egret","2014",NA,NA,NA,NA,NA,NA,NA,NA,NA,NA,NA,NA,NA,NA,NA
2015,"Great Egret","2015",0.104889192550419,0.142470846133537,0.186299897701617,NA,NA,NA,100,100,100,NA,NA,NA,100,100,100
2016,"Great Egret","2016",0.132357868480645,0.168170326380698,0.205691740464718,NA,NA,NA,90.9169559745181,117.51906959805,156.747502815483,NA,NA,NA,90.9169559745181,117.51906959805,156.747502815483
2017,"Great Egret","2017",0.131213227818687,0.161175080393706,0.196366579030674,NA,NA,NA,88.6871247631936,113.487016492789,149.648340252015,NA,NA,NA,88.6871247631936,113.487016492789,149.648340252015
2018,"Great Egret","2018",0.145345104076497,0.17940317942824,0.223565617231742,NA,NA,NA,97.9754564143006,127.210708982658,167.224961871366,NA,NA,NA,97.9754564143006,127.210708982658,167.224961871366
2019,"Great Egret","2019",0.101716104142315,0.131164114488722,0.16794853011759,NA,NA,NA,69.6653877065156,92.9307958647759,124.708709246091,NA,NA,NA,69.6653877065156,92.9307958647759,124.708709246091
2020,"Great Egret","2020",0.135003129288975,0.165521192467424,0.200843436202412,NA,NA,NA,91.8892240880667,116.941204358482,154.601153947629,NA,NA,NA,91.8892240880667,116.941204358482,154.601153947629
2021,"Great Egret","2021",0.149691856137527,0.182295457127269,0.219449183520963,NA,NA,NA,101.517762033518,128.887368462248,163.135136613609,NA,NA,NA,101.517762033518,128.887368462248,163.135136613609
2022,"Great Egret","2022",0.128191474338684,0.156135507407004,0.186447771854847,NA,NA,NA,85.8008195283936,110.402592347628,143.043090874008,NA,NA,NA,85.8008195283936,110.402592347628,143.043090874008
2023,"Great Egret","2023",0.12348033664219,0.149007892737677,0.176146545140278,NA,NA,NA,83.2442451107042,104.716149602722,133.828553929117,NA,NA,NA,83.2442451107042,104.716149602722,133.828553929117
2024,"Great Egret","2024",0.116163785771197,0.138620826672668,0.163500641568236,NA,NA,NA,76.6883708351751,97.7454387081255,126.223869597763,NA,NA,NA,76.6883708351751,97.7454387081255,126.223869597763
2025,"Great Egret","2025",0.0812924060058726,0.0979172207888852,0.116386697201917,NA,NA,NA,55.3277040202665,69.2014989222166,89.7552472531516,NA,NA,NA,55.3277040202665,69.2014989222166,89.7552472531516
2026,"Great Egret","2026",NA,NA,NA,NA,NA,NA,NA,NA,NA,73.1294174253807,91.0009750620096,112.919359051174,73.1294174253807,91.0009750620096,112.919359051174
2027,"Great Egret","2027",NA,NA,NA,NA,NA,NA,NA,NA,NA,69.3752520415593,88.7005376656077,113.592866578086,69.3752520415593,88.7005376656077,113.592866578086
2028,"Great Egret","2028",NA,NA,NA,NA,NA,NA,NA,NA,NA,65.7187212465077,86.4529293656503,114.027733059929,65.7187212465077,86.4529293656503,114.027733059929
2029,"Great Egret","2029",NA,NA,NA,NA,NA,NA,NA,NA,NA,62.2174508095077,84.2353869296943,114.520769059938,62.2174508095077,84.2353869296943,114.520769059938
2030,"Great Egret","2030",NA,NA,NA,NA,NA,NA,NA,NA,NA,58.7730797499295,82.1259927237629,115.106567172616,58.7730797499295,82.1259927237629,115.106567172616
2031,"Great Egret","2031",NA,NA,NA,NA,NA,NA,NA,NA,NA,55.487815313414,80.1556523728918,115.66923846399,55.487815313414,80.1556523728918,115.66923846399
2032,"Great Egret","2032",NA,NA,NA,NA,NA,NA,NA,NA,NA,52.3661449013291,78.1687787201341,116.179390639305,52.3661449013291,78.1687787201341,116.179390639305
2033,"Great Egret","2033",NA,NA,NA,NA,NA,NA,NA,NA,NA,49.5428750226717,76.2428969643686,116.654341153328,49.5428750226717,76.2428969643686,116.654341153328
1982,"Little Egret","before 2000",NA,NA,NA,NA,NA,NA,NA,NA,NA,NA,NA,NA,NA,NA,NA
2006,"Little Egret","2000-2006",NA,NA,NA,NA,NA,NA,NA,NA,NA,NA,NA,NA,NA,NA,NA
2010,"Little Egret","2007-2010",NA,NA,NA,NA,NA,NA,NA,NA,NA,NA,NA,NA,NA,NA,NA
2012,"Little Egret","2011-2012",NA,NA,NA,NA,NA,NA,NA,NA,NA,NA,NA,NA,NA,NA,NA
2013,"Little Egret","2013",NA,NA,NA,NA,NA,NA,NA,NA,NA,NA,NA,NA,NA,NA,NA
2014,"Little Egret","2014",NA,NA,NA,NA,NA,NA,NA,NA,NA,NA,NA,NA,NA,NA,NA
2015,"Little Egret","2015",0.176527876223376,0.221694827850721,0.276724473335715,NA,NA,NA,100,100,100,NA,NA,NA,100,100,100
2016,"Little Egret","2016",0.209329310771798,0.244762587438686,0.287612806547588,NA,NA,NA,90.7364005276661,110.399819785682,139.369378458388,NA,NA,NA,90.7364005276661,110.399819785682,139.369378458388
2017,"Little Egret","2017",0.205358378784724,0.237991317289403,0.27382947117726,NA,NA,NA,88.603631694405,106.607220394221,133.829482224628,NA,NA,NA,88.603631694405,106.607220394221,133.829482224628
2018,"Little Egret","2018",0.235452116307056,0.274107172107156,0.323935085695709,NA,NA,NA,101.86486442328,124.261415993881,155.977090357313,NA,NA,NA,101.86486442328,124.261415993881,155.977090357313
2019,"Little Egret","2019",0.173366828595935,0.212359943363861,0.255183178171611,NA,NA,NA,76.4854668365398,95.4604112955008,122.391109250717,NA,NA,NA,76.4854668365398,95.4604112955008,122.391109250717
2020,"Little Egret","2020",0.232433954658703,0.268181187292188,0.307300135819314,NA,NA,NA,100.56857759567,121.014840052203,149.579765599349,NA,NA,NA,100.56857759567,121.014840052203,149.579765599349
2021,"Little Egret","2021",0.326380994191119,0.366639910525711,0.415079678439183,NA,NA,NA,138.073940034996,164.413242667752,206.654102016203,NA,NA,NA,138.073940034996,164.413242667752,206.654102016203
2022,"Little Egret","2022",0.20215119764503,0.231755733132927,0.265260941880861,NA,NA,NA,86.2890520515143,104.003774560653,128.961622044282,NA,NA,NA,86.2890520515143,104.003774560653,128.961622044282
2023,"Little Egret","2023",0.258989204811184,0.291104349003578,0.330324485261367,NA,NA,NA,109.804944956026,131.066549009752,162.499175878454,NA,NA,NA,109.804944956026,131.066549009752,162.499175878454
2024,"Little Egret","2024",0.221825916276877,0.251381220950427,0.284982460989521,NA,NA,NA,94.9436275192829,112.777865773254,138.729017254017,NA,NA,NA,94.9436275192829,112.777865773254,138.729017254017
2025,"Little Egret","2025",0.206370402244571,0.232634970783913,0.263950691335584,NA,NA,NA,88.4625304872429,104.40498121311,128.634376145036,NA,NA,NA,88.4625304872429,104.40498121311,128.634376145036
2026,"Little Egret","2026",NA,NA,NA,NA,NA,NA,NA,NA,NA,99.2339953439073,121.53628390557,149.145913170932,99.2339953439073,121.53628390557,149.145913170932
2027,"Little Egret","2027",NA,NA,NA,NA,NA,NA,NA,NA,NA,97.7245130045299,122.987388758121,154.957316355238,97.7245130045299,122.987388758121,154.957316355238
2028,"Little Egret","2028",NA,NA,NA,NA,NA,NA,NA,NA,NA,96.0554004667703,124.404672933847,160.918628992212,96.0554004667703,124.404672933847,160.918628992212
2029,"Little Egret","2029",NA,NA,NA,NA,NA,NA,NA,NA,NA,94.4027964375735,125.575268405973,167.638019069947,94.4027964375735,125.575268405973,167.638019069947
2030,"Little Egret","2030",NA,NA,NA,NA,NA,NA,NA,NA,NA,92.5698499141128,126.9554132897,174.3927764106,92.5698499141128,126.9554132897,174.3927764106
2031,"Little Egret","2031",NA,NA,NA,NA,NA,NA,NA,NA,NA,90.9238746315674,128.183092915748,181.333615880597,90.9238746315674,128.183092915748,181.333615880597
2032,"Little Egret","2032",NA,NA,NA,NA,NA,NA,NA,NA,NA,89.256510248557,129.376204022717,188.722946776131,89.256510248557,129.376204022717,188.722946776131
2033,"Little Egret","2033",NA,NA,NA,NA,NA,NA,NA,NA,NA,87.4757234478331,130.86843891881,196.565100954943,87.4757234478331,130.86843891881,196.565100954943
1982,"Indian Pond-Heron","before 2000",NA,NA,NA,NA,NA,NA,NA,NA,NA,NA,NA,NA,NA,NA,NA
2006,"Indian Pond-Heron","2000-2006",NA,NA,NA,NA,NA,NA,NA,NA,NA,NA,NA,NA,NA,NA,NA
2010,"Indian Pond-Heron","2007-2010",NA,NA,NA,NA,NA,NA,NA,NA,NA,NA,NA,NA,NA,NA,NA
2012,"Indian Pond-Heron","2011-2012",NA,NA,NA,NA,NA,NA,NA,NA,NA,NA,NA,NA,NA,NA,NA
2013,"Indian Pond-Heron","2013",NA,NA,NA,NA,NA,NA,NA,NA,NA,NA,NA,NA,NA,NA,NA
2014,"Indian Pond-Heron","2014",NA,NA,NA,NA,NA,NA,NA,NA,NA,NA,NA,NA,NA,NA,NA
2015,"Indian Pond-Heron","2015",0.22271926895177,0.278773058304628,0.340047890630772,NA,NA,NA,100,100,100,NA,NA,NA,100,100,100
2016,"Indian Pond-Heron","2016",0.28014857816138,0.333083382916449,0.389877938479867,NA,NA,NA,101.056784254894,119.054550946984,142.111945125767,NA,NA,NA,101.056784254894,119.054550946984,142.111945125767
2017,"Indian Pond-Heron","2017",0.246380688197295,0.290179671789964,0.337468320065885,NA,NA,NA,88.844758608682,103.548225971054,121.370039808167,NA,NA,NA,88.844758608682,103.548225971054,121.370039808167
2018,"Indian Pond-Heron","2018",0.259787891124208,0.31141886373619,0.366559454389254,NA,NA,NA,94.4528772172712,111.411503630791,132.113479732947,NA,NA,NA,94.4528772172712,111.411503630791,132.113479732947
2019,"Indian Pond-Heron","2019",0.229957559762574,0.278090853544521,0.326970078610716,NA,NA,NA,82.9236402623137,98.8365567032527,120.105093475702,NA,NA,NA,82.9236402623137,98.8365567032527,120.105093475702
2020,"Indian Pond-Heron","2020",0.282128854443887,0.331481380647386,0.383216984831945,NA,NA,NA,101.076455608428,118.328312555789,139.213248723853,NA,NA,NA,101.076455608428,118.328312555789,139.213248723853
2021,"Indian Pond-Heron","2021",0.319375083323543,0.371999736084061,0.425660395031157,NA,NA,NA,114.17024344681,132.688551710365,156.131810990135,NA,NA,NA,114.17024344681,132.688551710365,156.131810990135
2022,"Indian Pond-Heron","2022",0.297006965373528,0.3468653368733,0.401078932839967,NA,NA,NA,107.320837716853,123.892846163665,144.784581442997,NA,NA,NA,107.320837716853,123.892846163665,144.784581442997
2023,"Indian Pond-Heron","2023",0.276618993874803,0.322968785175224,0.373385697487742,NA,NA,NA,100.130559548648,115.27712319699,135.212924763355,NA,NA,NA,100.130559548648,115.27712319699,135.212924763355
2024,"Indian Pond-Heron","2024",0.214756647141628,0.253495532263779,0.295921277123849,NA,NA,NA,77.8508511818035,90.4744190516543,106.247900048762,NA,NA,NA,77.8508511818035,90.4744190516543,106.247900048762
2025,"Indian Pond-Heron","2025",0.213252938011887,0.250872996210361,0.290445029783975,NA,NA,NA,77.8031869476066,89.5551120263936,104.608036567753,NA,NA,NA,77.8031869476066,89.5551120263936,104.608036567753
2026,"Indian Pond-Heron","2026",NA,NA,NA,NA,NA,NA,NA,NA,NA,87.1787700369406,103.758272518604,123.568795351059,87.1787700369406,103.758272518604,123.568795351059
2027,"Indian Pond-Heron","2027",NA,NA,NA,NA,NA,NA,NA,NA,NA,84.4879553573075,102.981889237312,125.511378280471,84.4879553573075,102.981889237312,125.511378280471
2028,"Indian Pond-Heron","2028",NA,NA,NA,NA,NA,NA,NA,NA,NA,81.9267673675093,102.3073050954,127.458897628827,81.9267673675093,102.3073050954,127.458897628827
2029,"Indian Pond-Heron","2029",NA,NA,NA,NA,NA,NA,NA,NA,NA,79.3379553009627,101.583167535187,129.536549500644,79.3379553009627,101.583167535187,129.536549500644
2030,"Indian Pond-Heron","2030",NA,NA,NA,NA,NA,NA,NA,NA,NA,76.8823453038562,100.702549150138,131.632273261557,76.8823453038562,100.702549150138,131.632273261557
2031,"Indian Pond-Heron","2031",NA,NA,NA,NA,NA,NA,NA,NA,NA,74.4505909558841,99.8376582497327,133.916454792446,74.4505909558841,99.8376582497327,133.916454792446
2032,"Indian Pond-Heron","2032",NA,NA,NA,NA,NA,NA,NA,NA,NA,72.0535226893133,99.135224893314,136.222005433603,72.0535226893133,99.135224893314,136.222005433603
2033,"Indian Pond-Heron","2033",NA,NA,NA,NA,NA,NA,NA,NA,NA,69.8228152744915,98.4113989420138,138.54097367193,69.8228152744915,98.4113989420138,138.54097367193
1982,"Shikra","before 2000",NA,NA,NA,NA,NA,NA,NA,NA,NA,NA,NA,NA,NA,NA,NA
2006,"Shikra","2000-2006",NA,NA,NA,NA,NA,NA,NA,NA,NA,NA,NA,NA,NA,NA,NA
2010,"Shikra","2007-2010",NA,NA,NA,NA,NA,NA,NA,NA,NA,NA,NA,NA,NA,NA,NA
2012,"Shikra","2011-2012",NA,NA,NA,NA,NA,NA,NA,NA,NA,NA,NA,NA,NA,NA,NA
2013,"Shikra","2013",NA,NA,NA,NA,NA,NA,NA,NA,NA,NA,NA,NA,NA,NA,NA
2014,"Shikra","2014",NA,NA,NA,NA,NA,NA,NA,NA,NA,NA,NA,NA,NA,NA,NA
2015,"Shikra","2015",0.161725829139031,0.202811779296584,0.245781751635334,NA,NA,NA,100,100,100,NA,NA,NA,100,100,100
2016,"Shikra","2016",0.146043784771557,0.171280454828312,0.203488638382936,NA,NA,NA,70.5862385709597,84.5422897864374,102.198988603435,NA,NA,NA,70.5862385709597,84.5422897864374,102.198988603435
2017,"Shikra","2017",0.16381513253203,0.19071168545197,0.220471116482098,NA,NA,NA,79.9172353659909,93.6213207484594,112.450202188518,NA,NA,NA,79.9172353659909,93.6213207484594,112.450202188518
2018,"Shikra","2018",0.185930430930515,0.217812051958952,0.253061486987904,NA,NA,NA,89.2177937814997,107.306412211469,128.503036032377,NA,NA,NA,89.2177937814997,107.306412211469,128.503036032377
2019,"Shikra","2019",0.0897589191935697,0.112161467701952,0.135580479838216,NA,NA,NA,44.4573904156148,54.7155466375987,68.9455099530073,NA,NA,NA,44.4573904156148,54.7155466375987,68.9455099530073
2020,"Shikra","2020",0.11101370357292,0.129887211839781,0.151419781732833,NA,NA,NA,53.2284182492621,64.0602180006675,77.2998459619104,NA,NA,NA,53.2284182492621,64.0602180006675,77.2998459619104
2021,"Shikra","2021",0.106116473121992,0.125710857647543,0.146156929595712,NA,NA,NA,51.6320713067386,61.9261100964712,73.7284454513359,NA,NA,NA,51.6320713067386,61.9261100964712,73.7284454513359
2022,"Shikra","2022",0.0998503742631465,0.116743733832225,0.137041300485241,NA,NA,NA,48.6974593378688,57.3007027904261,68.5252873972231,NA,NA,NA,48.6974593378688,57.3007027904261,68.5252873972231
2023,"Shikra","2023",0.0973609665130203,0.112540537855231,0.130901694146922,NA,NA,NA,47.3986676413779,55.3797526408901,66.2206542783108,NA,NA,NA,47.3986676413779,55.3797526408901,66.2206542783108
2024,"Shikra","2024",0.113168844441237,0.129771196266431,0.150706913920645,NA,NA,NA,54.4950385992431,63.6522230591485,75.6478297862368,NA,NA,NA,54.4950385992431,63.6522230591485,75.6478297862368
2025,"Shikra","2025",0.105091378607582,0.119544975250947,0.137667329268555,NA,NA,NA,50.3327070643204,58.8425461880416,70.1913785934807,NA,NA,NA,50.3327070643204,58.8425461880416,70.1913785934807
2026,"Shikra","2026",NA,NA,NA,NA,NA,NA,NA,NA,NA,39.8426099350258,49.5291099122229,61.9047332147308,39.8426099350258,49.5291099122229,61.9047332147308
2027,"Shikra","2027",NA,NA,NA,NA,NA,NA,NA,NA,NA,36.4752992206226,46.6234756286112,60.1853965539109,36.4752992206226,46.6234756286112,60.1853965539109
2028,"Shikra","2028",NA,NA,NA,NA,NA,NA,NA,NA,NA,33.3764692121849,43.9464011004702,58.3990040984304,33.3764692121849,43.9464011004702,58.3990040984304
2029,"Shikra","2029",NA,NA,NA,NA,NA,NA,NA,NA,NA,30.530999541916,41.4545788077172,56.7035658136492,30.530999541916,41.4545788077172,56.7035658136492
2030,"Shikra","2030",NA,NA,NA,NA,NA,NA,NA,NA,NA,27.9142658630285,39.0943934592162,55.2314073427885,27.9142658630285,39.0943934592162,55.2314073427885
2031,"Shikra","2031",NA,NA,NA,NA,NA,NA,NA,NA,NA,25.5060301507677,36.8682558956321,53.7660281032115,25.5060301507677,36.8682558956321,53.7660281032115
2032,"Shikra","2032",NA,NA,NA,NA,NA,NA,NA,NA,NA,23.2865053849369,34.7799978896424,52.2978400333603,23.2865053849369,34.7799978896424,52.2978400333603
2033,"Shikra","2033",NA,NA,NA,NA,NA,NA,NA,NA,NA,21.2850948549671,32.7745003272545,50.8860706992226,21.2850948549671,32.7745003272545,50.8860706992226
1982,"Malabar Trogon","before 2000",NA,NA,NA,NA,NA,NA,NA,NA,NA,NA,NA,NA,NA,NA,NA
2006,"Malabar Trogon","2000-2006",NA,NA,NA,NA,NA,NA,NA,NA,NA,NA,NA,NA,NA,NA,NA
2010,"Malabar Trogon","2007-2010",NA,NA,NA,NA,NA,NA,NA,NA,NA,NA,NA,NA,NA,NA,NA
2012,"Malabar Trogon","2011-2012",NA,NA,NA,NA,NA,NA,NA,NA,NA,NA,NA,NA,NA,NA,NA
2013,"Malabar Trogon","2013",NA,NA,NA,NA,NA,NA,NA,NA,NA,NA,NA,NA,NA,NA,NA
2014,"Malabar Trogon","2014",NA,NA,NA,NA,NA,NA,NA,NA,NA,NA,NA,NA,NA,NA,NA
2015,"Malabar Trogon","2015",1.28113100759851e-09,0.013962365131295,0.045107993378348,NA,NA,NA,100,100,100,NA,NA,NA,100,100,100
2016,"Malabar Trogon","2016",9.26295859464001e-10,0.00835344266644058,0.0225539220243559,NA,NA,NA,5.25581188779815e-06,57.5957144726264,568357562.674535,NA,NA,NA,5.25581188779815e-06,57.5957144726264,568357562.674535
2017,"Malabar Trogon","2017",0.00240692482443762,0.0097678128724028,0.0243786057361504,NA,NA,NA,11.3446876254053,69.5093593760664,596934612.472952,NA,NA,NA,11.3446876254053,69.5093593760664,596934612.472952
2018,"Malabar Trogon","2018",0.00906310826859125,0.0275278603170072,0.0624871427407974,NA,NA,NA,49.0585797810901,197.5919811675,1929486633.96892,NA,NA,NA,49.0585797810901,197.5919811675,1929486633.96892
2019,"Malabar Trogon","2019",1.26072052001941e-09,0.0115864196716102,0.029680473848586,NA,NA,NA,1.15352287054109e-05,82.565970607791,691359029.655639,NA,NA,NA,1.15352287054109e-05,82.565970607791,691359029.655639
2020,"Malabar Trogon","2020",0.00140238857309937,0.00510195463890083,0.0116628267474632,NA,NA,NA,7.30684423692851,37.5629937106535,300761853.692711,NA,NA,NA,7.30684423692851,37.5629937106535,300761853.692711
2021,"Malabar Trogon","2021",0.00541149985008806,0.0134552835964289,0.0258992088493843,NA,NA,NA,22.1247987290439,96.5493012379448,1167221123.76932,NA,NA,NA,22.1247987290439,96.5493012379448,1167221123.76932
2022,"Malabar Trogon","2022",0.00611265255267217,0.0128818326850863,0.023633892374504,NA,NA,NA,27.6273804135984,92.347755421467,933585679.534606,NA,NA,NA,27.6273804135984,92.347755421467,933585679.534606
2023,"Malabar Trogon","2023",0.00367982758682714,0.00746901681957304,0.0134953282436649,NA,NA,NA,16.2576580657336,54.6597796872651,523146037.976797,NA,NA,NA,16.2576580657336,54.6597796872651,523146037.976797
2024,"Malabar Trogon","2024",0.00561243498685897,0.0105269480311232,0.018513426452329,NA,NA,NA,22.0638674793576,77.3764139276682,799052102.32726,NA,NA,NA,22.0638674793576,77.3764139276682,799052102.32726
2025,"Malabar Trogon","2025",0.00731397246834801,0.0132892978219663,0.0218590806999278,NA,NA,NA,29.6807954603896,95.6565693286804,937422147.196875,NA,NA,NA,29.6807954603896,95.6565693286804,937422147.196875
2026,"Malabar Trogon","2026",NA,NA,NA,NA,NA,NA,NA,NA,NA,36.1035905509934,76.344588454253,162.802334548215,36.1035905509934,76.344588454253,162.802334548215
2027,"Malabar Trogon","2027",NA,NA,NA,NA,NA,NA,NA,NA,NA,32.5460635635598,75.8245591905353,177.60718345853,32.5460635635598,75.8245591905353,177.60718345853
2028,"Malabar Trogon","2028",NA,NA,NA,NA,NA,NA,NA,NA,NA,29.0646613836655,75.2246841171287,195.193316352733,29.0646613836655,75.2246841171287,195.193316352733
2029,"Malabar Trogon","2029",NA,NA,NA,NA,NA,NA,NA,NA,NA,26.1038811237705,75.0564658607162,213.041983617742,26.1038811237705,75.0564658607162,213.041983617742
2030,"Malabar Trogon","2030",NA,NA,NA,NA,NA,NA,NA,NA,NA,23.3733787667741,75.1497711311434,235.131879457108,23.3733787667741,75.1497711311434,235.131879457108
2031,"Malabar Trogon","2031",NA,NA,NA,NA,NA,NA,NA,NA,NA,21.0309548909104,75.2126219144808,258.639899221323,21.0309548909104,75.2126219144808,258.639899221323
2032,"Malabar Trogon","2032",NA,NA,NA,NA,NA,NA,NA,NA,NA,18.9136868511081,75.6929360238698,284.474609879569,18.9136868511081,75.6929360238698,284.474609879569
2033,"Malabar Trogon","2033",NA,NA,NA,NA,NA,NA,NA,NA,NA,16.9226800735361,75.017226419965,313.16618226578,16.9226800735361,75.017226419965,313.16618226578
1982,"Brown-winged Kingfisher","before 2000",NA,NA,NA,NA,NA,NA,NA,NA,NA,NA,NA,NA,NA,NA,NA
2006,"Brown-winged Kingfisher","2000-2006",NA,NA,NA,NA,NA,NA,NA,NA,NA,NA,NA,NA,NA,NA,NA
2010,"Brown-winged Kingfisher","2007-2010",NA,NA,NA,NA,NA,NA,NA,NA,NA,NA,NA,NA,NA,NA,NA
2012,"Brown-winged Kingfisher","2011-2012",NA,NA,NA,NA,NA,NA,NA,NA,NA,NA,NA,NA,NA,NA,NA
2013,"Brown-winged Kingfisher","2013",NA,NA,NA,NA,NA,NA,NA,NA,NA,NA,NA,NA,NA,NA,NA
2014,"Brown-winged Kingfisher","2014",NA,NA,NA,NA,NA,NA,NA,NA,NA,NA,NA,NA,NA,NA,NA
2015,"Brown-winged Kingfisher","2015",0.0973134320052494,0.191986265005184,0.337411041442343,NA,NA,NA,100,100,100,NA,NA,NA,100,100,100
2016,"Brown-winged Kingfisher","2016",0.126403446680257,0.211537758426486,0.340340125781987,NA,NA,NA,56.4628178432368,109.524777675871,238.171798114002,NA,NA,NA,56.4628178432368,109.524777675871,238.171798114002
2017,"Brown-winged Kingfisher","2017",0.087338245491237,0.144791493415171,0.224925097202714,NA,NA,NA,37.7646473723336,74.1768093116192,157.274811490634,NA,NA,NA,37.7646473723336,74.1768093116192,157.274811490634
2018,"Brown-winged Kingfisher","2018",0.111571284314206,0.186867986563582,0.282735485220164,NA,NA,NA,50.7310108358548,96.5503116922758,202.609394262469,NA,NA,NA,50.7310108358548,96.5503116922758,202.609394262469
2019,"Brown-winged Kingfisher","2019",0.0613595737651744,0.122424175096893,0.21307866571287,NA,NA,NA,28.4986914814817,64.4143871116467,139.331170422891,NA,NA,NA,28.4986914814817,64.4143871116467,139.331170422891
2020,"Brown-winged Kingfisher","2020",0.109022540439362,0.191800208279007,0.308414614327282,NA,NA,NA,49.3268475032047,99.6526765697127,202.082231440845,NA,NA,NA,49.3268475032047,99.6526765697127,202.082231440845
2021,"Brown-winged Kingfisher","2021",0.0895981874230027,0.133291561426252,0.182599995524371,NA,NA,NA,37.5868857093094,69.4852582318592,131.925951998919,NA,NA,NA,37.5868857093094,69.4852582318592,131.925951998919
2022,"Brown-winged Kingfisher","2022",0.0852861837152178,0.118106824683285,0.161348776449748,NA,NA,NA,34.2760934456763,61.7256224151791,118.503264928421,NA,NA,NA,34.2760934456763,61.7256224151791,118.503264928421
2023,"Brown-winged Kingfisher","2023",0.0729988563948944,0.0998356858661637,0.133062923853294,NA,NA,NA,29.0984635365385,52.3660732824945,100.72793479466,NA,NA,NA,29.0984635365385,52.3660732824945,100.72793479466
2024,"Brown-winged Kingfisher","2024",0.0797094402499372,0.106990586686268,0.140145106363874,NA,NA,NA,32.5088857570841,55.0754855334369,108.50342123042,NA,NA,NA,32.5088857570841,55.0754855334369,108.50342123042
2025,"Brown-winged Kingfisher","2025",0.0661501149933127,0.0871988829773954,0.111801283328131,NA,NA,NA,25.657763123856,45.1803132915001,85.3723864526708,NA,NA,NA,25.657763123856,45.1803132915001,85.3723864526708
2026,"Brown-winged Kingfisher","2026",NA,NA,NA,NA,NA,NA,NA,NA,NA,33.3674717158068,44.9075689840103,61.0336620112336,33.3674717158068,44.9075689840103,61.0336620112336
2027,"Brown-winged Kingfisher","2027",NA,NA,NA,NA,NA,NA,NA,NA,NA,29.6370279703664,41.5241031943899,58.7707772087252,29.6370279703664,41.5241031943899,58.7707772087252
2028,"Brown-winged Kingfisher","2028",NA,NA,NA,NA,NA,NA,NA,NA,NA,26.3556503475592,38.5963391805763,56.7731762541923,26.3556503475592,38.5963391805763,56.7731762541923
2029,"Brown-winged Kingfisher","2029",NA,NA,NA,NA,NA,NA,NA,NA,NA,23.5906374700904,35.8578278168101,55.1390725265304,23.5906374700904,35.8578278168101,55.1390725265304
2030,"Brown-winged Kingfisher","2030",NA,NA,NA,NA,NA,NA,NA,NA,NA,20.9234350447236,33.2472549302823,53.1498631755615,20.9234350447236,33.2472549302823,53.1498631755615
2031,"Brown-winged Kingfisher","2031",NA,NA,NA,NA,NA,NA,NA,NA,NA,18.5851969042501,30.8175595378423,51.4874944868478,18.5851969042501,30.8175595378423,51.4874944868478
2032,"Brown-winged Kingfisher","2032",NA,NA,NA,NA,NA,NA,NA,NA,NA,16.4800686331511,28.416696648285,50.069300003924,16.4800686331511,28.416696648285,50.069300003924
2033,"Brown-winged Kingfisher","2033",NA,NA,NA,NA,NA,NA,NA,NA,NA,14.5509760233205,26.314661238948,48.4422295822103,14.5509760233205,26.314661238948,48.4422295822103
1982,"White-throated Kingfisher","before 2000",NA,NA,NA,NA,NA,NA,NA,NA,NA,NA,NA,NA,NA,NA,NA
2006,"White-throated Kingfisher","2000-2006",NA,NA,NA,NA,NA,NA,NA,NA,NA,NA,NA,NA,NA,NA,NA
2010,"White-throated Kingfisher","2007-2010",NA,NA,NA,NA,NA,NA,NA,NA,NA,NA,NA,NA,NA,NA,NA
2012,"White-throated Kingfisher","2011-2012",NA,NA,NA,NA,NA,NA,NA,NA,NA,NA,NA,NA,NA,NA,NA
2013,"White-throated Kingfisher","2013",NA,NA,NA,NA,NA,NA,NA,NA,NA,NA,NA,NA,NA,NA,NA
2014,"White-throated Kingfisher","2014",NA,NA,NA,NA,NA,NA,NA,NA,NA,NA,NA,NA,NA,NA,NA
2015,"White-throated Kingfisher","2015",0.28465810825889,0.337519616777832,0.398755723039228,NA,NA,NA,100,100,100,NA,NA,NA,100,100,100
2016,"White-throated Kingfisher","2016",0.347312956310539,0.398418823897042,0.451068527772152,NA,NA,NA,103.206448466992,117.921288591428,136.231402827346,NA,NA,NA,103.206448466992,117.921288591428,136.231402827346
2017,"White-throated Kingfisher","2017",0.313554886753697,0.355530783983697,0.403800541463563,NA,NA,NA,92.162547146626,105.357916790212,122.117670527872,NA,NA,NA,92.162547146626,105.357916790212,122.117670527872
2018,"White-throated Kingfisher","2018",0.2983057909968,0.341657712275276,0.389197984448079,NA,NA,NA,87.868885618653,101.048009118797,118.494422402473,NA,NA,NA,87.868885618653,101.048009118797,118.494422402473
2019,"White-throated Kingfisher","2019",0.234664593479042,0.276416214044388,0.320667351766145,NA,NA,NA,69.3584473584554,81.5712971161312,96.9990136486131,NA,NA,NA,69.3584473584554,81.5712971161312,96.9990136486131
2020,"White-throated Kingfisher","2020",0.299496983909079,0.338674881994995,0.386342533893259,NA,NA,NA,88.6589387532713,100.599065210304,116.076455689773,NA,NA,NA,88.6589387532713,100.599065210304,116.076455689773
2021,"White-throated Kingfisher","2021",0.334911809165216,0.376673117087984,0.426725843077559,NA,NA,NA,98.2215423557887,111.834775316053,128.7806443198,NA,NA,NA,98.2215423557887,111.834775316053,128.7806443198
2022,"White-throated Kingfisher","2022",0.322688823238821,0.359382644771228,0.404930779462457,NA,NA,NA,94.2570459882373,106.549557553505,121.929459065115,NA,NA,NA,94.2570459882373,106.549557553505,121.929459065115
2023,"White-throated Kingfisher","2023",0.281501098904414,0.316603827164083,0.35661818434557,NA,NA,NA,83.0911763048392,94.0639175421047,107.634802982464,NA,NA,NA,83.0911763048392,94.0639175421047,107.634802982464
2024,"White-throated Kingfisher","2024",0.266728379096773,0.298658124669697,0.336011051916005,NA,NA,NA,78.676252792256,88.7120369127592,101.233371503931,NA,NA,NA,78.676252792256,88.7120369127592,101.233371503931
2025,"White-throated Kingfisher","2025",0.264080324578719,0.296709534320743,0.334710634848996,NA,NA,NA,78.2265546255623,88.3265125644826,100.55522877866,NA,NA,NA,78.2265546255623,88.3265125644826,100.55522877866
2026,"White-throated Kingfisher","2026",NA,NA,NA,NA,NA,NA,NA,NA,NA,78.958351075936,90.4033925610576,103.330517396249,78.958351075936,90.4033925610576,103.330517396249
2027,"White-throated Kingfisher","2027",NA,NA,NA,NA,NA,NA,NA,NA,NA,76.3575498721602,88.9929282868415,103.686916448515,76.3575498721602,88.9929282868415,103.686916448515
2028,"White-throated Kingfisher","2028",NA,NA,NA,NA,NA,NA,NA,NA,NA,73.8042498564466,87.6293499987288,103.99101168653,73.8042498564466,87.6293499987288,103.99101168653
2029,"White-throated Kingfisher","2029",NA,NA,NA,NA,NA,NA,NA,NA,NA,71.2761125464812,86.2843620508352,104.469302562368,71.2761125464812,86.2843620508352,104.469302562368
2030,"White-throated Kingfisher","2030",NA,NA,NA,NA,NA,NA,NA,NA,NA,68.8463201616294,84.942307211552,104.928015095223,68.8463201616294,84.942307211552,104.928015095223
2031,"White-throated Kingfisher","2031",NA,NA,NA,NA,NA,NA,NA,NA,NA,66.5015699820693,83.5687021564107,105.318249805968,66.5015699820693,83.5687021564107,105.318249805968
2032,"White-throated Kingfisher","2032",NA,NA,NA,NA,NA,NA,NA,NA,NA,64.178241671212,82.2661299657696,105.697654196641,64.178241671212,82.2661299657696,105.697654196641
2033,"White-throated Kingfisher","2033",NA,NA,NA,NA,NA,NA,NA,NA,NA,62.0084522110651,80.9489509397257,106.12983040045,62.0084522110651,80.9489509397257,106.12983040045
1982,"Pied Kingfisher","before 2000",NA,NA,NA,NA,NA,NA,NA,NA,NA,NA,NA,NA,NA,NA,NA
2006,"Pied Kingfisher","2000-2006",NA,NA,NA,NA,NA,NA,NA,NA,NA,NA,NA,NA,NA,NA,NA
2010,"Pied Kingfisher","2007-2010",NA,NA,NA,NA,NA,NA,NA,NA,NA,NA,NA,NA,NA,NA,NA
2012,"Pied Kingfisher","2011-2012",NA,NA,NA,NA,NA,NA,NA,NA,NA,NA,NA,NA,NA,NA,NA
2013,"Pied Kingfisher","2013",NA,NA,NA,NA,NA,NA,NA,NA,NA,NA,NA,NA,NA,NA,NA
2014,"Pied Kingfisher","2014",NA,NA,NA,NA,NA,NA,NA,NA,NA,NA,NA,NA,NA,NA,NA
2015,"Pied Kingfisher","2015",0.0847155516346261,0.121636769303565,0.16622614330469,NA,NA,NA,100,100,100,NA,NA,NA,100,100,100
2016,"Pied Kingfisher","2016",0.0941540742080352,0.12745620593791,0.166114520218944,NA,NA,NA,80.5165545615564,105.415576004378,138.951610675831,NA,NA,NA,80.5165545615564,105.415576004378,138.951610675831
2017,"Pied Kingfisher","2017",0.0865845902653733,0.113769826616568,0.147776497570232,NA,NA,NA,72.8666411069359,93.45221029087,121.698618631777,NA,NA,NA,72.8666411069359,93.45221029087,121.698618631777
2018,"Pied Kingfisher","2018",0.076459347486187,0.104540171705914,0.139831336786215,NA,NA,NA,65.7938071485687,85.9429721901768,116.40834871759,NA,NA,NA,65.7938071485687,85.9429721901768,116.40834871759
2019,"Pied Kingfisher","2019",0.0759095364109488,0.106118366540687,0.139244720349888,NA,NA,NA,65.1199192800404,87.1404391710449,118.733945481604,NA,NA,NA,65.1199192800404,87.1404391710449,118.733945481604
2020,"Pied Kingfisher","2020",0.0788121061230828,0.105078326567661,0.135463220987684,NA,NA,NA,67.6727978327693,86.2741892351815,111.745794986414,NA,NA,NA,67.6727978327693,86.2741892351815,111.745794986414
2021,"Pied Kingfisher","2021",0.0831994844826321,0.113207874336814,0.145509335852251,NA,NA,NA,73.1223264143678,92.9949639578217,124.400636704579,NA,NA,NA,73.1223264143678,92.9949639578217,124.400636704579
2022,"Pied Kingfisher","2022",0.0742482901114019,0.09878074525679,0.126775571947757,NA,NA,NA,64.4264935547765,81.0984261927917,105.104605350904,NA,NA,NA,64.4264935547765,81.0984261927917,105.104605350904
2023,"Pied Kingfisher","2023",0.0804153340229319,0.104482594129518,0.133534612985931,NA,NA,NA,69.7639238050946,85.9286752752034,111.879979968131,NA,NA,NA,69.7639238050946,85.9286752752034,111.879979968131
2024,"Pied Kingfisher","2024",0.0751132206069016,0.0976466351677757,0.124387470111917,NA,NA,NA,63.3282751186927,80.4923377749166,103.670566868216,NA,NA,NA,63.3282751186927,80.4923377749166,103.670566868216
2025,"Pied Kingfisher","2025",0.0564802896936537,0.0735456967461908,0.0936997328570233,NA,NA,NA,48.6734635233281,60.3387203101091,78.0619536205879,NA,NA,NA,48.6734635233281,60.3387203101091,78.0619536205879
2026,"Pied Kingfisher","2026",NA,NA,NA,NA,NA,NA,NA,NA,NA,60.9974921061788,69.587673391898,79.6504899189157,60.9974921061788,69.587673391898,79.6504899189157
2027,"Pied Kingfisher","2027",NA,NA,NA,NA,NA,NA,NA,NA,NA,57.7755559894904,67.2452626561816,78.2333099677721,57.7755559894904,67.2452626561816,78.2333099677721
2028,"Pied Kingfisher","2028",NA,NA,NA,NA,NA,NA,NA,NA,NA,54.7693073828734,64.9529631973649,76.9205141350223,54.7693073828734,64.9529631973649,76.9205141350223
2029,"Pied Kingfisher","2029",NA,NA,NA,NA,NA,NA,NA,NA,NA,51.9030351575395,62.7489587361713,75.6712422114655,51.9030351575395,62.7489587361713,75.6712422114655
2030,"Pied Kingfisher","2030",NA,NA,NA,NA,NA,NA,NA,NA,NA,49.2196336323617,60.520125569181,74.2780897355851,49.2196336323617,60.520125569181,74.2780897355851
2031,"Pied Kingfisher","2031",NA,NA,NA,NA,NA,NA,NA,NA,NA,46.6112346263509,58.3598379944321,73.0704167074081,46.6112346263509,58.3598379944321,73.0704167074081
2032,"Pied Kingfisher","2032",NA,NA,NA,NA,NA,NA,NA,NA,NA,44.1588949046603,56.3702227656789,71.9612996477738,44.1588949046603,56.3702227656789,71.9612996477738
2033,"Pied Kingfisher","2033",NA,NA,NA,NA,NA,NA,NA,NA,NA,41.7971198570749,54.3329754230634,70.9876331937726,41.7971198570749,54.3329754230634,70.9876331937726
1982,"Asian Green Bee-eater","before 2000",NA,NA,NA,NA,NA,NA,NA,NA,NA,NA,NA,NA,NA,NA,NA
2006,"Asian Green Bee-eater","2000-2006",NA,NA,NA,NA,NA,NA,NA,NA,NA,NA,NA,NA,NA,NA,NA
2010,"Asian Green Bee-eater","2007-2010",NA,NA,NA,NA,NA,NA,NA,NA,NA,NA,NA,NA,NA,NA,NA
2012,"Asian Green Bee-eater","2011-2012",NA,NA,NA,NA,NA,NA,NA,NA,NA,NA,NA,NA,NA,NA,NA
2013,"Asian Green Bee-eater","2013",NA,NA,NA,NA,NA,NA,NA,NA,NA,NA,NA,NA,NA,NA,NA
2014,"Asian Green Bee-eater","2014",NA,NA,NA,NA,NA,NA,NA,NA,NA,NA,NA,NA,NA,NA,NA
2015,"Asian Green Bee-eater","2015",0.279004180112652,0.335475422569807,0.396361857609557,NA,NA,NA,100,100,100,NA,NA,NA,100,100,100
2016,"Asian Green Bee-eater","2016",0.298727123528128,0.345942599954935,0.394863837274673,NA,NA,NA,88.7181954705009,103.19207185272,120.275909029534,NA,NA,NA,88.7181954705009,103.19207185272,120.275909029534
2017,"Asian Green Bee-eater","2017",0.264104061540946,0.305664486136949,0.348315240366695,NA,NA,NA,78.0368391661291,91.398180049385,105.704730532202,NA,NA,NA,78.0368391661291,91.398180049385,105.704730532202
2018,"Asian Green Bee-eater","2018",0.273053402671977,0.317703947822526,0.366549464544696,NA,NA,NA,80.6277497331076,94.9748057973545,111.068353803837,NA,NA,NA,80.6277497331076,94.9748057973545,111.068353803837
2019,"Asian Green Bee-eater","2019",0.189589492952135,0.229583861631603,0.269065285945538,NA,NA,NA,56.894862150436,68.4677546746808,81.7632172694813,NA,NA,NA,56.894862150436,68.4677546746808,81.7632172694813
2020,"Asian Green Bee-eater","2020",0.159505400422178,0.186420072815376,0.215763153179367,NA,NA,NA,47.6806463603574,55.549803809003,65.1794499538483,NA,NA,NA,47.6806463603574,55.549803809003,65.1794499538483
2021,"Asian Green Bee-eater","2021",0.186082424499862,0.216320973706062,0.246151520392157,NA,NA,NA,55.4323472379181,64.4097680197923,74.84079009423,NA,NA,NA,55.4323472379181,64.4097680197923,74.84079009423
2022,"Asian Green Bee-eater","2022",0.200013200078857,0.230527339392155,0.264044377184879,NA,NA,NA,59.8576489382725,68.8358554085445,79.5405144981613,NA,NA,NA,59.8576489382725,68.8358554085445,79.5405144981613
2023,"Asian Green Bee-eater","2023",0.191098513157143,0.21995834460919,0.249947899008586,NA,NA,NA,57.3631035030834,65.6351451275576,75.4143327055233,NA,NA,NA,57.3631035030834,65.6351451275576,75.4143327055233
2024,"Asian Green Bee-eater","2024",0.210185077258639,0.239721641518346,0.27224778723781,NA,NA,NA,62.5592752477519,71.2389905462414,82.2775069828189,NA,NA,NA,62.5592752477519,71.2389905462414,82.2775069828189
2025,"Asian Green Bee-eater","2025",0.232122656179227,0.264263268507236,0.299486140405914,NA,NA,NA,69.3682538160247,78.930130179291,90.6086777843718,NA,NA,NA,69.3682538160247,78.930130179291,90.6086777843718
2026,"Asian Green Bee-eater","2026",NA,NA,NA,NA,NA,NA,NA,NA,NA,48.9310215310234,60.7194432737542,75.2819760722036,48.9310215310234,60.7194432737542,75.2819760722036
2027,"Asian Green Bee-eater","2027",NA,NA,NA,NA,NA,NA,NA,NA,NA,45.6900684051802,58.3749360776093,74.4437798723914,45.6900684051802,58.3749360776093,74.4437798723914
2028,"Asian Green Bee-eater","2028",NA,NA,NA,NA,NA,NA,NA,NA,NA,42.6235761486727,56.0997640702104,73.7298471246927,42.6235761486727,56.0997640702104,73.7298471246927
2029,"Asian Green Bee-eater","2029",NA,NA,NA,NA,NA,NA,NA,NA,NA,39.7575694589079,53.9110817516643,73.0447349993571,39.7575694589079,53.9110817516643,73.0447349993571
2030,"Asian Green Bee-eater","2030",NA,NA,NA,NA,NA,NA,NA,NA,NA,37.04206582359,51.8217375311874,72.4032888910344,37.04206582359,51.8217375311874,72.4032888910344
2031,"Asian Green Bee-eater","2031",NA,NA,NA,NA,NA,NA,NA,NA,NA,34.5276078587059,49.8339176609708,71.8166226809103,34.5276078587059,49.8339176609708,71.8166226809103
2032,"Asian Green Bee-eater","2032",NA,NA,NA,NA,NA,NA,NA,NA,NA,32.1675790601422,47.8712212621697,71.1483620911164,32.1675790601422,47.8712212621697,71.1483620911164
2033,"Asian Green Bee-eater","2033",NA,NA,NA,NA,NA,NA,NA,NA,NA,29.9702042498143,45.9487745982391,70.4758180045492,29.9702042498143,45.9487745982391,70.4758180045492
1982,"Indian Roller","before 2000",NA,NA,NA,NA,NA,NA,NA,NA,NA,NA,NA,NA,NA,NA,NA
2006,"Indian Roller","2000-2006",NA,NA,NA,NA,NA,NA,NA,NA,NA,NA,NA,NA,NA,NA,NA
2010,"Indian Roller","2007-2010",NA,NA,NA,NA,NA,NA,NA,NA,NA,NA,NA,NA,NA,NA,NA
2012,"Indian Roller","2011-2012",NA,NA,NA,NA,NA,NA,NA,NA,NA,NA,NA,NA,NA,NA,NA
2013,"Indian Roller","2013",NA,NA,NA,NA,NA,NA,NA,NA,NA,NA,NA,NA,NA,NA,NA
2014,"Indian Roller","2014",NA,NA,NA,NA,NA,NA,NA,NA,NA,NA,NA,NA,NA,NA,NA
2015,"Indian Roller","2015",0.274912266040973,0.354800041502235,0.447868428555907,NA,NA,NA,100,100,100,NA,NA,NA,100,100,100
2016,"Indian Roller","2016",0.19527086359688,0.253342280226176,0.318733213811741,NA,NA,NA,59.683969529374,71.2907046547471,84.979133029216,NA,NA,NA,59.683969529374,71.2907046547471,84.979133029216
2017,"Indian Roller","2017",0.179954734771968,0.231076434031892,0.294555868180422,NA,NA,NA,55.8052166912126,65.3015448085926,76.5309328023919,NA,NA,NA,55.8052166912126,65.3015448085926,76.5309328023919
2018,"Indian Roller","2018",0.158857937644182,0.206615413095128,0.264957752692779,NA,NA,NA,48.9847089088878,58.3864389410655,69.5310788615255,NA,NA,NA,48.9847089088878,58.3864389410655,69.5310788615255
2019,"Indian Roller","2019",0.114523129094463,0.154682197912911,0.202334515484109,NA,NA,NA,35.340417003418,43.5369835171467,53.3250712576172,NA,NA,NA,35.340417003418,43.5369835171467,53.3250712576172
2020,"Indian Roller","2020",0.119428542287264,0.154102325705055,0.20061693358417,NA,NA,NA,36.6983980989572,43.3588644505358,51.5586327579693,NA,NA,NA,36.6983980989572,43.3588644505358,51.5586327579693
2021,"Indian Roller","2021",0.119955905375881,0.154103112519599,0.198593010582348,NA,NA,NA,36.993362843788,43.6375161974289,51.0039079006691,NA,NA,NA,36.993362843788,43.6375161974289,51.0039079006691
2022,"Indian Roller","2022",0.111973242928174,0.143518590346679,0.184037235340066,NA,NA,NA,34.5769224943717,40.4935051379376,47.0676919935667,NA,NA,NA,34.5769224943717,40.4935051379376,47.0676919935667
2023,"Indian Roller","2023",0.105784707200866,0.136524520953306,0.175453624057409,NA,NA,NA,33.1383348533182,38.6571464340298,44.5978561975753,NA,NA,NA,33.1383348533182,38.6571464340298,44.5978561975753
2024,"Indian Roller","2024",0.105554885825541,0.135689419948458,0.175255521105953,NA,NA,NA,33.0145683804596,38.427579214166,44.2737416295463,NA,NA,NA,33.0145683804596,38.427579214166,44.2737416295463
2025,"Indian Roller","2025",0.0798925737625643,0.103797107789098,0.132971375580539,NA,NA,NA,25.3780741390147,29.2135302549772,33.9131951137301,NA,NA,NA,25.3780741390147,29.2135302549772,33.9131951137301
2026,"Indian Roller","2026",NA,NA,NA,NA,NA,NA,NA,NA,NA,22.8989883791465,27.0330767693781,31.9200619105957,22.8989883791465,27.0330767693781,31.9200619105957
2027,"Indian Roller","2027",NA,NA,NA,NA,NA,NA,NA,NA,NA,20.278713465049,24.4515866530858,29.5591791909817,20.278713465049,24.4515866530858,29.5591791909817
2028,"Indian Roller","2028",NA,NA,NA,NA,NA,NA,NA,NA,NA,17.9674461801622,22.1202792888321,27.358111689877,17.9674461801622,22.1202792888321,27.358111689877
2029,"Indian Roller","2029",NA,NA,NA,NA,NA,NA,NA,NA,NA,15.8996388933779,20.0287480853216,25.3319432734375,15.8996388933779,20.0287480853216,25.3319432734375
2030,"Indian Roller","2030",NA,NA,NA,NA,NA,NA,NA,NA,NA,14.0706117155078,18.1499780223825,23.4671165378516,14.0706117155078,18.1499780223825,23.4671165378516
2031,"Indian Roller","2031",NA,NA,NA,NA,NA,NA,NA,NA,NA,12.4420933662221,16.4425204446654,21.7599687793997,12.4420933662221,16.4425204446654,21.7599687793997
2032,"Indian Roller","2032",NA,NA,NA,NA,NA,NA,NA,NA,NA,11.0035891347334,14.886056046669,20.1503930620141,11.0035891347334,14.886056046669,20.1503930620141
2033,"Indian Roller","2033",NA,NA,NA,NA,NA,NA,NA,NA,NA,9.74236664108616,13.4775524268331,18.6740497439886,9.74236664108616,13.4775524268331,18.6740497439886
1982,"Coppersmith Barbet","before 2000",NA,NA,NA,NA,NA,NA,NA,NA,NA,NA,NA,NA,NA,NA,NA
2006,"Coppersmith Barbet","2000-2006",NA,NA,NA,NA,NA,NA,NA,NA,NA,NA,NA,NA,NA,NA,NA
2010,"Coppersmith Barbet","2007-2010",NA,NA,NA,NA,NA,NA,NA,NA,NA,NA,NA,NA,NA,NA,NA
2012,"Coppersmith Barbet","2011-2012",NA,NA,NA,NA,NA,NA,NA,NA,NA,NA,NA,NA,NA,NA,NA
2013,"Coppersmith Barbet","2013",NA,NA,NA,NA,NA,NA,NA,NA,NA,NA,NA,NA,NA,NA,NA
2014,"Coppersmith Barbet","2014",NA,NA,NA,NA,NA,NA,NA,NA,NA,NA,NA,NA,NA,NA,NA
2015,"Coppersmith Barbet","2015",0.171071251331926,0.221568094755873,0.281507429029087,NA,NA,NA,100,100,100,NA,NA,NA,100,100,100
2016,"Coppersmith Barbet","2016",0.197993709328423,0.246827182387504,0.300322979706041,NA,NA,NA,93.8096298948698,112.149025062374,135.245883200044,NA,NA,NA,93.8096298948698,112.149025062374,135.245883200044
2017,"Coppersmith Barbet","2017",0.194094041492425,0.240483121733407,0.292742932240869,NA,NA,NA,92.2617102157107,109.067685149281,130.799237638085,NA,NA,NA,92.2617102157107,109.067685149281,130.799237638085
2018,"Coppersmith Barbet","2018",0.179183687738363,0.222865235095297,0.272019295396866,NA,NA,NA,83.4379088327215,100.595419176,123.568906810875,NA,NA,NA,83.4379088327215,100.595419176,123.568906810875
2019,"Coppersmith Barbet","2019",0.10684266044161,0.138349099244205,0.177834043228513,NA,NA,NA,50.3892196551328,62.5405789761017,77.4091349338514,NA,NA,NA,50.3892196551328,62.5405789761017,77.4091349338514
2020,"Coppersmith Barbet","2020",0.202313663877904,0.246488253031746,0.298138532598534,NA,NA,NA,93.626782937629,111.302613999037,133.509593907096,NA,NA,NA,93.626782937629,111.302613999037,133.509593907096
2021,"Coppersmith Barbet","2021",0.129874013844722,0.160789878327938,0.197077313518778,NA,NA,NA,61.3391035722247,72.8819411666241,87.73707264374,NA,NA,NA,61.3391035722247,72.8819411666241,87.73707264374
2022,"Coppersmith Barbet","2022",0.134985958286564,0.167392410925575,0.202504183201887,NA,NA,NA,63.5140214957737,75.9457638242882,91.5629122203553,NA,NA,NA,63.5140214957737,75.9457638242882,91.5629122203553
2023,"Coppersmith Barbet","2023",0.148436495387357,0.182802392543719,0.222088325230559,NA,NA,NA,69.9871430107858,82.7151188930914,98.7792133101798,NA,NA,NA,69.9871430107858,82.7151188930914,98.7792133101798
2024,"Coppersmith Barbet","2024",0.139430548509021,0.172148230136668,0.209480717986374,NA,NA,NA,66.2088885518712,78.1328028519616,93.4538841580583,NA,NA,NA,66.2088885518712,78.1328028519616,93.4538841580583
2025,"Coppersmith Barbet","2025",0.14476789453366,0.176158423854556,0.21338246728387,NA,NA,NA,68.0223652444791,79.5558421147406,95.5541552842496,NA,NA,NA,68.0223652444791,79.5558421147406,95.5541552842496
2026,"Coppersmith Barbet","2026",NA,NA,NA,NA,NA,NA,NA,NA,NA,57.3470642821745,71.3994763646688,88.9327660238092,57.3470642821745,71.3994763646688,88.9327660238092
2027,"Coppersmith Barbet","2027",NA,NA,NA,NA,NA,NA,NA,NA,NA,53.8185145148973,68.9546025768917,88.4421640058275,53.8185145148973,68.9546025768917,88.4421640058275
2028,"Coppersmith Barbet","2028",NA,NA,NA,NA,NA,NA,NA,NA,NA,50.4379382131364,66.6503169990198,88.0896425489822,50.4379382131364,66.6503169990198,88.0896425489822
2029,"Coppersmith Barbet","2029",NA,NA,NA,NA,NA,NA,NA,NA,NA,47.2563819730992,64.4097350555916,87.729008892974,47.2563819730992,64.4097350555916,87.729008892974
2030,"Coppersmith Barbet","2030",NA,NA,NA,NA,NA,NA,NA,NA,NA,44.2089550034694,62.2439338495314,87.3801639805578,44.2089550034694,62.2439338495314,87.3801639805578
2031,"Coppersmith Barbet","2031",NA,NA,NA,NA,NA,NA,NA,NA,NA,41.3994736429136,60.1502143415714,87.0319006060485,41.3994736429136,60.1502143415714,87.0319006060485
2032,"Coppersmith Barbet","2032",NA,NA,NA,NA,NA,NA,NA,NA,NA,38.7871410856414,58.0803566187262,86.7473783510759,38.7871410856414,58.0803566187262,86.7473783510759
2033,"Coppersmith Barbet","2033",NA,NA,NA,NA,NA,NA,NA,NA,NA,36.2932270564879,56.1035043521771,86.3910548618904,36.2932270564879,56.1035043521771,86.3910548618904
1982,"Black-rumped Flameback","before 2000",NA,NA,NA,NA,NA,NA,NA,NA,NA,NA,NA,NA,NA,NA,NA
2006,"Black-rumped Flameback","2000-2006",NA,NA,NA,NA,NA,NA,NA,NA,NA,NA,NA,NA,NA,NA,NA
2010,"Black-rumped Flameback","2007-2010",NA,NA,NA,NA,NA,NA,NA,NA,NA,NA,NA,NA,NA,NA,NA
2012,"Black-rumped Flameback","2011-2012",NA,NA,NA,NA,NA,NA,NA,NA,NA,NA,NA,NA,NA,NA,NA
2013,"Black-rumped Flameback","2013",NA,NA,NA,NA,NA,NA,NA,NA,NA,NA,NA,NA,NA,NA,NA
2014,"Black-rumped Flameback","2014",NA,NA,NA,NA,NA,NA,NA,NA,NA,NA,NA,NA,NA,NA,NA
2015,"Black-rumped Flameback","2015",0.0499085315884699,0.072488377125359,0.0995744655616796,NA,NA,NA,100,100,100,NA,NA,NA,100,100,100
2016,"Black-rumped Flameback","2016",0.0376055604566956,0.0515412122778607,0.0684008799703874,NA,NA,NA,51.8512671431034,70.9675992473616,101.465918138908,NA,NA,NA,51.8512671431034,70.9675992473616,101.465918138908
2017,"Black-rumped Flameback","2017",0.0729376325559617,0.0928806575816028,0.119356026390908,NA,NA,NA,97.1384785071813,128.588912190605,174.858926684855,NA,NA,NA,97.1384785071813,128.588912190605,174.858926684855
2018,"Black-rumped Flameback","2018",0.0708555176971072,0.0918779204338458,0.117779174343255,NA,NA,NA,94.9374935678606,127.64486003158,171.978596057401,NA,NA,NA,94.9374935678606,127.64486003158,171.978596057401
2019,"Black-rumped Flameback","2019",0.0558499349182693,0.0770725004739883,0.10176076247871,NA,NA,NA,75.6833532445091,105.940061213121,148.678897063518,NA,NA,NA,75.6833532445091,105.940061213121,148.678897063518
2020,"Black-rumped Flameback","2020",0.0597982617999691,0.0772600390132533,0.0987184712489678,NA,NA,NA,81.6250165815065,106.009745136494,142.612223223573,NA,NA,NA,81.6250165815065,106.009745136494,142.612223223573
2021,"Black-rumped Flameback","2021",0.0612012090521835,0.0779246033104804,0.101173720081768,NA,NA,NA,82.0165265200429,108.135160769499,147.3138269033,NA,NA,NA,82.0165265200429,108.135160769499,147.3138269033
2022,"Black-rumped Flameback","2022",0.058302793649692,0.0757139587579357,0.0950086817300956,NA,NA,NA,81.5365671170098,104.357023940856,139.022258674618,NA,NA,NA,81.5365671170098,104.357023940856,139.022258674618
2023,"Black-rumped Flameback","2023",0.052374700102589,0.0666787104100864,0.0834401722830036,NA,NA,NA,70.710311680691,91.34717896162,123.071377444131,NA,NA,NA,70.710311680691,91.34717896162,123.071377444131
2024,"Black-rumped Flameback","2024",0.0586679135661853,0.0731266154500255,0.0920757533675378,NA,NA,NA,78.4073356777715,100.773447541394,135.487168301186,NA,NA,NA,78.4073356777715,100.773447541394,135.487168301186
2025,"Black-rumped Flameback","2025",0.0585249982198384,0.0730115609848828,0.091025207569862,NA,NA,NA,78.7281853782115,100.633862623869,134.648937051058,NA,NA,NA,78.7281853782115,100.633862623869,134.648937051058
2026,"Black-rumped Flameback","2026",NA,NA,NA,NA,NA,NA,NA,NA,NA,82.2419419492209,102.829798529816,129.159619392146,82.2419419492209,102.829798529816,129.159619392146
2027,"Black-rumped Flameback","2027",NA,NA,NA,NA,NA,NA,NA,NA,NA,79.7997212038291,102.82199141038,133.138466407409,79.7997212038291,102.82199141038,133.138466407409
2028,"Black-rumped Flameback","2028",NA,NA,NA,NA,NA,NA,NA,NA,NA,77.4478307449185,102.90539586305,137.489093813566,77.4478307449185,102.90539586305,137.489093813566
2029,"Black-rumped Flameback","2029",NA,NA,NA,NA,NA,NA,NA,NA,NA,75.1554041927818,103.096118926494,141.790757851642,75.1554041927818,103.096118926494,141.790757851642
2030,"Black-rumped Flameback","2030",NA,NA,NA,NA,NA,NA,NA,NA,NA,72.8647343477577,103.136861334989,146.602333550052,72.8647343477577,103.136861334989,146.602333550052
2031,"Black-rumped Flameback","2031",NA,NA,NA,NA,NA,NA,NA,NA,NA,70.5839126589387,103.193027594541,151.527573727574,70.5839126589387,103.193027594541,151.527573727574
2032,"Black-rumped Flameback","2032",NA,NA,NA,NA,NA,NA,NA,NA,NA,68.3397335237341,103.135560063106,156.745563566004,68.3397335237341,103.135560063106,156.745563566004
2033,"Black-rumped Flameback","2033",NA,NA,NA,NA,NA,NA,NA,NA,NA,66.1252707103465,103.040757963366,161.647480899117,66.1252707103465,103.040757963366,161.647480899117
1982,"Rose-ringed Parakeet","before 2000",NA,NA,NA,NA,NA,NA,NA,NA,NA,NA,NA,NA,NA,NA,NA
2006,"Rose-ringed Parakeet","2000-2006",NA,NA,NA,NA,NA,NA,NA,NA,NA,NA,NA,NA,NA,NA,NA
2010,"Rose-ringed Parakeet","2007-2010",NA,NA,NA,NA,NA,NA,NA,NA,NA,NA,NA,NA,NA,NA,NA
2012,"Rose-ringed Parakeet","2011-2012",NA,NA,NA,NA,NA,NA,NA,NA,NA,NA,NA,NA,NA,NA,NA
2013,"Rose-ringed Parakeet","2013",NA,NA,NA,NA,NA,NA,NA,NA,NA,NA,NA,NA,NA,NA,NA
2014,"Rose-ringed Parakeet","2014",NA,NA,NA,NA,NA,NA,NA,NA,NA,NA,NA,NA,NA,NA,NA
2015,"Rose-ringed Parakeet","2015",0.187306338322902,0.233992968014484,0.288388191705014,NA,NA,NA,100,100,100,NA,NA,NA,100,100,100
2016,"Rose-ringed Parakeet","2016",0.192559143140697,0.232214764856552,0.275566196646601,NA,NA,NA,82.2312218415878,98.6978278363168,120.168223131861,NA,NA,NA,82.2312218415878,98.6978278363168,120.168223131861
2017,"Rose-ringed Parakeet","2017",0.318814612458471,0.365047351304248,0.420014344790369,NA,NA,NA,132.687170905279,155.346450036244,188.664506634441,NA,NA,NA,132.687170905279,155.346450036244,188.664506634441
2018,"Rose-ringed Parakeet","2018",0.265577920066265,0.309915918167123,0.362616878144321,NA,NA,NA,110.553620673851,132.769857708829,162.463382750183,NA,NA,NA,110.553620673851,132.769857708829,162.463382750183
2019,"Rose-ringed Parakeet","2019",0.267383314360223,0.313713904495703,0.36809507050176,NA,NA,NA,110.877744680557,134.241648700231,164.302846679956,NA,NA,NA,110.877744680557,134.241648700231,164.302846679956
2020,"Rose-ringed Parakeet","2020",0.30831098117327,0.352673857742879,0.40652671337159,NA,NA,NA,126.278598109772,150.507997851987,181.183502191571,NA,NA,NA,126.278598109772,150.507997851987,181.183502191571
2021,"Rose-ringed Parakeet","2021",0.198987407186303,0.23050215881231,0.270271524763293,NA,NA,NA,82.716656966553,98.3895380093103,118.157343720079,NA,NA,NA,82.716656966553,98.3895380093103,118.157343720079
2022,"Rose-ringed Parakeet","2022",0.198451883098453,0.228519489350666,0.265623773161508,NA,NA,NA,82.0760141071164,97.490072301836,117.300047959,NA,NA,NA,82.0760141071164,97.490072301836,117.300047959
2023,"Rose-ringed Parakeet","2023",0.195538600491845,0.225207558013624,0.261191489358232,NA,NA,NA,81.9455905985075,96.0574560045997,115.180757715488,NA,NA,NA,81.9455905985075,96.0574560045997,115.180757715488
2024,"Rose-ringed Parakeet","2024",0.192759236177625,0.219949886563641,0.254294665462817,NA,NA,NA,80.3495160528679,94.3037166217711,112.538365535409,NA,NA,NA,80.3495160528679,94.3037166217711,112.538365535409
2025,"Rose-ringed Parakeet","2025",0.177657699572411,0.20198079299207,0.23329813534964,NA,NA,NA,73.2560246015927,86.7422956396388,103.072232130036,NA,NA,NA,73.2560246015927,86.7422956396388,103.072232130036
2026,"Rose-ringed Parakeet","2026",NA,NA,NA,NA,NA,NA,NA,NA,NA,72.0558129171381,92.5633386494888,118.62530609013,72.0558129171381,92.5633386494888,118.62530609013
2027,"Rose-ringed Parakeet","2027",NA,NA,NA,NA,NA,NA,NA,NA,NA,67.6611232225899,89.8601388219689,118.885179837967,67.6611232225899,89.8601388219689,118.885179837967
2028,"Rose-ringed Parakeet","2028",NA,NA,NA,NA,NA,NA,NA,NA,NA,63.4949048367037,87.2605752268824,119.265544752126,63.4949048367037,87.2605752268824,119.265544752126
2029,"Rose-ringed Parakeet","2029",NA,NA,NA,NA,NA,NA,NA,NA,NA,59.5595042217825,84.5683726624715,119.869923795364,59.5595042217825,84.5683726624715,119.869923795364
2030,"Rose-ringed Parakeet","2030",NA,NA,NA,NA,NA,NA,NA,NA,NA,55.7384260932458,82.0159716007572,120.613985075901,55.7384260932458,82.0159716007572,120.613985075901
2031,"Rose-ringed Parakeet","2031",NA,NA,NA,NA,NA,NA,NA,NA,NA,52.1716114374567,79.6040603266721,121.359719432685,52.1716114374567,79.6040603266721,121.359719432685
2032,"Rose-ringed Parakeet","2032",NA,NA,NA,NA,NA,NA,NA,NA,NA,48.827899230027,77.2785788257487,122.032948367967,48.827899230027,77.2785788257487,122.032948367967
2033,"Rose-ringed Parakeet","2033",NA,NA,NA,NA,NA,NA,NA,NA,NA,45.7798196527394,75.0395570303838,122.695817031913,45.7798196527394,75.0395570303838,122.695817031913
1982,"Mangrove Pitta","before 2000",NA,NA,NA,NA,NA,NA,NA,NA,NA,NA,NA,NA,NA,NA,NA
2006,"Mangrove Pitta","2000-2006",NA,NA,NA,NA,NA,NA,NA,NA,NA,NA,NA,NA,NA,NA,NA
2010,"Mangrove Pitta","2007-2010",NA,NA,NA,NA,NA,NA,NA,NA,NA,NA,NA,NA,NA,NA,NA
2012,"Mangrove Pitta","2011-2012",NA,NA,NA,NA,NA,NA,NA,NA,NA,NA,NA,NA,NA,NA,NA
2013,"Mangrove Pitta","2013",NA,NA,NA,NA,NA,NA,NA,NA,NA,NA,NA,NA,NA,NA,NA
2014,"Mangrove Pitta","2014",NA,NA,NA,NA,NA,NA,NA,NA,NA,NA,NA,NA,NA,NA,NA
2015,"Mangrove Pitta","2015",0.0858785681346349,0.162708913933095,0.278806266435504,NA,NA,NA,100,100,100,NA,NA,NA,100,100,100
2016,"Mangrove Pitta","2016",0.0400940673665605,0.0901438223477381,0.174791114595794,NA,NA,NA,24.0970230904176,54.3550465742069,119.613907892489,NA,NA,NA,24.0970230904176,54.3550465742069,119.613907892489
2017,"Mangrove Pitta","2017",0.0749503313688375,0.137958346894326,0.2295710384983,NA,NA,NA,39.3602261468885,84.6342421166845,173.304906931048,NA,NA,NA,39.3602261468885,84.6342421166845,173.304906931048
2018,"Mangrove Pitta","2018",0.0310956609760661,0.0689316283436711,0.135830092729871,NA,NA,NA,18.9964820204406,41.9270320384785,94.7794855936113,NA,NA,NA,18.9964820204406,41.9270320384785,94.7794855936113
2019,"Mangrove Pitta","2019",7.81954281271577e-09,0.0447186784717786,0.134737310986023,NA,NA,NA,5.26769201637078e-06,27.007352643303,86.8396564980941,NA,NA,NA,5.26769201637078e-06,27.007352643303,86.8396564980941
2020,"Mangrove Pitta","2020",0.0270925178661938,0.0654325717441765,0.135933092246718,NA,NA,NA,16.3717580113726,39.7386731840679,94.8055018008051,NA,NA,NA,16.3717580113726,39.7386731840679,94.8055018008051
2021,"Mangrove Pitta","2021",0.0324048973470728,0.0605919271651515,0.102292726457651,NA,NA,NA,18.3304820789928,36.8103284955266,75.0421299980483,NA,NA,NA,18.3304820789928,36.8103284955266,75.0421299980483
2022,"Mangrove Pitta","2022",0.0429679027125516,0.0701713626851648,0.106569141368922,NA,NA,NA,23.5618977243249,42.8052364686818,77.4251612871255,NA,NA,NA,23.5618977243249,42.8052364686818,77.4251612871255
2023,"Mangrove Pitta","2023",0.0435458185441669,0.0666425397127337,0.105214580843972,NA,NA,NA,23.0365296085444,41.3093809178143,74.4151922510211,NA,NA,NA,23.0365296085444,41.3093809178143,74.4151922510211
2024,"Mangrove Pitta","2024",0.0370367947962019,0.0568184063091159,0.0831698554380492,NA,NA,NA,20.0693409326182,35.0799801311337,61.1032095083811,NA,NA,NA,20.0693409326182,35.0799801311337,61.1032095083811
2025,"Mangrove Pitta","2025",0.019978666255036,0.031293850214148,0.0460132477878019,NA,NA,NA,11.2757446654572,19.0289578110267,34.1657312307402,NA,NA,NA,11.2757446654572,19.0289578110267,34.1657312307402
2026,"Mangrove Pitta","2026",NA,NA,NA,NA,NA,NA,NA,NA,NA,13.1234547751572,21.902747211749,38.6623942330555,13.1234547751572,21.902747211749,38.6623942330555
2027,"Mangrove Pitta","2027",NA,NA,NA,NA,NA,NA,NA,NA,NA,10.9362072043764,19.7577677707796,37.192210891191,10.9362072043764,19.7577677707796,37.192210891191
2028,"Mangrove Pitta","2028",NA,NA,NA,NA,NA,NA,NA,NA,NA,9.13530974206266,17.7591563309686,36.3307514096691,9.13530974206266,17.7591563309686,36.3307514096691
2029,"Mangrove Pitta","2029",NA,NA,NA,NA,NA,NA,NA,NA,NA,7.62411863310102,16.1123574529121,34.9447349910886,7.62411863310102,16.1123574529121,34.9447349910886
2030,"Mangrove Pitta","2030",NA,NA,NA,NA,NA,NA,NA,NA,NA,6.32774450479195,14.5747448805139,34.0775282120766,6.32774450479195,14.5747448805139,34.0775282120766
2031,"Mangrove Pitta","2031",NA,NA,NA,NA,NA,NA,NA,NA,NA,5.24694623906497,13.1691462375033,33.0101826319917,5.24694623906497,13.1691462375033,33.0101826319917
2032,"Mangrove Pitta","2032",NA,NA,NA,NA,NA,NA,NA,NA,NA,4.37971384755793,11.8876050466302,31.9482954881583,4.37971384755793,11.8876050466302,31.9482954881583
2033,"Mangrove Pitta","2033",NA,NA,NA,NA,NA,NA,NA,NA,NA,3.66542867180528,10.6689396918624,30.9120510720054,3.66542867180528,10.6689396918624,30.9120510720054
1982,"Indian Golden Oriole","before 2000",NA,NA,NA,NA,NA,NA,NA,NA,NA,NA,NA,NA,NA,NA,NA
2006,"Indian Golden Oriole","2000-2006",NA,NA,NA,NA,NA,NA,NA,NA,NA,NA,NA,NA,NA,NA,NA
2010,"Indian Golden Oriole","2007-2010",NA,NA,NA,NA,NA,NA,NA,NA,NA,NA,NA,NA,NA,NA,NA
2012,"Indian Golden Oriole","2011-2012",NA,NA,NA,NA,NA,NA,NA,NA,NA,NA,NA,NA,NA,NA,NA
2013,"Indian Golden Oriole","2013",NA,NA,NA,NA,NA,NA,NA,NA,NA,NA,NA,NA,NA,NA,NA
2014,"Indian Golden Oriole","2014",NA,NA,NA,NA,NA,NA,NA,NA,NA,NA,NA,NA,NA,NA,NA
2015,"Indian Golden Oriole","2015",0.0899425024275306,0.119119950545293,0.152301918521007,NA,NA,NA,100,100,100,NA,NA,NA,100,100,100
2016,"Indian Golden Oriole","2016",0.0649508442349661,0.081532901312354,0.101842912812369,NA,NA,NA,53.8952764301242,68.4399126001386,87.8330100903088,NA,NA,NA,53.8952764301242,68.4399126001386,87.8330100903088
2017,"Indian Golden Oriole","2017",0.102564845429281,0.124873443648749,0.14969132953521,NA,NA,NA,85.0023824950707,104.211723013539,134.482643372863,NA,NA,NA,85.0023824950707,104.211723013539,134.482643372863
2018,"Indian Golden Oriole","2018",0.0892583008239443,0.111579407247146,0.136546425713701,NA,NA,NA,74.9917848683146,92.6680166370348,120.980676091832,NA,NA,NA,74.9917848683146,92.6680166370348,120.980676091832
2019,"Indian Golden Oriole","2019",0.0804486898202205,0.102176497158315,0.127516694145832,NA,NA,NA,65.2964203617842,85.5265405958758,112.574194817369,NA,NA,NA,65.2964203617842,85.5265405958758,112.574194817369
2020,"Indian Golden Oriole","2020",0.0993456757823722,0.121078359310711,0.14505658469897,NA,NA,NA,83.1229968301674,101.082838474162,129.653043181016,NA,NA,NA,83.1229968301674,101.082838474162,129.653043181016
2021,"Indian Golden Oriole","2021",0.0990027187244458,0.119848673877132,0.143126569921362,NA,NA,NA,80.9554877659061,99.4955296097552,128.379339206433,NA,NA,NA,80.9554877659061,99.4955296097552,128.379339206433
2022,"Indian Golden Oriole","2022",0.0812292832689227,0.0984715596845087,0.116565681319466,NA,NA,NA,67.5218014278887,81.8960856418912,105.27298801042,NA,NA,NA,67.5218014278887,81.8960856418912,105.27298801042
2023,"Indian Golden Oriole","2023",0.0670911776931942,0.0800353634909318,0.0953025253342668,NA,NA,NA,55.5137480897865,67.0423446461474,85.0100148855983,NA,NA,NA,55.5137480897865,67.0423446461474,85.0100148855983
2024,"Indian Golden Oriole","2024",0.0706978088421799,0.0834992250109449,0.0982803011925019,NA,NA,NA,58.3797799497675,70.0506968997263,88.2538891198609,NA,NA,NA,58.3797799497675,70.0506968997263,88.2538891198609
2025,"Indian Golden Oriole","2025",0.0594737224479043,0.0709610637011351,0.0833879384293798,NA,NA,NA,49.2060086439099,59.1888899033175,75.2080900127956,NA,NA,NA,49.2060086439099,59.1888899033175,75.2080900127956
2026,"Indian Golden Oriole","2026",NA,NA,NA,NA,NA,NA,NA,NA,NA,53.373231511435,67.0333169691854,83.8230446355003,53.373231511435,67.0333169691854,83.8230446355003
2027,"Indian Golden Oriole","2027",NA,NA,NA,NA,NA,NA,NA,NA,NA,50.0277457232716,64.7197180560574,83.2385259650667,50.0277457232716,64.7197180560574,83.2385259650667
2028,"Indian Golden Oriole","2028",NA,NA,NA,NA,NA,NA,NA,NA,NA,46.81670371765,62.4536230757911,82.8884244024696,46.81670371765,62.4536230757911,82.8884244024696
2029,"Indian Golden Oriole","2029",NA,NA,NA,NA,NA,NA,NA,NA,NA,43.7146106774113,60.199803266708,82.6346650933909,43.7146106774113,60.199803266708,82.6346650933909
2030,"Indian Golden Oriole","2030",NA,NA,NA,NA,NA,NA,NA,NA,NA,40.8191170872974,58.0467767715335,82.3081515378257,40.8191170872974,58.0467767715335,82.3081515378257
2031,"Indian Golden Oriole","2031",NA,NA,NA,NA,NA,NA,NA,NA,NA,38.1453419836602,56.0187777316683,82.0264936635163,38.1453419836602,56.0187777316683,82.0264936635163
2032,"Indian Golden Oriole","2032",NA,NA,NA,NA,NA,NA,NA,NA,NA,35.6888486425248,54.0749164960576,81.6836065123948,35.6888486425248,54.0749164960576,81.6836065123948
2033,"Indian Golden Oriole","2033",NA,NA,NA,NA,NA,NA,NA,NA,NA,33.3150473643077,52.1539003746795,81.3750980343683,33.3150473643077,52.1539003746795,81.3750980343683
1982,"Black-hooded Oriole","before 2000",NA,NA,NA,NA,NA,NA,NA,NA,NA,NA,NA,NA,NA,NA,NA
2006,"Black-hooded Oriole","2000-2006",NA,NA,NA,NA,NA,NA,NA,NA,NA,NA,NA,NA,NA,NA,NA
2010,"Black-hooded Oriole","2007-2010",NA,NA,NA,NA,NA,NA,NA,NA,NA,NA,NA,NA,NA,NA,NA
2012,"Black-hooded Oriole","2011-2012",NA,NA,NA,NA,NA,NA,NA,NA,NA,NA,NA,NA,NA,NA,NA
2013,"Black-hooded Oriole","2013",NA,NA,NA,NA,NA,NA,NA,NA,NA,NA,NA,NA,NA,NA,NA
2014,"Black-hooded Oriole","2014",NA,NA,NA,NA,NA,NA,NA,NA,NA,NA,NA,NA,NA,NA,NA
2015,"Black-hooded Oriole","2015",0.160163697926287,0.202429684308949,0.256299185628418,NA,NA,NA,100,100,100,NA,NA,NA,100,100,100
2016,"Black-hooded Oriole","2016",0.196829429618742,0.237820111063398,0.288651138343323,NA,NA,NA,97.7256004985226,117.116874229278,143.545377057278,NA,NA,NA,97.7256004985226,117.116874229278,143.545377057278
2017,"Black-hooded Oriole","2017",0.247664844676872,0.298305067095432,0.351389631992637,NA,NA,NA,123.124804801317,147.121436098919,175.808063676231,NA,NA,NA,123.124804801317,147.121436098919,175.808063676231
2018,"Black-hooded Oriole","2018",0.227074310143684,0.273697752086615,0.330518094401877,NA,NA,NA,113.127213734507,135.111800482124,161.896755223473,NA,NA,NA,113.127213734507,135.111800482124,161.896755223473
2019,"Black-hooded Oriole","2019",0.134664456244478,0.171187286669175,0.211830572017751,NA,NA,NA,68.905166105434,84.388629074179,106.301043411861,NA,NA,NA,68.905166105434,84.388629074179,106.301043411861
2020,"Black-hooded Oriole","2020",0.203089393727895,0.244947361370544,0.293081668689706,NA,NA,NA,100.590075095161,121.062296679572,145.176442610726,NA,NA,NA,100.590075095161,121.062296679572,145.176442610726
2021,"Black-hooded Oriole","2021",0.150625231455389,0.181751894450657,0.21987124517982,NA,NA,NA,75.68614616382,89.604170424903,107.927867769385,NA,NA,NA,75.68614616382,89.604170424903,107.927867769385
2022,"Black-hooded Oriole","2022",0.161660504125203,0.196911494262467,0.234527615598335,NA,NA,NA,82.5277729276467,96.7811124729688,114.81767559142,NA,NA,NA,82.5277729276467,96.7811124729688,114.81767559142
2023,"Black-hooded Oriole","2023",0.163661960439483,0.194922461645525,0.235730417190439,NA,NA,NA,81.4493310042258,96.4118856642319,114.197692440153,NA,NA,NA,81.4493310042258,96.4118856642319,114.197692440153
2024,"Black-hooded Oriole","2024",0.159020332486779,0.189593198616013,0.225925672141843,NA,NA,NA,79.7493056963071,93.5979018887632,111.296361280896,NA,NA,NA,79.7493056963071,93.5979018887632,111.296361280896
2025,"Black-hooded Oriole","2025",0.176899833738242,0.211108698515825,0.249490633182446,NA,NA,NA,88.8973890361684,103.509739740039,123.956384728842,NA,NA,NA,88.8973890361684,103.509739740039,123.956384728842
2026,"Black-hooded Oriole","2026",NA,NA,NA,NA,NA,NA,NA,NA,NA,74.3948254681416,92.1398298268655,114.380485181206,74.3948254681416,92.1398298268655,114.380485181206
2027,"Black-hooded Oriole","2027",NA,NA,NA,NA,NA,NA,NA,NA,NA,70.5816882145157,89.9967722224485,114.978709757395,70.5816882145157,89.9967722224485,114.978709757395
2028,"Black-hooded Oriole","2028",NA,NA,NA,NA,NA,NA,NA,NA,NA,66.9756740216282,87.9549533123398,115.696748794857,66.9756740216282,87.9549533123398,115.696748794857
2029,"Black-hooded Oriole","2029",NA,NA,NA,NA,NA,NA,NA,NA,NA,63.4630692408322,85.8787046079597,116.518473800311,63.4630692408322,85.8787046079597,116.518473800311
2030,"Black-hooded Oriole","2030",NA,NA,NA,NA,NA,NA,NA,NA,NA,60.1647471330357,83.8534172788393,117.274457365762,60.1647471330357,83.8534172788393,117.274457365762
2031,"Black-hooded Oriole","2031",NA,NA,NA,NA,NA,NA,NA,NA,NA,56.9888496673189,81.9633059658817,118.07424205036,56.9888496673189,81.9633059658817,118.07424205036
2032,"Black-hooded Oriole","2032",NA,NA,NA,NA,NA,NA,NA,NA,NA,54.0235500918343,80.0757608375069,118.954473646525,54.0235500918343,80.0757608375069,118.954473646525
2033,"Black-hooded Oriole","2033",NA,NA,NA,NA,NA,NA,NA,NA,NA,51.1222111352702,78.1821907787772,119.691584857943,51.1222111352702,78.1821907787772,119.691584857943
1982,"Black Drongo","before 2000",NA,NA,NA,NA,NA,NA,NA,NA,NA,NA,NA,NA,NA,NA,NA
2006,"Black Drongo","2000-2006",NA,NA,NA,NA,NA,NA,NA,NA,NA,NA,NA,NA,NA,NA,NA
2010,"Black Drongo","2007-2010",NA,NA,NA,NA,NA,NA,NA,NA,NA,NA,NA,NA,NA,NA,NA
2012,"Black Drongo","2011-2012",NA,NA,NA,NA,NA,NA,NA,NA,NA,NA,NA,NA,NA,NA,NA
2013,"Black Drongo","2013",NA,NA,NA,NA,NA,NA,NA,NA,NA,NA,NA,NA,NA,NA,NA
2014,"Black Drongo","2014",NA,NA,NA,NA,NA,NA,NA,NA,NA,NA,NA,NA,NA,NA,NA
2015,"Black Drongo","2015",0.50850690772314,0.569237712544724,0.632792396048913,NA,NA,NA,100,100,100,NA,NA,NA,100,100,100
2016,"Black Drongo","2016",0.613177703140052,0.661718712365474,0.708376034176789,NA,NA,NA,104.825388271692,116.119721479093,129.194335157896,NA,NA,NA,104.825388271692,116.119721479093,129.194335157896
2017,"Black Drongo","2017",0.616865283339457,0.661588520658059,0.704793909176379,NA,NA,NA,105.00486182157,115.990941090055,128.778977708336,NA,NA,NA,105.00486182157,115.990941090055,128.778977708336
2018,"Black Drongo","2018",0.577875810958365,0.629636959698212,0.678312525211852,NA,NA,NA,99.4728695620711,110.553331343146,122.166455973279,NA,NA,NA,99.4728695620711,110.553331343146,122.166455973279
2019,"Black Drongo","2019",0.486564887925817,0.535828568956067,0.585284103042983,NA,NA,NA,83.4462019207563,93.8762966897266,105.405318712945,NA,NA,NA,83.4462019207563,93.8762966897266,105.405318712945
2020,"Black Drongo","2020",0.48457484482476,0.52591989233989,0.567969415250377,NA,NA,NA,83.3349450982952,92.2579732682938,101.605695193741,NA,NA,NA,83.3349450982952,92.2579732682938,101.605695193741
2021,"Black Drongo","2021",0.437857385728297,0.481215931583156,0.521596088962836,NA,NA,NA,76.5128792011165,84.2199212816036,93.8969285691759,NA,NA,NA,76.5128792011165,84.2199212816036,93.8969285691759
2022,"Black Drongo","2022",0.39839556629969,0.434023070903167,0.472673719507088,NA,NA,NA,68.8070661856251,76.1054524208391,84.2574743742637,NA,NA,NA,68.8070661856251,76.1054524208391,84.2574743742637
2023,"Black Drongo","2023",0.403172769132688,0.436338794292219,0.473138385881255,NA,NA,NA,69.1790447888769,76.5485038417615,84.7624030686977,NA,NA,NA,69.1790447888769,76.5485038417615,84.7624030686977
2024,"Black Drongo","2024",0.394070114755319,0.428639618109591,0.464002566597514,NA,NA,NA,68.1167947611387,75.2545038612057,82.8374129519436,NA,NA,NA,68.1167947611387,75.2545038612057,82.8374129519436
2025,"Black Drongo","2025",0.403347582549051,0.435862097758031,0.470481653427912,NA,NA,NA,69.6694528540262,76.4868143498696,84.1902556646083,NA,NA,NA,69.6694528540262,76.4868143498696,84.1902556646083
2026,"Black Drongo","2026",NA,NA,NA,NA,NA,NA,NA,NA,NA,61.9607707020875,68.8252059943736,76.1628525984123,61.9607707020875,68.8252059943736,76.1628525984123
2027,"Black Drongo","2027",NA,NA,NA,NA,NA,NA,NA,NA,NA,58.315229002166,65.6614738294385,73.6820726761887,58.315229002166,65.6614738294385,73.6820726761887
2028,"Black Drongo","2028",NA,NA,NA,NA,NA,NA,NA,NA,NA,54.8660716416659,62.6658145996712,71.2803256679137,54.8660716416659,62.6658145996712,71.2803256679137
2029,"Black Drongo","2029",NA,NA,NA,NA,NA,NA,NA,NA,NA,51.6192326479363,59.8083203782915,68.9869025195514,51.6192326479363,59.8083203782915,68.9869025195514
2030,"Black Drongo","2030",NA,NA,NA,NA,NA,NA,NA,NA,NA,48.5384780337616,57.0561589237232,66.7701693766446,48.5384780337616,57.0561589237232,66.7701693766446
2031,"Black Drongo","2031",NA,NA,NA,NA,NA,NA,NA,NA,NA,45.6569771470688,54.4242550542349,64.6520662809308,45.6569771470688,54.4242550542349,64.6520662809308
2032,"Black Drongo","2032",NA,NA,NA,NA,NA,NA,NA,NA,NA,42.9140257627314,51.8777347193488,62.5967936390649,42.9140257627314,51.8777347193488,62.5967936390649
2033,"Black Drongo","2033",NA,NA,NA,NA,NA,NA,NA,NA,NA,40.348003219364,49.4798647661767,60.6417738253223,40.348003219364,49.4798647661767,60.6417738253223
1982,"Rufous Treepie","before 2000",NA,NA,NA,NA,NA,NA,NA,NA,NA,NA,NA,NA,NA,NA,NA
2006,"Rufous Treepie","2000-2006",NA,NA,NA,NA,NA,NA,NA,NA,NA,NA,NA,NA,NA,NA,NA
2010,"Rufous Treepie","2007-2010",NA,NA,NA,NA,NA,NA,NA,NA,NA,NA,NA,NA,NA,NA,NA
2012,"Rufous Treepie","2011-2012",NA,NA,NA,NA,NA,NA,NA,NA,NA,NA,NA,NA,NA,NA,NA
2013,"Rufous Treepie","2013",NA,NA,NA,NA,NA,NA,NA,NA,NA,NA,NA,NA,NA,NA,NA
2014,"Rufous Treepie","2014",NA,NA,NA,NA,NA,NA,NA,NA,NA,NA,NA,NA,NA,NA,NA
2015,"Rufous Treepie","2015",0.218800554622959,0.279062196436325,0.348710288765853,NA,NA,NA,100,100,100,NA,NA,NA,100,100,100
2016,"Rufous Treepie","2016",0.27037030216568,0.323807414367389,0.389800034307341,NA,NA,NA,99.5194299972515,116.80242621606,140.440930851839,NA,NA,NA,99.5194299972515,116.80242621606,140.440930851839
2017,"Rufous Treepie","2017",0.297404754751648,0.35477593467559,0.423530585959377,NA,NA,NA,107.870986498463,127.825716492398,151.480637862817,NA,NA,NA,107.870986498463,127.825716492398,151.480637862817
2018,"Rufous Treepie","2018",0.303774213491498,0.362829656081116,0.431482232693871,NA,NA,NA,110.3666958158,130.448206512643,157.223457195021,NA,NA,NA,110.3666958158,130.448206512643,157.223457195021
2019,"Rufous Treepie","2019",0.168781224122768,0.21271087235257,0.26370482857549,NA,NA,NA,63.6391963217566,76.3942382525126,94.6005442685176,NA,NA,NA,63.6391963217566,76.3942382525126,94.6005442685176
2020,"Rufous Treepie","2020",0.218997884384,0.26629760123305,0.319906011890098,NA,NA,NA,80.6924885375531,96.1713047673981,113.910075490395,NA,NA,NA,80.6924885375531,96.1713047673981,113.910075490395
2021,"Rufous Treepie","2021",0.177568229263391,0.214723521711224,0.263348548181788,NA,NA,NA,66.0232553313892,77.6415411648614,92.1980614388889,NA,NA,NA,66.0232553313892,77.6415411648614,92.1980614388889
2022,"Rufous Treepie","2022",0.154599381110045,0.188363992571388,0.231955720263249,NA,NA,NA,57.3660255295968,68.0100587298906,81.1394539587449,NA,NA,NA,57.3660255295968,68.0100587298906,81.1394539587449
2023,"Rufous Treepie","2023",0.1231240380372,0.149298710109283,0.18309113490075,NA,NA,NA,46.2149144633592,53.9159221080578,63.6241650404871,NA,NA,NA,46.2149144633592,53.9159221080578,63.6241650404871
2024,"Rufous Treepie","2024",0.111965133337602,0.137170626520442,0.167477010589209,NA,NA,NA,42.4086182488054,49.5839635138965,58.0684155651111,NA,NA,NA,42.4086182488054,49.5839635138965,58.0684155651111
2025,"Rufous Treepie","2025",0.122743419005846,0.148574370763251,0.180535117161497,NA,NA,NA,45.9877911984146,53.5887175832041,63.2240979777612,NA,NA,NA,45.9877911984146,53.5887175832041,63.2240979777612
2026,"Rufous Treepie","2026",NA,NA,NA,NA,NA,NA,NA,NA,NA,37.008311325921,46.2161591681402,57.8700903426443,37.008311325921,46.2161591681402,57.8700903426443
2027,"Rufous Treepie","2027",NA,NA,NA,NA,NA,NA,NA,NA,NA,32.6930277952639,42.06688906408,54.236186142857,32.6930277952639,42.06688906408,54.236186142857
2028,"Rufous Treepie","2028",NA,NA,NA,NA,NA,NA,NA,NA,NA,28.8369785652813,38.2818989900242,50.861410276728,28.8369785652813,38.2818989900242,50.861410276728
2029,"Rufous Treepie","2029",NA,NA,NA,NA,NA,NA,NA,NA,NA,25.457153816482,34.8292518722631,47.7098413796771,25.457153816482,34.8292518722631,47.7098413796771
2030,"Rufous Treepie","2030",NA,NA,NA,NA,NA,NA,NA,NA,NA,22.4525114648276,31.6696784378233,44.7974754474886,22.4525114648276,31.6696784378233,44.7974754474886
2031,"Rufous Treepie","2031",NA,NA,NA,NA,NA,NA,NA,NA,NA,19.7981045307777,28.8252425356857,42.0355662937077,19.7981045307777,28.8252425356857,42.0355662937077
2032,"Rufous Treepie","2032",NA,NA,NA,NA,NA,NA,NA,NA,NA,17.4380415863297,26.2378342510746,39.4663828423047,17.4380415863297,26.2378342510746,39.4663828423047
2033,"Rufous Treepie","2033",NA,NA,NA,NA,NA,NA,NA,NA,NA,15.3475643385066,23.877578272873,37.044964243448,15.3475643385066,23.877578272873,37.044964243448
1982,"House Crow","before 2000",NA,NA,NA,NA,NA,NA,NA,NA,NA,NA,NA,NA,NA,NA,NA
2006,"House Crow","2000-2006",NA,NA,NA,NA,NA,NA,NA,NA,NA,NA,NA,NA,NA,NA,NA
2010,"House Crow","2007-2010",NA,NA,NA,NA,NA,NA,NA,NA,NA,NA,NA,NA,NA,NA,NA
2012,"House Crow","2011-2012",NA,NA,NA,NA,NA,NA,NA,NA,NA,NA,NA,NA,NA,NA,NA
2013,"House Crow","2013",NA,NA,NA,NA,NA,NA,NA,NA,NA,NA,NA,NA,NA,NA,NA
2014,"House Crow","2014",NA,NA,NA,NA,NA,NA,NA,NA,NA,NA,NA,NA,NA,NA,NA
2015,"House Crow","2015",0.313704211207315,0.416198081780613,0.525368916646358,NA,NA,NA,100,100,100,NA,NA,NA,100,100,100
2016,"House Crow","2016",0.4422266383296,0.550942445319615,0.648551514856401,NA,NA,NA,114.592182833569,132.182826689296,155.111046931051,NA,NA,NA,114.592182833569,132.182826689296,155.111046931051
2017,"House Crow","2017",0.472829480150455,0.575081544235629,0.675315039841153,NA,NA,NA,120.862666133836,138.840532149043,161.699100770208,NA,NA,NA,120.862666133836,138.840532149043,161.699100770208
2018,"House Crow","2018",0.432407807171223,0.536546014176006,0.641174127340284,NA,NA,NA,111.176125793379,129.30784514977,151.705594990379,NA,NA,NA,111.176125793379,129.30784514977,151.705594990379
2019,"House Crow","2019",0.413277377142733,0.517858823678101,0.620195264619502,NA,NA,NA,108.173355954293,124.186831537672,145.294943084947,NA,NA,NA,108.173355954293,124.186831537672,145.294943084947
2020,"House Crow","2020",0.424730596366811,0.521564435933557,0.616696122681308,NA,NA,NA,109.518689352654,125.033080512649,146.073458964227,NA,NA,NA,109.518689352654,125.033080512649,146.073458964227
2021,"House Crow","2021",0.255444612181088,0.322280293947557,0.403302830449241,NA,NA,NA,67.7462301331388,77.8799195702703,89.8687502798619,NA,NA,NA,67.7462301331388,77.8799195702703,89.8687502798619
2022,"House Crow","2022",0.231533077434692,0.296537752905495,0.374114870500038,NA,NA,NA,62.306474079873,71.6593206548732,82.5125125889119,NA,NA,NA,62.306474079873,71.6593206548732,82.5125125889119
2023,"House Crow","2023",0.213150591882922,0.273281667136136,0.341246598775709,NA,NA,NA,57.3682358694238,66.0409316635727,75.9285455182958,NA,NA,NA,57.3682358694238,66.0409316635727,75.9285455182958
2024,"House Crow","2024",0.197316591095276,0.255630554085082,0.320228068554498,NA,NA,NA,53.8247357067564,61.7358609516338,70.7830242229772,NA,NA,NA,53.8247357067564,61.7358609516338,70.7830242229772
2025,"House Crow","2025",0.174414757883733,0.226954853208465,0.282846862971266,NA,NA,NA,47.7494128759241,54.9125569951467,63.0509864124323,NA,NA,NA,47.7494128759241,54.9125569951467,63.0509864124323
2026,"House Crow","2026",NA,NA,NA,NA,NA,NA,NA,NA,NA,42.3416498488941,54.2232300451029,69.4125299620373,42.3416498488941,54.2232300451029,69.4125299620373
2027,"House Crow","2027",NA,NA,NA,NA,NA,NA,NA,NA,NA,37.3994408689053,49.5227449274723,65.529523978109,37.3994408689053,49.5227449274723,65.529523978109
2028,"House Crow","2028",NA,NA,NA,NA,NA,NA,NA,NA,NA,33.0498557906937,45.2123285109039,61.914416525928,33.0498557906937,45.2123285109039,61.914416525928
2029,"House Crow","2029",NA,NA,NA,NA,NA,NA,NA,NA,NA,29.1823481181882,41.3340250655737,58.5409938077122,29.1823481181882,41.3340250655737,58.5409938077122
2030,"House Crow","2030",NA,NA,NA,NA,NA,NA,NA,NA,NA,25.7366046174664,37.7640626114164,55.3545480229386,25.7366046174664,37.7640626114164,55.3545480229386
2031,"House Crow","2031",NA,NA,NA,NA,NA,NA,NA,NA,NA,22.708498575298,34.5222232430993,52.3478922814636,22.708498575298,34.5222232430993,52.3478922814636
2032,"House Crow","2032",NA,NA,NA,NA,NA,NA,NA,NA,NA,20.0231405004246,31.5671405289189,49.5453999443547,20.0231405004246,31.5671405289189,49.5453999443547
2033,"House Crow","2033",NA,NA,NA,NA,NA,NA,NA,NA,NA,17.6707270027537,28.821155424847,46.8729735247697,17.6707270027537,28.821155424847,46.8729735247697
1982,"Large-billed Crow","before 2000",NA,NA,NA,NA,NA,NA,NA,NA,NA,NA,NA,NA,NA,NA,NA
2006,"Large-billed Crow","2000-2006",NA,NA,NA,NA,NA,NA,NA,NA,NA,NA,NA,NA,NA,NA,NA
2010,"Large-billed Crow","2007-2010",NA,NA,NA,NA,NA,NA,NA,NA,NA,NA,NA,NA,NA,NA,NA
2012,"Large-billed Crow","2011-2012",NA,NA,NA,NA,NA,NA,NA,NA,NA,NA,NA,NA,NA,NA,NA
2013,"Large-billed Crow","2013",NA,NA,NA,NA,NA,NA,NA,NA,NA,NA,NA,NA,NA,NA,NA
2014,"Large-billed Crow","2014",NA,NA,NA,NA,NA,NA,NA,NA,NA,NA,NA,NA,NA,NA,NA
2015,"Large-billed Crow","2015",0.116726459565873,0.172887857595725,0.254180188086888,NA,NA,NA,100,100,100,NA,NA,NA,100,100,100
2016,"Large-billed Crow","2016",0.204403774567394,0.283416720402986,0.382429634222282,NA,NA,NA,130.10620568715,164.733216653859,208.813569691113,NA,NA,NA,130.10620568715,164.733216653859,208.813569691113
2017,"Large-billed Crow","2017",0.266263076604319,0.360269048230189,0.474063111225052,NA,NA,NA,167.666769288494,207.208693579774,262.497761917141,NA,NA,NA,167.666769288494,207.208693579774,262.497761917141
2018,"Large-billed Crow","2018",0.285103790116488,0.38537051392847,0.503342868351962,NA,NA,NA,181.558926270798,221.668628105987,280.37085144311,NA,NA,NA,181.558926270798,221.668628105987,280.37085144311
2019,"Large-billed Crow","2019",0.151013335710569,0.211841544227939,0.287033905362845,NA,NA,NA,97.2254423589042,121.827963925257,157.824741574793,NA,NA,NA,97.2254423589042,121.827963925257,157.824741574793
2020,"Large-billed Crow","2020",0.194115496621283,0.267824049788131,0.363614302484092,NA,NA,NA,125.933410693557,154.651047922454,194.95804588804,NA,NA,NA,125.933410693557,154.651047922454,194.95804588804
2021,"Large-billed Crow","2021",0.135137336340488,0.18961241007196,0.259639403338099,NA,NA,NA,89.307198787502,108.885927788363,136.414690845375,NA,NA,NA,89.307198787502,108.885927788363,136.414690845375
2022,"Large-billed Crow","2022",0.128471649140501,0.179290630602919,0.246130394543893,NA,NA,NA,83.5087298467855,103.955040096182,129.294215583854,NA,NA,NA,83.5087298467855,103.955040096182,129.294215583854
2023,"Large-billed Crow","2023",0.11121151410134,0.155287242633179,0.216164529327277,NA,NA,NA,73.3409158580469,89.9013423395396,111.772956222485,NA,NA,NA,73.3409158580469,89.9013423395396,111.772956222485
2024,"Large-billed Crow","2024",0.0973554165049713,0.136315480583593,0.187486239686997,NA,NA,NA,64.1975507453565,78.5367232765302,97.3319786369358,NA,NA,NA,64.1975507453565,78.5367232765302,97.3319786369358
2025,"Large-billed Crow","2025",0.0852895630785252,0.119245555378038,0.165826446918496,NA,NA,NA,56.8793978078348,69.1436086371986,86.0791893481181,NA,NA,NA,56.8793978078348,69.1436086371986,86.0791893481181
2026,"Large-billed Crow","2026",NA,NA,NA,NA,NA,NA,NA,NA,NA,51.0996118068934,73.8181010065091,106.974545861361,51.0996118068934,73.8181010065091,106.974545861361
2027,"Large-billed Crow","2027",NA,NA,NA,NA,NA,NA,NA,NA,NA,44.8672178845056,68.0296459452323,103.632749979977,44.8672178845056,68.0296459452323,103.632749979977
2028,"Large-billed Crow","2028",NA,NA,NA,NA,NA,NA,NA,NA,NA,39.3627809244555,62.6892226325859,100.323482583018,39.3627809244555,62.6892226325859,100.323482583018
2029,"Large-billed Crow","2029",NA,NA,NA,NA,NA,NA,NA,NA,NA,34.5433141452857,57.8499822790131,97.2754653632823,34.5433141452857,57.8499822790131,97.2754653632823
2030,"Large-billed Crow","2030",NA,NA,NA,NA,NA,NA,NA,NA,NA,30.2363484887046,53.431310828072,94.4108073209946,30.2363484887046,53.431310828072,94.4108073209946
2031,"Large-billed Crow","2031",NA,NA,NA,NA,NA,NA,NA,NA,NA,26.4828633362732,49.2534143469594,91.5267096293431,26.4828633362732,49.2534143469594,91.5267096293431
2032,"Large-billed Crow","2032",NA,NA,NA,NA,NA,NA,NA,NA,NA,23.1881053134908,45.4303231104609,88.8151907921114,23.1881053134908,45.4303231104609,88.8151907921114
2033,"Large-billed Crow","2033",NA,NA,NA,NA,NA,NA,NA,NA,NA,20.2809117213995,41.8841390365574,86.3495468037037,20.2809117213995,41.8841390365574,86.3495468037037
1982,"Common Tailorbird","before 2000",NA,NA,NA,NA,NA,NA,NA,NA,NA,NA,NA,NA,NA,NA,NA
2006,"Common Tailorbird","2000-2006",NA,NA,NA,NA,NA,NA,NA,NA,NA,NA,NA,NA,NA,NA,NA
2010,"Common Tailorbird","2007-2010",NA,NA,NA,NA,NA,NA,NA,NA,NA,NA,NA,NA,NA,NA,NA
2012,"Common Tailorbird","2011-2012",NA,NA,NA,NA,NA,NA,NA,NA,NA,NA,NA,NA,NA,NA,NA
2013,"Common Tailorbird","2013",NA,NA,NA,NA,NA,NA,NA,NA,NA,NA,NA,NA,NA,NA,NA
2014,"Common Tailorbird","2014",NA,NA,NA,NA,NA,NA,NA,NA,NA,NA,NA,NA,NA,NA,NA
2015,"Common Tailorbird","2015",0.0956141939301434,0.12569010983662,0.158129141360739,NA,NA,NA,100,100,100,NA,NA,NA,100,100,100
2016,"Common Tailorbird","2016",0.174565328818751,0.20668129880329,0.240517627912493,NA,NA,NA,129.913642288742,165.177586089271,212.572918283471,NA,NA,NA,129.913642288742,165.177586089271,212.572918283471
2017,"Common Tailorbird","2017",0.245330359209772,0.278774272514056,0.31711960197336,NA,NA,NA,176.428772690835,222.231694751228,285.396585053769,NA,NA,NA,176.428772690835,222.231694751228,285.396585053769
2018,"Common Tailorbird","2018",0.246594319675177,0.281965479412679,0.324261282766786,NA,NA,NA,178.258217582974,224.595428325688,286.025237587977,NA,NA,NA,178.258217582974,224.595428325688,286.025237587977
2019,"Common Tailorbird","2019",0.169493027322731,0.205031614805441,0.239415549940218,NA,NA,NA,126.083896575686,163.235243064797,216.745238899446,NA,NA,NA,126.083896575686,163.235243064797,216.745238899446
2020,"Common Tailorbird","2020",0.216457767771523,0.248194140286924,0.28256515738954,NA,NA,NA,158.35821253414,198.634402722678,255.766682779405,NA,NA,NA,158.35821253414,198.634402722678,255.766682779405
2021,"Common Tailorbird","2021",0.188929031372911,0.217769085484422,0.248478723729829,NA,NA,NA,136.875822712232,173.977179926688,223.911206178151,NA,NA,NA,136.875822712232,173.977179926688,223.911206178151
2022,"Common Tailorbird","2022",0.189302916784646,0.216638594743549,0.243680106692073,NA,NA,NA,138.4502475194,172.103185352871,219.2104298981,NA,NA,NA,138.4502475194,172.103185352871,219.2104298981
2023,"Common Tailorbird","2023",0.200989911448554,0.227746135097422,0.25729251300792,NA,NA,NA,147.030223043985,182.655944815149,230.221201562236,NA,NA,NA,147.030223043985,182.655944815149,230.221201562236
2024,"Common Tailorbird","2024",0.218829050571636,0.246377775217705,0.2764549142497,NA,NA,NA,159.844449667847,196.595253588112,247.337464806073,NA,NA,NA,159.844449667847,196.595253588112,247.337464806073
2025,"Common Tailorbird","2025",0.244062445120684,0.2739455430054,0.304404516515536,NA,NA,NA,175.390060151381,218.701622593867,275.471594464274,NA,NA,NA,175.390060151381,218.701622593867,275.471594464274
2026,"Common Tailorbird","2026",NA,NA,NA,NA,NA,NA,NA,NA,NA,165.423839331193,217.193287452914,285.629940195945,165.423839331193,217.193287452914,285.629940195945
2027,"Common Tailorbird","2027",NA,NA,NA,NA,NA,NA,NA,NA,NA,164.918486691757,224.43278792599,306.096449721488,164.918486691757,224.43278792599,306.096449721488
2028,"Common Tailorbird","2028",NA,NA,NA,NA,NA,NA,NA,NA,NA,164.245487158141,231.757497490402,328.138622890287,164.245487158141,231.757497490402,328.138622890287
2029,"Common Tailorbird","2029",NA,NA,NA,NA,NA,NA,NA,NA,NA,163.34499185603,239.550429380395,351.879886014639,163.34499185603,239.550429380395,351.879886014639
2030,"Common Tailorbird","2030",NA,NA,NA,NA,NA,NA,NA,NA,NA,162.437806847571,247.423419362106,377.33354289441,162.437806847571,247.423419362106,377.33354289441
2031,"Common Tailorbird","2031",NA,NA,NA,NA,NA,NA,NA,NA,NA,161.562856006406,255.937990164589,405.263245527817,161.562856006406,255.937990164589,405.263245527817
2032,"Common Tailorbird","2032",NA,NA,NA,NA,NA,NA,NA,NA,NA,160.583472834275,264.456128436112,435.229740499301,160.583472834275,264.456128436112,435.229740499301
2033,"Common Tailorbird","2033",NA,NA,NA,NA,NA,NA,NA,NA,NA,159.481700973633,272.99702313742,467.309819772772,159.481700973633,272.99702313742,467.309819772772
1982,"Red-vented Bulbul","before 2000",NA,NA,NA,NA,NA,NA,NA,NA,NA,NA,NA,NA,NA,NA,NA
2006,"Red-vented Bulbul","2000-2006",NA,NA,NA,NA,NA,NA,NA,NA,NA,NA,NA,NA,NA,NA,NA
2010,"Red-vented Bulbul","2007-2010",NA,NA,NA,NA,NA,NA,NA,NA,NA,NA,NA,NA,NA,NA,NA
2012,"Red-vented Bulbul","2011-2012",NA,NA,NA,NA,NA,NA,NA,NA,NA,NA,NA,NA,NA,NA,NA
2013,"Red-vented Bulbul","2013",NA,NA,NA,NA,NA,NA,NA,NA,NA,NA,NA,NA,NA,NA,NA
2014,"Red-vented Bulbul","2014",NA,NA,NA,NA,NA,NA,NA,NA,NA,NA,NA,NA,NA,NA,NA
2015,"Red-vented Bulbul","2015",0.272428022520722,0.32969413803501,0.393284757739447,NA,NA,NA,100,100,100,NA,NA,NA,100,100,100
2016,"Red-vented Bulbul","2016",0.405828587382089,0.470459600321759,0.529808767268835,NA,NA,NA,124.549251548672,142.129907244153,165.76132599923,NA,NA,NA,124.549251548672,142.129907244153,165.76132599923
2017,"Red-vented Bulbul","2017",0.368903975292425,0.429180673964401,0.485625209141994,NA,NA,NA,113.417303323103,129.584550900446,151.474793713026,NA,NA,NA,113.417303323103,129.584550900446,151.474793713026
2018,"Red-vented Bulbul","2018",0.401557531552932,0.469851187066762,0.537678275845887,NA,NA,NA,123.78393660259,142.140158310078,166.480128325163,NA,NA,NA,123.78393660259,142.140158310078,166.480128325163
2019,"Red-vented Bulbul","2019",0.349293500619485,0.41087183038098,0.479083007587057,NA,NA,NA,107.824362142799,124.267003272604,147.147016026759,NA,NA,NA,107.824362142799,124.267003272604,147.147016026759
2020,"Red-vented Bulbul","2020",0.360357493231385,0.416360753532657,0.475338713774124,NA,NA,NA,110.716010935629,126.24216209766,146.925436624393,NA,NA,NA,110.716010935629,126.24216209766,146.925436624393
2021,"Red-vented Bulbul","2021",0.301202613543035,0.351923951441362,0.406842494194901,NA,NA,NA,93.3500430767886,106.455316713934,123.603148839623,NA,NA,NA,93.3500430767886,106.455316713934,123.603148839623
2022,"Red-vented Bulbul","2022",0.272302441667793,0.317629437158317,0.363137631299405,NA,NA,NA,84.0692964173687,96.0338876815739,111.696774235775,NA,NA,NA,84.0692964173687,96.0338876815739,111.696774235775
2023,"Red-vented Bulbul","2023",0.299297646300746,0.346947898739271,0.39664433736549,NA,NA,NA,92.232902102625,105.107331962384,120.941441697963,NA,NA,NA,92.232902102625,105.107331962384,120.941441697963
2024,"Red-vented Bulbul","2024",0.290690273765873,0.336829188328983,0.382572938054819,NA,NA,NA,89.7757579422967,101.958510760785,118.393040351153,NA,NA,NA,89.7757579422967,101.958510760785,118.393040351153
2025,"Red-vented Bulbul","2025",0.319796865638638,0.368877601314279,0.419780264161862,NA,NA,NA,98.8728725668049,111.378330356155,129.167321338256,NA,NA,NA,98.8728725668049,111.378330356155,129.167321338256
2026,"Red-vented Bulbul","2026",NA,NA,NA,NA,NA,NA,NA,NA,NA,85.9606333156988,101.512129168165,120.117630117474,85.9606333156988,101.512129168165,120.117630117474
2027,"Red-vented Bulbul","2027",NA,NA,NA,NA,NA,NA,NA,NA,NA,82.2765269001657,99.3408680822729,120.08169291971,82.2765269001657,99.3408680822729,120.08169291971
2028,"Red-vented Bulbul","2028",NA,NA,NA,NA,NA,NA,NA,NA,NA,78.7222990891435,97.1513594578577,120.210518490017,78.7222990891435,97.1513594578577,120.210518490017
2029,"Red-vented Bulbul","2029",NA,NA,NA,NA,NA,NA,NA,NA,NA,75.3035033344348,95.1443217432463,120.439978114215,75.3035033344348,95.1443217432463,120.439978114215
2030,"Red-vented Bulbul","2030",NA,NA,NA,NA,NA,NA,NA,NA,NA,72.0426265063315,93.0802916079253,120.650005325546,72.0426265063315,93.0802916079253,120.650005325546
2031,"Red-vented Bulbul","2031",NA,NA,NA,NA,NA,NA,NA,NA,NA,68.9358089388371,91.0632143650865,120.851215925368,68.9358089388371,91.0632143650865,120.851215925368
2032,"Red-vented Bulbul","2032",NA,NA,NA,NA,NA,NA,NA,NA,NA,65.9195858580389,89.0687054947728,121.146447350161,65.9195858580389,89.0687054947728,121.146447350161
2033,"Red-vented Bulbul","2033",NA,NA,NA,NA,NA,NA,NA,NA,NA,63.0051385611453,87.1480414046731,121.458849842275,63.0051385611453,87.1480414046731,121.458849842275
1982,"Red-whiskered Bulbul","before 2000",NA,NA,NA,NA,NA,NA,NA,NA,NA,NA,NA,NA,NA,NA,NA
2006,"Red-whiskered Bulbul","2000-2006",NA,NA,NA,NA,NA,NA,NA,NA,NA,NA,NA,NA,NA,NA,NA
2010,"Red-whiskered Bulbul","2007-2010",NA,NA,NA,NA,NA,NA,NA,NA,NA,NA,NA,NA,NA,NA,NA
2012,"Red-whiskered Bulbul","2011-2012",NA,NA,NA,NA,NA,NA,NA,NA,NA,NA,NA,NA,NA,NA,NA
2013,"Red-whiskered Bulbul","2013",NA,NA,NA,NA,NA,NA,NA,NA,NA,NA,NA,NA,NA,NA,NA
2014,"Red-whiskered Bulbul","2014",NA,NA,NA,NA,NA,NA,NA,NA,NA,NA,NA,NA,NA,NA,NA
2015,"Red-whiskered Bulbul","2015",0.119492816597031,0.166995999178021,0.233388141737067,NA,NA,NA,100,100,100,NA,NA,NA,100,100,100
2016,"Red-whiskered Bulbul","2016",0.155214294554881,0.204563900516934,0.272925653594735,NA,NA,NA,98.1863475913419,121.879388695634,153.377353266405,NA,NA,NA,98.1863475913419,121.879388695634,153.377353266405
2017,"Red-whiskered Bulbul","2017",0.166939056496214,0.224232230488912,0.294457621942227,NA,NA,NA,109.762336347156,133.53685917055,163.708030775893,NA,NA,NA,109.762336347156,133.53685917055,163.708030775893
2018,"Red-whiskered Bulbul","2018",0.166554729578246,0.223558822215844,0.291468042613775,NA,NA,NA,107.530607258853,132.933351864463,166.539577453351,NA,NA,NA,107.530607258853,132.933351864463,166.539577453351
2019,"Red-whiskered Bulbul","2019",0.158330705440393,0.213003094320519,0.284104239333696,NA,NA,NA,102.156898640999,126.378284159029,159.550464499372,NA,NA,NA,102.156898640999,126.378284159029,159.550464499372
2020,"Red-whiskered Bulbul","2020",0.152897616168404,0.200250918544727,0.266478048022145,NA,NA,NA,98.4878624669565,119.956654001877,149.908308554747,NA,NA,NA,98.4878624669565,119.956654001877,149.908308554747
2021,"Red-whiskered Bulbul","2021",0.0912944016091645,0.12581297829798,0.168980779409808,NA,NA,NA,61.472867397994,75.0797049047431,93.8061735035521,NA,NA,NA,61.472867397994,75.0797049047431,93.8061735035521
2022,"Red-whiskered Bulbul","2022",0.0954270838438891,0.129314783490283,0.174136978690832,NA,NA,NA,64.007613973854,77.1509357531278,94.3158009346998,NA,NA,NA,64.007613973854,77.1509357531278,94.3158009346998
2023,"Red-whiskered Bulbul","2023",0.0944801106346215,0.127546579558476,0.167822348871008,NA,NA,NA,63.2901327923911,75.5813470265993,93.1193974275446,NA,NA,NA,63.2901327923911,75.5813470265993,93.1193974275446
2024,"Red-whiskered Bulbul","2024",0.0967089423312209,0.129821861638813,0.171987675141228,NA,NA,NA,64.4483626707576,77.0935701555655,94.5105906353506,NA,NA,NA,64.4483626707576,77.0935701555655,94.5105906353506
2025,"Red-whiskered Bulbul","2025",0.112113923172943,0.149021331443826,0.195769017249304,NA,NA,NA,74.1261538482588,88.8398333651828,108.664178408581,NA,NA,NA,74.1261538482588,88.8398333651828,108.664178408581
2026,"Red-whiskered Bulbul","2026",NA,NA,NA,NA,NA,NA,NA,NA,NA,57.6370820677824,73.0124823674447,92.2989963976524,57.6370820677824,73.0124823674447,92.2989963976524
2027,"Red-whiskered Bulbul","2027",NA,NA,NA,NA,NA,NA,NA,NA,NA,53.0134566095294,69.328555693938,90.4348321846515,53.0134566095294,69.328555693938,90.4348321846515
2028,"Red-whiskered Bulbul","2028",NA,NA,NA,NA,NA,NA,NA,NA,NA,48.7040164524997,65.8044145781095,88.6275679935247,48.7040164524997,65.8044145781095,88.6275679935247
2029,"Red-whiskered Bulbul","2029",NA,NA,NA,NA,NA,NA,NA,NA,NA,44.7854862406564,62.5046493282738,86.808599908083,44.7854862406564,62.5046493282738,86.808599908083
2030,"Red-whiskered Bulbul","2030",NA,NA,NA,NA,NA,NA,NA,NA,NA,41.1131463169677,59.2985265603267,85.3162851459098,41.1131463169677,59.2985265603267,85.3162851459098
2031,"Red-whiskered Bulbul","2031",NA,NA,NA,NA,NA,NA,NA,NA,NA,37.7514255890431,56.3151314851775,83.749198978399,37.7514255890431,56.3151314851775,83.749198978399
2032,"Red-whiskered Bulbul","2032",NA,NA,NA,NA,NA,NA,NA,NA,NA,34.6618463342265,53.4423308856251,82.1913164897577,34.6618463342265,53.4423308856251,82.1913164897577
2033,"Red-whiskered Bulbul","2033",NA,NA,NA,NA,NA,NA,NA,NA,NA,31.8013990015862,50.6271163308653,80.7491185275606,31.8013990015862,50.6271163308653,80.7491185275606
1982,"Tawny-bellied Babbler","before 2000",NA,NA,NA,NA,NA,NA,NA,NA,NA,NA,NA,NA,NA,NA,NA
2006,"Tawny-bellied Babbler","2000-2006",NA,NA,NA,NA,NA,NA,NA,NA,NA,NA,NA,NA,NA,NA,NA
2010,"Tawny-bellied Babbler","2007-2010",NA,NA,NA,NA,NA,NA,NA,NA,NA,NA,NA,NA,NA,NA,NA
2012,"Tawny-bellied Babbler","2011-2012",NA,NA,NA,NA,NA,NA,NA,NA,NA,NA,NA,NA,NA,NA,NA
2013,"Tawny-bellied Babbler","2013",NA,NA,NA,NA,NA,NA,NA,NA,NA,NA,NA,NA,NA,NA,NA
2014,"Tawny-bellied Babbler","2014",NA,NA,NA,NA,NA,NA,NA,NA,NA,NA,NA,NA,NA,NA,NA
2015,"Tawny-bellied Babbler","2015",2.47352009170009e-10,0.00182305045943346,0.00580704751421954,NA,NA,NA,100,100,100,NA,NA,NA,100,100,100
2016,"Tawny-bellied Babbler","2016",0.001689698913161,0.00523172675576731,0.0103058651193189,NA,NA,NA,65.4384652978685,284.543984508184,2138648688.74182,NA,NA,NA,65.4384652978685,284.543984508184,2138648688.74182
2017,"Tawny-bellied Babbler","2017",0.00319112556426126,0.00638635656297842,0.0113999140737737,NA,NA,NA,104.08055576046,354.373145028411,2686926618.90296,NA,NA,NA,104.08055576046,354.373145028411,2686926618.90296
2018,"Tawny-bellied Babbler","2018",0.0015635215913903,0.00392079175874491,0.00757895104096589,NA,NA,NA,57.7330740885017,220.839094536786,1440848915.24438,NA,NA,NA,57.7330740885017,220.839094536786,1440848915.24438
2019,"Tawny-bellied Babbler","2019",0.00311718519193721,0.00871430062526162,0.017612092208824,NA,NA,NA,122.14778024968,486.133150274234,3366086385.47992,NA,NA,NA,122.14778024968,486.133150274234,3366086385.47992
2020,"Tawny-bellied Babbler","2020",0.00258789536495688,0.00540033042523794,0.00951817335635893,NA,NA,NA,84.7010330396391,295.178640653521,2067604082.27798,NA,NA,NA,84.7010330396391,295.178640653521,2067604082.27798
2021,"Tawny-bellied Babbler","2021",0.00375021193912935,0.00805891497208293,0.0137361101236463,NA,NA,NA,121.606724129522,439.855956179775,3466754823.69789,NA,NA,NA,121.606724129522,439.855956179775,3466754823.69789
2022,"Tawny-bellied Babbler","2022",0.00166736144469176,0.00354932746799321,0.0063275808145395,NA,NA,NA,54.9354258637507,201.802618217532,1311338642.24466,NA,NA,NA,54.9354258637507,201.802618217532,1311338642.24466
2023,"Tawny-bellied Babbler","2023",0.00347993679157149,0.00648124820845749,0.0107136918906231,NA,NA,NA,114.056879557134,362.933055652581,2719287235.47907,NA,NA,NA,114.056879557134,362.933055652581,2719287235.47907
2024,"Tawny-bellied Babbler","2024",0.00180089790455272,0.00337144842024953,0.00554431251146747,NA,NA,NA,55.0133318870084,188.573777853853,1286942302.2743,NA,NA,NA,55.0133318870084,188.573777853853,1286942302.2743
2025,"Tawny-bellied Babbler","2025",0.00207842489283604,0.00368799529822556,0.00585381090079351,NA,NA,NA,62.7990373288626,210.456951441304,1509698416.66794,NA,NA,NA,62.7990373288626,210.456951441304,1509698416.66794
2026,"Tawny-bellied Babbler","2026",NA,NA,NA,NA,NA,NA,NA,NA,NA,150.875867862669,290.448723317905,559.886785799369,150.875867862669,290.448723317905,559.886785799369
2027,"Tawny-bellied Babbler","2027",NA,NA,NA,NA,NA,NA,NA,NA,NA,140.747077135455,294.960578761097,623.788568122484,140.747077135455,294.960578761097,623.788568122484
2028,"Tawny-bellied Babbler","2028",NA,NA,NA,NA,NA,NA,NA,NA,NA,132.010462241908,300.827021497925,695.036732098553,132.010462241908,300.827021497925,695.036732098553
2029,"Tawny-bellied Babbler","2029",NA,NA,NA,NA,NA,NA,NA,NA,NA,123.347565619425,307.382313847325,779.787061317806,123.347565619425,307.382313847325,779.787061317806
2030,"Tawny-bellied Babbler","2030",NA,NA,NA,NA,NA,NA,NA,NA,NA,114.633434679505,313.503896560741,875.776965913626,114.633434679505,313.503896560741,875.776965913626
2031,"Tawny-bellied Babbler","2031",NA,NA,NA,NA,NA,NA,NA,NA,NA,106.679438080497,318.59478617107,976.608674250373,106.679438080497,318.59478617107,976.608674250373
2032,"Tawny-bellied Babbler","2032",NA,NA,NA,NA,NA,NA,NA,NA,NA,99.5800913164468,324.568256258992,1094.57761367837,99.5800913164468,324.568256258992,1094.57761367837
2033,"Tawny-bellied Babbler","2033",NA,NA,NA,NA,NA,NA,NA,NA,NA,92.5786391731847,329.251537216238,1234.82385899026,92.5786391731847,329.251537216238,1234.82385899026
1982,"Jungle Babbler","before 2000",NA,NA,NA,NA,NA,NA,NA,NA,NA,NA,NA,NA,NA,NA,NA
2006,"Jungle Babbler","2000-2006",NA,NA,NA,NA,NA,NA,NA,NA,NA,NA,NA,NA,NA,NA,NA
2010,"Jungle Babbler","2007-2010",NA,NA,NA,NA,NA,NA,NA,NA,NA,NA,NA,NA,NA,NA,NA
2012,"Jungle Babbler","2011-2012",NA,NA,NA,NA,NA,NA,NA,NA,NA,NA,NA,NA,NA,NA,NA
2013,"Jungle Babbler","2013",NA,NA,NA,NA,NA,NA,NA,NA,NA,NA,NA,NA,NA,NA,NA
2014,"Jungle Babbler","2014",NA,NA,NA,NA,NA,NA,NA,NA,NA,NA,NA,NA,NA,NA,NA
2015,"Jungle Babbler","2015",0.176600349326844,0.214586971823311,0.256084003982751,NA,NA,NA,100,100,100,NA,NA,NA,100,100,100
2016,"Jungle Babbler","2016",0.258977126537865,0.299037426564979,0.339937487612011,NA,NA,NA,116.637337623993,137.877758059473,166.187001205498,NA,NA,NA,116.637337623993,137.877758059473,166.187001205498
2017,"Jungle Babbler","2017",0.33828050403323,0.378120972632901,0.419423630554828,NA,NA,NA,148.6291152532,174.847438832898,208.772133952493,NA,NA,NA,148.6291152532,174.847438832898,208.772133952493
2018,"Jungle Babbler","2018",0.301990959647048,0.342047784098942,0.386568913932565,NA,NA,NA,132.666709045257,158.478566078967,190.885773630488,NA,NA,NA,132.666709045257,158.478566078967,190.885773630488
2019,"Jungle Babbler","2019",0.301315230545803,0.343531753979567,0.390874099553896,NA,NA,NA,133.373544159832,159.608803327568,193.874980547411,NA,NA,NA,133.373544159832,159.608803327568,193.874980547411
2020,"Jungle Babbler","2020",0.249029124454922,0.279391181484361,0.313231029553488,NA,NA,NA,110.548901995721,129.80500802083,155.423231280795,NA,NA,NA,110.548901995721,129.80500802083,155.423231280795
2021,"Jungle Babbler","2021",0.172886345444386,0.195827276857718,0.222745813326985,NA,NA,NA,75.1895591128039,90.9200585610895,109.710926644783,NA,NA,NA,75.1895591128039,90.9200585610895,109.710926644783
2022,"Jungle Babbler","2022",0.152884437636206,0.175688712370307,0.198181974141038,NA,NA,NA,68.532433594131,81.0563029218876,97.7695288087061,NA,NA,NA,68.532433594131,81.0563029218876,97.7695288087061
2023,"Jungle Babbler","2023",0.169505510560621,0.189491804776929,0.214009004824551,NA,NA,NA,74.3448176589977,88.0581440938562,105.907852655564,NA,NA,NA,74.3448176589977,88.0581440938562,105.907852655564
2024,"Jungle Babbler","2024",0.167819514506018,0.186915021512374,0.208148265513104,NA,NA,NA,73.8330352101044,86.72463587806,104.129909525154,NA,NA,NA,73.8330352101044,86.72463587806,104.129909525154
2025,"Jungle Babbler","2025",0.187187414553528,0.208060015328269,0.230986366616927,NA,NA,NA,82.1167495796834,96.2644505308848,115.498943976123,NA,NA,NA,82.1167495796834,96.2644505308848,115.498943976123
2026,"Jungle Babbler","2026",NA,NA,NA,NA,NA,NA,NA,NA,NA,61.1021523306134,82.1884140562349,110.381618347842,61.1021523306134,82.1884140562349,110.381618347842
2027,"Jungle Babbler","2027",NA,NA,NA,NA,NA,NA,NA,NA,NA,55.5708358045984,77.7778878989311,108.642313843525,55.5708358045984,77.7778878989311,108.642313843525
2028,"Jungle Babbler","2028",NA,NA,NA,NA,NA,NA,NA,NA,NA,50.5741017718522,73.6576200331868,107.122528679538,50.5741017718522,73.6576200331868,107.122528679538
2029,"Jungle Babbler","2029",NA,NA,NA,NA,NA,NA,NA,NA,NA,45.9866922551288,69.7131467494081,105.691194137545,45.9866922551288,69.7131467494081,105.691194137545
2030,"Jungle Babbler","2030",NA,NA,NA,NA,NA,NA,NA,NA,NA,41.7759634959376,65.974831119267,104.356950967767,41.7759634959376,65.974831119267,104.356950967767
2031,"Jungle Babbler","2031",NA,NA,NA,NA,NA,NA,NA,NA,NA,37.925081120517,62.4962512364289,103.081857457704,37.925081120517,62.4962512364289,103.081857457704
2032,"Jungle Babbler","2032",NA,NA,NA,NA,NA,NA,NA,NA,NA,34.409775672635,59.2482745280745,101.834801674001,34.409775672635,59.2482745280745,101.834801674001
2033,"Jungle Babbler","2033",NA,NA,NA,NA,NA,NA,NA,NA,NA,31.2285798877826,56.0455348792674,100.635856262133,31.2285798877826,56.0455348792674,100.635856262133
1982,"Indian Pied Starling","before 2000",NA,NA,NA,NA,NA,NA,NA,NA,NA,NA,NA,NA,NA,NA,NA
2006,"Indian Pied Starling","2000-2006",NA,NA,NA,NA,NA,NA,NA,NA,NA,NA,NA,NA,NA,NA,NA
2010,"Indian Pied Starling","2007-2010",NA,NA,NA,NA,NA,NA,NA,NA,NA,NA,NA,NA,NA,NA,NA
2012,"Indian Pied Starling","2011-2012",NA,NA,NA,NA,NA,NA,NA,NA,NA,NA,NA,NA,NA,NA,NA
2013,"Indian Pied Starling","2013",NA,NA,NA,NA,NA,NA,NA,NA,NA,NA,NA,NA,NA,NA,NA
2014,"Indian Pied Starling","2014",NA,NA,NA,NA,NA,NA,NA,NA,NA,NA,NA,NA,NA,NA,NA
2015,"Indian Pied Starling","2015",0.337239998285168,0.395370717125222,0.460943799291133,NA,NA,NA,100,100,100,NA,NA,NA,100,100,100
2016,"Indian Pied Starling","2016",0.430637648110764,0.481839764137983,0.536649895115448,NA,NA,NA,106.718553451166,121.644846368227,140.291567176045,NA,NA,NA,106.718553451166,121.644846368227,140.291567176045
2017,"Indian Pied Starling","2017",0.457280733006331,0.502003006815783,0.550703598399131,NA,NA,NA,111.273892474443,126.555149965687,145.363047338634,NA,NA,NA,111.273892474443,126.555149965687,145.363047338634
2018,"Indian Pied Starling","2018",0.422523061698248,0.47293880396806,0.523979554396184,NA,NA,NA,103.920731042387,119.233402042373,137.354122591601,NA,NA,NA,103.920731042387,119.233402042373,137.354122591601
2019,"Indian Pied Starling","2019",0.322546308438021,0.369391911851558,0.42256710225056,NA,NA,NA,80.398699133544,93.0902366866037,110.265084142669,NA,NA,NA,80.398699133544,93.0902366866037,110.265084142669
2020,"Indian Pied Starling","2020",0.368568273001004,0.40843223486689,0.455725241302867,NA,NA,NA,90.2897565188061,103.222429547356,117.675172576588,NA,NA,NA,90.2897565188061,103.222429547356,117.675172576588
2021,"Indian Pied Starling","2021",0.21601868960022,0.242503086405615,0.274467106144025,NA,NA,NA,53.1679704856596,61.1622032925904,70.4745428016551,NA,NA,NA,53.1679704856596,61.1622032925904,70.4745428016551
2022,"Indian Pied Starling","2022",0.195821139343306,0.220479468548422,0.25081583749331,NA,NA,NA,48.4621835541091,55.6237186248706,64.0863630308397,NA,NA,NA,48.4621835541091,55.6237186248706,64.0863630308397
2023,"Indian Pied Starling","2023",0.201116540835085,0.226447670663575,0.255014655037188,NA,NA,NA,50.3493764853813,57.1589548837732,65.6846045117662,NA,NA,NA,50.3493764853813,57.1589548837732,65.6846045117662
2024,"Indian Pied Starling","2024",0.180542877328431,0.20206053637772,0.227193648216237,NA,NA,NA,44.6706829293607,51.0814707739831,58.0956849174757,NA,NA,NA,44.6706829293607,51.0814707739831,58.0956849174757
2025,"Indian Pied Starling","2025",0.164308549709067,0.184285989449041,0.206764860923237,NA,NA,NA,41.0296804627272,46.5200410964003,52.7788381030328,NA,NA,NA,41.0296804627272,46.5200410964003,52.7788381030328
2026,"Indian Pied Starling","2026",NA,NA,NA,NA,NA,NA,NA,NA,NA,33.8352958706014,42.2216738040303,52.5913542766008,33.8352958706014,42.2216738040303,52.5913542766008
2027,"Indian Pied Starling","2027",NA,NA,NA,NA,NA,NA,NA,NA,NA,29.5421769714646,37.9852457168898,48.7341354171207,29.5421769714646,37.9852457168898,48.7341354171207
2028,"Indian Pied Starling","2028",NA,NA,NA,NA,NA,NA,NA,NA,NA,25.7608068293198,34.1771486587713,45.1825403594307,25.7608068293198,34.1771486587713,45.1825403594307
2029,"Indian Pied Starling","2029",NA,NA,NA,NA,NA,NA,NA,NA,NA,22.4968427602108,30.733234061072,41.8990542454563,22.4968427602108,30.733234061072,41.8990542454563
2030,"Indian Pied Starling","2030",NA,NA,NA,NA,NA,NA,NA,NA,NA,19.6319923185039,27.6562711340598,38.8453600454217,19.6319923185039,27.6562711340598,38.8453600454217
2031,"Indian Pied Starling","2031",NA,NA,NA,NA,NA,NA,NA,NA,NA,17.1041699978205,24.8851279741003,36.051807146197,17.1041699978205,24.8851279741003,36.051807146197
2032,"Indian Pied Starling","2032",NA,NA,NA,NA,NA,NA,NA,NA,NA,14.9075046101448,22.4012790442912,33.4522783136668,14.9075046101448,22.4012790442912,33.4522783136668
2033,"Indian Pied Starling","2033",NA,NA,NA,NA,NA,NA,NA,NA,NA,12.9890901183369,20.1386928685226,31.0494823759987,12.9890901183369,20.1386928685226,31.0494823759987
1982,"Common Myna","before 2000",NA,NA,NA,NA,NA,NA,NA,NA,NA,NA,NA,NA,NA,NA,NA
2006,"Common Myna","2000-2006",NA,NA,NA,NA,NA,NA,NA,NA,NA,NA,NA,NA,NA,NA,NA
2010,"Common Myna","2007-2010",NA,NA,NA,NA,NA,NA,NA,NA,NA,NA,NA,NA,NA,NA,NA
2012,"Common Myna","2011-2012",NA,NA,NA,NA,NA,NA,NA,NA,NA,NA,NA,NA,NA,NA,NA
2013,"Common Myna","2013",NA,NA,NA,NA,NA,NA,NA,NA,NA,NA,NA,NA,NA,NA,NA
2014,"Common Myna","2014",NA,NA,NA,NA,NA,NA,NA,NA,NA,NA,NA,NA,NA,NA,NA
2015,"Common Myna","2015",0.514238912749664,0.5841122648553,0.656255124350713,NA,NA,NA,100,100,100,NA,NA,NA,100,100,100
2016,"Common Myna","2016",0.657501983871271,0.712161186424786,0.767094322752063,NA,NA,NA,110.312018823145,121.88670930579,135.028616105917,NA,NA,NA,110.312018823145,121.88670930579,135.028616105917
2017,"Common Myna","2017",0.674575854672074,0.726546180328917,0.772455364093344,NA,NA,NA,113.538897573104,124.285692030571,137.603140048496,NA,NA,NA,113.538897573104,124.285692030571,137.603140048496
2018,"Common Myna","2018",0.61583123056668,0.673191247003111,0.727950326184255,NA,NA,NA,103.769455865919,115.542540226832,128.173097626172,NA,NA,NA,103.769455865919,115.542540226832,128.173097626172
2019,"Common Myna","2019",0.55543547430624,0.611222970703674,0.665798845183571,NA,NA,NA,94.0453248945021,104.384001350867,116.504123486955,NA,NA,NA,94.0453248945021,104.384001350867,116.504123486955
2020,"Common Myna","2020",0.603086229197577,0.655239437877535,0.707759746014736,NA,NA,NA,101.875517322604,111.805797599135,124.275609036251,NA,NA,NA,101.875517322604,111.805797599135,124.275609036251
2021,"Common Myna","2021",0.434746816496229,0.482799190549636,0.530364195021911,NA,NA,NA,74.7017593294844,82.716960275403,91.4426477796114,NA,NA,NA,74.7017593294844,82.716960275403,91.4426477796114
2022,"Common Myna","2022",0.368539088116664,0.40954146638881,0.453212860909459,NA,NA,NA,63.758524198897,69.9845888024968,77.5483406695687,NA,NA,NA,63.758524198897,69.9845888024968,77.5483406695687
2023,"Common Myna","2023",0.356850468298097,0.395240764289382,0.436160521848399,NA,NA,NA,61.1873726097456,67.5953351036651,74.6125231163847,NA,NA,NA,61.1873726097456,67.5953351036651,74.6125231163847
2024,"Common Myna","2024",0.339693139675819,0.376631258346928,0.415156380693985,NA,NA,NA,58.7883753766171,64.2877236416278,71.2292502163035,NA,NA,NA,58.7883753766171,64.2877236416278,71.2292502163035
2025,"Common Myna","2025",0.337357983097717,0.373646958730436,0.411314234590944,NA,NA,NA,58.3929255596,63.8100106058966,70.1604219050742,NA,NA,NA,58.3929255596,63.8100106058966,70.1604219050742
2026,"Common Myna","2026",NA,NA,NA,NA,NA,NA,NA,NA,NA,49.5550554667651,58.7436682143032,69.8129337331613,49.5550554667651,58.7436682143032,69.8129337331613
2027,"Common Myna","2027",NA,NA,NA,NA,NA,NA,NA,NA,NA,45.1413242999316,54.6770554267664,66.4638445042485,45.1413242999316,54.6770554267664,66.4638445042485
2028,"Common Myna","2028",NA,NA,NA,NA,NA,NA,NA,NA,NA,41.0837223876035,50.9307595121081,63.2806161572333,41.0837223876035,50.9307595121081,63.2806161572333
2029,"Common Myna","2029",NA,NA,NA,NA,NA,NA,NA,NA,NA,37.3523202747755,47.406308167082,60.3140114303263,37.3523202747755,47.406308167082,60.3140114303263
2030,"Common Myna","2030",NA,NA,NA,NA,NA,NA,NA,NA,NA,33.9268917143466,44.1129954942852,57.515584263889,33.9268917143466,44.1129954942852,57.515584263889
2031,"Common Myna","2031",NA,NA,NA,NA,NA,NA,NA,NA,NA,30.8343310913581,41.050937065622,54.8694217127946,30.8343310913581,41.050937065622,54.8694217127946
2032,"Common Myna","2032",NA,NA,NA,NA,NA,NA,NA,NA,NA,28.0227834052887,38.2072788245234,52.339162453998,28.0227834052887,38.2072788245234,52.339162453998
2033,"Common Myna","2033",NA,NA,NA,NA,NA,NA,NA,NA,NA,25.4509225303278,35.588889198528,49.9306312122998,25.4509225303278,35.588889198528,49.9306312122998
1982,"Bank Myna","before 2000",NA,NA,NA,NA,NA,NA,NA,NA,NA,NA,NA,NA,NA,NA,NA
2006,"Bank Myna","2000-2006",NA,NA,NA,NA,NA,NA,NA,NA,NA,NA,NA,NA,NA,NA,NA
2010,"Bank Myna","2007-2010",NA,NA,NA,NA,NA,NA,NA,NA,NA,NA,NA,NA,NA,NA,NA
2012,"Bank Myna","2011-2012",NA,NA,NA,NA,NA,NA,NA,NA,NA,NA,NA,NA,NA,NA,NA
2013,"Bank Myna","2013",NA,NA,NA,NA,NA,NA,NA,NA,NA,NA,NA,NA,NA,NA,NA
2014,"Bank Myna","2014",NA,NA,NA,NA,NA,NA,NA,NA,NA,NA,NA,NA,NA,NA,NA
2015,"Bank Myna","2015",0.00580817363034661,0.0161784251814448,0.0336559152312333,NA,NA,NA,100,100,100,NA,NA,NA,100,100,100
2016,"Bank Myna","2016",0.0122881082669883,0.0261980717499758,0.0478375809473217,NA,NA,NA,83.7879122172337,157.935688973734,388.997628117898,NA,NA,NA,83.7879122172337,157.935688973734,388.997628117898
2017,"Bank Myna","2017",0.00303043415728951,0.00698296688671411,0.0123611236062399,NA,NA,NA,20.3729604806125,41.5718198013085,109.745925816999,NA,NA,NA,20.3729604806125,41.5718198013085,109.745925816999
2018,"Bank Myna","2018",0.00438575674019872,0.00978996682426846,0.0186437472782615,NA,NA,NA,27.9818630994917,59.7171929300642,162.836252026641,NA,NA,NA,27.9818630994917,59.7171929300642,162.836252026641
2019,"Bank Myna","2019",4.12176919822303e-09,0.00424931271417734,0.0106264166666481,NA,NA,NA,3.00185972163294e-05,26.2159116321224,77.9398550386821,NA,NA,NA,3.00185972163294e-05,26.2159116321224,77.9398550386821
2020,"Bank Myna","2020",0.0052688078710976,0.010591444443833,0.0183506910673935,NA,NA,NA,32.5825927589275,64.8547759221041,174.26069227424,NA,NA,NA,32.5825927589275,64.8547759221041,174.26069227424
2021,"Bank Myna","2021",0.00433711207473625,0.00981974097714132,0.0172273474620875,NA,NA,NA,27.0861206923765,58.7754376374056,149.920888020016,NA,NA,NA,27.0861206923765,58.7754376374056,149.920888020016
2022,"Bank Myna","2022",0.00270414646315425,0.00583746762999297,0.0104401322767089,NA,NA,NA,17.5897652957601,34.9808590019183,89.5822233852905,NA,NA,NA,17.5897652957601,34.9808590019183,89.5822233852905
2023,"Bank Myna","2023",0.00217699515289693,0.00482908537265952,0.00839351416642582,NA,NA,NA,15.0031981539625,29.1125745276901,75.2733558337535,NA,NA,NA,15.0031981539625,29.1125745276901,75.2733558337535
2024,"Bank Myna","2024",0.00188735666096924,0.00378865963363553,0.0064611454857637,NA,NA,NA,11.4479559253197,23.2835357394145,60.2011219360562,NA,NA,NA,11.4479559253197,23.2835357394145,60.2011219360562
2025,"Bank Myna","2025",0.0014844341196701,0.0028437613320574,0.00460933065308979,NA,NA,NA,9.0020541924076,17.1762763736547,44.8749788005184,NA,NA,NA,9.0020541924076,17.1762763736547,44.8749788005184
2026,"Bank Myna","2026",NA,NA,NA,NA,NA,NA,NA,NA,NA,9.15910685994814,16.9043649381532,31.2599598340441,9.15910685994814,16.9043649381532,31.2599598340441
2027,"Bank Myna","2027",NA,NA,NA,NA,NA,NA,NA,NA,NA,7.16558438244524,14.4461749167423,29.0235592953956,7.16558438244524,14.4461749167423,29.0235592953956
2028,"Bank Myna","2028",NA,NA,NA,NA,NA,NA,NA,NA,NA,5.59191425547327,12.3058519888761,26.7788234385727,5.59191425547327,12.3058519888761,26.7788234385727
2029,"Bank Myna","2029",NA,NA,NA,NA,NA,NA,NA,NA,NA,4.37466671876833,10.4676735064,24.8105643562289,4.37466671876833,10.4676735064,24.8105643562289
2030,"Bank Myna","2030",NA,NA,NA,NA,NA,NA,NA,NA,NA,3.40614721134025,8.92403505856132,22.9434247151449,3.40614721134025,8.92403505856132,22.9434247151449
2031,"Bank Myna","2031",NA,NA,NA,NA,NA,NA,NA,NA,NA,2.64530018869578,7.61489912947839,21.349002169312,2.64530018869578,7.61489912947839,21.349002169312
2032,"Bank Myna","2032",NA,NA,NA,NA,NA,NA,NA,NA,NA,2.06789959911849,6.49209333060213,19.7642906852077,2.06789959911849,6.49209333060213,19.7642906852077
2033,"Bank Myna","2033",NA,NA,NA,NA,NA,NA,NA,NA,NA,1.61624167262748,5.58146568456644,18.4076482393925,1.61624167262748,5.58146568456644,18.4076482393925
1982,"Jungle Myna","before 2000",NA,NA,NA,NA,NA,NA,NA,NA,NA,NA,NA,NA,NA,NA,NA
2006,"Jungle Myna","2000-2006",NA,NA,NA,NA,NA,NA,NA,NA,NA,NA,NA,NA,NA,NA,NA
2010,"Jungle Myna","2007-2010",NA,NA,NA,NA,NA,NA,NA,NA,NA,NA,NA,NA,NA,NA,NA
2012,"Jungle Myna","2011-2012",NA,NA,NA,NA,NA,NA,NA,NA,NA,NA,NA,NA,NA,NA,NA
2013,"Jungle Myna","2013",NA,NA,NA,NA,NA,NA,NA,NA,NA,NA,NA,NA,NA,NA,NA
2014,"Jungle Myna","2014",NA,NA,NA,NA,NA,NA,NA,NA,NA,NA,NA,NA,NA,NA,NA
2015,"Jungle Myna","2015",0.0743518994572186,0.104328347020378,0.140710074565787,NA,NA,NA,100,100,100,NA,NA,NA,100,100,100
2016,"Jungle Myna","2016",0.0546469473791705,0.0739537858668843,0.0955603242777245,NA,NA,NA,53.8326347718361,70.3594634657715,94.3770594443345,NA,NA,NA,53.8326347718361,70.3594634657715,94.3770594443345
2017,"Jungle Myna","2017",0.0587508056275195,0.0752949380040336,0.0976110379225995,NA,NA,NA,56.4707240662444,72.1428096404857,95.2749871393097,NA,NA,NA,56.4707240662444,72.1428096404857,95.2749871393097
2018,"Jungle Myna","2018",0.0692180169157115,0.0931106076098291,0.120212217964031,NA,NA,NA,67.6854918283659,89.232828763341,117.260596377649,NA,NA,NA,67.6854918283659,89.232828763341,117.260596377649
2019,"Jungle Myna","2019",0.0963460929980895,0.127678113624428,0.165860170040647,NA,NA,NA,93.2930300909767,122.594683927281,160.816576830901,NA,NA,NA,93.2930300909767,122.594683927281,160.816576830901
2020,"Jungle Myna","2020",0.0892638327983733,0.116596461801805,0.146909636476773,NA,NA,NA,88.239065152688,111.454458058118,144.312081827418,NA,NA,NA,88.239065152688,111.454458058118,144.312081827418
2021,"Jungle Myna","2021",0.0641310443785857,0.0831782558451964,0.105975838255046,NA,NA,NA,62.5155066585226,79.7559595314769,103.511929793953,NA,NA,NA,62.5155066585226,79.7559595314769,103.511929793953
2022,"Jungle Myna","2022",0.0613745653831893,0.0793977409390872,0.100133148768804,NA,NA,NA,59.9822227746909,75.673087535383,97.049021392896,NA,NA,NA,59.9822227746909,75.673087535383,97.049021392896
2023,"Jungle Myna","2023",0.0584892986413259,0.0747955658010403,0.0932102859245687,NA,NA,NA,57.1270817627926,71.6673532196708,91.750706626447,NA,NA,NA,57.1270817627926,71.6673532196708,91.750706626447
2024,"Jungle Myna","2024",0.0537282644426112,0.06831380664507,0.085773424739919,NA,NA,NA,51.5786334257638,65.7945732970307,84.4007364431193,NA,NA,NA,51.5786334257638,65.7945732970307,84.4007364431193
2025,"Jungle Myna","2025",0.0468065182022422,0.0597739346631581,0.0751266300936981,NA,NA,NA,46.5510982929098,57.6925534529791,73.6689856210992,NA,NA,NA,46.5510982929098,57.6925534529791,73.6689856210992
2026,"Jungle Myna","2026",NA,NA,NA,NA,NA,NA,NA,NA,NA,49.8673416500624,66.1471808161269,87.2554163781432,49.8673416500624,66.1471808161269,87.2554163781432
2027,"Jungle Myna","2027",NA,NA,NA,NA,NA,NA,NA,NA,NA,46.3839412338299,63.9162977745524,87.6829506335937,46.3839412338299,63.9162977745524,87.6829506335937
2028,"Jungle Myna","2028",NA,NA,NA,NA,NA,NA,NA,NA,NA,43.1709528201332,61.686474545985,87.8159484571062,43.1709528201332,61.686474545985,87.8159484571062
2029,"Jungle Myna","2029",NA,NA,NA,NA,NA,NA,NA,NA,NA,40.1722568738749,59.7466223571653,88.2650314824476,40.1722568738749,59.7466223571653,88.2650314824476
2030,"Jungle Myna","2030",NA,NA,NA,NA,NA,NA,NA,NA,NA,37.3312956201202,57.7229264201539,88.5751826029357,37.3312956201202,57.7229264201539,88.5751826029357
2031,"Jungle Myna","2031",NA,NA,NA,NA,NA,NA,NA,NA,NA,34.6656560546599,55.7574150175456,88.8143355384448,34.6656560546599,55.7574150175456,88.8143355384448
2032,"Jungle Myna","2032",NA,NA,NA,NA,NA,NA,NA,NA,NA,32.1970994289426,53.803140216792,89.2004099887991,32.1970994289426,53.803140216792,89.2004099887991
2033,"Jungle Myna","2033",NA,NA,NA,NA,NA,NA,NA,NA,NA,29.9400638711006,51.9028758131376,89.7662855841515,29.9400638711006,51.9028758131376,89.7662855841515
1982,"Oriental Magpie-Robin","before 2000",NA,NA,NA,NA,NA,NA,NA,NA,NA,NA,NA,NA,NA,NA,NA
2006,"Oriental Magpie-Robin","2000-2006",NA,NA,NA,NA,NA,NA,NA,NA,NA,NA,NA,NA,NA,NA,NA
2010,"Oriental Magpie-Robin","2007-2010",NA,NA,NA,NA,NA,NA,NA,NA,NA,NA,NA,NA,NA,NA,NA
2012,"Oriental Magpie-Robin","2011-2012",NA,NA,NA,NA,NA,NA,NA,NA,NA,NA,NA,NA,NA,NA,NA
2013,"Oriental Magpie-Robin","2013",NA,NA,NA,NA,NA,NA,NA,NA,NA,NA,NA,NA,NA,NA,NA
2014,"Oriental Magpie-Robin","2014",NA,NA,NA,NA,NA,NA,NA,NA,NA,NA,NA,NA,NA,NA,NA
2015,"Oriental Magpie-Robin","2015",0.131232383008272,0.16797074318287,0.207115130181392,NA,NA,NA,100,100,100,NA,NA,NA,100,100,100
2016,"Oriental Magpie-Robin","2016",0.159070141418975,0.187415209552722,0.222663500244658,NA,NA,NA,91.3271026588107,112.374483708902,140.970243228651,NA,NA,NA,91.3271026588107,112.374483708902,140.970243228651
2017,"Oriental Magpie-Robin","2017",0.183198350643838,0.214382293120612,0.246209023720921,NA,NA,NA,105.409781307878,128.285033452724,158.69729224885,NA,NA,NA,105.409781307878,128.285033452724,158.69729224885
2018,"Oriental Magpie-Robin","2018",0.20013028238935,0.23574825177397,0.274265526776093,NA,NA,NA,115.129007692571,140.941373747574,173.350175872324,NA,NA,NA,115.129007692571,140.941373747574,173.350175872324
2019,"Oriental Magpie-Robin","2019",0.15690829797121,0.188512484681998,0.225593929930253,NA,NA,NA,90.648559173128,112.306715549436,143.387369326591,NA,NA,NA,90.648559173128,112.306715549436,143.387369326591
2020,"Oriental Magpie-Robin","2020",0.204006009643236,0.238098028802047,0.274979070286933,NA,NA,NA,117.083239030088,142.447878320413,174.897583269235,NA,NA,NA,117.083239030088,142.447878320413,174.897583269235
2021,"Oriental Magpie-Robin","2021",0.166749009584646,0.19404559662925,0.224112496166828,NA,NA,NA,95.7385027112098,115.787273911339,142.487299743324,NA,NA,NA,95.7385027112098,115.787273911339,142.487299743324
2022,"Oriental Magpie-Robin","2022",0.169161785981855,0.196293168812554,0.224500317659959,NA,NA,NA,96.2583208223566,116.973776416719,144.004316538417,NA,NA,NA,96.2583208223566,116.973776416719,144.004316538417
2023,"Oriental Magpie-Robin","2023",0.176214961850368,0.203249044853182,0.230194497291606,NA,NA,NA,99.4942855773214,120.642872169626,147.627647571415,NA,NA,NA,99.4942855773214,120.642872169626,147.627647571415
2024,"Oriental Magpie-Robin","2024",0.179954842911155,0.207334838045789,0.234925223689866,NA,NA,NA,103.080620245421,123.692627693805,152.396511928104,NA,NA,NA,103.080620245421,123.692627693805,152.396511928104
2025,"Oriental Magpie-Robin","2025",0.195444821244382,0.223377520831654,0.252013584986406,NA,NA,NA,110.741693766953,133.274327529604,162.350704992347,NA,NA,NA,110.741693766953,133.274327529604,162.350704992347
2026,"Oriental Magpie-Robin","2026",NA,NA,NA,NA,NA,NA,NA,NA,NA,113.635178430979,130.75753623071,150.998833399749,113.635178430979,130.75753623071,150.998833399749
2027,"Oriental Magpie-Robin","2027",NA,NA,NA,NA,NA,NA,NA,NA,NA,112.905506231203,132.279787915038,155.783312422648,112.905506231203,132.279787915038,155.783312422648
2028,"Oriental Magpie-Robin","2028",NA,NA,NA,NA,NA,NA,NA,NA,NA,111.956212142361,134.13925611911,160.680434864754,111.956212142361,134.13925611911,160.680434864754
2029,"Oriental Magpie-Robin","2029",NA,NA,NA,NA,NA,NA,NA,NA,NA,111.048104842934,135.549630487504,165.84100259143,111.048104842934,135.549630487504,165.84100259143
2030,"Oriental Magpie-Robin","2030",NA,NA,NA,NA,NA,NA,NA,NA,NA,110.262903629489,137.110975265304,171.145098317677,110.262903629489,137.110975265304,171.145098317677
2031,"Oriental Magpie-Robin","2031",NA,NA,NA,NA,NA,NA,NA,NA,NA,109.49439510366,138.784743411483,176.875280385666,109.49439510366,138.784743411483,176.875280385666
2032,"Oriental Magpie-Robin","2032",NA,NA,NA,NA,NA,NA,NA,NA,NA,108.802092897554,140.340266359869,182.692875151611,108.802092897554,140.340266359869,182.692875151611
2033,"Oriental Magpie-Robin","2033",NA,NA,NA,NA,NA,NA,NA,NA,NA,107.934419649574,141.897733852449,188.617133171485,107.934419649574,141.897733852449,188.617133171485
1982,"Purple Sunbird","before 2000",NA,NA,NA,NA,NA,NA,NA,NA,NA,NA,NA,NA,NA,NA,NA
2006,"Purple Sunbird","2000-2006",NA,NA,NA,NA,NA,NA,NA,NA,NA,NA,NA,NA,NA,NA,NA
2010,"Purple Sunbird","2007-2010",NA,NA,NA,NA,NA,NA,NA,NA,NA,NA,NA,NA,NA,NA,NA
2012,"Purple Sunbird","2011-2012",NA,NA,NA,NA,NA,NA,NA,NA,NA,NA,NA,NA,NA,NA,NA
2013,"Purple Sunbird","2013",NA,NA,NA,NA,NA,NA,NA,NA,NA,NA,NA,NA,NA,NA,NA
2014,"Purple Sunbird","2014",NA,NA,NA,NA,NA,NA,NA,NA,NA,NA,NA,NA,NA,NA,NA
2015,"Purple Sunbird","2015",0.0938376501024581,0.133104613949176,0.179480098829156,NA,NA,NA,100,100,100,NA,NA,NA,100,100,100
2016,"Purple Sunbird","2016",0.12852337697724,0.170105791906247,0.216634725520061,NA,NA,NA,102.641015994415,127.47468942783,164.277213689333,NA,NA,NA,102.641015994415,127.47468942783,164.277213689333
2017,"Purple Sunbird","2017",0.141627602316358,0.181278531421825,0.231280935624802,NA,NA,NA,111.784849340588,136.622991155732,171.064889523889,NA,NA,NA,111.784849340588,136.622991155732,171.064889523889
2018,"Purple Sunbird","2018",0.150459562312448,0.193938543038767,0.247335871528703,NA,NA,NA,116.559362173798,145.334370579099,186.378034194928,NA,NA,NA,116.559362173798,145.334370579099,186.378034194928
2019,"Purple Sunbird","2019",0.135329103816175,0.179347304819758,0.229852949652769,NA,NA,NA,107.522776928175,133.028277465055,173.330033614434,NA,NA,NA,107.522776928175,133.028277465055,173.330033614434
2020,"Purple Sunbird","2020",0.128299545783105,0.166349425395162,0.211634000738245,NA,NA,NA,102.042009189916,125.079894335119,157.477980384403,NA,NA,NA,102.042009189916,125.079894335119,157.477980384403
2021,"Purple Sunbird","2021",0.12401728653032,0.159317017916979,0.202727990488878,NA,NA,NA,96.7594263367709,119.003407420528,152.151204378001,NA,NA,NA,96.7594263367709,119.003407420528,152.151204378001
2022,"Purple Sunbird","2022",0.127070034778586,0.162535680711238,0.207797857481659,NA,NA,NA,99.7139384501893,121.863055784281,153.153287618281,NA,NA,NA,99.7139384501893,121.863055784281,153.153287618281
2023,"Purple Sunbird","2023",0.145063304251167,0.184622107750457,0.232498984268674,NA,NA,NA,114.094861288479,138.26360258101,173.603408973848,NA,NA,NA,114.094861288479,138.26360258101,173.603408973848
2024,"Purple Sunbird","2024",0.159622317536685,0.200993656622544,0.252123598721351,NA,NA,NA,124.574696047191,150.921080975294,189.416930796197,NA,NA,NA,124.574696047191,150.921080975294,189.416930796197
2025,"Purple Sunbird","2025",0.157985772501291,0.199116278168852,0.249095175754113,NA,NA,NA,123.994093926205,149.758199714166,188.485705036253,NA,NA,NA,123.994093926205,149.758199714166,188.485705036253
2026,"Purple Sunbird","2026",NA,NA,NA,NA,NA,NA,NA,NA,NA,128.576687589811,148.088120231141,170.013645454852,128.576687589811,148.088120231141,170.013645454852
2027,"Purple Sunbird","2027",NA,NA,NA,NA,NA,NA,NA,NA,NA,128.958625932228,150.944096143467,176.66762861249,128.958625932228,150.944096143467,176.66762861249
2028,"Purple Sunbird","2028",NA,NA,NA,NA,NA,NA,NA,NA,NA,129.152431549661,154.19727184461,184.170482067386,129.152431549661,154.19727184461,184.170482067386
2029,"Purple Sunbird","2029",NA,NA,NA,NA,NA,NA,NA,NA,NA,129.162425246165,157.211786243457,191.799647034436,129.162425246165,157.211786243457,191.799647034436
2030,"Purple Sunbird","2030",NA,NA,NA,NA,NA,NA,NA,NA,NA,129.456720328467,160.527672403811,199.817462888267,129.456720328467,160.527672403811,199.817462888267
2031,"Purple Sunbird","2031",NA,NA,NA,NA,NA,NA,NA,NA,NA,129.591904140999,163.821892121874,208.108261543658,129.591904140999,163.821892121874,208.108261543658
2032,"Purple Sunbird","2032",NA,NA,NA,NA,NA,NA,NA,NA,NA,129.637524278975,167.26158177482,216.944859002804,129.637524278975,167.26158177482,216.944859002804
2033,"Purple Sunbird","2033",NA,NA,NA,NA,NA,NA,NA,NA,NA,129.664242470527,170.736140843146,226.060391162593,129.664242470527,170.736140843146,226.060391162593
1982,"Streaked Weaver","before 2000",NA,NA,NA,NA,NA,NA,NA,NA,NA,NA,NA,NA,NA,NA,NA
2006,"Streaked Weaver","2000-2006",NA,NA,NA,NA,NA,NA,NA,NA,NA,NA,NA,NA,NA,NA,NA
2010,"Streaked Weaver","2007-2010",NA,NA,NA,NA,NA,NA,NA,NA,NA,NA,NA,NA,NA,NA,NA
2012,"Streaked Weaver","2011-2012",NA,NA,NA,NA,NA,NA,NA,NA,NA,NA,NA,NA,NA,NA,NA
2013,"Streaked Weaver","2013",NA,NA,NA,NA,NA,NA,NA,NA,NA,NA,NA,NA,NA,NA,NA
2014,"Streaked Weaver","2014",NA,NA,NA,NA,NA,NA,NA,NA,NA,NA,NA,NA,NA,NA,NA
2015,"Streaked Weaver","2015",0.0052126860238859,0.0250661981442066,0.066072872908951,NA,NA,NA,100,100,100,NA,NA,NA,100,100,100
2016,"Streaked Weaver","2016",0.00174680764257079,0.00859029463553146,0.0203561632213881,NA,NA,NA,8.18168597574908,33.9237427360046,146.499174858539,NA,NA,NA,8.18168597574908,33.9237427360046,146.499174858539
2017,"Streaked Weaver","2017",1.44457439162884e-11,0.0009930183165223,0.00321243199957986,NA,NA,NA,5.34724585276409e-08,4.04684587858211,21.3963380136312,NA,NA,NA,5.34724585276409e-08,4.04684587858211,21.3963380136312
2018,"Streaked Weaver","2018",0.00103095199679651,0.00473257750211541,0.0124312124625212,NA,NA,NA,4.68312126535588,19.797629089893,75.4991919143257,NA,NA,NA,4.68312126535588,19.797629089893,75.4991919143257
2019,"Streaked Weaver","2019",5.90398045673361e-11,0.00515610090045105,0.0176258592924935,NA,NA,NA,2.46335305015515e-07,20.869101752793,105.462566366189,NA,NA,NA,2.46335305015515e-07,20.869101752793,105.462566366189
2020,"Streaked Weaver","2020",0.00140124162532909,0.00612754150081555,0.0140621936352084,NA,NA,NA,6.43895174209582,24.2150842674277,99.8604782725484,NA,NA,NA,6.43895174209582,24.2150842674277,99.8604782725484
2021,"Streaked Weaver","2021",2.88188579025767e-11,0.00183214394622871,0.00544292634370808,NA,NA,NA,1.24041955981456e-07,7.2427969607072,40.5367199902971,NA,NA,NA,1.24041955981456e-07,7.2427969607072,40.5367199902971
2022,"Streaked Weaver","2022",2.15758851344067e-11,0.00145819412971524,0.00418187228730341,NA,NA,NA,8.63852175524223e-08,5.82919081112824,27.7345555129077,NA,NA,NA,8.63852175524223e-08,5.82919081112824,27.7345555129077
2023,"Streaked Weaver","2023",0.000577635370835203,0.00296636134933129,0.00714602490495716,NA,NA,NA,2.9056636332166,11.9700085367597,49.1692294483846,NA,NA,NA,2.9056636332166,11.9700085367597,49.1692294483846
2024,"Streaked Weaver","2024",0.00196726486164008,0.00541789561631343,0.0108904364493109,NA,NA,NA,8.19751139773148,21.8890059541496,81.5767801683282,NA,NA,NA,8.19751139773148,21.8890059541496,81.5767801683282
2025,"Streaked Weaver","2025",0.000777635209902671,0.00228683250659642,0.00458215092190026,NA,NA,NA,3.34452357406104,9.12093284595472,33.9478848276645,NA,NA,NA,3.34452357406104,9.12093284595472,33.9478848276645
2026,"Streaked Weaver","2026",NA,NA,NA,NA,NA,NA,NA,NA,NA,1.4062134111982,7.01543692136096,38.8827797912245,1.4062134111982,7.01543692136096,38.8827797912245
2027,"Streaked Weaver","2027",NA,NA,NA,NA,NA,NA,NA,NA,NA,1.03859145473025,6.32878365820738,41.2837132143726,1.03859145473025,6.32878365820738,41.2837132143726
2028,"Streaked Weaver","2028",NA,NA,NA,NA,NA,NA,NA,NA,NA,0.748128481888847,5.62319992973094,43.38439130847,0.748128481888847,5.62319992973094,43.38439130847
2029,"Streaked Weaver","2029",NA,NA,NA,NA,NA,NA,NA,NA,NA,0.548122470580502,5.08791395857102,45.9384424294489,0.548122470580502,5.08791395857102,45.9384424294489
2030,"Streaked Weaver","2030",NA,NA,NA,NA,NA,NA,NA,NA,NA,0.393252018441796,4.61684717638641,49.0561960160125,0.393252018441796,4.61684717638641,49.0561960160125
2031,"Streaked Weaver","2031",NA,NA,NA,NA,NA,NA,NA,NA,NA,0.283049954353034,4.10704532553926,52.3143977909437,0.283049954353034,4.10704532553926,52.3143977909437
2032,"Streaked Weaver","2032",NA,NA,NA,NA,NA,NA,NA,NA,NA,0.20237897508669,3.69395778846868,56.4784713024902,0.20237897508669,3.69395778846868,56.4784713024902
2033,"Streaked Weaver","2033",NA,NA,NA,NA,NA,NA,NA,NA,NA,0.145449482882835,3.31032585530355,60.6075091514665,0.145449482882835,3.31032585530355,60.6075091514665
1982,"House Sparrow","before 2000",NA,NA,NA,NA,NA,NA,NA,NA,NA,NA,NA,NA,NA,NA,NA
2006,"House Sparrow","2000-2006",NA,NA,NA,NA,NA,NA,NA,NA,NA,NA,NA,NA,NA,NA,NA
2010,"House Sparrow","2007-2010",NA,NA,NA,NA,NA,NA,NA,NA,NA,NA,NA,NA,NA,NA,NA
2012,"House Sparrow","2011-2012",NA,NA,NA,NA,NA,NA,NA,NA,NA,NA,NA,NA,NA,NA,NA
2013,"House Sparrow","2013",NA,NA,NA,NA,NA,NA,NA,NA,NA,NA,NA,NA,NA,NA,NA
2014,"House Sparrow","2014",NA,NA,NA,NA,NA,NA,NA,NA,NA,NA,NA,NA,NA,NA,NA
2015,"House Sparrow","2015",0.223340407695885,0.305495293830444,0.397868186763433,NA,NA,NA,100,100,100,NA,NA,NA,100,100,100
2016,"House Sparrow","2016",0.108736934060575,0.152272308254064,0.208532129135303,NA,NA,NA,40.3664001138222,49.8336560360358,62.4055368926289,NA,NA,NA,40.3664001138222,49.8336560360358,62.4055368926289
2017,"House Sparrow","2017",0.127854177877015,0.168978437204761,0.227675123388795,NA,NA,NA,45.810646935944,55.5717081063313,67.1047857157241,NA,NA,NA,45.810646935944,55.5717081063313,67.1047857157241
2018,"House Sparrow","2018",0.0867852160858089,0.120598836325475,0.168283151776453,NA,NA,NA,32.3868726225209,39.6871908401266,50.1932841195709,NA,NA,NA,32.3868726225209,39.6871908401266,50.1932841195709
2019,"House Sparrow","2019",0.0827080391267977,0.118728960144303,0.164397576872577,NA,NA,NA,30.3930270580003,38.8796536417556,48.6457561562409,NA,NA,NA,30.3930270580003,38.8796536417556,48.6457561562409
2020,"House Sparrow","2020",0.120748790565947,0.163034607918612,0.222473312690816,NA,NA,NA,44.1476858499696,53.5071324808416,64.3170685618431,NA,NA,NA,44.1476858499696,53.5071324808416,64.3170685618431
2021,"House Sparrow","2021",0.102375352108627,0.136540203351704,0.185050988213061,NA,NA,NA,37.2894801492806,44.9215174332497,54.2861885350479,NA,NA,NA,37.2894801492806,44.9215174332497,54.2861885350479
2022,"House Sparrow","2022",0.0949638419092864,0.126142055277142,0.170996610043194,NA,NA,NA,34.7010547898377,41.5767593382374,50.5463315215276,NA,NA,NA,34.7010547898377,41.5767593382374,50.5463315215276
2023,"House Sparrow","2023",0.0815725228217547,0.10918208392764,0.150058244220111,NA,NA,NA,30.1301194156062,35.9773850731963,43.2397478042189,NA,NA,NA,30.1301194156062,35.9773850731963,43.2397478042189
2024,"House Sparrow","2024",0.0797337373866864,0.106376335396113,0.145465671531753,NA,NA,NA,29.5377562816411,35.1871202832789,42.4472541883929,NA,NA,NA,29.5377562816411,35.1871202832789,42.4472541883929
2025,"House Sparrow","2025",0.0692962950431179,0.0915784600661057,0.124881649752939,NA,NA,NA,25.4240380724927,30.2628707525478,36.1583066291516,NA,NA,NA,25.4240380724927,30.2628707525478,36.1583066291516
2026,"House Sparrow","2026",NA,NA,NA,NA,NA,NA,NA,NA,NA,21.7943714063759,28.529921340216,37.3180482170195,21.7943714063759,28.529921340216,37.3180482170195
2027,"House Sparrow","2027",NA,NA,NA,NA,NA,NA,NA,NA,NA,19.4905191465639,26.4528398820993,35.8160416094072,19.4905191465639,26.4528398820993,35.8160416094072
2028,"House Sparrow","2028",NA,NA,NA,NA,NA,NA,NA,NA,NA,17.3917435494738,24.4708670463705,34.4307119767545,17.3917435494738,24.4708670463705,34.4307119767545
2029,"House Sparrow","2029",NA,NA,NA,NA,NA,NA,NA,NA,NA,15.5024722049489,22.6683192196972,33.0874607997333,15.5024722049489,22.6683192196972,33.0874607997333
2030,"House Sparrow","2030",NA,NA,NA,NA,NA,NA,NA,NA,NA,13.8268438307278,20.9781494869512,31.8107910319778,13.8268438307278,20.9781494869512,31.8107910319778
2031,"House Sparrow","2031",NA,NA,NA,NA,NA,NA,NA,NA,NA,12.3309984285057,19.4381587706616,30.6181105880328,12.3309984285057,19.4381587706616,30.6181105880328
2032,"House Sparrow","2032",NA,NA,NA,NA,NA,NA,NA,NA,NA,10.9919109085974,18.0010982917353,29.484737014562,10.9919109085974,18.0010982917353,29.484737014562
2033,"House Sparrow","2033",NA,NA,NA,NA,NA,NA,NA,NA,NA,9.79141091141933,16.6794858469222,28.4433652528385,9.79141091141933,16.6794858469222,28.4433652528385
1982,NA,"before 2000",NA,NA,NA,NA,NA,NA,NA,NA,NA,NA,NA,NA,NA,NA,NA
2006,NA,"2000-2006",NA,NA,NA,NA,NA,NA,NA,NA,NA,NA,NA,NA,NA,NA,NA
2010,NA,"2007-2010",NA,NA,NA,NA,NA,NA,NA,NA,NA,NA,NA,NA,NA,NA,NA
2012,NA,"2011-2012",NA,NA,NA,NA,NA,NA,NA,NA,NA,NA,NA,NA,NA,NA,NA
2013,NA,"2013",NA,NA,NA,NA,NA,NA,NA,NA,NA,NA,NA,NA,NA,NA,NA
2014,NA,"2014",NA,NA,NA,NA,NA,NA,NA,NA,NA,NA,NA,NA,NA,NA,NA
2015,NA,"2015",0.284055418804161,0.346092507991487,0.416089300609361,NA,NA,NA,100,100,100,NA,NA,NA,100,100,100
2016,NA,"2016",0.385484143961561,0.452772007997618,0.522729093559055,NA,NA,NA,112.730419342147,130.497824629551,153.001169076886,NA,NA,NA,112.730419342147,130.497824629551,153.001169076886
2017,NA,"2017",0.468739264716394,0.533591405119402,0.60338100622204,NA,NA,NA,135.053794479203,153.756749487545,178.531215012411,NA,NA,NA,135.053794479203,153.756749487545,178.531215012411
2018,NA,"2018",0.429777000588107,0.502963215807235,0.575162993505988,NA,NA,NA,126.574010406464,145.178088178504,169.670227561865,NA,NA,NA,126.574010406464,145.178088178504,169.670227561865
2019,NA,"2019",0.293831289273069,0.357340909491675,0.421313551898504,NA,NA,NA,89.0618643189814,103.754840392575,121.083799236805,NA,NA,NA,89.0618643189814,103.754840392575,121.083799236805
2020,NA,"2020",0.293742722587946,0.341639104385942,0.399586482523911,NA,NA,NA,86.0993449805836,98.8388939767861,114.450162223816,NA,NA,NA,86.0993449805836,98.8388939767861,114.450162223816
2021,NA,"2021",0.343062004097358,0.398377651115843,0.458576099409303,NA,NA,NA,100.508416238448,114.786648959663,133.031203569684,NA,NA,NA,100.508416238448,114.786648959663,133.031203569684
2022,NA,"2022",0.319826211053482,0.37238156702888,0.430383463993027,NA,NA,NA,94.2986535220683,107.400850952938,125.314912179806,NA,NA,NA,94.2986535220683,107.400850952938,125.314912179806
2023,NA,"2023",0.256384471267581,0.301412426906454,0.353077168661212,NA,NA,NA,76.705709842554,86.764228441366,100.064425984746,NA,NA,NA,76.705709842554,86.764228441366,100.064425984746
2024,NA,"2024",0.209032110807568,0.247138841773318,0.289024945731319,NA,NA,NA,62.9772352954276,71.380123447527,83.4602814281453,NA,NA,NA,62.9772352954276,71.380123447527,83.4602814281453
2025,NA,"2025",0.20007548452241,0.23471429477559,0.27339030898404,NA,NA,NA,59.7258527790578,67.5780401037461,77.5178649833543,NA,NA,NA,59.7258527790578,67.5780401037461,77.5178649833543
2026,NA,"2026",NA,NA,NA,NA,NA,NA,NA,NA,NA,57.5762048243983,72.5883206073396,91.8223296223934,57.5762048243983,72.5883206073396,91.8223296223934
2027,NA,"2027",NA,NA,NA,NA,NA,NA,NA,NA,NA,52.5990028817522,68.4107889230713,89.1366450140034,52.5990028817522,68.4107889230713,89.1366450140034
2028,NA,"2028",NA,NA,NA,NA,NA,NA,NA,NA,NA,48.0173047818762,64.3846709410434,86.6552681343046,48.0173047818762,64.3846709410434,86.6552681343046
2029,NA,"2029",NA,NA,NA,NA,NA,NA,NA,NA,NA,43.7546066676417,60.6185568298904,84.3400804741538,43.7546066676417,60.6185568298904,84.3400804741538
2030,NA,"2030",NA,NA,NA,NA,NA,NA,NA,NA,NA,39.8585024226632,57.1343087330435,82.0561370447932,39.8585024226632,57.1343087330435,82.0561370447932
2031,NA,"2031",NA,NA,NA,NA,NA,NA,NA,NA,NA,36.3273197748297,53.8451465899575,79.909907393492,36.3273197748297,53.8451465899575,79.909907393492
2032,NA,"2032",NA,NA,NA,NA,NA,NA,NA,NA,NA,33.0858883880845,50.7651831787465,77.8252640674679,33.0858883880845,50.7651831787465,77.8252640674679
2033,NA,"2033",NA,NA,NA,NA,NA,NA,NA,NA,NA,30.1318513206068,47.8091377107859,75.8086406515422,30.1318513206068,47.8091377107859,75.8086406515422
